year,month,day,doc,bay,region,latitude,longitude,TL_mm
2018,Aug,1,213,Baralof Bay,Shumagin Islands,55.2293,-160.5623,77
2018,Aug,1,213,Baralof Bay,Shumagin Islands,55.228,-160.5598,40
2018,Aug,1,213,Baralof Bay,Shumagin Islands,55.2293,-160.5623,51
2018,Aug,1,213,Baralof Bay,Shumagin Islands,55.2293,-160.5623,32
2018,Aug,15,227,Agripina Bay,Agripina Bay,57.1071,-156.4564,63
2018,Aug,15,227,Agripina Bay,Agripina Bay,57.1071,-156.4564,63
2018,Aug,15,227,Agripina Bay,Agripina Bay,57.1071,-156.4564,74
2018,Aug,15,227,Agripina Bay,Agripina Bay,57.1093,-156.4602,64
2018,Aug,15,227,Agripina Bay,Agripina Bay,57.1093,-156.4602,65
2018,Aug,15,227,Agripina Bay,Agripina Bay,57.1093,-156.4602,66
2018,Aug,15,227,Agripina Bay,Agripina Bay,57.1048,-156.4586,55
2018,Aug,15,227,Agripina Bay,Agripina Bay,57.1048,-156.4586,69
2018,Aug,15,227,Agripina Bay,Agripina Bay,57.1048,-156.4586,52
2018,Aug,15,227,Agripina Bay,Agripina Bay,57.1071,-156.4564,68
2018,Aug,15,227,Agripina Bay,Agripina Bay,57.1071,-156.4564,61
2018,Aug,15,227,Agripina Bay,Agripina Bay,57.1071,-156.4564,57
2018,Aug,15,227,Agripina Bay,Agripina Bay,57.1071,-156.4564,56
2018,Aug,15,227,Agripina Bay,Agripina Bay,57.1071,-156.4564,62
2018,July,9,190,Kaiugnak Bay,Kaiugnak Bay,57.0708,-153.6749,61
2018,July,9,190,Kaiugnak Bay,Kaiugnak Bay,57.0708,-153.6749,45
2018,July,9,190,Kaiugnak Bay,Kaiugnak Bay,57.0708,-153.6749,59
2018,July,9,190,Kaiugnak Bay,Kaiugnak Bay,57.057,-153.7047,42
2018,July,9,190,Kaiugnak Bay,Kaiugnak Bay,57.057,-153.7047,48
2018,July,9,190,Kaiugnak Bay,Kaiugnak Bay,57.057,-153.7047,55
2018,July,9,190,Kaiugnak Bay,Kaiugnak Bay,57.0708,-153.6749,55
2018,July,9,190,Kaiugnak Bay,Kaiugnak Bay,57.0708,-153.6749,58
2018,July,9,190,Kaiugnak Bay,Kaiugnak Bay,57.0708,-153.6749,57
2018,July,9,190,Kaiugnak Bay,Kaiugnak Bay,57.0708,-153.6749,56
2018,July,16,197,Agripina Bay,Agripina Bay,57.1094,-156.4599,34
2018,July,16,197,Agripina Bay,Agripina Bay,57.1071,-156.4565,64
2018,July,16,197,Agripina Bay,Agripina Bay,57.1047,-156.4584,71
2018,July,16,197,Agripina Bay,Agripina Bay,57.1071,-156.4565,57
2018,July,16,197,Agripina Bay,Agripina Bay,57.1071,-156.4565,43
2018,July,16,197,Agripina Bay,Agripina Bay,57.1071,-156.4565,74
2018,July,16,197,Agripina Bay,Agripina Bay,57.1071,-156.4565,52
2018,July,16,197,Agripina Bay,Agripina Bay,57.1047,-156.4584,65
2018,July,16,197,Agripina Bay,Agripina Bay,57.1047,-156.4584,44
2018,July,16,197,Agripina Bay,Agripina Bay,57.1071,-156.4565,43
2018,July,16,197,Agripina Bay,Agripina Bay,57.1071,-156.4565,68
2018,July,16,197,Agripina Bay,Agripina Bay,57.1071,-156.4565,56
2018,July,16,197,Agripina Bay,Agripina Bay,57.1071,-156.4565,53
2018,July,16,197,Agripina Bay,Agripina Bay,57.1094,-156.4599,44
2018,July,16,197,Agripina Bay,Agripina Bay,57.1094,-156.4599,45
2018,July,16,197,Agripina Bay,Agripina Bay,57.1094,-156.4599,50
2018,July,26,207,Sand Point,Shumagin Islands,55.2535,-160.5241,53
2018,July,26,207,Sand Point,Shumagin Islands,55.2535,-160.5241,56
2018,July,26,207,Sand Point,Shumagin Islands,55.3204,-160.5207,69
2018,July,26,207,Sand Point,Shumagin Islands,55.3204,-160.5207,55
2018,July,26,207,Sand Point,Shumagin Islands,55.2535,-160.5241,57
2018,July,26,207,Sand Point,Shumagin Islands,55.2535,-160.5241,64
2018,July,26,207,Sand Point,Shumagin Islands,55.3204,-160.5207,57
2018,July,29,210,Falmouth Bay,Shumagin Islands,55.0669,-160.1267,36
2018,July,30,211,Falmouth Bay,Shumagin Islands,55.0669,-160.1267,75
2018,July,30,211,Falmouth Bay,Shumagin Islands,55.0684,-160.1125,58
2019,July,7,188,Agripina Bay,Agripina Bay,57.105,-156.4581,54
2019,July,7,188,Agripina Bay,Agripina Bay,57.105,-156.4581,49
2019,July,7,188,Agripina Bay,Agripina Bay,57.1071,-156.4564,44
2019,Aug,7,219,Kaiugnak Bay,Kaiugnak Bay,57.0535,-153.6528,65
2019,Aug,7,219,Kaiugnak Bay,Kaiugnak Bay,57.0535,-153.6528,75
2019,Aug,7,219,Kaiugnak Bay,Kaiugnak Bay,57.0535,-153.6528,60
2019,Aug,7,219,Kaiugnak Bay,Kaiugnak Bay,57.0535,-153.6528,59
2019,Aug,7,219,Kaiugnak Bay,Kaiugnak Bay,57.0535,-153.6528,63
2019,Aug,7,219,Kaiugnak Bay,Kaiugnak Bay,57.0571,-153.7032,77
2019,Aug,7,219,Kaiugnak Bay,Kaiugnak Bay,57.0571,-153.7032,79
2019,Aug,7,219,Kaiugnak Bay,Kaiugnak Bay,57.0571,-153.7032,75
2019,July,21,202,Sand Point,Shumagin Islands,55.3201,-160.5241,56
2019,July,21,202,Sand Point,Shumagin Islands,55.3201,-160.5241,58
2019,July,7,188,Agripina Bay,Agripina Bay,57.1046,-156.4716,60
2019,July,7,188,Agripina Bay,Agripina Bay,57.105,-156.4581,52
2019,July,7,188,Agripina Bay,Agripina Bay,57.105,-156.4581,63
2019,July,7,188,Agripina Bay,Agripina Bay,57.105,-156.4581,45
2019,July,7,188,Agripina Bay,Agripina Bay,57.105,-156.4581,50
2019,July,7,188,Agripina Bay,Agripina Bay,57.105,-156.4581,50
2019,July,7,188,Agripina Bay,Agripina Bay,57.1071,-156.4564,38
2019,July,7,188,Agripina Bay,Agripina Bay,57.1046,-156.4716,47
2019,July,7,188,Agripina Bay,Agripina Bay,57.105,-156.4581,35
2019,July,7,188,Agripina Bay,Agripina Bay,57.105,-156.4581,52
2019,July,7,188,Agripina Bay,Agripina Bay,57.105,-156.4581,45
2019,July,7,188,Agripina Bay,Agripina Bay,57.105,-156.4581,57
2020,Aug,1,214,Kaiugnak Bay,Kaiugnak Bay,57.0572,-153.703,60
2020,Aug,1,214,Kaiugnak Bay,Kaiugnak Bay,57.0607,-153.7055,74
2020,Aug,1,214,Kaiugnak Bay,Kaiugnak Bay,57.0607,-153.7055,73
2020,Aug,1,214,Kaiugnak Bay,Kaiugnak Bay,57.0607,-153.7055,60
2020,Aug,1,214,Kaiugnak Bay,Kaiugnak Bay,57.0607,-153.7055,73
2020,Aug,1,214,Kaiugnak Bay,Kaiugnak Bay,57.0607,-153.7055,90
2020,July,6,188,Agripina Bay,Agripina Bay,57.1049,-156.4585,56
2020,July,6,188,Agripina Bay,Agripina Bay,57.1049,-156.4585,53
2020,July,6,188,Agripina Bay,Agripina Bay,57.1092,-156.4602,48
2020,July,6,188,Agripina Bay,Agripina Bay,57.1092,-156.4602,57
2020,July,19,201,Falmouth Bay,Shumagin Islands,55.0689,-160.1296,43
2020,July,19,201,Falmouth Bay,Shumagin Islands,55.0689,-160.1296,39
2020,July,19,201,Falmouth Bay,Shumagin Islands,55.0689,-160.1296,49
2020,July,19,201,Falmouth Bay,Shumagin Islands,55.0685,-160.1126,49
2020,July,20,202,Sand Point,Shumagin Islands,55.3204,-160.5204,41
2020,July,20,202,Sand Point,Shumagin Islands,55.3204,-160.5204,52
2020,July,20,202,Sand Point,Shumagin Islands,55.3204,-160.5204,60
2020,July,20,202,Sand Point,Shumagin Islands,55.3204,-160.5204,57
2020,July,23,205,Baralof Bay,Shumagin Islands,55.2293,-160.5519,54
2020,July,23,205,Baralof Bay,Shumagin Islands,55.2293,-160.5519,49
2020,July,23,205,Baralof Bay,Shumagin Islands,55.2293,-160.5519,65
2020,July,23,205,Baralof Bay,Shumagin Islands,55.2293,-160.5519,56
2020,July,23,205,Baralof Bay,Shumagin Islands,55.2293,-160.5519,47
2020,July,23,205,Baralof Bay,Shumagin Islands,55.2293,-160.5519,46
2020,July,23,205,Baralof Bay,Shumagin Islands,55.2293,-160.5519,45
2021,Aug,4,216,Kaiugnak Bay,Kaiugnak Bay,57.0535,-153.6533,54
2021,Aug,4,216,Kaiugnak Bay,Kaiugnak Bay,57.0535,-153.6533,59
2021,Aug,4,216,Kaiugnak Bay,Kaiugnak Bay,57.0535,-153.6533,72
2021,Aug,4,216,Kaiugnak Bay,Kaiugnak Bay,57.0535,-153.6533,57
2021,Aug,4,216,Kaiugnak Bay,Kaiugnak Bay,57.0535,-153.6533,73
2021,Aug,4,216,Kaiugnak Bay,Kaiugnak Bay,57.0535,-153.6533,57
2021,July,5,186,Agripina Bay,Agripina Bay,57.104,-156.4767,41
2021,July,5,186,Agripina Bay,Agripina Bay,57.104,-156.4767,51
2021,July,5,186,Agripina Bay,Agripina Bay,57.104,-156.4767,43
2021,July,5,186,Agripina Bay,Agripina Bay,57.104,-156.4767,43
2021,July,15,196,Baralof Bay,Shumagin Islands,55.2295,-160.5645,42
2021,July,17,198,Falmouth Bay,Shumagin Islands,55.0636,-160.1169,54
2021,July,21,202,Sand Point,Shumagin Islands,55.3204,-160.5202,41
2022,July,4,185,Agripina Bay,Agripina Bay,57.1042,-156.4766,45
2022,July,4,185,Agripina Bay,Agripina Bay,57.1042,-156.4766,45
2022,July,4,185,Agripina Bay,Agripina Bay,57.1042,-156.4766,46
2022,July,14,195,Falmouth Bay,Shumagin Islands,55.0685,-160.1127,53
2022,July,14,195,Falmouth Bay,Shumagin Islands,55.0685,-160.1127,48
2022,July,14,195,Falmouth Bay,Shumagin Islands,55.0685,-160.1127,47
2022,July,14,195,Falmouth Bay,Shumagin Islands,55.0685,-160.1127,54
2022,July,14,195,Falmouth Bay,Shumagin Islands,55.0685,-160.1127,47
2022,July,14,195,Falmouth Bay,Shumagin Islands,55.0685,-160.1127,54
2022,July,14,195,Falmouth Bay,Shumagin Islands,55.0685,-160.1127,41
2022,July,29,210,Kaiugnak Bay,Kaiugnak Bay,57.0536,-153.6529,82
2022,July,29,210,Kaiugnak Bay,Kaiugnak Bay,57.0536,-153.6529,80
2022,July,29,210,Kaiugnak Bay,Kaiugnak Bay,57.0536,-153.6529,73
2022,July,29,210,Kaiugnak Bay,Kaiugnak Bay,57.0536,-153.6529,71
2022,July,29,210,Kaiugnak Bay,Kaiugnak Bay,57.0536,-153.6529,76
2022,July,29,210,Kaiugnak Bay,Kaiugnak Bay,57.0536,-153.6529,76
2022,July,29,210,Kaiugnak Bay,Kaiugnak Bay,57.0536,-153.6529,74
2022,July,29,210,Kaiugnak Bay,Kaiugnak Bay,57.0536,-153.6529,74
2022,July,29,210,Kaiugnak Bay,Kaiugnak Bay,57.0536,-153.6529,69
2022,July,29,210,Kaiugnak Bay,Kaiugnak Bay,57.0536,-153.6529,76
2022,July,29,210,Kaiugnak Bay,Kaiugnak Bay,57.0536,-153.6529,74
2022,July,29,210,Kaiugnak Bay,Kaiugnak Bay,57.0536,-153.6529,71
2022,July,29,210,Kaiugnak Bay,Kaiugnak Bay,57.0536,-153.6529,57
2022,July,29,210,Kaiugnak Bay,Kaiugnak Bay,57.0536,-153.6529,55
2022,July,29,210,Kaiugnak Bay,Kaiugnak Bay,57.0536,-153.6529,55
2022,July,29,210,Kaiugnak Bay,Kaiugnak Bay,57.0536,-153.6529,57
2022,July,29,210,Kaiugnak Bay,Kaiugnak Bay,57.0536,-153.6529,52
2022,July,29,210,Kaiugnak Bay,Kaiugnak Bay,57.0536,-153.6529,59
2022,July,29,210,Kaiugnak Bay,Kaiugnak Bay,57.0536,-153.6529,47
2022,July,29,210,Kaiugnak Bay,Kaiugnak Bay,57.0536,-153.6529,54
2022,July,29,210,Kaiugnak Bay,Kaiugnak Bay,57.0536,-153.6529,55
2022,July,29,210,Kaiugnak Bay,Kaiugnak Bay,57.0536,-153.6529,49
2023,July,7,188,Agripina Bay,Agripina Bay,57.1046,-156.4714,43
2023,July,7,188,Agripina Bay,Agripina Bay,57.1046,-156.4714,39
2023,July,7,188,Agripina Bay,Agripina Bay,57.1046,-156.4714,42
2023,July,7,188,Agripina Bay,Agripina Bay,57.1046,-156.4714,43
2023,July,7,188,Agripina Bay,Agripina Bay,57.1046,-156.4714,40
2023,July,7,188,Agripina Bay,Agripina Bay,57.1046,-156.4714,40
2023,July,7,188,Agripina Bay,Agripina Bay,57.1046,-156.4714,41
2023,July,19,200,Falmouth Bay,Shumagin Islands,55.0695,-160.114,73
2023,July,19,200,Falmouth Bay,Shumagin Islands,55.0695,-160.114,67
2023,July,19,200,Falmouth Bay,Shumagin Islands,55.0695,-160.114,65
2023,July,19,200,Falmouth Bay,Shumagin Islands,55.0695,-160.114,61
2023,June,29,180,Cook Bay,Eastern Kodiak,57.7689,-152.2752,44
2023,June,29,180,Cook Bay,Eastern Kodiak,57.7689,-152.2752,39
2023,June,29,180,Cook Bay,Eastern Kodiak,57.7689,-152.2752,40
2020,July,2,184,Cook Bay,Eastern Kodiak,57.7686,-152.2738,58
2020,July,2,184,Cook Bay,Eastern Kodiak,57.7686,-152.2738,55
2021,July,15,196,Baralof Bay,Shumagin Islands,55.2303,-160.5486,32
2021,July,15,196,Baralof Bay,Shumagin Islands,55.2303,-160.5486,32
2021,July,15,196,Baralof Bay,Shumagin Islands,55.2303,-160.5486,32
2021,July,15,196,Baralof Bay,Shumagin Islands,55.2303,-160.5486,32
2021,July,15,196,Baralof Bay,Shumagin Islands,55.2303,-160.5486,32
2022,July,4,185,Agripina Bay,Agripina Bay,57.1093,-156.4602,32
2023,June,29,180,Cook Bay,Eastern Kodiak,57.7796,-152.2638,32
2018,July,29,210,Falmouth Bay,Shumagin Islands,55.0639,-160.1164,33
2021,July,15,196,Baralof Bay,Shumagin Islands,55.2303,-160.5486,33
2021,July,15,196,Baralof Bay,Shumagin Islands,55.2303,-160.5486,33
2021,July,15,196,Baralof Bay,Shumagin Islands,55.2303,-160.5486,33
2021,July,15,196,Baralof Bay,Shumagin Islands,55.2303,-160.5486,33
2021,July,15,196,Baralof Bay,Shumagin Islands,55.2303,-160.5486,33
2021,July,15,196,Baralof Bay,Shumagin Islands,55.2292,-160.5518,33
2021,July,5,186,Agripina Bay,Agripina Bay,57.104,-156.4767,33
2023,July,3,184,Kaiugnak Bay,Kaiugnak Bay,57.0607,-153.7889,33
2023,July,3,184,Kaiugnak Bay,Kaiugnak Bay,57.0558,-153.6505,33
2023,June,29,180,Cook Bay,Eastern Kodiak,57.7796,-152.2638,33
2023,June,29,180,Cook Bay,Eastern Kodiak,57.7796,-152.2638,33
2023,June,29,180,Cook Bay,Eastern Kodiak,57.7796,-152.2638,33
2023,June,29,180,Cook Bay,Eastern Kodiak,57.7689,-152.2752,33
2023,June,29,180,Cook Bay,Eastern Kodiak,57.7689,-152.2752,33
2018,Aug,1,213,Baralof Bay,Shumagin Islands,55.2293,-160.5623,34
2020,July,23,205,Baralof Bay,Shumagin Islands,55.2282,-160.5602,34
2021,July,17,198,Falmouth Bay,Shumagin Islands,55.0668,-160.1269,34
2018,July,16,197,Agripina Bay,Agripina Bay,57.1094,-156.4599,34
2021,July,15,196,Baralof Bay,Shumagin Islands,55.2303,-160.5486,34
2021,July,15,196,Baralof Bay,Shumagin Islands,55.2292,-160.5518,34
2023,July,7,188,Agripina Bay,Agripina Bay,57.1049,-156.4585,34
2023,July,7,188,Agripina Bay,Agripina Bay,57.1049,-156.4585,34
2021,July,5,186,Agripina Bay,Agripina Bay,57.1092,-156.4602,34
2021,July,5,186,Agripina Bay,Agripina Bay,57.1073,-156.4562,34
2022,July,4,185,Agripina Bay,Agripina Bay,57.1132,-156.4796,34
2022,July,4,185,Agripina Bay,Agripina Bay,57.1046,-156.4717,34
2023,June,29,180,Cook Bay,Eastern Kodiak,57.7796,-152.2638,34
2023,June,29,180,Cook Bay,Eastern Kodiak,57.7689,-152.2752,34
2018,Aug,1,213,Baralof Bay,Shumagin Islands,55.2293,-160.5518,35
2018,Aug,1,213,Baralof Bay,Shumagin Islands,55.2293,-160.5623,35
2018,July,30,211,Falmouth Bay,Shumagin Islands,55.0691,-160.1299,35
2018,July,30,211,Falmouth Bay,Shumagin Islands,55.0691,-160.1299,35
2018,July,30,211,Falmouth Bay,Shumagin Islands,55.0694,-160.1137,35
2021,July,17,198,Falmouth Bay,Shumagin Islands,55.0668,-160.1269,35
2023,July,17,198,Baralof Bay,Shumagin Islands,55.2293,-160.5518,35
2021,July,15,196,Baralof Bay,Shumagin Islands,55.2303,-160.5486,35
2021,July,15,196,Baralof Bay,Shumagin Islands,55.2303,-160.5486,35
2021,July,15,196,Baralof Bay,Shumagin Islands,55.2303,-160.5486,35
2021,July,15,196,Baralof Bay,Shumagin Islands,55.2303,-160.5486,35
2021,July,15,196,Baralof Bay,Shumagin Islands,55.2303,-160.5486,35
2021,July,15,196,Baralof Bay,Shumagin Islands,55.2292,-160.5518,35
2021,July,15,196,Baralof Bay,Shumagin Islands,55.2295,-160.5645,35
2022,July,15,196,Baralof Bay,Shumagin Islands,55.2293,-160.5515,35
2022,July,14,195,Falmouth Bay,Shumagin Islands,55.0692,-160.1136,35
2020,July,6,188,Agripina Bay,Agripina Bay,57.1045,-156.4714,35
2023,July,7,188,Agripina Bay,Agripina Bay,57.1046,-156.4714,35
2021,July,5,186,Agripina Bay,Agripina Bay,57.1092,-156.4602,35
2022,July,4,185,Agripina Bay,Agripina Bay,57.1093,-156.4602,35
2023,July,3,184,Kaiugnak Bay,Kaiugnak Bay,57.0572,-153.6348,35
2023,July,3,184,Kaiugnak Bay,Kaiugnak Bay,57.0572,-153.6348,35
2023,June,29,180,Cook Bay,Eastern Kodiak,57.7796,-152.2638,35
2023,June,29,180,Cook Bay,Eastern Kodiak,57.7796,-152.2638,35
2023,June,29,180,Cook Bay,Eastern Kodiak,57.7796,-152.2638,35
2023,June,29,180,Cook Bay,Eastern Kodiak,57.7689,-152.2752,35
2023,June,29,180,Cook Bay,Eastern Kodiak,57.7689,-152.2752,35
2023,June,29,180,Cook Bay,Eastern Kodiak,57.7689,-152.2752,35
2018,July,30,211,Falmouth Bay,Shumagin Islands,55.0691,-160.1299,36
2018,July,30,211,Falmouth Bay,Shumagin Islands,55.0694,-160.1137,36
2018,July,30,211,Falmouth Bay,Shumagin Islands,55.0694,-160.1137,36
2018,July,26,207,Sand Point,Shumagin Islands,55.3204,-160.5207,36
2023,July,24,205,Sand Point,Shumagin Islands,55.3203,-160.5207,36
2018,July,16,197,Agripina Bay,Agripina Bay,57.1094,-156.4599,36
2021,July,15,196,Baralof Bay,Shumagin Islands,55.2303,-160.5486,36
2021,July,15,196,Baralof Bay,Shumagin Islands,55.2303,-160.5486,36
2021,July,15,196,Baralof Bay,Shumagin Islands,55.2292,-160.5518,36
2022,July,15,196,Baralof Bay,Shumagin Islands,55.2293,-160.5515,36
2022,July,15,196,Baralof Bay,Shumagin Islands,55.2304,-160.5484,36
2022,July,14,195,Falmouth Bay,Shumagin Islands,55.0692,-160.1136,36
2022,July,14,195,Falmouth Bay,Shumagin Islands,55.0685,-160.1127,36
2023,July,7,188,Agripina Bay,Agripina Bay,57.1049,-156.4585,36
2021,July,5,186,Agripina Bay,Agripina Bay,57.1073,-156.4562,36
2022,July,4,185,Agripina Bay,Agripina Bay,57.1093,-156.4602,36
2022,July,4,185,Agripina Bay,Agripina Bay,57.1093,-156.4602,36
2023,June,29,180,Cook Bay,Eastern Kodiak,57.7796,-152.2638,36
2023,June,29,180,Cook Bay,Eastern Kodiak,57.7796,-152.2638,36
2023,June,29,180,Cook Bay,Eastern Kodiak,57.7689,-152.2752,36
2023,June,29,180,Cook Bay,Eastern Kodiak,57.7689,-152.2752,36
2018,Aug,1,213,Baralof Bay,Shumagin Islands,55.228,-160.5598,37
2018,Aug,1,213,Baralof Bay,Shumagin Islands,55.2293,-160.5518,37
2018,July,30,211,Falmouth Bay,Shumagin Islands,55.0691,-160.1299,37
2018,July,30,211,Falmouth Bay,Shumagin Islands,55.0691,-160.1299,37
2018,July,30,211,Falmouth Bay,Shumagin Islands,55.0691,-160.1299,37
2018,July,30,211,Falmouth Bay,Shumagin Islands,55.0694,-160.1137,37
2018,July,30,211,Falmouth Bay,Shumagin Islands,55.0694,-160.1137,37
2018,July,30,211,Falmouth Bay,Shumagin Islands,55.0694,-160.1137,37
2018,July,30,211,Falmouth Bay,Shumagin Islands,55.0694,-160.1137,37
2018,July,29,210,Falmouth Bay,Shumagin Islands,55.0639,-160.1164,37
2018,July,29,210,Falmouth Bay,Shumagin Islands,55.0639,-160.1164,37
2018,July,29,210,Falmouth Bay,Shumagin Islands,55.0669,-160.1267,37
2018,July,29,210,Falmouth Bay,Shumagin Islands,55.0669,-160.1267,37
2018,July,29,210,Falmouth Bay,Shumagin Islands,55.0669,-160.1267,37
2018,July,29,210,Falmouth Bay,Shumagin Islands,55.0669,-160.1267,37
2020,July,23,205,Baralof Bay,Shumagin Islands,55.2293,-160.5623,37
2023,July,24,205,Sand Point,Shumagin Islands,55.3203,-160.5207,37
2020,July,20,202,Sand Point,Shumagin Islands,55.3202,-160.5241,37
2018,July,16,197,Agripina Bay,Agripina Bay,57.1094,-156.4599,37
2021,July,15,196,Baralof Bay,Shumagin Islands,55.2303,-160.5486,37
2021,July,15,196,Baralof Bay,Shumagin Islands,55.2303,-160.5486,37
2021,July,15,196,Baralof Bay,Shumagin Islands,55.2303,-160.5486,37
2021,July,15,196,Baralof Bay,Shumagin Islands,55.2303,-160.5486,37
2021,July,15,196,Baralof Bay,Shumagin Islands,55.2303,-160.5486,37
2021,July,15,196,Baralof Bay,Shumagin Islands,55.2303,-160.5486,37
2021,July,15,196,Baralof Bay,Shumagin Islands,55.2303,-160.5486,37
2021,July,15,196,Baralof Bay,Shumagin Islands,55.2303,-160.5486,37
2021,July,15,196,Baralof Bay,Shumagin Islands,55.2303,-160.5486,37
2021,July,15,196,Baralof Bay,Shumagin Islands,55.2303,-160.5486,37
2021,July,15,196,Baralof Bay,Shumagin Islands,55.2292,-160.5518,37
2021,July,15,196,Baralof Bay,Shumagin Islands,55.2292,-160.5518,37
2022,July,15,196,Baralof Bay,Shumagin Islands,55.2293,-160.5515,37
2022,July,15,196,Baralof Bay,Shumagin Islands,55.2293,-160.5515,37
2022,July,15,196,Baralof Bay,Shumagin Islands,55.2293,-160.5515,37
2022,July,15,196,Baralof Bay,Shumagin Islands,55.2304,-160.5484,37
2022,July,14,195,Falmouth Bay,Shumagin Islands,55.0692,-160.1136,37
2022,July,14,195,Falmouth Bay,Shumagin Islands,55.0692,-160.1136,37
2022,July,14,195,Falmouth Bay,Shumagin Islands,55.0685,-160.1127,37
2022,July,14,195,Falmouth Bay,Shumagin Islands,55.0685,-160.1127,37
2022,July,14,195,Falmouth Bay,Shumagin Islands,55.0685,-160.1127,37
2022,July,14,195,Falmouth Bay,Shumagin Islands,55.0685,-160.1127,37
2022,July,14,195,Falmouth Bay,Shumagin Islands,55.0685,-160.1127,37
2023,July,7,188,Agripina Bay,Agripina Bay,57.1046,-156.4714,37
2023,July,7,188,Agripina Bay,Agripina Bay,57.1046,-156.4714,37
2023,July,7,188,Agripina Bay,Agripina Bay,57.1046,-156.4714,37
2021,July,5,186,Agripina Bay,Agripina Bay,57.1133,-156.4794,37
2021,July,5,186,Agripina Bay,Agripina Bay,57.1133,-156.4794,37
2021,July,5,186,Agripina Bay,Agripina Bay,57.1092,-156.4602,37
2021,July,5,186,Agripina Bay,Agripina Bay,57.1045,-156.4714,37
2021,July,5,186,Agripina Bay,Agripina Bay,57.104,-156.4767,37
2021,July,5,186,Agripina Bay,Agripina Bay,57.104,-156.4767,37
2021,July,5,186,Agripina Bay,Agripina Bay,57.104,-156.4767,37
2022,July,4,185,Agripina Bay,Agripina Bay,57.1048,-156.4585,37
2022,July,4,185,Agripina Bay,Agripina Bay,57.1093,-156.4602,37
2022,July,4,185,Agripina Bay,Agripina Bay,57.1042,-156.4766,37
2023,July,3,184,Kaiugnak Bay,Kaiugnak Bay,57.0572,-153.6348,37
2023,July,3,184,Kaiugnak Bay,Kaiugnak Bay,57.0558,-153.6505,37
2023,June,29,180,Cook Bay,Eastern Kodiak,57.7796,-152.2638,37
2023,June,29,180,Cook Bay,Eastern Kodiak,57.7796,-152.2638,37
2023,June,29,180,Cook Bay,Eastern Kodiak,57.7796,-152.2638,37
2023,June,29,180,Cook Bay,Eastern Kodiak,57.7796,-152.2638,37
2023,June,29,180,Cook Bay,Eastern Kodiak,57.7796,-152.2638,37
2023,June,29,180,Cook Bay,Eastern Kodiak,57.7689,-152.2752,37
2023,June,29,180,Cook Bay,Eastern Kodiak,57.7689,-152.2752,37
2023,June,29,180,Cook Bay,Eastern Kodiak,57.7689,-152.2752,37
2023,June,29,180,Cook Bay,Eastern Kodiak,57.7689,-152.2752,37
2023,June,29,180,Cook Bay,Eastern Kodiak,57.7689,-152.2752,37
2023,June,29,180,Cook Bay,Eastern Kodiak,57.7689,-152.2752,37
2018,July,30,211,Falmouth Bay,Shumagin Islands,55.0694,-160.1137,38
2018,July,30,211,Falmouth Bay,Shumagin Islands,55.0694,-160.1137,38
2018,July,29,210,Falmouth Bay,Shumagin Islands,55.0684,-160.1125,38
2018,July,29,210,Falmouth Bay,Shumagin Islands,55.0639,-160.1164,38
2018,July,29,210,Falmouth Bay,Shumagin Islands,55.0639,-160.1164,38
2018,July,29,210,Falmouth Bay,Shumagin Islands,55.0639,-160.1164,38
2020,July,23,205,Baralof Bay,Shumagin Islands,55.2282,-160.5602,38
2020,July,23,205,Baralof Bay,Shumagin Islands,55.2309,-160.5682,38
2020,July,23,205,Baralof Bay,Shumagin Islands,55.2309,-160.5682,38
2020,July,23,205,Baralof Bay,Shumagin Islands,55.2304,-160.5484,38
2020,July,23,205,Baralof Bay,Shumagin Islands,55.2293,-160.5519,38
2020,July,23,205,Baralof Bay,Shumagin Islands,55.2293,-160.5623,38
2020,July,20,202,Sand Point,Shumagin Islands,55.3202,-160.5241,38
2021,July,17,198,Sand Point,Shumagin Islands,55.3204,-160.5202,38
2023,July,17,198,Baralof Bay,Shumagin Islands,55.2294,-160.5626,38
2023,July,17,198,Baralof Bay,Shumagin Islands,55.2294,-160.5626,38
2023,July,17,198,Baralof Bay,Shumagin Islands,55.2293,-160.5518,38
2023,July,17,198,Baralof Bay,Shumagin Islands,55.2293,-160.5518,38
2023,July,17,198,Baralof Bay,Shumagin Islands,55.2293,-160.5518,38
2023,July,17,198,Baralof Bay,Shumagin Islands,55.2293,-160.5518,38
2023,July,17,198,Baralof Bay,Shumagin Islands,55.2197,-160.5484,38
2023,July,17,198,Baralof Bay,Shumagin Islands,55.2197,-160.5484,38
2023,July,17,198,Baralof Bay,Shumagin Islands,55.2197,-160.5484,38
2018,July,16,197,Agripina Bay,Agripina Bay,57.1094,-156.4599,38
2018,July,16,197,Agripina Bay,Agripina Bay,57.104,-156.4766,38
2021,July,15,196,Baralof Bay,Shumagin Islands,55.2303,-160.5486,38
2021,July,15,196,Baralof Bay,Shumagin Islands,55.2303,-160.5486,38
2021,July,15,196,Baralof Bay,Shumagin Islands,55.2303,-160.5486,38
2021,July,15,196,Baralof Bay,Shumagin Islands,55.2303,-160.5486,38
2021,July,15,196,Baralof Bay,Shumagin Islands,55.2303,-160.5486,38
2021,July,15,196,Baralof Bay,Shumagin Islands,55.2303,-160.5486,38
2021,July,15,196,Baralof Bay,Shumagin Islands,55.2303,-160.5486,38
2021,July,15,196,Baralof Bay,Shumagin Islands,55.2292,-160.5518,38
2021,July,15,196,Baralof Bay,Shumagin Islands,55.2292,-160.5518,38
2021,July,15,196,Baralof Bay,Shumagin Islands,55.2295,-160.5645,38
2021,July,15,196,Baralof Bay,Shumagin Islands,55.2295,-160.5645,38
2022,July,15,196,Baralof Bay,Shumagin Islands,55.2293,-160.5622,38
2022,July,15,196,Baralof Bay,Shumagin Islands,55.2304,-160.5484,38
2022,July,14,195,Falmouth Bay,Shumagin Islands,55.0692,-160.1136,38
2022,July,14,195,Falmouth Bay,Shumagin Islands,55.0685,-160.1127,38
2022,July,14,195,Falmouth Bay,Shumagin Islands,55.0685,-160.1127,38
2022,July,14,195,Falmouth Bay,Shumagin Islands,55.0685,-160.1127,38
2022,July,14,195,Falmouth Bay,Shumagin Islands,55.0685,-160.1127,38
2022,July,14,195,Falmouth Bay,Shumagin Islands,55.0685,-160.1127,38
2020,July,6,188,Agripina Bay,Agripina Bay,57.1045,-156.4714,38
2023,July,7,188,Agripina Bay,Agripina Bay,57.1049,-156.4585,38
2023,July,7,188,Agripina Bay,Agripina Bay,57.1046,-156.4714,38
2021,July,5,186,Agripina Bay,Agripina Bay,57.1073,-156.4562,38
2021,July,5,186,Agripina Bay,Agripina Bay,57.104,-156.4767,38
2021,July,5,186,Agripina Bay,Agripina Bay,57.104,-156.4767,38
2021,July,5,186,Agripina Bay,Agripina Bay,57.104,-156.4767,38
2022,July,4,185,Agripina Bay,Agripina Bay,57.1048,-156.4585,38
2023,June,29,180,Cook Bay,Eastern Kodiak,57.7796,-152.2638,38
2023,June,29,180,Cook Bay,Eastern Kodiak,57.7796,-152.2638,38
2023,June,29,180,Cook Bay,Eastern Kodiak,57.7796,-152.2638,38
2023,June,29,180,Cook Bay,Eastern Kodiak,57.7689,-152.2752,38
2023,June,29,180,Cook Bay,Eastern Kodiak,57.7689,-152.2752,38
2023,June,29,180,Cook Bay,Eastern Kodiak,57.7689,-152.2752,38
2018,Aug,1,213,Baralof Bay,Shumagin Islands,55.2293,-160.5518,39
2018,Aug,1,213,Baralof Bay,Shumagin Islands,55.2293,-160.5623,39
2018,Aug,1,213,Baralof Bay,Shumagin Islands,55.2293,-160.5623,39
2018,July,30,211,Falmouth Bay,Shumagin Islands,55.0691,-160.1299,39
2018,July,30,211,Falmouth Bay,Shumagin Islands,55.0691,-160.1299,39
2018,July,30,211,Falmouth Bay,Shumagin Islands,55.0691,-160.1299,39
2018,July,30,211,Falmouth Bay,Shumagin Islands,55.0694,-160.1137,39
2018,July,30,211,Falmouth Bay,Shumagin Islands,55.0694,-160.1137,39
2018,July,29,210,Falmouth Bay,Shumagin Islands,55.0684,-160.1125,39
2018,July,29,210,Falmouth Bay,Shumagin Islands,55.0669,-160.1267,39
2020,July,23,205,Baralof Bay,Shumagin Islands,55.2293,-160.5519,39
2023,July,24,205,Sand Point,Shumagin Islands,55.3203,-160.5207,39
2020,July,19,201,Falmouth Bay,Shumagin Islands,55.0668,-160.1265,39
2018,July,16,197,Agripina Bay,Agripina Bay,57.1094,-156.4599,39
2018,July,16,197,Agripina Bay,Agripina Bay,57.1071,-156.4565,39
2018,July,16,197,Agripina Bay,Agripina Bay,57.1045,-156.4712,39
2021,July,15,196,Baralof Bay,Shumagin Islands,55.2303,-160.5486,39
2021,July,15,196,Baralof Bay,Shumagin Islands,55.2303,-160.5486,39
2021,July,15,196,Baralof Bay,Shumagin Islands,55.2303,-160.5486,39
2021,July,15,196,Baralof Bay,Shumagin Islands,55.2303,-160.5486,39
2021,July,15,196,Baralof Bay,Shumagin Islands,55.2303,-160.5486,39
2021,July,15,196,Baralof Bay,Shumagin Islands,55.2303,-160.5486,39
2021,July,15,196,Baralof Bay,Shumagin Islands,55.2292,-160.5518,39
2021,July,15,196,Baralof Bay,Shumagin Islands,55.2295,-160.5645,39
2022,July,15,196,Baralof Bay,Shumagin Islands,55.2293,-160.5515,39
2022,July,14,195,Falmouth Bay,Shumagin Islands,55.0685,-160.1127,39
2022,July,14,195,Falmouth Bay,Shumagin Islands,55.0685,-160.1127,39
2023,July,7,188,Agripina Bay,Agripina Bay,57.1046,-156.4714,39
2021,July,5,186,Agripina Bay,Agripina Bay,57.1133,-156.4794,39
2021,July,5,186,Agripina Bay,Agripina Bay,57.1073,-156.4562,39
2021,July,5,186,Agripina Bay,Agripina Bay,57.1073,-156.4562,39
2021,July,5,186,Agripina Bay,Agripina Bay,57.1045,-156.4714,39
2021,July,5,186,Agripina Bay,Agripina Bay,57.104,-156.4767,39
2021,July,5,186,Agripina Bay,Agripina Bay,57.104,-156.4767,39
2021,July,5,186,Agripina Bay,Agripina Bay,57.104,-156.4767,39
2022,July,4,185,Agripina Bay,Agripina Bay,57.1046,-156.4717,39
2023,June,29,180,Cook Bay,Eastern Kodiak,57.7796,-152.2638,39
2023,June,29,180,Cook Bay,Eastern Kodiak,57.7796,-152.2638,39
2023,June,29,180,Cook Bay,Eastern Kodiak,57.7796,-152.2638,39
2023,June,29,180,Cook Bay,Eastern Kodiak,57.7689,-152.2752,39
2018,Aug,1,213,Baralof Bay,Shumagin Islands,55.2303,-160.5485,40
2018,Aug,1,213,Baralof Bay,Shumagin Islands,55.2293,-160.5518,40
2018,Aug,1,213,Baralof Bay,Shumagin Islands,55.2293,-160.5518,40
2018,Aug,1,213,Baralof Bay,Shumagin Islands,55.2293,-160.5518,40
2018,Aug,1,213,Baralof Bay,Shumagin Islands,55.2294,-160.5646,40
2018,July,30,211,Falmouth Bay,Shumagin Islands,55.0691,-160.1299,40
2018,July,30,211,Falmouth Bay,Shumagin Islands,55.0694,-160.1137,40
2018,July,29,210,Falmouth Bay,Shumagin Islands,55.0639,-160.1164,40
2018,July,29,210,Falmouth Bay,Shumagin Islands,55.0669,-160.1267,40
2018,July,29,210,Falmouth Bay,Shumagin Islands,55.0669,-160.1267,40
2020,July,23,205,Baralof Bay,Shumagin Islands,55.2293,-160.5519,40
2020,July,20,202,Sand Point,Shumagin Islands,55.3202,-160.5241,40
2020,July,20,202,Sand Point,Shumagin Islands,55.3202,-160.5241,40
2020,July,20,202,Sand Point,Shumagin Islands,55.3202,-160.5241,40
2020,July,20,202,Sand Point,Shumagin Islands,55.3202,-160.5241,40
2020,July,19,201,Falmouth Bay,Shumagin Islands,55.0668,-160.1265,40
2022,July,19,200,Sand Point,Shumagin Islands,55.3204,-160.5201,40
2022,July,19,200,Sand Point,Shumagin Islands,55.3201,-160.524,40
2023,July,19,200,Falmouth Bay,Shumagin Islands,55.0695,-160.114,40
2021,July,17,198,Falmouth Bay,Shumagin Islands,55.0689,-160.1297,40
2021,July,17,198,Sand Point,Shumagin Islands,55.3204,-160.5202,40
2023,July,17,198,Baralof Bay,Shumagin Islands,55.2308,-160.5677,40
2023,July,17,198,Baralof Bay,Shumagin Islands,55.2294,-160.5626,40
2023,July,17,198,Baralof Bay,Shumagin Islands,55.2294,-160.5626,40
2023,July,17,198,Baralof Bay,Shumagin Islands,55.2294,-160.5626,40
2023,July,17,198,Baralof Bay,Shumagin Islands,55.2294,-160.5626,40
2023,July,17,198,Baralof Bay,Shumagin Islands,55.2293,-160.5518,40
2023,July,17,198,Baralof Bay,Shumagin Islands,55.2197,-160.5484,40
2018,July,16,197,Agripina Bay,Agripina Bay,57.1047,-156.4584,40
2018,July,16,197,Agripina Bay,Agripina Bay,57.1094,-156.4599,40
2018,July,16,197,Agripina Bay,Agripina Bay,57.1071,-156.4565,40
2018,July,16,197,Agripina Bay,Agripina Bay,57.1071,-156.4565,40
2018,July,16,197,Agripina Bay,Agripina Bay,57.1045,-156.4712,40
2018,July,16,197,Agripina Bay,Agripina Bay,57.104,-156.4766,40
2018,July,16,197,Agripina Bay,Agripina Bay,57.104,-156.4766,40
2018,July,16,197,Agripina Bay,Agripina Bay,57.104,-156.4766,40
2021,July,15,196,Baralof Bay,Shumagin Islands,55.2303,-160.5486,40
2021,July,15,196,Baralof Bay,Shumagin Islands,55.2292,-160.5518,40
2022,July,15,196,Baralof Bay,Shumagin Islands,55.2304,-160.5484,40
2022,July,14,195,Falmouth Bay,Shumagin Islands,55.0692,-160.1136,40
2022,July,14,195,Falmouth Bay,Shumagin Islands,55.0692,-160.1136,40
2022,July,14,195,Falmouth Bay,Shumagin Islands,55.0692,-160.1136,40
2022,July,14,195,Falmouth Bay,Shumagin Islands,55.0692,-160.1136,40
2022,July,14,195,Falmouth Bay,Shumagin Islands,55.0692,-160.1136,40
2022,July,14,195,Falmouth Bay,Shumagin Islands,55.0692,-160.1136,40
2022,July,14,195,Falmouth Bay,Shumagin Islands,55.0685,-160.1127,40
2022,July,14,195,Falmouth Bay,Shumagin Islands,55.0685,-160.1127,40
2019,July,7,188,Agripina Bay,Agripina Bay,57.105,-156.4581,40
2019,July,7,188,Agripina Bay,Agripina Bay,57.1071,-156.4564,40
2020,July,6,188,Agripina Bay,Agripina Bay,57.1092,-156.4602,40
2023,July,7,188,Agripina Bay,Agripina Bay,57.1046,-156.4714,40
2023,July,7,188,Agripina Bay,Agripina Bay,57.1046,-156.4714,40
2023,July,7,188,Agripina Bay,Agripina Bay,57.1046,-156.4714,40
2023,July,7,188,Agripina Bay,Agripina Bay,57.1046,-156.4714,40
2023,July,7,188,Agripina Bay,Agripina Bay,57.1046,-156.4714,40
2021,July,5,186,Agripina Bay,Agripina Bay,57.1133,-156.4794,40
2021,July,5,186,Agripina Bay,Agripina Bay,57.104,-156.4767,40
2021,July,5,186,Agripina Bay,Agripina Bay,57.104,-156.4767,40
2022,July,4,185,Agripina Bay,Agripina Bay,57.1048,-156.4585,40
2022,July,4,185,Agripina Bay,Agripina Bay,57.1093,-156.4602,40
2023,June,29,180,Cook Bay,Eastern Kodiak,57.7689,-152.2752,40
2018,Aug,1,213,Baralof Bay,Shumagin Islands,55.2303,-160.5485,41
2018,Aug,1,213,Baralof Bay,Shumagin Islands,55.2303,-160.5485,41
2018,Aug,1,213,Baralof Bay,Shumagin Islands,55.2293,-160.5518,41
2018,Aug,1,213,Baralof Bay,Shumagin Islands,55.2294,-160.5646,41
2018,Aug,1,213,Baralof Bay,Shumagin Islands,55.2294,-160.5646,41
2018,Aug,1,213,Baralof Bay,Shumagin Islands,55.2294,-160.5646,41
2018,July,30,211,Falmouth Bay,Shumagin Islands,55.0691,-160.1299,41
2018,July,30,211,Falmouth Bay,Shumagin Islands,55.0691,-160.1299,41
2018,July,30,211,Falmouth Bay,Shumagin Islands,55.0691,-160.1299,41
2018,July,30,211,Falmouth Bay,Shumagin Islands,55.0691,-160.1299,41
2018,July,30,211,Falmouth Bay,Shumagin Islands,55.0694,-160.1137,41
2018,July,30,211,Falmouth Bay,Shumagin Islands,55.0694,-160.1137,41
2018,July,30,211,Falmouth Bay,Shumagin Islands,55.0694,-160.1137,41
2018,July,30,211,Falmouth Bay,Shumagin Islands,55.0694,-160.1137,41
2018,July,29,210,Falmouth Bay,Shumagin Islands,55.0684,-160.1125,41
2018,July,29,210,Falmouth Bay,Shumagin Islands,55.0639,-160.1164,41
2018,July,29,210,Falmouth Bay,Shumagin Islands,55.0639,-160.1164,41
2018,July,29,210,Falmouth Bay,Shumagin Islands,55.0639,-160.1164,41
2018,July,29,210,Falmouth Bay,Shumagin Islands,55.0639,-160.1164,41
2018,July,29,210,Falmouth Bay,Shumagin Islands,55.0639,-160.1164,41
2018,July,29,210,Falmouth Bay,Shumagin Islands,55.0669,-160.1267,41
2018,July,29,210,Falmouth Bay,Shumagin Islands,55.0669,-160.1267,41
2018,July,29,210,Falmouth Bay,Shumagin Islands,55.0669,-160.1267,41
2018,July,29,210,Falmouth Bay,Shumagin Islands,55.0669,-160.1267,41
2018,July,29,210,Falmouth Bay,Shumagin Islands,55.0669,-160.1267,41
2020,July,23,205,Baralof Bay,Shumagin Islands,55.2293,-160.5519,41
2020,July,23,205,Baralof Bay,Shumagin Islands,55.2293,-160.5519,41
2020,July,20,202,Sand Point,Shumagin Islands,55.3204,-160.5204,41
2020,July,20,202,Sand Point,Shumagin Islands,55.3202,-160.5241,41
2020,July,20,202,Sand Point,Shumagin Islands,55.3202,-160.5241,41
2020,July,19,201,Falmouth Bay,Shumagin Islands,55.0693,-160.1138,41
2020,July,19,201,Falmouth Bay,Shumagin Islands,55.0689,-160.1296,41
2023,July,19,200,Falmouth Bay,Shumagin Islands,55.0695,-160.114,41
2023,July,19,200,Falmouth Bay,Shumagin Islands,55.0686,-160.1128,41
2021,July,17,198,Falmouth Bay,Shumagin Islands,55.0689,-160.1297,41
2023,July,17,198,Baralof Bay,Shumagin Islands,55.2294,-160.5626,41
2023,July,17,198,Baralof Bay,Shumagin Islands,55.2197,-160.5484,41
2023,July,17,198,Baralof Bay,Shumagin Islands,55.2197,-160.5484,41
2023,July,17,198,Baralof Bay,Shumagin Islands,55.2197,-160.5484,41
2023,July,17,198,Baralof Bay,Shumagin Islands,55.2197,-160.5484,41
2018,July,16,197,Agripina Bay,Agripina Bay,57.1132,-156.4796,41
2018,July,16,197,Agripina Bay,Agripina Bay,57.1047,-156.4584,41
2018,July,16,197,Agripina Bay,Agripina Bay,57.1094,-156.4599,41
2018,July,16,197,Agripina Bay,Agripina Bay,57.1094,-156.4599,41
2018,July,16,197,Agripina Bay,Agripina Bay,57.1094,-156.4599,41
2018,July,16,197,Agripina Bay,Agripina Bay,57.1094,-156.4599,41
2018,July,16,197,Agripina Bay,Agripina Bay,57.1094,-156.4599,41
2018,July,16,197,Agripina Bay,Agripina Bay,57.1071,-156.4565,41
2018,July,16,197,Agripina Bay,Agripina Bay,57.1071,-156.4565,41
2018,July,16,197,Agripina Bay,Agripina Bay,57.1071,-156.4565,41
2018,July,16,197,Agripina Bay,Agripina Bay,57.1071,-156.4565,41
2018,July,16,197,Agripina Bay,Agripina Bay,57.1071,-156.4565,41
2018,July,16,197,Agripina Bay,Agripina Bay,57.1045,-156.4712,41
2018,July,16,197,Agripina Bay,Agripina Bay,57.1045,-156.4712,41
2018,July,16,197,Agripina Bay,Agripina Bay,57.1045,-156.4712,41
2018,July,16,197,Agripina Bay,Agripina Bay,57.104,-156.4766,41
2021,July,15,196,Baralof Bay,Shumagin Islands,55.2303,-160.5486,41
2021,July,15,196,Baralof Bay,Shumagin Islands,55.2303,-160.5486,41
2021,July,15,196,Baralof Bay,Shumagin Islands,55.2303,-160.5486,41
2021,July,15,196,Baralof Bay,Shumagin Islands,55.2303,-160.5486,41
2022,July,15,196,Baralof Bay,Shumagin Islands,55.2293,-160.5622,41
2022,July,15,196,Baralof Bay,Shumagin Islands,55.2293,-160.5622,41
2022,July,15,196,Baralof Bay,Shumagin Islands,55.2293,-160.5622,41
2022,July,15,196,Baralof Bay,Shumagin Islands,55.2293,-160.5515,41
2022,July,15,196,Baralof Bay,Shumagin Islands,55.2304,-160.5484,41
2022,July,14,195,Falmouth Bay,Shumagin Islands,55.0685,-160.1127,41
2022,July,14,195,Falmouth Bay,Shumagin Islands,55.0685,-160.1127,41
2022,July,14,195,Falmouth Bay,Shumagin Islands,55.0685,-160.1127,41
2022,July,14,195,Falmouth Bay,Shumagin Islands,55.0685,-160.1127,41
2020,July,6,188,Agripina Bay,Agripina Bay,57.1045,-156.4714,41
2023,July,7,188,Agripina Bay,Agripina Bay,57.1049,-156.4585,41
2023,July,7,188,Agripina Bay,Agripina Bay,57.1046,-156.4714,41
2023,July,7,188,Agripina Bay,Agripina Bay,57.1046,-156.4714,41
2023,July,7,188,Agripina Bay,Agripina Bay,57.1046,-156.4714,41
2023,July,7,188,Agripina Bay,Agripina Bay,57.1046,-156.4714,41
2021,July,5,186,Agripina Bay,Agripina Bay,57.1133,-156.4794,41
2021,July,5,186,Agripina Bay,Agripina Bay,57.1133,-156.4794,41
2021,July,5,186,Agripina Bay,Agripina Bay,57.1073,-156.4562,41
2021,July,5,186,Agripina Bay,Agripina Bay,57.1073,-156.4562,41
2021,July,5,186,Agripina Bay,Agripina Bay,57.1073,-156.4562,41
2021,July,5,186,Agripina Bay,Agripina Bay,57.104,-156.4767,41
2022,July,4,185,Agripina Bay,Agripina Bay,57.1132,-156.4796,41
2022,July,4,185,Agripina Bay,Agripina Bay,57.1048,-156.4585,41
2022,July,4,185,Agripina Bay,Agripina Bay,57.1048,-156.4585,41
2023,July,3,184,Kaiugnak Bay,Kaiugnak Bay,57.0607,-153.7889,41
2023,July,3,184,Kaiugnak Bay,Kaiugnak Bay,57.0708,-153.6747,41
2023,July,3,184,Kaiugnak Bay,Kaiugnak Bay,57.0708,-153.6747,41
2023,July,3,184,Kaiugnak Bay,Kaiugnak Bay,57.0572,-153.6348,41
2023,June,29,180,Cook Bay,Eastern Kodiak,57.7796,-152.2638,41
2023,June,29,180,Cook Bay,Eastern Kodiak,57.7796,-152.2638,41
2023,June,29,180,Cook Bay,Eastern Kodiak,57.7689,-152.2752,41
2023,June,29,180,Cook Bay,Eastern Kodiak,57.7689,-152.2752,41
2023,June,29,180,Cook Bay,Eastern Kodiak,57.7689,-152.2752,41
2018,Aug,1,213,Baralof Bay,Shumagin Islands,55.228,-160.5598,42
2018,Aug,1,213,Baralof Bay,Shumagin Islands,55.228,-160.5598,42
2018,Aug,1,213,Baralof Bay,Shumagin Islands,55.228,-160.5598,42
2018,Aug,1,213,Baralof Bay,Shumagin Islands,55.2303,-160.5485,42
2018,Aug,1,213,Baralof Bay,Shumagin Islands,55.2303,-160.5485,42
2018,Aug,1,213,Baralof Bay,Shumagin Islands,55.2293,-160.5518,42
2018,Aug,1,213,Baralof Bay,Shumagin Islands,55.2293,-160.5518,42
2018,Aug,1,213,Baralof Bay,Shumagin Islands,55.2293,-160.5518,42
2018,Aug,1,213,Baralof Bay,Shumagin Islands,55.2293,-160.5518,42
2018,Aug,1,213,Baralof Bay,Shumagin Islands,55.2293,-160.5623,42
2018,Aug,1,213,Baralof Bay,Shumagin Islands,55.2293,-160.5623,42
2018,Aug,1,213,Baralof Bay,Shumagin Islands,55.2307,-160.5694,42
2018,July,30,211,Falmouth Bay,Shumagin Islands,55.0691,-160.1299,42
2018,July,30,211,Falmouth Bay,Shumagin Islands,55.0694,-160.1137,42
2018,July,30,211,Falmouth Bay,Shumagin Islands,55.0694,-160.1137,42
2018,July,29,210,Falmouth Bay,Shumagin Islands,55.0639,-160.1164,42
2018,July,29,210,Falmouth Bay,Shumagin Islands,55.0639,-160.1164,42
2018,July,29,210,Falmouth Bay,Shumagin Islands,55.0639,-160.1164,42
2018,July,29,210,Falmouth Bay,Shumagin Islands,55.0639,-160.1164,42
2018,July,29,210,Falmouth Bay,Shumagin Islands,55.0639,-160.1164,42
2018,July,29,210,Falmouth Bay,Shumagin Islands,55.0639,-160.1164,42
2018,July,29,210,Falmouth Bay,Shumagin Islands,55.0669,-160.1267,42
2018,July,29,210,Falmouth Bay,Shumagin Islands,55.0669,-160.1267,42
2018,July,29,210,Falmouth Bay,Shumagin Islands,55.0669,-160.1267,42
2018,July,29,210,Falmouth Bay,Shumagin Islands,55.0669,-160.1267,42
2018,July,29,210,Falmouth Bay,Shumagin Islands,55.0669,-160.1267,42
2020,July,23,205,Baralof Bay,Shumagin Islands,55.2309,-160.5682,42
2020,July,23,205,Baralof Bay,Shumagin Islands,55.2293,-160.5519,42
2020,July,23,205,Baralof Bay,Shumagin Islands,55.2293,-160.5623,42
2020,July,23,205,Baralof Bay,Shumagin Islands,55.2293,-160.5623,42
2020,July,20,202,Sand Point,Shumagin Islands,55.3204,-160.5204,42
2020,July,20,202,Sand Point,Shumagin Islands,55.3204,-160.5204,42
2020,July,20,202,Sand Point,Shumagin Islands,55.3202,-160.5241,42
2020,July,20,202,Sand Point,Shumagin Islands,55.3202,-160.5241,42
2020,July,20,202,Sand Point,Shumagin Islands,55.3202,-160.5241,42
2020,July,20,202,Sand Point,Shumagin Islands,55.3202,-160.5241,42
2020,July,20,202,Sand Point,Shumagin Islands,55.3202,-160.5241,42
2020,July,20,202,Sand Point,Shumagin Islands,55.3202,-160.5241,42
2020,July,20,202,Sand Point,Shumagin Islands,55.3202,-160.5241,42
2020,July,20,202,Sand Point,Shumagin Islands,55.3202,-160.5241,42
2020,July,20,202,Sand Point,Shumagin Islands,55.3202,-160.5241,42
2020,July,19,201,Falmouth Bay,Shumagin Islands,55.0689,-160.1296,42
2020,July,19,201,Falmouth Bay,Shumagin Islands,55.0668,-160.1265,42
2020,July,19,201,Falmouth Bay,Shumagin Islands,55.0668,-160.1265,42
2020,July,19,201,Falmouth Bay,Shumagin Islands,55.0668,-160.1265,42
2020,July,19,201,Falmouth Bay,Shumagin Islands,55.0668,-160.1265,42
2023,July,19,200,Falmouth Bay,Shumagin Islands,55.0695,-160.114,42
2023,July,19,200,Falmouth Bay,Shumagin Islands,55.0695,-160.114,42
2021,July,17,198,Falmouth Bay,Shumagin Islands,55.0689,-160.1297,42
2021,July,17,198,Falmouth Bay,Shumagin Islands,55.0689,-160.1297,42
2021,July,17,198,Sand Point,Shumagin Islands,55.3204,-160.5202,42
2021,July,17,198,Sand Point,Shumagin Islands,55.3204,-160.5202,42
2021,July,17,198,Sand Point,Shumagin Islands,55.3204,-160.5202,42
2023,July,17,198,Baralof Bay,Shumagin Islands,55.2294,-160.5626,42
2023,July,17,198,Baralof Bay,Shumagin Islands,55.2294,-160.5626,42
2023,July,17,198,Baralof Bay,Shumagin Islands,55.2293,-160.5518,42
2023,July,17,198,Baralof Bay,Shumagin Islands,55.2293,-160.5518,42
2023,July,17,198,Baralof Bay,Shumagin Islands,55.2197,-160.5484,42
2023,July,17,198,Baralof Bay,Shumagin Islands,55.2197,-160.5484,42
2023,July,17,198,Baralof Bay,Shumagin Islands,55.2197,-160.5484,42
2023,July,17,198,Baralof Bay,Shumagin Islands,55.2197,-160.5484,42
2023,July,17,198,Baralof Bay,Shumagin Islands,55.2197,-160.5484,42
2023,July,17,198,Baralof Bay,Shumagin Islands,55.2197,-160.5484,42
2018,July,16,197,Agripina Bay,Agripina Bay,57.1047,-156.4584,42
2018,July,16,197,Agripina Bay,Agripina Bay,57.1047,-156.4584,42
2018,July,16,197,Agripina Bay,Agripina Bay,57.1047,-156.4584,42
2018,July,16,197,Agripina Bay,Agripina Bay,57.1047,-156.4584,42
2018,July,16,197,Agripina Bay,Agripina Bay,57.1094,-156.4599,42
2018,July,16,197,Agripina Bay,Agripina Bay,57.1094,-156.4599,42
2018,July,16,197,Agripina Bay,Agripina Bay,57.1094,-156.4599,42
2018,July,16,197,Agripina Bay,Agripina Bay,57.1094,-156.4599,42
2018,July,16,197,Agripina Bay,Agripina Bay,57.1094,-156.4599,42
2018,July,16,197,Agripina Bay,Agripina Bay,57.1071,-156.4565,42
2018,July,16,197,Agripina Bay,Agripina Bay,57.1071,-156.4565,42
2018,July,16,197,Agripina Bay,Agripina Bay,57.1071,-156.4565,42
2018,July,16,197,Agripina Bay,Agripina Bay,57.1071,-156.4565,42
2018,July,16,197,Agripina Bay,Agripina Bay,57.1071,-156.4565,42
2018,July,16,197,Agripina Bay,Agripina Bay,57.1071,-156.4565,42
2018,July,16,197,Agripina Bay,Agripina Bay,57.1071,-156.4565,42
2018,July,16,197,Agripina Bay,Agripina Bay,57.1045,-156.4712,42
2018,July,16,197,Agripina Bay,Agripina Bay,57.1045,-156.4712,42
2018,July,16,197,Agripina Bay,Agripina Bay,57.104,-156.4766,42
2018,July,16,197,Agripina Bay,Agripina Bay,57.104,-156.4766,42
2018,July,16,197,Agripina Bay,Agripina Bay,57.104,-156.4766,42
2018,July,16,197,Agripina Bay,Agripina Bay,57.104,-156.4766,42
2018,July,16,197,Agripina Bay,Agripina Bay,57.104,-156.4766,42
2018,July,16,197,Agripina Bay,Agripina Bay,57.104,-156.4766,42
2018,July,16,197,Agripina Bay,Agripina Bay,57.104,-156.4766,42
2018,July,16,197,Agripina Bay,Agripina Bay,57.104,-156.4766,42
2021,July,15,196,Baralof Bay,Shumagin Islands,55.2303,-160.5486,42
2021,July,15,196,Baralof Bay,Shumagin Islands,55.2303,-160.5486,42
2021,July,15,196,Baralof Bay,Shumagin Islands,55.2303,-160.5486,42
2021,July,15,196,Baralof Bay,Shumagin Islands,55.2303,-160.5486,42
2021,July,15,196,Baralof Bay,Shumagin Islands,55.2303,-160.5486,42
2021,July,15,196,Baralof Bay,Shumagin Islands,55.2303,-160.5486,42
2021,July,15,196,Baralof Bay,Shumagin Islands,55.2292,-160.5518,42
2021,July,15,196,Baralof Bay,Shumagin Islands,55.2292,-160.5518,42
2022,July,15,196,Baralof Bay,Shumagin Islands,55.2311,-160.5681,42
2022,July,15,196,Baralof Bay,Shumagin Islands,55.2293,-160.5622,42
2022,July,15,196,Baralof Bay,Shumagin Islands,55.2293,-160.5515,42
2022,July,15,196,Baralof Bay,Shumagin Islands,55.2293,-160.5515,42
2022,July,15,196,Baralof Bay,Shumagin Islands,55.2293,-160.5515,42
2022,July,15,196,Baralof Bay,Shumagin Islands,55.2293,-160.5515,42
2022,July,15,196,Baralof Bay,Shumagin Islands,55.2304,-160.5484,42
2022,July,15,196,Baralof Bay,Shumagin Islands,55.2304,-160.5484,42
2022,July,14,195,Falmouth Bay,Shumagin Islands,55.0692,-160.1136,42
2022,July,14,195,Falmouth Bay,Shumagin Islands,55.0692,-160.1136,42
2022,July,14,195,Falmouth Bay,Shumagin Islands,55.0685,-160.1127,42
2022,July,14,195,Falmouth Bay,Shumagin Islands,55.0685,-160.1127,42
2022,July,14,195,Falmouth Bay,Shumagin Islands,55.0685,-160.1127,42
2022,July,14,195,Falmouth Bay,Shumagin Islands,55.0669,-160.1266,42
2019,July,7,188,Agripina Bay,Agripina Bay,57.105,-156.4581,42
2020,July,6,188,Agripina Bay,Agripina Bay,57.1045,-156.4714,42
2023,July,7,188,Agripina Bay,Agripina Bay,57.1092,-156.4602,42
2023,July,7,188,Agripina Bay,Agripina Bay,57.1049,-156.4585,42
2023,July,7,188,Agripina Bay,Agripina Bay,57.1049,-156.4585,42
2023,July,7,188,Agripina Bay,Agripina Bay,57.1046,-156.4714,42
2021,July,5,186,Agripina Bay,Agripina Bay,57.1073,-156.4562,42
2021,July,5,186,Agripina Bay,Agripina Bay,57.1073,-156.4562,42
2021,July,5,186,Agripina Bay,Agripina Bay,57.1073,-156.4562,42
2021,July,5,186,Agripina Bay,Agripina Bay,57.1073,-156.4562,42
2021,July,5,186,Agripina Bay,Agripina Bay,57.1073,-156.4562,42
2021,July,5,186,Agripina Bay,Agripina Bay,57.1073,-156.4562,42
2021,July,5,186,Agripina Bay,Agripina Bay,57.104,-156.4767,42
2021,July,5,186,Agripina Bay,Agripina Bay,57.104,-156.4767,42
2021,July,5,186,Agripina Bay,Agripina Bay,57.104,-156.4767,42
2021,July,5,186,Agripina Bay,Agripina Bay,57.104,-156.4767,42
2022,July,4,185,Agripina Bay,Agripina Bay,57.1132,-156.4796,42
2022,July,4,185,Agripina Bay,Agripina Bay,57.1048,-156.4585,42
2022,July,4,185,Agripina Bay,Agripina Bay,57.1048,-156.4585,42
2022,July,4,185,Agripina Bay,Agripina Bay,57.1093,-156.4602,42
2022,July,4,185,Agripina Bay,Agripina Bay,57.1093,-156.4602,42
2022,July,4,185,Agripina Bay,Agripina Bay,57.1046,-156.4717,42
2023,July,3,184,Kaiugnak Bay,Kaiugnak Bay,57.0607,-153.7889,42
2023,July,3,184,Kaiugnak Bay,Kaiugnak Bay,57.0558,-153.6505,42
2023,June,29,180,Cook Bay,Eastern Kodiak,57.7689,-152.2752,42
2023,June,29,180,Cook Bay,Eastern Kodiak,57.7689,-152.2752,42
2023,June,29,180,Cook Bay,Eastern Kodiak,57.7689,-152.2752,42
2023,June,29,180,Cook Bay,Eastern Kodiak,57.7689,-152.2752,42
2018,Aug,1,213,Baralof Bay,Shumagin Islands,55.228,-160.5598,43
2018,Aug,1,213,Baralof Bay,Shumagin Islands,55.228,-160.5598,43
2018,Aug,1,213,Baralof Bay,Shumagin Islands,55.228,-160.5598,43
2018,Aug,1,213,Baralof Bay,Shumagin Islands,55.228,-160.5598,43
2018,Aug,1,213,Baralof Bay,Shumagin Islands,55.228,-160.5598,43
2018,Aug,1,213,Baralof Bay,Shumagin Islands,55.2303,-160.5485,43
2018,Aug,1,213,Baralof Bay,Shumagin Islands,55.2294,-160.5646,43
2018,Aug,1,213,Baralof Bay,Shumagin Islands,55.2294,-160.5646,43
2018,Aug,1,213,Baralof Bay,Shumagin Islands,55.2294,-160.5646,43
2018,July,30,211,Falmouth Bay,Shumagin Islands,55.0691,-160.1299,43
2018,July,30,211,Falmouth Bay,Shumagin Islands,55.0691,-160.1299,43
2018,July,30,211,Falmouth Bay,Shumagin Islands,55.0691,-160.1299,43
2018,July,30,211,Falmouth Bay,Shumagin Islands,55.0691,-160.1299,43
2018,July,30,211,Falmouth Bay,Shumagin Islands,55.0694,-160.1137,43
2018,July,30,211,Falmouth Bay,Shumagin Islands,55.0694,-160.1137,43
2018,July,30,211,Falmouth Bay,Shumagin Islands,55.0694,-160.1137,43
2018,July,30,211,Falmouth Bay,Shumagin Islands,55.0694,-160.1137,43
2018,July,29,210,Falmouth Bay,Shumagin Islands,55.0684,-160.1125,43
2018,July,29,210,Falmouth Bay,Shumagin Islands,55.0684,-160.1125,43
2018,July,29,210,Falmouth Bay,Shumagin Islands,55.0684,-160.1125,43
2018,July,29,210,Falmouth Bay,Shumagin Islands,55.0684,-160.1125,43
2018,July,29,210,Falmouth Bay,Shumagin Islands,55.0639,-160.1164,43
2018,July,29,210,Falmouth Bay,Shumagin Islands,55.0639,-160.1164,43
2018,July,29,210,Falmouth Bay,Shumagin Islands,55.0639,-160.1164,43
2018,July,29,210,Falmouth Bay,Shumagin Islands,55.0639,-160.1164,43
2018,July,29,210,Falmouth Bay,Shumagin Islands,55.0639,-160.1164,43
2018,July,29,210,Falmouth Bay,Shumagin Islands,55.0669,-160.1267,43
2018,July,29,210,Falmouth Bay,Shumagin Islands,55.0669,-160.1267,43
2018,July,29,210,Falmouth Bay,Shumagin Islands,55.0669,-160.1267,43
2018,July,26,207,Sand Point,Shumagin Islands,55.2535,-160.5241,43
2020,July,23,205,Baralof Bay,Shumagin Islands,55.2304,-160.5484,43
2020,July,23,205,Baralof Bay,Shumagin Islands,55.2293,-160.5519,43
2020,July,23,205,Baralof Bay,Shumagin Islands,55.2293,-160.5623,43
2020,July,23,205,Baralof Bay,Shumagin Islands,55.2294,-160.5646,43
2020,July,23,205,Baralof Bay,Shumagin Islands,55.2294,-160.5646,43
2023,July,24,205,Sand Point,Shumagin Islands,55.3203,-160.5207,43
2020,July,20,202,Sand Point,Shumagin Islands,55.3204,-160.5204,43
2020,July,20,202,Sand Point,Shumagin Islands,55.3204,-160.5204,43
2020,July,20,202,Sand Point,Shumagin Islands,55.3204,-160.5204,43
2020,July,20,202,Sand Point,Shumagin Islands,55.3204,-160.5204,43
2020,July,20,202,Sand Point,Shumagin Islands,55.3204,-160.5204,43
2020,July,20,202,Sand Point,Shumagin Islands,55.3202,-160.5241,43
2020,July,20,202,Sand Point,Shumagin Islands,55.3202,-160.5241,43
2020,July,20,202,Sand Point,Shumagin Islands,55.3202,-160.5241,43
2020,July,20,202,Sand Point,Shumagin Islands,55.3202,-160.5241,43
2020,July,19,201,Falmouth Bay,Shumagin Islands,55.0693,-160.1138,43
2020,July,19,201,Falmouth Bay,Shumagin Islands,55.0693,-160.1138,43
2020,July,19,201,Falmouth Bay,Shumagin Islands,55.0685,-160.1126,43
2020,July,19,201,Falmouth Bay,Shumagin Islands,55.0685,-160.1126,43
2020,July,19,201,Falmouth Bay,Shumagin Islands,55.0685,-160.1126,43
2020,July,19,201,Falmouth Bay,Shumagin Islands,55.0689,-160.1296,43
2020,July,19,201,Falmouth Bay,Shumagin Islands,55.0689,-160.1296,43
2020,July,19,201,Falmouth Bay,Shumagin Islands,55.0668,-160.1265,43
2020,July,19,201,Falmouth Bay,Shumagin Islands,55.0668,-160.1265,43
2020,July,19,201,Falmouth Bay,Shumagin Islands,55.0668,-160.1265,43
2022,July,19,200,Sand Point,Shumagin Islands,55.3204,-160.5201,43
2023,July,19,200,Falmouth Bay,Shumagin Islands,55.0695,-160.114,43
2023,July,19,200,Falmouth Bay,Shumagin Islands,55.0695,-160.114,43
2021,July,17,198,Falmouth Bay,Shumagin Islands,55.0689,-160.1297,43
2023,July,17,198,Baralof Bay,Shumagin Islands,55.2294,-160.5626,43
2023,July,17,198,Baralof Bay,Shumagin Islands,55.2294,-160.5626,43
2023,July,17,198,Baralof Bay,Shumagin Islands,55.2294,-160.5626,43
2023,July,17,198,Baralof Bay,Shumagin Islands,55.2294,-160.5626,43
2023,July,17,198,Baralof Bay,Shumagin Islands,55.2293,-160.5518,43
2023,July,17,198,Baralof Bay,Shumagin Islands,55.2197,-160.5484,43
2023,July,17,198,Baralof Bay,Shumagin Islands,55.2197,-160.5484,43
2023,July,17,198,Baralof Bay,Shumagin Islands,55.2197,-160.5484,43
2023,July,17,198,Baralof Bay,Shumagin Islands,55.2197,-160.5484,43
2023,July,17,198,Baralof Bay,Shumagin Islands,55.2197,-160.5484,43
2018,July,16,197,Agripina Bay,Agripina Bay,57.1047,-156.4584,43
2018,July,16,197,Agripina Bay,Agripina Bay,57.1047,-156.4584,43
2018,July,16,197,Agripina Bay,Agripina Bay,57.1047,-156.4584,43
2018,July,16,197,Agripina Bay,Agripina Bay,57.1047,-156.4584,43
2018,July,16,197,Agripina Bay,Agripina Bay,57.1047,-156.4584,43
2018,July,16,197,Agripina Bay,Agripina Bay,57.1094,-156.4599,43
2018,July,16,197,Agripina Bay,Agripina Bay,57.1094,-156.4599,43
2018,July,16,197,Agripina Bay,Agripina Bay,57.1071,-156.4565,43
2018,July,16,197,Agripina Bay,Agripina Bay,57.1071,-156.4565,43
2018,July,16,197,Agripina Bay,Agripina Bay,57.1071,-156.4565,43
2018,July,16,197,Agripina Bay,Agripina Bay,57.1071,-156.4565,43
2018,July,16,197,Agripina Bay,Agripina Bay,57.1071,-156.4565,43
2018,July,16,197,Agripina Bay,Agripina Bay,57.1071,-156.4565,43
2018,July,16,197,Agripina Bay,Agripina Bay,57.1045,-156.4712,43
2018,July,16,197,Agripina Bay,Agripina Bay,57.104,-156.4766,43
2021,July,15,196,Baralof Bay,Shumagin Islands,55.2303,-160.5486,43
2021,July,15,196,Baralof Bay,Shumagin Islands,55.2303,-160.5486,43
2021,July,15,196,Baralof Bay,Shumagin Islands,55.2303,-160.5486,43
2021,July,15,196,Baralof Bay,Shumagin Islands,55.2303,-160.5486,43
2021,July,15,196,Baralof Bay,Shumagin Islands,55.2303,-160.5486,43
2021,July,15,196,Baralof Bay,Shumagin Islands,55.2303,-160.5486,43
2021,July,15,196,Baralof Bay,Shumagin Islands,55.2292,-160.5518,43
2022,July,15,196,Baralof Bay,Shumagin Islands,55.2311,-160.5681,43
2022,July,15,196,Baralof Bay,Shumagin Islands,55.2295,-160.5646,43
2022,July,15,196,Baralof Bay,Shumagin Islands,55.2293,-160.5622,43
2022,July,15,196,Baralof Bay,Shumagin Islands,55.2293,-160.5622,43
2022,July,15,196,Baralof Bay,Shumagin Islands,55.2293,-160.5622,43
2022,July,15,196,Baralof Bay,Shumagin Islands,55.2293,-160.5515,43
2022,July,15,196,Baralof Bay,Shumagin Islands,55.2293,-160.5515,43
2022,July,15,196,Baralof Bay,Shumagin Islands,55.2293,-160.5515,43
2022,July,14,195,Falmouth Bay,Shumagin Islands,55.0692,-160.1136,43
2022,July,14,195,Falmouth Bay,Shumagin Islands,55.0692,-160.1136,43
2022,July,14,195,Falmouth Bay,Shumagin Islands,55.0692,-160.1136,43
2022,July,14,195,Falmouth Bay,Shumagin Islands,55.0692,-160.1136,43
2022,July,14,195,Falmouth Bay,Shumagin Islands,55.069,-160.1297,43
2022,July,14,195,Falmouth Bay,Shumagin Islands,55.069,-160.1297,43
2020,July,6,188,Agripina Bay,Agripina Bay,57.1049,-156.4585,43
2020,July,6,188,Agripina Bay,Agripina Bay,57.1049,-156.4585,43
2020,July,6,188,Agripina Bay,Agripina Bay,57.1045,-156.4714,43
2023,July,7,188,Agripina Bay,Agripina Bay,57.1049,-156.4585,43
2023,July,7,188,Agripina Bay,Agripina Bay,57.1049,-156.4585,43
2023,July,7,188,Agripina Bay,Agripina Bay,57.1049,-156.4585,43
2023,July,7,188,Agripina Bay,Agripina Bay,57.1049,-156.4585,43
2023,July,7,188,Agripina Bay,Agripina Bay,57.1049,-156.4585,43
2023,July,7,188,Agripina Bay,Agripina Bay,57.1046,-156.4714,43
2023,July,7,188,Agripina Bay,Agripina Bay,57.1046,-156.4714,43
2023,July,7,188,Agripina Bay,Agripina Bay,57.1046,-156.4714,43
2023,July,7,188,Agripina Bay,Agripina Bay,57.1046,-156.4714,43
2023,July,7,188,Agripina Bay,Agripina Bay,57.1046,-156.4714,43
2021,July,5,186,Agripina Bay,Agripina Bay,57.1073,-156.4562,43
2021,July,5,186,Agripina Bay,Agripina Bay,57.104,-156.4767,43
2021,July,5,186,Agripina Bay,Agripina Bay,57.104,-156.4767,43
2021,July,5,186,Agripina Bay,Agripina Bay,57.104,-156.4767,43
2022,July,4,185,Agripina Bay,Agripina Bay,57.1048,-156.4585,43
2022,July,4,185,Agripina Bay,Agripina Bay,57.1048,-156.4585,43
2022,July,4,185,Agripina Bay,Agripina Bay,57.1093,-156.4602,43
2022,July,4,185,Agripina Bay,Agripina Bay,57.1046,-156.4717,43
2022,July,4,185,Agripina Bay,Agripina Bay,57.1046,-156.4717,43
2023,July,3,184,Kaiugnak Bay,Kaiugnak Bay,57.0572,-153.6348,43
2023,June,29,180,Cook Bay,Eastern Kodiak,57.7796,-152.2638,43
2023,June,29,180,Cook Bay,Eastern Kodiak,57.7796,-152.2638,43
2023,June,29,180,Cook Bay,Eastern Kodiak,57.7796,-152.2638,43
2023,June,29,180,Cook Bay,Eastern Kodiak,57.7689,-152.2752,43
2023,June,29,180,Cook Bay,Eastern Kodiak,57.7689,-152.2752,43
2023,June,29,180,Cook Bay,Eastern Kodiak,57.7689,-152.2752,43
2018,Aug,1,213,Baralof Bay,Shumagin Islands,55.228,-160.5598,44
2018,Aug,1,213,Baralof Bay,Shumagin Islands,55.228,-160.5598,44
2018,Aug,1,213,Baralof Bay,Shumagin Islands,55.228,-160.5598,44
2018,Aug,1,213,Baralof Bay,Shumagin Islands,55.228,-160.5598,44
2018,Aug,1,213,Baralof Bay,Shumagin Islands,55.228,-160.5598,44
2018,Aug,1,213,Baralof Bay,Shumagin Islands,55.228,-160.5598,44
2018,Aug,1,213,Baralof Bay,Shumagin Islands,55.2303,-160.5485,44
2018,Aug,1,213,Baralof Bay,Shumagin Islands,55.2303,-160.5485,44
2018,Aug,1,213,Baralof Bay,Shumagin Islands,55.2293,-160.5518,44
2018,Aug,1,213,Baralof Bay,Shumagin Islands,55.2293,-160.5518,44
2018,Aug,1,213,Baralof Bay,Shumagin Islands,55.2293,-160.5518,44
2018,Aug,1,213,Baralof Bay,Shumagin Islands,55.2293,-160.5518,44
2018,Aug,1,213,Baralof Bay,Shumagin Islands,55.2293,-160.5623,44
2018,July,30,211,Falmouth Bay,Shumagin Islands,55.0691,-160.1299,44
2018,July,30,211,Falmouth Bay,Shumagin Islands,55.0691,-160.1299,44
2018,July,30,211,Falmouth Bay,Shumagin Islands,55.0691,-160.1299,44
2018,July,30,211,Falmouth Bay,Shumagin Islands,55.0694,-160.1137,44
2018,July,30,211,Falmouth Bay,Shumagin Islands,55.0694,-160.1137,44
2018,July,30,211,Falmouth Bay,Shumagin Islands,55.0694,-160.1137,44
2018,July,30,211,Falmouth Bay,Shumagin Islands,55.0694,-160.1137,44
2018,July,30,211,Falmouth Bay,Shumagin Islands,55.0694,-160.1137,44
2018,July,29,210,Falmouth Bay,Shumagin Islands,55.0684,-160.1125,44
2018,July,29,210,Falmouth Bay,Shumagin Islands,55.0639,-160.1164,44
2018,July,29,210,Falmouth Bay,Shumagin Islands,55.0639,-160.1164,44
2018,July,29,210,Falmouth Bay,Shumagin Islands,55.0639,-160.1164,44
2018,July,29,210,Falmouth Bay,Shumagin Islands,55.0669,-160.1267,44
2020,July,23,205,Baralof Bay,Shumagin Islands,55.2309,-160.5682,44
2020,July,23,205,Baralof Bay,Shumagin Islands,55.2304,-160.5484,44
2020,July,23,205,Baralof Bay,Shumagin Islands,55.2304,-160.5484,44
2020,July,23,205,Baralof Bay,Shumagin Islands,55.2304,-160.5484,44
2020,July,23,205,Baralof Bay,Shumagin Islands,55.2293,-160.5519,44
2020,July,23,205,Baralof Bay,Shumagin Islands,55.2293,-160.5519,44
2020,July,23,205,Baralof Bay,Shumagin Islands,55.2293,-160.5623,44
2020,July,23,205,Baralof Bay,Shumagin Islands,55.2294,-160.5646,44
2020,July,23,205,Baralof Bay,Shumagin Islands,55.2294,-160.5646,44
2020,July,20,202,Sand Point,Shumagin Islands,55.3204,-160.5204,44
2020,July,20,202,Sand Point,Shumagin Islands,55.3204,-160.5204,44
2020,July,20,202,Sand Point,Shumagin Islands,55.3202,-160.5241,44
2020,July,20,202,Sand Point,Shumagin Islands,55.3202,-160.5241,44
2020,July,20,202,Sand Point,Shumagin Islands,55.3202,-160.5241,44
2020,July,20,202,Sand Point,Shumagin Islands,55.3202,-160.5241,44
2020,July,20,202,Sand Point,Shumagin Islands,55.3202,-160.5241,44
2020,July,20,202,Sand Point,Shumagin Islands,55.3202,-160.5241,44
2020,July,20,202,Sand Point,Shumagin Islands,55.3202,-160.5241,44
2020,July,20,202,Sand Point,Shumagin Islands,55.3202,-160.5241,44
2020,July,19,201,Falmouth Bay,Shumagin Islands,55.0693,-160.1138,44
2020,July,19,201,Falmouth Bay,Shumagin Islands,55.0685,-160.1126,44
2020,July,19,201,Falmouth Bay,Shumagin Islands,55.0668,-160.1265,44
2023,July,19,200,Falmouth Bay,Shumagin Islands,55.0689,-160.1297,44
2023,July,17,198,Baralof Bay,Shumagin Islands,55.2308,-160.5677,44
2023,July,17,198,Baralof Bay,Shumagin Islands,55.2294,-160.5626,44
2023,July,17,198,Baralof Bay,Shumagin Islands,55.2294,-160.5626,44
2023,July,17,198,Baralof Bay,Shumagin Islands,55.2294,-160.5626,44
2023,July,17,198,Baralof Bay,Shumagin Islands,55.2294,-160.5626,44
2023,July,17,198,Baralof Bay,Shumagin Islands,55.2293,-160.5518,44
2023,July,17,198,Baralof Bay,Shumagin Islands,55.2197,-160.5484,44
2018,July,16,197,Agripina Bay,Agripina Bay,57.1094,-156.4599,44
2018,July,16,197,Agripina Bay,Agripina Bay,57.1094,-156.4599,44
2018,July,16,197,Agripina Bay,Agripina Bay,57.1071,-156.4565,44
2018,July,16,197,Agripina Bay,Agripina Bay,57.1071,-156.4565,44
2018,July,16,197,Agripina Bay,Agripina Bay,57.1071,-156.4565,44
2018,July,16,197,Agripina Bay,Agripina Bay,57.1071,-156.4565,44
2018,July,16,197,Agripina Bay,Agripina Bay,57.1045,-156.4712,44
2018,July,16,197,Agripina Bay,Agripina Bay,57.1045,-156.4712,44
2018,July,16,197,Agripina Bay,Agripina Bay,57.1045,-156.4712,44
2018,July,16,197,Agripina Bay,Agripina Bay,57.1045,-156.4712,44
2018,July,16,197,Agripina Bay,Agripina Bay,57.104,-156.4766,44
2018,July,16,197,Agripina Bay,Agripina Bay,57.104,-156.4766,44
2018,July,16,197,Agripina Bay,Agripina Bay,57.104,-156.4766,44
2021,July,15,196,Baralof Bay,Shumagin Islands,55.2303,-160.5486,44
2021,July,15,196,Baralof Bay,Shumagin Islands,55.2303,-160.5486,44
2021,July,15,196,Baralof Bay,Shumagin Islands,55.2292,-160.5518,44
2021,July,15,196,Baralof Bay,Shumagin Islands,55.2295,-160.5645,44
2022,July,15,196,Baralof Bay,Shumagin Islands,55.2311,-160.5681,44
2022,July,15,196,Baralof Bay,Shumagin Islands,55.2293,-160.5622,44
2022,July,15,196,Baralof Bay,Shumagin Islands,55.2293,-160.5622,44
2022,July,15,196,Baralof Bay,Shumagin Islands,55.2293,-160.5515,44
2022,July,15,196,Baralof Bay,Shumagin Islands,55.2293,-160.5515,44
2022,July,15,196,Baralof Bay,Shumagin Islands,55.2304,-160.5484,44
2022,July,14,195,Falmouth Bay,Shumagin Islands,55.0692,-160.1136,44
2022,July,14,195,Falmouth Bay,Shumagin Islands,55.0692,-160.1136,44
2022,July,14,195,Falmouth Bay,Shumagin Islands,55.069,-160.1297,44
2019,July,7,188,Agripina Bay,Agripina Bay,57.105,-156.4581,44
2020,July,6,188,Agripina Bay,Agripina Bay,57.1049,-156.4585,44
2020,July,6,188,Agripina Bay,Agripina Bay,57.1045,-156.4714,44
2023,July,7,188,Agripina Bay,Agripina Bay,57.1049,-156.4585,44
2023,July,7,188,Agripina Bay,Agripina Bay,57.1049,-156.4585,44
2023,July,7,188,Agripina Bay,Agripina Bay,57.1049,-156.4585,44
2023,July,7,188,Agripina Bay,Agripina Bay,57.1049,-156.4585,44
2021,July,5,186,Agripina Bay,Agripina Bay,57.1073,-156.4562,44
2021,July,5,186,Agripina Bay,Agripina Bay,57.104,-156.4767,44
2021,July,5,186,Agripina Bay,Agripina Bay,57.104,-156.4767,44
2021,July,5,186,Agripina Bay,Agripina Bay,57.104,-156.4767,44
2022,July,4,185,Agripina Bay,Agripina Bay,57.1048,-156.4585,44
2022,July,4,185,Agripina Bay,Agripina Bay,57.1048,-156.4585,44
2022,July,4,185,Agripina Bay,Agripina Bay,57.1048,-156.4585,44
2022,July,4,185,Agripina Bay,Agripina Bay,57.1046,-156.4717,44
2022,July,4,185,Agripina Bay,Agripina Bay,57.1042,-156.4766,44
2020,July,2,184,Cook Bay,Eastern Kodiak,57.7686,-152.2738,44
2023,July,3,184,Kaiugnak Bay,Kaiugnak Bay,57.0607,-153.7889,44
2023,July,3,184,Kaiugnak Bay,Kaiugnak Bay,57.0607,-153.7889,44
2023,July,3,184,Kaiugnak Bay,Kaiugnak Bay,57.0558,-153.6505,44
2023,July,3,184,Kaiugnak Bay,Kaiugnak Bay,57.0558,-153.6505,44
2023,July,3,184,Kaiugnak Bay,Kaiugnak Bay,57.0536,-153.6529,44
2023,June,29,180,Cook Bay,Eastern Kodiak,57.7796,-152.2638,44
2023,June,29,180,Cook Bay,Eastern Kodiak,57.7796,-152.2638,44
2023,June,29,180,Cook Bay,Eastern Kodiak,57.7796,-152.2638,44
2023,June,29,180,Cook Bay,Eastern Kodiak,57.7796,-152.2638,44
2021,Aug,4,216,Kaiugnak Bay,Kaiugnak Bay,57.0535,-153.6533,45
2018,Aug,1,213,Baralof Bay,Shumagin Islands,55.228,-160.5598,45
2018,Aug,1,213,Baralof Bay,Shumagin Islands,55.228,-160.5598,45
2018,Aug,1,213,Baralof Bay,Shumagin Islands,55.228,-160.5598,45
2018,Aug,1,213,Baralof Bay,Shumagin Islands,55.228,-160.5598,45
2018,Aug,1,213,Baralof Bay,Shumagin Islands,55.228,-160.5598,45
2018,Aug,1,213,Baralof Bay,Shumagin Islands,55.228,-160.5598,45
2018,Aug,1,213,Baralof Bay,Shumagin Islands,55.2293,-160.5518,45
2018,Aug,1,213,Baralof Bay,Shumagin Islands,55.2293,-160.5623,45
2018,Aug,1,213,Baralof Bay,Shumagin Islands,55.2293,-160.5623,45
2018,Aug,1,213,Baralof Bay,Shumagin Islands,55.2294,-160.5646,45
2018,Aug,1,213,Baralof Bay,Shumagin Islands,55.2294,-160.5646,45
2018,Aug,1,213,Baralof Bay,Shumagin Islands,55.2294,-160.5646,45
2018,Aug,1,213,Baralof Bay,Shumagin Islands,55.2294,-160.5646,45
2018,Aug,1,213,Baralof Bay,Shumagin Islands,55.2294,-160.5646,45
2018,Aug,1,213,Baralof Bay,Shumagin Islands,55.2294,-160.5646,45
2018,July,30,211,Falmouth Bay,Shumagin Islands,55.0691,-160.1299,45
2018,July,30,211,Falmouth Bay,Shumagin Islands,55.0691,-160.1299,45
2018,July,30,211,Falmouth Bay,Shumagin Islands,55.0694,-160.1137,45
2018,July,30,211,Falmouth Bay,Shumagin Islands,55.0694,-160.1137,45
2018,July,29,210,Falmouth Bay,Shumagin Islands,55.0684,-160.1125,45
2018,July,29,210,Falmouth Bay,Shumagin Islands,55.0639,-160.1164,45
2018,July,29,210,Falmouth Bay,Shumagin Islands,55.0639,-160.1164,45
2018,July,29,210,Falmouth Bay,Shumagin Islands,55.0639,-160.1164,45
2018,July,29,210,Falmouth Bay,Shumagin Islands,55.0669,-160.1267,45
2018,July,29,210,Falmouth Bay,Shumagin Islands,55.0669,-160.1267,45
2018,July,26,207,Sand Point,Shumagin Islands,55.2535,-160.5241,45
2020,July,23,205,Baralof Bay,Shumagin Islands,55.2293,-160.5623,45
2020,July,23,205,Baralof Bay,Shumagin Islands,55.2293,-160.5623,45
2020,July,23,205,Baralof Bay,Shumagin Islands,55.2294,-160.5646,45
2020,July,20,202,Sand Point,Shumagin Islands,55.3204,-160.5204,45
2020,July,20,202,Sand Point,Shumagin Islands,55.3202,-160.5241,45
2020,July,20,202,Sand Point,Shumagin Islands,55.3202,-160.5241,45
2020,July,20,202,Sand Point,Shumagin Islands,55.3202,-160.5241,45
2020,July,20,202,Sand Point,Shumagin Islands,55.3202,-160.5241,45
2020,July,20,202,Sand Point,Shumagin Islands,55.3202,-160.5241,45
2020,July,20,202,Sand Point,Shumagin Islands,55.3202,-160.5241,45
2020,July,19,201,Falmouth Bay,Shumagin Islands,55.0693,-160.1138,45
2020,July,19,201,Falmouth Bay,Shumagin Islands,55.0693,-160.1138,45
2020,July,19,201,Falmouth Bay,Shumagin Islands,55.0693,-160.1138,45
2020,July,19,201,Falmouth Bay,Shumagin Islands,55.0685,-160.1126,45
2020,July,19,201,Falmouth Bay,Shumagin Islands,55.0689,-160.1296,45
2020,July,19,201,Falmouth Bay,Shumagin Islands,55.0668,-160.1265,45
2020,July,19,201,Falmouth Bay,Shumagin Islands,55.0668,-160.1265,45
2020,July,19,201,Falmouth Bay,Shumagin Islands,55.0668,-160.1265,45
2020,July,19,201,Falmouth Bay,Shumagin Islands,55.0668,-160.1265,45
2022,July,19,200,Sand Point,Shumagin Islands,55.3201,-160.524,45
2023,July,19,200,Falmouth Bay,Shumagin Islands,55.0695,-160.114,45
2023,July,19,200,Falmouth Bay,Shumagin Islands,55.0695,-160.114,45
2023,July,19,200,Falmouth Bay,Shumagin Islands,55.0689,-160.1297,45
2023,July,19,200,Falmouth Bay,Shumagin Islands,55.0689,-160.1297,45
2023,July,19,200,Falmouth Bay,Shumagin Islands,55.0689,-160.1297,45
2023,July,19,200,Falmouth Bay,Shumagin Islands,55.0689,-160.1297,45
2021,July,17,198,Sand Point,Shumagin Islands,55.3204,-160.5202,45
2021,July,17,198,Sand Point,Shumagin Islands,55.3204,-160.5202,45
2023,July,17,198,Baralof Bay,Shumagin Islands,55.2308,-160.5677,45
2023,July,17,198,Baralof Bay,Shumagin Islands,55.2294,-160.5647,45
2023,July,17,198,Baralof Bay,Shumagin Islands,55.2294,-160.5626,45
2023,July,17,198,Baralof Bay,Shumagin Islands,55.2294,-160.5626,45
2023,July,17,198,Baralof Bay,Shumagin Islands,55.2293,-160.5518,45
2023,July,17,198,Baralof Bay,Shumagin Islands,55.2293,-160.5518,45
2023,July,17,198,Baralof Bay,Shumagin Islands,55.2197,-160.5484,45
2023,July,17,198,Baralof Bay,Shumagin Islands,55.2197,-160.5484,45
2023,July,17,198,Baralof Bay,Shumagin Islands,55.2197,-160.5484,45
2023,July,17,198,Baralof Bay,Shumagin Islands,55.2197,-160.5484,45
2018,July,16,197,Agripina Bay,Agripina Bay,57.1047,-156.4584,45
2018,July,16,197,Agripina Bay,Agripina Bay,57.1047,-156.4584,45
2018,July,16,197,Agripina Bay,Agripina Bay,57.1094,-156.4599,45
2018,July,16,197,Agripina Bay,Agripina Bay,57.1094,-156.4599,45
2018,July,16,197,Agripina Bay,Agripina Bay,57.1094,-156.4599,45
2018,July,16,197,Agripina Bay,Agripina Bay,57.1094,-156.4599,45
2018,July,16,197,Agripina Bay,Agripina Bay,57.1094,-156.4599,45
2018,July,16,197,Agripina Bay,Agripina Bay,57.1094,-156.4599,45
2018,July,16,197,Agripina Bay,Agripina Bay,57.1094,-156.4599,45
2018,July,16,197,Agripina Bay,Agripina Bay,57.1071,-156.4565,45
2018,July,16,197,Agripina Bay,Agripina Bay,57.1071,-156.4565,45
2018,July,16,197,Agripina Bay,Agripina Bay,57.1071,-156.4565,45
2018,July,16,197,Agripina Bay,Agripina Bay,57.1071,-156.4565,45
2018,July,16,197,Agripina Bay,Agripina Bay,57.104,-156.4766,45
2018,July,16,197,Agripina Bay,Agripina Bay,57.104,-156.4766,45
2018,July,16,197,Agripina Bay,Agripina Bay,57.104,-156.4766,45
2018,July,16,197,Agripina Bay,Agripina Bay,57.104,-156.4766,45
2018,July,16,197,Agripina Bay,Agripina Bay,57.104,-156.4766,45
2018,July,16,197,Agripina Bay,Agripina Bay,57.104,-156.4766,45
2018,July,16,197,Agripina Bay,Agripina Bay,57.104,-156.4766,45
2018,July,16,197,Agripina Bay,Agripina Bay,57.104,-156.4766,45
2018,July,16,197,Agripina Bay,Agripina Bay,57.104,-156.4766,45
2022,July,15,196,Baralof Bay,Shumagin Islands,55.2311,-160.5681,45
2022,July,15,196,Baralof Bay,Shumagin Islands,55.2311,-160.5681,45
2022,July,15,196,Baralof Bay,Shumagin Islands,55.2295,-160.5646,45
2022,July,15,196,Baralof Bay,Shumagin Islands,55.2293,-160.5622,45
2022,July,15,196,Baralof Bay,Shumagin Islands,55.2293,-160.5515,45
2022,July,15,196,Baralof Bay,Shumagin Islands,55.2293,-160.5515,45
2022,July,15,196,Baralof Bay,Shumagin Islands,55.2304,-160.5484,45
2022,July,14,195,Falmouth Bay,Shumagin Islands,55.0692,-160.1136,45
2022,July,14,195,Falmouth Bay,Shumagin Islands,55.0685,-160.1127,45
2022,July,14,195,Falmouth Bay,Shumagin Islands,55.0685,-160.1127,45
2022,July,14,195,Falmouth Bay,Shumagin Islands,55.0669,-160.1266,45
2018,July,9,190,Kaiugnak Bay,Kaiugnak Bay,57.0708,-153.6749,45
2018,July,9,190,Kaiugnak Bay,Kaiugnak Bay,57.0708,-153.6749,45
2018,July,9,190,Kaiugnak Bay,Kaiugnak Bay,57.0535,-153.6531,45
2018,July,9,190,Kaiugnak Bay,Kaiugnak Bay,57.057,-153.7047,45
2018,July,9,190,Kaiugnak Bay,Kaiugnak Bay,57.057,-153.7047,45
2020,July,6,188,Agripina Bay,Agripina Bay,57.1049,-156.4585,45
2020,July,6,188,Agripina Bay,Agripina Bay,57.1049,-156.4585,45
2020,July,6,188,Agripina Bay,Agripina Bay,57.1045,-156.4714,45
2020,July,6,188,Agripina Bay,Agripina Bay,57.1045,-156.4714,45
2020,July,6,188,Agripina Bay,Agripina Bay,57.1045,-156.4714,45
2023,July,7,188,Agripina Bay,Agripina Bay,57.1049,-156.4585,45
2023,July,7,188,Agripina Bay,Agripina Bay,57.1049,-156.4585,45
2023,July,7,188,Agripina Bay,Agripina Bay,57.1046,-156.4714,45
2023,July,7,188,Agripina Bay,Agripina Bay,57.1046,-156.4714,45
2023,July,7,188,Agripina Bay,Agripina Bay,57.1046,-156.4714,45
2021,July,5,186,Agripina Bay,Agripina Bay,57.1045,-156.4714,45
2021,July,5,186,Agripina Bay,Agripina Bay,57.104,-156.4767,45
2021,July,5,186,Agripina Bay,Agripina Bay,57.104,-156.4767,45
2021,July,5,186,Agripina Bay,Agripina Bay,57.104,-156.4767,45
2022,July,4,185,Agripina Bay,Agripina Bay,57.1132,-156.4796,45
2022,July,4,185,Agripina Bay,Agripina Bay,57.1048,-156.4585,45
2022,July,4,185,Agripina Bay,Agripina Bay,57.1048,-156.4585,45
2022,July,4,185,Agripina Bay,Agripina Bay,57.1048,-156.4585,45
2022,July,4,185,Agripina Bay,Agripina Bay,57.1048,-156.4585,45
2022,July,4,185,Agripina Bay,Agripina Bay,57.1093,-156.4602,45
2022,July,4,185,Agripina Bay,Agripina Bay,57.1093,-156.4602,45
2020,July,2,184,Cook Bay,Eastern Kodiak,57.7686,-152.2738,45
2020,July,2,184,Cook Bay,Eastern Kodiak,57.7239,-152.259,45
2023,July,3,184,Kaiugnak Bay,Kaiugnak Bay,57.0607,-153.7889,45
2023,July,3,184,Kaiugnak Bay,Kaiugnak Bay,57.0572,-153.6348,45
2023,July,3,184,Kaiugnak Bay,Kaiugnak Bay,57.0536,-153.6529,45
2023,June,29,180,Cook Bay,Eastern Kodiak,57.7689,-152.2752,45
2018,Aug,1,213,Baralof Bay,Shumagin Islands,55.228,-160.5598,46
2018,Aug,1,213,Baralof Bay,Shumagin Islands,55.228,-160.5598,46
2018,Aug,1,213,Baralof Bay,Shumagin Islands,55.228,-160.5598,46
2018,Aug,1,213,Baralof Bay,Shumagin Islands,55.228,-160.5598,46
2018,Aug,1,213,Baralof Bay,Shumagin Islands,55.228,-160.5598,46
2018,Aug,1,213,Baralof Bay,Shumagin Islands,55.228,-160.5598,46
2018,Aug,1,213,Baralof Bay,Shumagin Islands,55.2303,-160.5485,46
2018,Aug,1,213,Baralof Bay,Shumagin Islands,55.2293,-160.5518,46
2018,Aug,1,213,Baralof Bay,Shumagin Islands,55.2293,-160.5518,46
2018,Aug,1,213,Baralof Bay,Shumagin Islands,55.2293,-160.5518,46
2018,Aug,1,213,Baralof Bay,Shumagin Islands,55.2293,-160.5518,46
2018,Aug,1,213,Baralof Bay,Shumagin Islands,55.2293,-160.5518,46
2018,Aug,1,213,Baralof Bay,Shumagin Islands,55.2293,-160.5623,46
2018,Aug,1,213,Baralof Bay,Shumagin Islands,55.2293,-160.5623,46
2018,Aug,1,213,Baralof Bay,Shumagin Islands,55.2293,-160.5623,46
2018,Aug,1,213,Baralof Bay,Shumagin Islands,55.2293,-160.5623,46
2018,Aug,1,213,Baralof Bay,Shumagin Islands,55.2294,-160.5646,46
2018,Aug,1,213,Baralof Bay,Shumagin Islands,55.2294,-160.5646,46
2018,Aug,1,213,Baralof Bay,Shumagin Islands,55.2294,-160.5646,46
2018,Aug,1,213,Baralof Bay,Shumagin Islands,55.2294,-160.5646,46
2018,July,30,211,Falmouth Bay,Shumagin Islands,55.0691,-160.1299,46
2018,July,30,211,Falmouth Bay,Shumagin Islands,55.0691,-160.1299,46
2018,July,30,211,Falmouth Bay,Shumagin Islands,55.0694,-160.1137,46
2018,July,30,211,Falmouth Bay,Shumagin Islands,55.0694,-160.1137,46
2018,July,30,211,Falmouth Bay,Shumagin Islands,55.0694,-160.1137,46
2018,July,30,211,Falmouth Bay,Shumagin Islands,55.0694,-160.1137,46
2018,July,30,211,Falmouth Bay,Shumagin Islands,55.0694,-160.1137,46
2018,July,29,210,Falmouth Bay,Shumagin Islands,55.0639,-160.1164,46
2018,July,29,210,Falmouth Bay,Shumagin Islands,55.0639,-160.1164,46
2018,July,29,210,Falmouth Bay,Shumagin Islands,55.0669,-160.1267,46
2018,July,29,210,Falmouth Bay,Shumagin Islands,55.0669,-160.1267,46
2018,July,29,210,Falmouth Bay,Shumagin Islands,55.0669,-160.1267,46
2018,July,29,210,Falmouth Bay,Shumagin Islands,55.0669,-160.1267,46
2018,July,29,210,Falmouth Bay,Shumagin Islands,55.0669,-160.1267,46
2018,July,26,207,Sand Point,Shumagin Islands,55.3204,-160.5207,46
2018,July,26,207,Sand Point,Shumagin Islands,55.2535,-160.5241,46
2018,July,26,207,Sand Point,Shumagin Islands,55.2535,-160.5241,46
2020,July,23,205,Baralof Bay,Shumagin Islands,55.2282,-160.5602,46
2020,July,23,205,Baralof Bay,Shumagin Islands,55.2309,-160.5682,46
2020,July,23,205,Baralof Bay,Shumagin Islands,55.2304,-160.5484,46
2020,July,23,205,Baralof Bay,Shumagin Islands,55.2293,-160.5519,46
2020,July,23,205,Baralof Bay,Shumagin Islands,55.2293,-160.5519,46
2020,July,23,205,Baralof Bay,Shumagin Islands,55.2293,-160.5519,46
2020,July,23,205,Baralof Bay,Shumagin Islands,55.2293,-160.5623,46
2020,July,23,205,Baralof Bay,Shumagin Islands,55.2293,-160.5623,46
2020,July,23,205,Baralof Bay,Shumagin Islands,55.2293,-160.5623,46
2020,July,23,205,Baralof Bay,Shumagin Islands,55.2293,-160.5623,46
2020,July,23,205,Baralof Bay,Shumagin Islands,55.2293,-160.5623,46
2020,July,23,205,Baralof Bay,Shumagin Islands,55.2293,-160.5623,46
2020,July,23,205,Baralof Bay,Shumagin Islands,55.2294,-160.5646,46
2020,July,23,205,Baralof Bay,Shumagin Islands,55.2294,-160.5646,46
2020,July,23,205,Baralof Bay,Shumagin Islands,55.2294,-160.5646,46
2020,July,23,205,Baralof Bay,Shumagin Islands,55.2294,-160.5646,46
2020,July,23,205,Baralof Bay,Shumagin Islands,55.2294,-160.5646,46
2020,July,20,202,Sand Point,Shumagin Islands,55.3204,-160.5204,46
2020,July,20,202,Sand Point,Shumagin Islands,55.3204,-160.5204,46
2020,July,20,202,Sand Point,Shumagin Islands,55.3204,-160.5204,46
2020,July,20,202,Sand Point,Shumagin Islands,55.3204,-160.5204,46
2020,July,20,202,Sand Point,Shumagin Islands,55.3204,-160.5204,46
2020,July,20,202,Sand Point,Shumagin Islands,55.3202,-160.5241,46
2020,July,20,202,Sand Point,Shumagin Islands,55.3202,-160.5241,46
2020,July,20,202,Sand Point,Shumagin Islands,55.3202,-160.5241,46
2020,July,20,202,Sand Point,Shumagin Islands,55.3202,-160.5241,46
2020,July,20,202,Sand Point,Shumagin Islands,55.3202,-160.5241,46
2020,July,20,202,Sand Point,Shumagin Islands,55.3202,-160.5241,46
2020,July,20,202,Sand Point,Shumagin Islands,55.3202,-160.5241,46
2020,July,20,202,Sand Point,Shumagin Islands,55.3202,-160.5241,46
2020,July,20,202,Sand Point,Shumagin Islands,55.3202,-160.5241,46
2020,July,20,202,Sand Point,Shumagin Islands,55.3202,-160.5241,46
2020,July,19,201,Falmouth Bay,Shumagin Islands,55.0693,-160.1138,46
2020,July,19,201,Falmouth Bay,Shumagin Islands,55.0693,-160.1138,46
2020,July,19,201,Falmouth Bay,Shumagin Islands,55.0693,-160.1138,46
2020,July,19,201,Falmouth Bay,Shumagin Islands,55.0685,-160.1126,46
2020,July,19,201,Falmouth Bay,Shumagin Islands,55.0685,-160.1126,46
2020,July,19,201,Falmouth Bay,Shumagin Islands,55.0689,-160.1296,46
2020,July,19,201,Falmouth Bay,Shumagin Islands,55.0668,-160.1265,46
2020,July,19,201,Falmouth Bay,Shumagin Islands,55.0668,-160.1265,46
2020,July,19,201,Falmouth Bay,Shumagin Islands,55.0668,-160.1265,46
2020,July,19,201,Falmouth Bay,Shumagin Islands,55.0668,-160.1265,46
2020,July,19,201,Falmouth Bay,Shumagin Islands,55.0668,-160.1265,46
2020,July,19,201,Falmouth Bay,Shumagin Islands,55.0668,-160.1265,46
2020,July,19,201,Falmouth Bay,Shumagin Islands,55.0668,-160.1265,46
2020,July,19,201,Falmouth Bay,Shumagin Islands,55.0668,-160.1265,46
2022,July,19,200,Sand Point,Shumagin Islands,55.3204,-160.5201,46
2023,July,19,200,Falmouth Bay,Shumagin Islands,55.0695,-160.114,46
2023,July,19,200,Falmouth Bay,Shumagin Islands,55.0686,-160.1128,46
2023,July,19,200,Falmouth Bay,Shumagin Islands,55.0689,-160.1297,46
2023,July,19,200,Falmouth Bay,Shumagin Islands,55.0689,-160.1297,46
2021,July,17,198,Sand Point,Shumagin Islands,55.3204,-160.5202,46
2023,July,17,198,Baralof Bay,Shumagin Islands,55.2308,-160.5677,46
2023,July,17,198,Baralof Bay,Shumagin Islands,55.2294,-160.5626,46
2023,July,17,198,Baralof Bay,Shumagin Islands,55.2294,-160.5626,46
2023,July,17,198,Baralof Bay,Shumagin Islands,55.2293,-160.5518,46
2023,July,17,198,Baralof Bay,Shumagin Islands,55.2293,-160.5518,46
2023,July,17,198,Baralof Bay,Shumagin Islands,55.2197,-160.5484,46
2023,July,17,198,Baralof Bay,Shumagin Islands,55.2197,-160.5484,46
2023,July,17,198,Baralof Bay,Shumagin Islands,55.2197,-160.5484,46
2023,July,17,198,Baralof Bay,Shumagin Islands,55.2197,-160.5484,46
2023,July,17,198,Baralof Bay,Shumagin Islands,55.2197,-160.5484,46
2018,July,16,197,Agripina Bay,Agripina Bay,57.1047,-156.4584,46
2018,July,16,197,Agripina Bay,Agripina Bay,57.1047,-156.4584,46
2018,July,16,197,Agripina Bay,Agripina Bay,57.1047,-156.4584,46
2018,July,16,197,Agripina Bay,Agripina Bay,57.1047,-156.4584,46
2018,July,16,197,Agripina Bay,Agripina Bay,57.1047,-156.4584,46
2018,July,16,197,Agripina Bay,Agripina Bay,57.1047,-156.4584,46
2018,July,16,197,Agripina Bay,Agripina Bay,57.1047,-156.4584,46
2018,July,16,197,Agripina Bay,Agripina Bay,57.1047,-156.4584,46
2018,July,16,197,Agripina Bay,Agripina Bay,57.1094,-156.4599,46
2018,July,16,197,Agripina Bay,Agripina Bay,57.1094,-156.4599,46
2018,July,16,197,Agripina Bay,Agripina Bay,57.1094,-156.4599,46
2018,July,16,197,Agripina Bay,Agripina Bay,57.1094,-156.4599,46
2018,July,16,197,Agripina Bay,Agripina Bay,57.1071,-156.4565,46
2018,July,16,197,Agripina Bay,Agripina Bay,57.1071,-156.4565,46
2018,July,16,197,Agripina Bay,Agripina Bay,57.1071,-156.4565,46
2018,July,16,197,Agripina Bay,Agripina Bay,57.1071,-156.4565,46
2018,July,16,197,Agripina Bay,Agripina Bay,57.1071,-156.4565,46
2018,July,16,197,Agripina Bay,Agripina Bay,57.1071,-156.4565,46
2018,July,16,197,Agripina Bay,Agripina Bay,57.1071,-156.4565,46
2018,July,16,197,Agripina Bay,Agripina Bay,57.1045,-156.4712,46
2018,July,16,197,Agripina Bay,Agripina Bay,57.104,-156.4766,46
2018,July,16,197,Agripina Bay,Agripina Bay,57.104,-156.4766,46
2018,July,16,197,Agripina Bay,Agripina Bay,57.104,-156.4766,46
2021,July,15,196,Baralof Bay,Shumagin Islands,55.2303,-160.5486,46
2021,July,15,196,Baralof Bay,Shumagin Islands,55.2303,-160.5486,46
2022,July,15,196,Baralof Bay,Shumagin Islands,55.2311,-160.5681,46
2022,July,15,196,Baralof Bay,Shumagin Islands,55.2293,-160.5622,46
2022,July,15,196,Baralof Bay,Shumagin Islands,55.2293,-160.5622,46
2022,July,15,196,Baralof Bay,Shumagin Islands,55.2293,-160.5622,46
2022,July,15,196,Baralof Bay,Shumagin Islands,55.2293,-160.5515,46
2022,July,15,196,Baralof Bay,Shumagin Islands,55.2293,-160.5515,46
2022,July,15,196,Baralof Bay,Shumagin Islands,55.2304,-160.5484,46
2022,July,14,195,Falmouth Bay,Shumagin Islands,55.0685,-160.1127,46
2022,July,14,195,Falmouth Bay,Shumagin Islands,55.0685,-160.1127,46
2018,July,9,190,Kaiugnak Bay,Kaiugnak Bay,57.0708,-153.6749,46
2018,July,9,190,Kaiugnak Bay,Kaiugnak Bay,57.0535,-153.6531,46
2018,July,9,190,Kaiugnak Bay,Kaiugnak Bay,57.0535,-153.6531,46
2019,July,7,188,Agripina Bay,Agripina Bay,57.105,-156.4581,46
2020,July,6,188,Agripina Bay,Agripina Bay,57.1133,-156.4794,46
2020,July,6,188,Agripina Bay,Agripina Bay,57.1045,-156.4714,46
2020,July,6,188,Agripina Bay,Agripina Bay,57.1045,-156.4714,46
2020,July,6,188,Agripina Bay,Agripina Bay,57.1045,-156.4714,46
2020,July,6,188,Agripina Bay,Agripina Bay,57.1045,-156.4714,46
2020,July,6,188,Agripina Bay,Agripina Bay,57.1045,-156.4714,46
2020,July,6,188,Agripina Bay,Agripina Bay,57.1045,-156.4714,46
2020,July,6,188,Agripina Bay,Agripina Bay,57.1045,-156.4714,46
2023,July,7,188,Agripina Bay,Agripina Bay,57.1092,-156.4602,46
2023,July,7,188,Agripina Bay,Agripina Bay,57.1049,-156.4585,46
2023,July,7,188,Agripina Bay,Agripina Bay,57.1049,-156.4585,46
2023,July,7,188,Agripina Bay,Agripina Bay,57.1046,-156.4714,46
2021,July,5,186,Agripina Bay,Agripina Bay,57.1073,-156.4562,46
2021,July,5,186,Agripina Bay,Agripina Bay,57.1073,-156.4562,46
2021,July,5,186,Agripina Bay,Agripina Bay,57.104,-156.4767,46
2021,July,5,186,Agripina Bay,Agripina Bay,57.104,-156.4767,46
2022,July,4,185,Agripina Bay,Agripina Bay,57.1093,-156.4602,46
2022,July,4,185,Agripina Bay,Agripina Bay,57.1093,-156.4602,46
2022,July,4,185,Agripina Bay,Agripina Bay,57.1093,-156.4602,46
2023,July,3,184,Kaiugnak Bay,Kaiugnak Bay,57.0607,-153.7889,46
2023,June,29,180,Cook Bay,Eastern Kodiak,57.7796,-152.2638,46
2023,June,29,180,Cook Bay,Eastern Kodiak,57.7796,-152.2638,46
2023,June,29,180,Cook Bay,Eastern Kodiak,57.7796,-152.2638,46
2023,June,29,180,Cook Bay,Eastern Kodiak,57.7689,-152.2752,46
2018,Aug,1,213,Baralof Bay,Shumagin Islands,55.228,-160.5598,47
2018,Aug,1,213,Baralof Bay,Shumagin Islands,55.228,-160.5598,47
2018,Aug,1,213,Baralof Bay,Shumagin Islands,55.228,-160.5598,47
2018,Aug,1,213,Baralof Bay,Shumagin Islands,55.228,-160.5598,47
2018,Aug,1,213,Baralof Bay,Shumagin Islands,55.228,-160.5598,47
2018,Aug,1,213,Baralof Bay,Shumagin Islands,55.228,-160.5598,47
2018,Aug,1,213,Baralof Bay,Shumagin Islands,55.228,-160.5598,47
2018,Aug,1,213,Baralof Bay,Shumagin Islands,55.2293,-160.5518,47
2018,Aug,1,213,Baralof Bay,Shumagin Islands,55.2293,-160.5518,47
2018,Aug,1,213,Baralof Bay,Shumagin Islands,55.2293,-160.5518,47
2018,Aug,1,213,Baralof Bay,Shumagin Islands,55.2293,-160.5518,47
2018,Aug,1,213,Baralof Bay,Shumagin Islands,55.2293,-160.5518,47
2018,Aug,1,213,Baralof Bay,Shumagin Islands,55.2293,-160.5623,47
2018,Aug,1,213,Baralof Bay,Shumagin Islands,55.2293,-160.5623,47
2018,Aug,1,213,Baralof Bay,Shumagin Islands,55.2293,-160.5623,47
2018,Aug,1,213,Baralof Bay,Shumagin Islands,55.2293,-160.5623,47
2018,Aug,1,213,Baralof Bay,Shumagin Islands,55.2293,-160.5623,47
2018,Aug,1,213,Baralof Bay,Shumagin Islands,55.2294,-160.5646,47
2018,Aug,1,213,Baralof Bay,Shumagin Islands,55.2294,-160.5646,47
2018,Aug,1,213,Baralof Bay,Shumagin Islands,55.2294,-160.5646,47
2018,Aug,1,213,Baralof Bay,Shumagin Islands,55.2294,-160.5646,47
2018,Aug,1,213,Baralof Bay,Shumagin Islands,55.2294,-160.5646,47
2018,Aug,1,213,Baralof Bay,Shumagin Islands,55.2294,-160.5646,47
2018,Aug,1,213,Baralof Bay,Shumagin Islands,55.2294,-160.5646,47
2018,Aug,1,213,Baralof Bay,Shumagin Islands,55.2307,-160.5694,47
2018,Aug,1,213,Baralof Bay,Shumagin Islands,55.2307,-160.5694,47
2018,July,30,211,Falmouth Bay,Shumagin Islands,55.0691,-160.1299,47
2018,July,30,211,Falmouth Bay,Shumagin Islands,55.0691,-160.1299,47
2018,July,30,211,Falmouth Bay,Shumagin Islands,55.0691,-160.1299,47
2018,July,30,211,Falmouth Bay,Shumagin Islands,55.0691,-160.1299,47
2018,July,30,211,Falmouth Bay,Shumagin Islands,55.0694,-160.1137,47
2018,July,30,211,Falmouth Bay,Shumagin Islands,55.0694,-160.1137,47
2018,July,29,210,Falmouth Bay,Shumagin Islands,55.0684,-160.1125,47
2018,July,29,210,Falmouth Bay,Shumagin Islands,55.0684,-160.1125,47
2018,July,29,210,Falmouth Bay,Shumagin Islands,55.0639,-160.1164,47
2018,July,29,210,Falmouth Bay,Shumagin Islands,55.0639,-160.1164,47
2018,July,29,210,Falmouth Bay,Shumagin Islands,55.0639,-160.1164,47
2018,July,29,210,Falmouth Bay,Shumagin Islands,55.0639,-160.1164,47
2018,July,29,210,Falmouth Bay,Shumagin Islands,55.0639,-160.1164,47
2018,July,29,210,Falmouth Bay,Shumagin Islands,55.0669,-160.1267,47
2018,July,29,210,Falmouth Bay,Shumagin Islands,55.0669,-160.1267,47
2018,July,29,210,Falmouth Bay,Shumagin Islands,55.0669,-160.1267,47
2018,July,26,207,Sand Point,Shumagin Islands,55.3204,-160.5207,47
2018,July,26,207,Sand Point,Shumagin Islands,55.2535,-160.5241,47
2020,July,23,205,Baralof Bay,Shumagin Islands,55.2309,-160.5682,47
2020,July,23,205,Baralof Bay,Shumagin Islands,55.2309,-160.5682,47
2020,July,23,205,Baralof Bay,Shumagin Islands,55.2309,-160.5682,47
2020,July,23,205,Baralof Bay,Shumagin Islands,55.2304,-160.5484,47
2020,July,23,205,Baralof Bay,Shumagin Islands,55.2304,-160.5484,47
2020,July,23,205,Baralof Bay,Shumagin Islands,55.2293,-160.5519,47
2020,July,23,205,Baralof Bay,Shumagin Islands,55.2293,-160.5519,47
2020,July,23,205,Baralof Bay,Shumagin Islands,55.2293,-160.5623,47
2020,July,20,202,Sand Point,Shumagin Islands,55.3204,-160.5204,47
2020,July,20,202,Sand Point,Shumagin Islands,55.3204,-160.5204,47
2020,July,20,202,Sand Point,Shumagin Islands,55.3204,-160.5204,47
2020,July,20,202,Sand Point,Shumagin Islands,55.3204,-160.5204,47
2020,July,20,202,Sand Point,Shumagin Islands,55.3202,-160.5241,47
2020,July,20,202,Sand Point,Shumagin Islands,55.3202,-160.5241,47
2020,July,20,202,Sand Point,Shumagin Islands,55.3202,-160.5241,47
2020,July,20,202,Sand Point,Shumagin Islands,55.3202,-160.5241,47
2020,July,20,202,Sand Point,Shumagin Islands,55.3202,-160.5241,47
2020,July,19,201,Falmouth Bay,Shumagin Islands,55.0693,-160.1138,47
2020,July,19,201,Falmouth Bay,Shumagin Islands,55.0693,-160.1138,47
2020,July,19,201,Falmouth Bay,Shumagin Islands,55.0693,-160.1138,47
2020,July,19,201,Falmouth Bay,Shumagin Islands,55.0685,-160.1126,47
2020,July,19,201,Falmouth Bay,Shumagin Islands,55.0685,-160.1126,47
2020,July,19,201,Falmouth Bay,Shumagin Islands,55.0685,-160.1126,47
2020,July,19,201,Falmouth Bay,Shumagin Islands,55.0689,-160.1296,47
2020,July,19,201,Falmouth Bay,Shumagin Islands,55.0668,-160.1265,47
2020,July,19,201,Falmouth Bay,Shumagin Islands,55.0668,-160.1265,47
2020,July,19,201,Falmouth Bay,Shumagin Islands,55.0668,-160.1265,47
2020,July,19,201,Falmouth Bay,Shumagin Islands,55.0668,-160.1265,47
2020,July,19,201,Falmouth Bay,Shumagin Islands,55.0668,-160.1265,47
2020,July,19,201,Falmouth Bay,Shumagin Islands,55.0668,-160.1265,47
2022,July,19,200,Sand Point,Shumagin Islands,55.3204,-160.5201,47
2023,July,19,200,Falmouth Bay,Shumagin Islands,55.0689,-160.1297,47
2023,July,19,200,Falmouth Bay,Shumagin Islands,55.0689,-160.1297,47
2023,July,17,198,Baralof Bay,Shumagin Islands,55.2294,-160.5647,47
2023,July,17,198,Baralof Bay,Shumagin Islands,55.2294,-160.5626,47
2023,July,17,198,Baralof Bay,Shumagin Islands,55.2294,-160.5626,47
2023,July,17,198,Baralof Bay,Shumagin Islands,55.2294,-160.5626,47
2023,July,17,198,Baralof Bay,Shumagin Islands,55.2294,-160.5626,47
2023,July,17,198,Baralof Bay,Shumagin Islands,55.2294,-160.5626,47
2023,July,17,198,Baralof Bay,Shumagin Islands,55.2294,-160.5626,47
2023,July,17,198,Baralof Bay,Shumagin Islands,55.2293,-160.5518,47
2023,July,17,198,Baralof Bay,Shumagin Islands,55.2293,-160.5518,47
2023,July,17,198,Baralof Bay,Shumagin Islands,55.2293,-160.5518,47
2023,July,17,198,Baralof Bay,Shumagin Islands,55.2197,-160.5484,47
2023,July,17,198,Baralof Bay,Shumagin Islands,55.2197,-160.5484,47
2023,July,17,198,Baralof Bay,Shumagin Islands,55.2197,-160.5484,47
2023,July,17,198,Baralof Bay,Shumagin Islands,55.2197,-160.5484,47
2023,July,17,198,Baralof Bay,Shumagin Islands,55.2197,-160.5484,47
2023,July,17,198,Baralof Bay,Shumagin Islands,55.2197,-160.5484,47
2023,July,17,198,Baralof Bay,Shumagin Islands,55.2197,-160.5484,47
2018,July,16,197,Agripina Bay,Agripina Bay,57.1047,-156.4584,47
2018,July,16,197,Agripina Bay,Agripina Bay,57.1047,-156.4584,47
2018,July,16,197,Agripina Bay,Agripina Bay,57.1047,-156.4584,47
2018,July,16,197,Agripina Bay,Agripina Bay,57.1047,-156.4584,47
2018,July,16,197,Agripina Bay,Agripina Bay,57.1047,-156.4584,47
2018,July,16,197,Agripina Bay,Agripina Bay,57.1094,-156.4599,47
2018,July,16,197,Agripina Bay,Agripina Bay,57.1094,-156.4599,47
2018,July,16,197,Agripina Bay,Agripina Bay,57.1094,-156.4599,47
2018,July,16,197,Agripina Bay,Agripina Bay,57.1094,-156.4599,47
2018,July,16,197,Agripina Bay,Agripina Bay,57.1071,-156.4565,47
2018,July,16,197,Agripina Bay,Agripina Bay,57.1045,-156.4712,47
2018,July,16,197,Agripina Bay,Agripina Bay,57.104,-156.4766,47
2018,July,16,197,Agripina Bay,Agripina Bay,57.104,-156.4766,47
2018,July,16,197,Agripina Bay,Agripina Bay,57.104,-156.4766,47
2022,July,15,196,Baralof Bay,Shumagin Islands,55.2311,-160.5681,47
2022,July,15,196,Baralof Bay,Shumagin Islands,55.2295,-160.5646,47
2022,July,15,196,Baralof Bay,Shumagin Islands,55.2295,-160.5646,47
2022,July,15,196,Baralof Bay,Shumagin Islands,55.2295,-160.5646,47
2022,July,15,196,Baralof Bay,Shumagin Islands,55.2295,-160.5646,47
2022,July,15,196,Baralof Bay,Shumagin Islands,55.2293,-160.5622,47
2022,July,15,196,Baralof Bay,Shumagin Islands,55.2293,-160.5515,47
2022,July,15,196,Baralof Bay,Shumagin Islands,55.2293,-160.5515,47
2022,July,15,196,Baralof Bay,Shumagin Islands,55.2304,-160.5484,47
2022,July,15,196,Baralof Bay,Shumagin Islands,55.2304,-160.5484,47
2018,July,9,190,Kaiugnak Bay,Kaiugnak Bay,57.0733,-153.6708,47
2020,July,6,188,Agripina Bay,Agripina Bay,57.1049,-156.4585,47
2020,July,6,188,Agripina Bay,Agripina Bay,57.1049,-156.4585,47
2020,July,6,188,Agripina Bay,Agripina Bay,57.1045,-156.4714,47
2020,July,6,188,Agripina Bay,Agripina Bay,57.1045,-156.4714,47
2020,July,6,188,Agripina Bay,Agripina Bay,57.1045,-156.4714,47
2020,July,6,188,Agripina Bay,Agripina Bay,57.1045,-156.4714,47
2020,July,6,188,Agripina Bay,Agripina Bay,57.1045,-156.4714,47
2020,July,6,188,Agripina Bay,Agripina Bay,57.1045,-156.4714,47
2020,July,6,188,Agripina Bay,Agripina Bay,57.104,-156.4767,47
2023,July,7,188,Agripina Bay,Agripina Bay,57.1049,-156.4585,47
2023,July,7,188,Agripina Bay,Agripina Bay,57.1049,-156.4585,47
2023,July,7,188,Agripina Bay,Agripina Bay,57.1046,-156.4714,47
2021,July,5,186,Agripina Bay,Agripina Bay,57.1073,-156.4562,47
2021,July,5,186,Agripina Bay,Agripina Bay,57.1045,-156.4714,47
2021,July,5,186,Agripina Bay,Agripina Bay,57.104,-156.4767,47
2021,July,5,186,Agripina Bay,Agripina Bay,57.104,-156.4767,47
2021,July,5,186,Agripina Bay,Agripina Bay,57.104,-156.4767,47
2022,July,4,185,Agripina Bay,Agripina Bay,57.1048,-156.4585,47
2022,July,4,185,Agripina Bay,Agripina Bay,57.1046,-156.4717,47
2022,July,4,185,Agripina Bay,Agripina Bay,57.1042,-156.4766,47
2020,July,2,184,Cook Bay,Eastern Kodiak,57.7686,-152.2738,47
2020,July,2,184,Cook Bay,Eastern Kodiak,57.7794,-152.2769,47
2020,July,2,184,Cook Bay,Eastern Kodiak,57.7794,-152.2769,47
2023,July,3,184,Kaiugnak Bay,Kaiugnak Bay,57.0607,-153.7889,47
2023,July,3,184,Kaiugnak Bay,Kaiugnak Bay,57.0708,-153.6747,47
2023,July,3,184,Kaiugnak Bay,Kaiugnak Bay,57.0572,-153.6348,47
2023,June,29,180,Cook Bay,Eastern Kodiak,57.7796,-152.2638,47
2023,June,29,180,Cook Bay,Eastern Kodiak,57.7796,-152.2638,47
2018,Aug,15,227,Agripina Bay,Agripina Bay,57.1041,-156.4766,48
2018,Aug,1,213,Baralof Bay,Shumagin Islands,55.228,-160.5598,48
2018,Aug,1,213,Baralof Bay,Shumagin Islands,55.228,-160.5598,48
2018,Aug,1,213,Baralof Bay,Shumagin Islands,55.228,-160.5598,48
2018,Aug,1,213,Baralof Bay,Shumagin Islands,55.228,-160.5598,48
2018,Aug,1,213,Baralof Bay,Shumagin Islands,55.228,-160.5598,48
2018,Aug,1,213,Baralof Bay,Shumagin Islands,55.228,-160.5598,48
2018,Aug,1,213,Baralof Bay,Shumagin Islands,55.228,-160.5598,48
2018,Aug,1,213,Baralof Bay,Shumagin Islands,55.2303,-160.5485,48
2018,Aug,1,213,Baralof Bay,Shumagin Islands,55.2293,-160.5518,48
2018,Aug,1,213,Baralof Bay,Shumagin Islands,55.2293,-160.5518,48
2018,Aug,1,213,Baralof Bay,Shumagin Islands,55.2293,-160.5623,48
2018,Aug,1,213,Baralof Bay,Shumagin Islands,55.2293,-160.5623,48
2018,Aug,1,213,Baralof Bay,Shumagin Islands,55.2293,-160.5623,48
2018,Aug,1,213,Baralof Bay,Shumagin Islands,55.2293,-160.5623,48
2018,Aug,1,213,Baralof Bay,Shumagin Islands,55.2294,-160.5646,48
2018,Aug,1,213,Baralof Bay,Shumagin Islands,55.2294,-160.5646,48
2018,Aug,1,213,Baralof Bay,Shumagin Islands,55.2294,-160.5646,48
2018,July,30,211,Falmouth Bay,Shumagin Islands,55.0691,-160.1299,48
2018,July,29,210,Falmouth Bay,Shumagin Islands,55.0639,-160.1164,48
2018,July,29,210,Falmouth Bay,Shumagin Islands,55.0639,-160.1164,48
2018,July,29,210,Falmouth Bay,Shumagin Islands,55.0669,-160.1267,48
2018,July,29,210,Falmouth Bay,Shumagin Islands,55.0669,-160.1267,48
2018,July,26,207,Sand Point,Shumagin Islands,55.2535,-160.5241,48
2018,July,26,207,Sand Point,Shumagin Islands,55.2535,-160.5241,48
2018,July,26,207,Sand Point,Shumagin Islands,55.2535,-160.5241,48
2020,July,23,205,Baralof Bay,Shumagin Islands,55.2282,-160.5602,48
2020,July,23,205,Baralof Bay,Shumagin Islands,55.2309,-160.5682,48
2020,July,23,205,Baralof Bay,Shumagin Islands,55.2304,-160.5484,48
2020,July,23,205,Baralof Bay,Shumagin Islands,55.2293,-160.5519,48
2020,July,23,205,Baralof Bay,Shumagin Islands,55.2293,-160.5623,48
2020,July,23,205,Baralof Bay,Shumagin Islands,55.2293,-160.5623,48
2020,July,23,205,Baralof Bay,Shumagin Islands,55.2293,-160.5623,48
2020,July,23,205,Baralof Bay,Shumagin Islands,55.2294,-160.5646,48
2023,July,24,205,Sand Point,Shumagin Islands,55.3203,-160.5207,48
2020,July,20,202,Sand Point,Shumagin Islands,55.3204,-160.5204,48
2020,July,20,202,Sand Point,Shumagin Islands,55.3204,-160.5204,48
2020,July,20,202,Sand Point,Shumagin Islands,55.3204,-160.5204,48
2020,July,20,202,Sand Point,Shumagin Islands,55.3202,-160.5241,48
2020,July,20,202,Sand Point,Shumagin Islands,55.3202,-160.5241,48
2020,July,20,202,Sand Point,Shumagin Islands,55.3202,-160.5241,48
2020,July,20,202,Sand Point,Shumagin Islands,55.3202,-160.5241,48
2020,July,20,202,Sand Point,Shumagin Islands,55.3202,-160.5241,48
2020,July,20,202,Sand Point,Shumagin Islands,55.3202,-160.5241,48
2020,July,20,202,Sand Point,Shumagin Islands,55.3202,-160.5241,48
2020,July,20,202,Sand Point,Shumagin Islands,55.3202,-160.5241,48
2020,July,20,202,Sand Point,Shumagin Islands,55.3202,-160.5241,48
2020,July,20,202,Sand Point,Shumagin Islands,55.3202,-160.5241,48
2020,July,19,201,Falmouth Bay,Shumagin Islands,55.0693,-160.1138,48
2020,July,19,201,Falmouth Bay,Shumagin Islands,55.0693,-160.1138,48
2020,July,19,201,Falmouth Bay,Shumagin Islands,55.0693,-160.1138,48
2020,July,19,201,Falmouth Bay,Shumagin Islands,55.0693,-160.1138,48
2020,July,19,201,Falmouth Bay,Shumagin Islands,55.0693,-160.1138,48
2020,July,19,201,Falmouth Bay,Shumagin Islands,55.0693,-160.1138,48
2020,July,19,201,Falmouth Bay,Shumagin Islands,55.0693,-160.1138,48
2020,July,19,201,Falmouth Bay,Shumagin Islands,55.0693,-160.1138,48
2020,July,19,201,Falmouth Bay,Shumagin Islands,55.0693,-160.1138,48
2020,July,19,201,Falmouth Bay,Shumagin Islands,55.0685,-160.1126,48
2020,July,19,201,Falmouth Bay,Shumagin Islands,55.0685,-160.1126,48
2020,July,19,201,Falmouth Bay,Shumagin Islands,55.0685,-160.1126,48
2020,July,19,201,Falmouth Bay,Shumagin Islands,55.0689,-160.1296,48
2020,July,19,201,Falmouth Bay,Shumagin Islands,55.0689,-160.1296,48
2020,July,19,201,Falmouth Bay,Shumagin Islands,55.0668,-160.1265,48
2020,July,19,201,Falmouth Bay,Shumagin Islands,55.0668,-160.1265,48
2020,July,19,201,Falmouth Bay,Shumagin Islands,55.0668,-160.1265,48
2020,July,19,201,Falmouth Bay,Shumagin Islands,55.0668,-160.1265,48
2020,July,19,201,Falmouth Bay,Shumagin Islands,55.0668,-160.1265,48
2020,July,19,201,Falmouth Bay,Shumagin Islands,55.0668,-160.1265,48
2020,July,19,201,Falmouth Bay,Shumagin Islands,55.0668,-160.1265,48
2020,July,19,201,Falmouth Bay,Shumagin Islands,55.0668,-160.1265,48
2020,July,19,201,Falmouth Bay,Shumagin Islands,55.0668,-160.1265,48
2020,July,19,201,Falmouth Bay,Shumagin Islands,55.0668,-160.1265,48
2020,July,19,201,Falmouth Bay,Shumagin Islands,55.0668,-160.1265,48
2020,July,19,201,Falmouth Bay,Shumagin Islands,55.0668,-160.1265,48
2020,July,19,201,Falmouth Bay,Shumagin Islands,55.0668,-160.1265,48
2022,July,19,200,Sand Point,Shumagin Islands,55.3204,-160.5201,48
2022,July,19,200,Sand Point,Shumagin Islands,55.3204,-160.5201,48
2023,July,19,200,Falmouth Bay,Shumagin Islands,55.0695,-160.114,48
2023,July,19,200,Falmouth Bay,Shumagin Islands,55.0695,-160.114,48
2023,July,19,200,Falmouth Bay,Shumagin Islands,55.0689,-160.1297,48
2023,July,19,200,Falmouth Bay,Shumagin Islands,55.0669,-160.1267,48
2021,July,17,198,Sand Point,Shumagin Islands,55.3204,-160.5202,48
2023,July,17,198,Baralof Bay,Shumagin Islands,55.2308,-160.5677,48
2023,July,17,198,Baralof Bay,Shumagin Islands,55.2294,-160.5647,48
2023,July,17,198,Baralof Bay,Shumagin Islands,55.2294,-160.5626,48
2023,July,17,198,Baralof Bay,Shumagin Islands,55.2294,-160.5626,48
2023,July,17,198,Baralof Bay,Shumagin Islands,55.2294,-160.5626,48
2023,July,17,198,Baralof Bay,Shumagin Islands,55.2293,-160.5518,48
2023,July,17,198,Baralof Bay,Shumagin Islands,55.2293,-160.5518,48
2023,July,17,198,Baralof Bay,Shumagin Islands,55.2197,-160.5484,48
2023,July,17,198,Baralof Bay,Shumagin Islands,55.2197,-160.5484,48
2023,July,17,198,Baralof Bay,Shumagin Islands,55.2197,-160.5484,48
2023,July,17,198,Baralof Bay,Shumagin Islands,55.2197,-160.5484,48
2023,July,17,198,Baralof Bay,Shumagin Islands,55.2197,-160.5484,48
2023,July,17,198,Baralof Bay,Shumagin Islands,55.2197,-160.5484,48
2018,July,16,197,Agripina Bay,Agripina Bay,57.1047,-156.4584,48
2018,July,16,197,Agripina Bay,Agripina Bay,57.1047,-156.4584,48
2018,July,16,197,Agripina Bay,Agripina Bay,57.1094,-156.4599,48
2018,July,16,197,Agripina Bay,Agripina Bay,57.1094,-156.4599,48
2018,July,16,197,Agripina Bay,Agripina Bay,57.1094,-156.4599,48
2018,July,16,197,Agripina Bay,Agripina Bay,57.1094,-156.4599,48
2018,July,16,197,Agripina Bay,Agripina Bay,57.1094,-156.4599,48
2018,July,16,197,Agripina Bay,Agripina Bay,57.1071,-156.4565,48
2018,July,16,197,Agripina Bay,Agripina Bay,57.104,-156.4766,48
2021,July,15,196,Baralof Bay,Shumagin Islands,55.2303,-160.5486,48
2021,July,15,196,Baralof Bay,Shumagin Islands,55.2295,-160.5645,48
2022,July,15,196,Baralof Bay,Shumagin Islands,55.2295,-160.5646,48
2022,July,15,196,Baralof Bay,Shumagin Islands,55.2293,-160.5622,48
2022,July,15,196,Baralof Bay,Shumagin Islands,55.2293,-160.5515,48
2022,July,15,196,Baralof Bay,Shumagin Islands,55.2304,-160.5484,48
2022,July,14,195,Falmouth Bay,Shumagin Islands,55.0692,-160.1136,48
2022,July,14,195,Falmouth Bay,Shumagin Islands,55.0692,-160.1136,48
2018,July,9,190,Kaiugnak Bay,Kaiugnak Bay,57.0733,-153.6708,48
2020,July,6,188,Agripina Bay,Agripina Bay,57.1049,-156.4585,48
2020,July,6,188,Agripina Bay,Agripina Bay,57.1045,-156.4714,48
2020,July,6,188,Agripina Bay,Agripina Bay,57.1045,-156.4714,48
2020,July,6,188,Agripina Bay,Agripina Bay,57.1045,-156.4714,48
2020,July,6,188,Agripina Bay,Agripina Bay,57.1045,-156.4714,48
2023,July,7,188,Agripina Bay,Agripina Bay,57.1049,-156.4585,48
2023,July,7,188,Agripina Bay,Agripina Bay,57.1049,-156.4585,48
2023,July,7,188,Agripina Bay,Agripina Bay,57.1049,-156.4585,48
2021,July,5,186,Agripina Bay,Agripina Bay,57.1092,-156.4602,48
2021,July,5,186,Agripina Bay,Agripina Bay,57.1073,-156.4562,48
2021,July,5,186,Agripina Bay,Agripina Bay,57.1073,-156.4562,48
2022,July,4,185,Agripina Bay,Agripina Bay,57.1048,-156.4585,48
2022,July,4,185,Agripina Bay,Agripina Bay,57.1048,-156.4585,48
2022,July,4,185,Agripina Bay,Agripina Bay,57.1048,-156.4585,48
2022,July,4,185,Agripina Bay,Agripina Bay,57.1093,-156.4602,48
2022,July,4,185,Agripina Bay,Agripina Bay,57.1046,-156.4717,48
2022,July,4,185,Agripina Bay,Agripina Bay,57.1046,-156.4717,48
2022,July,4,185,Agripina Bay,Agripina Bay,57.1046,-156.4717,48
2020,July,2,184,Cook Bay,Eastern Kodiak,57.7686,-152.2738,48
2020,July,2,184,Cook Bay,Eastern Kodiak,57.7686,-152.2738,48
2020,July,2,184,Cook Bay,Eastern Kodiak,57.7239,-152.259,48
2020,July,2,184,Cook Bay,Eastern Kodiak,57.7794,-152.2769,48
2023,July,3,184,Kaiugnak Bay,Kaiugnak Bay,57.0558,-153.6505,48
2023,June,29,180,Cook Bay,Eastern Kodiak,57.7689,-152.2752,48
2018,Aug,1,213,Baralof Bay,Shumagin Islands,55.228,-160.5598,49
2018,Aug,1,213,Baralof Bay,Shumagin Islands,55.228,-160.5598,49
2018,Aug,1,213,Baralof Bay,Shumagin Islands,55.2303,-160.5485,49
2018,Aug,1,213,Baralof Bay,Shumagin Islands,55.2303,-160.5485,49
2018,Aug,1,213,Baralof Bay,Shumagin Islands,55.2293,-160.5518,49
2018,Aug,1,213,Baralof Bay,Shumagin Islands,55.2293,-160.5518,49
2018,Aug,1,213,Baralof Bay,Shumagin Islands,55.2293,-160.5518,49
2018,Aug,1,213,Baralof Bay,Shumagin Islands,55.2293,-160.5518,49
2018,Aug,1,213,Baralof Bay,Shumagin Islands,55.2293,-160.5623,49
2018,Aug,1,213,Baralof Bay,Shumagin Islands,55.2293,-160.5623,49
2018,Aug,1,213,Baralof Bay,Shumagin Islands,55.2293,-160.5623,49
2018,Aug,1,213,Baralof Bay,Shumagin Islands,55.2293,-160.5623,49
2018,Aug,1,213,Baralof Bay,Shumagin Islands,55.2293,-160.5623,49
2018,Aug,1,213,Baralof Bay,Shumagin Islands,55.2293,-160.5623,49
2018,Aug,1,213,Baralof Bay,Shumagin Islands,55.2294,-160.5646,49
2018,Aug,1,213,Baralof Bay,Shumagin Islands,55.2294,-160.5646,49
2018,Aug,1,213,Baralof Bay,Shumagin Islands,55.2294,-160.5646,49
2018,Aug,1,213,Baralof Bay,Shumagin Islands,55.2307,-160.5694,49
2018,July,30,211,Falmouth Bay,Shumagin Islands,55.0691,-160.1299,49
2018,July,30,211,Falmouth Bay,Shumagin Islands,55.0694,-160.1137,49
2018,July,30,211,Falmouth Bay,Shumagin Islands,55.0694,-160.1137,49
2018,July,29,210,Falmouth Bay,Shumagin Islands,55.0684,-160.1125,49
2018,July,29,210,Falmouth Bay,Shumagin Islands,55.0639,-160.1164,49
2018,July,29,210,Falmouth Bay,Shumagin Islands,55.0669,-160.1267,49
2020,July,23,205,Baralof Bay,Shumagin Islands,55.2309,-160.5682,49
2020,July,23,205,Baralof Bay,Shumagin Islands,55.2293,-160.5519,49
2020,July,23,205,Baralof Bay,Shumagin Islands,55.2293,-160.5519,49
2020,July,23,205,Baralof Bay,Shumagin Islands,55.2293,-160.5519,49
2020,July,23,205,Baralof Bay,Shumagin Islands,55.2293,-160.5623,49
2020,July,23,205,Baralof Bay,Shumagin Islands,55.2293,-160.5623,49
2020,July,23,205,Baralof Bay,Shumagin Islands,55.2293,-160.5623,49
2020,July,23,205,Baralof Bay,Shumagin Islands,55.2293,-160.5623,49
2020,July,23,205,Baralof Bay,Shumagin Islands,55.2293,-160.5623,49
2020,July,23,205,Baralof Bay,Shumagin Islands,55.2294,-160.5646,49
2020,July,20,202,Sand Point,Shumagin Islands,55.3204,-160.5204,49
2020,July,20,202,Sand Point,Shumagin Islands,55.3202,-160.5241,49
2020,July,20,202,Sand Point,Shumagin Islands,55.3202,-160.5241,49
2020,July,20,202,Sand Point,Shumagin Islands,55.3202,-160.5241,49
2020,July,20,202,Sand Point,Shumagin Islands,55.3202,-160.5241,49
2020,July,20,202,Sand Point,Shumagin Islands,55.3202,-160.5241,49
2020,July,20,202,Sand Point,Shumagin Islands,55.3202,-160.5241,49
2020,July,20,202,Sand Point,Shumagin Islands,55.3202,-160.5241,49
2020,July,20,202,Sand Point,Shumagin Islands,55.3202,-160.5241,49
2020,July,19,201,Falmouth Bay,Shumagin Islands,55.0693,-160.1138,49
2020,July,19,201,Falmouth Bay,Shumagin Islands,55.0693,-160.1138,49
2020,July,19,201,Falmouth Bay,Shumagin Islands,55.0693,-160.1138,49
2020,July,19,201,Falmouth Bay,Shumagin Islands,55.0693,-160.1138,49
2020,July,19,201,Falmouth Bay,Shumagin Islands,55.0693,-160.1138,49
2020,July,19,201,Falmouth Bay,Shumagin Islands,55.0685,-160.1126,49
2020,July,19,201,Falmouth Bay,Shumagin Islands,55.0689,-160.1296,49
2020,July,19,201,Falmouth Bay,Shumagin Islands,55.0689,-160.1296,49
2020,July,19,201,Falmouth Bay,Shumagin Islands,55.0668,-160.1265,49
2020,July,19,201,Falmouth Bay,Shumagin Islands,55.0668,-160.1265,49
2020,July,19,201,Falmouth Bay,Shumagin Islands,55.0668,-160.1265,49
2020,July,19,201,Falmouth Bay,Shumagin Islands,55.0668,-160.1265,49
2020,July,19,201,Falmouth Bay,Shumagin Islands,55.0668,-160.1265,49
2022,July,19,200,Kaiugnak Bay,Kaiugnak Bay,57.0573,-153.7033,49
2022,July,19,200,Sand Point,Shumagin Islands,55.3204,-160.5201,49
2022,July,19,200,Sand Point,Shumagin Islands,55.3204,-160.5201,49
2022,July,19,200,Sand Point,Shumagin Islands,55.3201,-160.524,49
2023,July,19,200,Falmouth Bay,Shumagin Islands,55.0695,-160.114,49
2023,July,19,200,Falmouth Bay,Shumagin Islands,55.0695,-160.114,49
2023,July,19,200,Falmouth Bay,Shumagin Islands,55.0689,-160.1297,49
2021,July,17,198,Sand Point,Shumagin Islands,55.3204,-160.5202,49
2023,July,17,198,Baralof Bay,Shumagin Islands,55.2294,-160.5626,49
2023,July,17,198,Baralof Bay,Shumagin Islands,55.2294,-160.5626,49
2023,July,17,198,Baralof Bay,Shumagin Islands,55.2293,-160.5518,49
2023,July,17,198,Baralof Bay,Shumagin Islands,55.2197,-160.5484,49
2023,July,17,198,Baralof Bay,Shumagin Islands,55.2197,-160.5484,49
2023,July,17,198,Baralof Bay,Shumagin Islands,55.2197,-160.5484,49
2023,July,17,198,Baralof Bay,Shumagin Islands,55.2197,-160.5484,49
2023,July,17,198,Baralof Bay,Shumagin Islands,55.2197,-160.5484,49
2018,July,16,197,Agripina Bay,Agripina Bay,57.1047,-156.4584,49
2018,July,16,197,Agripina Bay,Agripina Bay,57.1047,-156.4584,49
2018,July,16,197,Agripina Bay,Agripina Bay,57.1047,-156.4584,49
2018,July,16,197,Agripina Bay,Agripina Bay,57.1047,-156.4584,49
2018,July,16,197,Agripina Bay,Agripina Bay,57.1047,-156.4584,49
2018,July,16,197,Agripina Bay,Agripina Bay,57.1094,-156.4599,49
2018,July,16,197,Agripina Bay,Agripina Bay,57.1094,-156.4599,49
2018,July,16,197,Agripina Bay,Agripina Bay,57.1071,-156.4565,49
2018,July,16,197,Agripina Bay,Agripina Bay,57.1071,-156.4565,49
2018,July,16,197,Agripina Bay,Agripina Bay,57.104,-156.4766,49
2018,July,16,197,Agripina Bay,Agripina Bay,57.104,-156.4766,49
2018,July,16,197,Agripina Bay,Agripina Bay,57.104,-156.4766,49
2022,July,15,196,Baralof Bay,Shumagin Islands,55.2295,-160.5646,49
2022,July,15,196,Baralof Bay,Shumagin Islands,55.2293,-160.5515,49
2022,July,15,196,Baralof Bay,Shumagin Islands,55.2293,-160.5515,49
2022,July,15,196,Baralof Bay,Shumagin Islands,55.2304,-160.5484,49
2022,July,14,195,Falmouth Bay,Shumagin Islands,55.0692,-160.1136,49
2022,July,14,195,Falmouth Bay,Shumagin Islands,55.0685,-160.1127,49
2018,July,9,190,Kaiugnak Bay,Kaiugnak Bay,57.0708,-153.6749,49
2018,July,9,190,Kaiugnak Bay,Kaiugnak Bay,57.0708,-153.6749,49
2018,July,9,190,Kaiugnak Bay,Kaiugnak Bay,57.0708,-153.6749,49
2018,July,9,190,Kaiugnak Bay,Kaiugnak Bay,57.0708,-153.6749,49
2018,July,9,190,Kaiugnak Bay,Kaiugnak Bay,57.0535,-153.6531,49
2018,July,9,190,Kaiugnak Bay,Kaiugnak Bay,57.0535,-153.6531,49
2020,July,6,188,Agripina Bay,Agripina Bay,57.1092,-156.4602,49
2020,July,6,188,Agripina Bay,Agripina Bay,57.1092,-156.4602,49
2020,July,6,188,Agripina Bay,Agripina Bay,57.1073,-156.4562,49
2020,July,6,188,Agripina Bay,Agripina Bay,57.1073,-156.4562,49
2020,July,6,188,Agripina Bay,Agripina Bay,57.1073,-156.4562,49
2020,July,6,188,Agripina Bay,Agripina Bay,57.1049,-156.4585,49
2020,July,6,188,Agripina Bay,Agripina Bay,57.1049,-156.4585,49
2020,July,6,188,Agripina Bay,Agripina Bay,57.1045,-156.4714,49
2020,July,6,188,Agripina Bay,Agripina Bay,57.1045,-156.4714,49
2020,July,6,188,Agripina Bay,Agripina Bay,57.104,-156.4767,49
2023,July,7,188,Agripina Bay,Agripina Bay,57.1049,-156.4585,49
2021,July,5,186,Agripina Bay,Agripina Bay,57.1045,-156.4714,49
2021,July,5,186,Agripina Bay,Agripina Bay,57.1045,-156.4714,49
2021,July,5,186,Agripina Bay,Agripina Bay,57.104,-156.4767,49
2022,July,4,185,Agripina Bay,Agripina Bay,57.1048,-156.4585,49
2022,July,4,185,Agripina Bay,Agripina Bay,57.1048,-156.4585,49
2022,July,4,185,Agripina Bay,Agripina Bay,57.1048,-156.4585,49
2022,July,4,185,Agripina Bay,Agripina Bay,57.1093,-156.4602,49
2022,July,4,185,Agripina Bay,Agripina Bay,57.1046,-156.4717,49
2022,July,4,185,Agripina Bay,Agripina Bay,57.1046,-156.4717,49
2020,July,2,184,Cook Bay,Eastern Kodiak,57.7686,-152.2738,49
2020,July,2,184,Cook Bay,Eastern Kodiak,57.7794,-152.2769,49
2020,July,2,184,Cook Bay,Eastern Kodiak,57.7794,-152.2769,49
2020,July,2,184,Cook Bay,Eastern Kodiak,57.7794,-152.2769,49
2020,July,2,184,Cook Bay,Eastern Kodiak,57.7794,-152.2769,49
2023,July,3,184,Kaiugnak Bay,Kaiugnak Bay,57.0607,-153.7889,49
2023,June,29,180,Cook Bay,Eastern Kodiak,57.7796,-152.2638,49
2018,Aug,15,227,Agripina Bay,Agripina Bay,57.1041,-156.4766,50
2018,Aug,1,213,Baralof Bay,Shumagin Islands,55.228,-160.5598,50
2018,Aug,1,213,Baralof Bay,Shumagin Islands,55.228,-160.5598,50
2018,Aug,1,213,Baralof Bay,Shumagin Islands,55.228,-160.5598,50
2018,Aug,1,213,Baralof Bay,Shumagin Islands,55.2303,-160.5485,50
2018,Aug,1,213,Baralof Bay,Shumagin Islands,55.2293,-160.5518,50
2018,Aug,1,213,Baralof Bay,Shumagin Islands,55.2293,-160.5518,50
2018,Aug,1,213,Baralof Bay,Shumagin Islands,55.2293,-160.5518,50
2018,Aug,1,213,Baralof Bay,Shumagin Islands,55.2293,-160.5518,50
2018,Aug,1,213,Baralof Bay,Shumagin Islands,55.2293,-160.5623,50
2018,Aug,1,213,Baralof Bay,Shumagin Islands,55.2294,-160.5646,50
2018,Aug,1,213,Baralof Bay,Shumagin Islands,55.2307,-160.5694,50
2018,July,30,211,Falmouth Bay,Shumagin Islands,55.0694,-160.1137,50
2018,July,30,211,Falmouth Bay,Shumagin Islands,55.0694,-160.1137,50
2018,July,29,210,Falmouth Bay,Shumagin Islands,55.0639,-160.1164,50
2018,July,29,210,Falmouth Bay,Shumagin Islands,55.0639,-160.1164,50
2018,July,29,210,Falmouth Bay,Shumagin Islands,55.0669,-160.1267,50
2018,July,29,210,Falmouth Bay,Shumagin Islands,55.0669,-160.1267,50
2018,July,29,210,Falmouth Bay,Shumagin Islands,55.0669,-160.1267,50
2018,July,26,207,Sand Point,Shumagin Islands,55.2535,-160.5241,50
2018,July,26,207,Sand Point,Shumagin Islands,55.2535,-160.5241,50
2020,July,23,205,Baralof Bay,Shumagin Islands,55.2293,-160.5519,50
2020,July,23,205,Baralof Bay,Shumagin Islands,55.2293,-160.5623,50
2023,July,24,205,Sand Point,Shumagin Islands,55.3203,-160.5207,50
2020,July,20,202,Sand Point,Shumagin Islands,55.3202,-160.5241,50
2020,July,20,202,Sand Point,Shumagin Islands,55.3202,-160.5241,50
2020,July,20,202,Sand Point,Shumagin Islands,55.3202,-160.5241,50
2020,July,20,202,Sand Point,Shumagin Islands,55.3202,-160.5241,50
2020,July,19,201,Falmouth Bay,Shumagin Islands,55.0685,-160.1126,50
2020,July,19,201,Falmouth Bay,Shumagin Islands,55.0689,-160.1296,50
2020,July,19,201,Falmouth Bay,Shumagin Islands,55.0668,-160.1265,50
2020,July,19,201,Falmouth Bay,Shumagin Islands,55.0668,-160.1265,50
2020,July,19,201,Falmouth Bay,Shumagin Islands,55.0668,-160.1265,50
2020,July,19,201,Falmouth Bay,Shumagin Islands,55.0668,-160.1265,50
2020,July,19,201,Falmouth Bay,Shumagin Islands,55.0668,-160.1265,50
2020,July,19,201,Falmouth Bay,Shumagin Islands,55.0668,-160.1265,50
2020,July,19,201,Falmouth Bay,Shumagin Islands,55.0668,-160.1265,50
2020,July,19,201,Falmouth Bay,Shumagin Islands,55.0668,-160.1265,50
2020,July,19,201,Falmouth Bay,Shumagin Islands,55.0668,-160.1265,50
2020,July,19,201,Falmouth Bay,Shumagin Islands,55.0668,-160.1265,50
2022,July,19,200,Sand Point,Shumagin Islands,55.3201,-160.524,50
2023,July,19,200,Falmouth Bay,Shumagin Islands,55.0695,-160.114,50
2023,July,19,200,Falmouth Bay,Shumagin Islands,55.0695,-160.114,50
2023,July,17,198,Baralof Bay,Shumagin Islands,55.2294,-160.5626,50
2023,July,17,198,Baralof Bay,Shumagin Islands,55.2294,-160.5626,50
2023,July,17,198,Baralof Bay,Shumagin Islands,55.2293,-160.5518,50
2023,July,17,198,Baralof Bay,Shumagin Islands,55.2293,-160.5518,50
2023,July,17,198,Baralof Bay,Shumagin Islands,55.2293,-160.5518,50
2023,July,17,198,Baralof Bay,Shumagin Islands,55.2197,-160.5484,50
2023,July,17,198,Baralof Bay,Shumagin Islands,55.2197,-160.5484,50
2023,July,17,198,Baralof Bay,Shumagin Islands,55.2197,-160.5484,50
2023,July,17,198,Baralof Bay,Shumagin Islands,55.2197,-160.5484,50
2023,July,17,198,Baralof Bay,Shumagin Islands,55.2197,-160.5484,50
2018,July,16,197,Agripina Bay,Agripina Bay,57.1047,-156.4584,50
2018,July,16,197,Agripina Bay,Agripina Bay,57.1094,-156.4599,50
2018,July,16,197,Agripina Bay,Agripina Bay,57.1094,-156.4599,50
2018,July,16,197,Agripina Bay,Agripina Bay,57.1094,-156.4599,50
2018,July,16,197,Agripina Bay,Agripina Bay,57.1094,-156.4599,50
2018,July,16,197,Agripina Bay,Agripina Bay,57.1094,-156.4599,50
2018,July,16,197,Agripina Bay,Agripina Bay,57.1071,-156.4565,50
2018,July,16,197,Agripina Bay,Agripina Bay,57.1045,-156.4712,50
2018,July,16,197,Agripina Bay,Agripina Bay,57.1045,-156.4712,50
2018,July,16,197,Agripina Bay,Agripina Bay,57.1045,-156.4712,50
2018,July,16,197,Agripina Bay,Agripina Bay,57.1045,-156.4712,50
2018,July,16,197,Agripina Bay,Agripina Bay,57.104,-156.4766,50
2018,July,16,197,Agripina Bay,Agripina Bay,57.104,-156.4766,50
2018,July,16,197,Agripina Bay,Agripina Bay,57.104,-156.4766,50
2022,July,15,196,Baralof Bay,Shumagin Islands,55.2311,-160.5681,50
2022,July,15,196,Baralof Bay,Shumagin Islands,55.2295,-160.5646,50
2022,July,15,196,Baralof Bay,Shumagin Islands,55.2293,-160.5622,50
2022,July,15,196,Baralof Bay,Shumagin Islands,55.2293,-160.5622,50
2022,July,15,196,Baralof Bay,Shumagin Islands,55.2304,-160.5484,50
2022,July,15,196,Baralof Bay,Shumagin Islands,55.2304,-160.5484,50
2022,July,14,195,Falmouth Bay,Shumagin Islands,55.0692,-160.1136,50
2022,July,14,195,Falmouth Bay,Shumagin Islands,55.0685,-160.1127,50
2022,July,14,195,Falmouth Bay,Shumagin Islands,55.0685,-160.1127,50
2022,July,14,195,Falmouth Bay,Shumagin Islands,55.0669,-160.1266,50
2022,July,14,195,Falmouth Bay,Shumagin Islands,55.069,-160.1297,50
2018,July,9,190,Kaiugnak Bay,Kaiugnak Bay,57.0559,-153.6501,50
2018,July,9,190,Kaiugnak Bay,Kaiugnak Bay,57.0708,-153.6749,50
2018,July,9,190,Kaiugnak Bay,Kaiugnak Bay,57.0535,-153.6531,50
2018,July,9,190,Kaiugnak Bay,Kaiugnak Bay,57.0535,-153.6531,50
2018,July,9,190,Kaiugnak Bay,Kaiugnak Bay,57.057,-153.7047,50
2020,July,6,188,Agripina Bay,Agripina Bay,57.1092,-156.4602,50
2020,July,6,188,Agripina Bay,Agripina Bay,57.1092,-156.4602,50
2020,July,6,188,Agripina Bay,Agripina Bay,57.1073,-156.4562,50
2020,July,6,188,Agripina Bay,Agripina Bay,57.1073,-156.4562,50
2020,July,6,188,Agripina Bay,Agripina Bay,57.1049,-156.4585,50
2020,July,6,188,Agripina Bay,Agripina Bay,57.1049,-156.4585,50
2020,July,6,188,Agripina Bay,Agripina Bay,57.1045,-156.4714,50
2020,July,6,188,Agripina Bay,Agripina Bay,57.1045,-156.4714,50
2020,July,6,188,Agripina Bay,Agripina Bay,57.1045,-156.4714,50
2020,July,6,188,Agripina Bay,Agripina Bay,57.1045,-156.4714,50
2023,July,7,188,Agripina Bay,Agripina Bay,57.1049,-156.4585,50
2021,July,5,186,Agripina Bay,Agripina Bay,57.1073,-156.4562,50
2021,July,5,186,Agripina Bay,Agripina Bay,57.104,-156.4767,50
2022,July,4,185,Agripina Bay,Agripina Bay,57.1048,-156.4585,50
2022,July,4,185,Agripina Bay,Agripina Bay,57.1046,-156.4717,50
2022,July,4,185,Agripina Bay,Agripina Bay,57.1042,-156.4766,50
2020,July,2,184,Cook Bay,Eastern Kodiak,57.7239,-152.259,50
2020,July,2,184,Cook Bay,Eastern Kodiak,57.7794,-152.2769,50
2023,July,3,184,Kaiugnak Bay,Kaiugnak Bay,57.0558,-153.6505,50
2018,Aug,1,213,Baralof Bay,Shumagin Islands,55.228,-160.5598,51
2018,Aug,1,213,Baralof Bay,Shumagin Islands,55.228,-160.5598,51
2018,Aug,1,213,Baralof Bay,Shumagin Islands,55.228,-160.5598,51
2018,Aug,1,213,Baralof Bay,Shumagin Islands,55.228,-160.5598,51
2018,Aug,1,213,Baralof Bay,Shumagin Islands,55.2303,-160.5485,51
2018,Aug,1,213,Baralof Bay,Shumagin Islands,55.2303,-160.5485,51
2018,Aug,1,213,Baralof Bay,Shumagin Islands,55.2303,-160.5485,51
2018,Aug,1,213,Baralof Bay,Shumagin Islands,55.2303,-160.5485,51
2018,Aug,1,213,Baralof Bay,Shumagin Islands,55.2293,-160.5518,51
2018,Aug,1,213,Baralof Bay,Shumagin Islands,55.2293,-160.5518,51
2018,Aug,1,213,Baralof Bay,Shumagin Islands,55.2293,-160.5518,51
2018,Aug,1,213,Baralof Bay,Shumagin Islands,55.2293,-160.5518,51
2018,Aug,1,213,Baralof Bay,Shumagin Islands,55.2293,-160.5518,51
2018,Aug,1,213,Baralof Bay,Shumagin Islands,55.2293,-160.5623,51
2018,Aug,1,213,Baralof Bay,Shumagin Islands,55.2293,-160.5623,51
2018,Aug,1,213,Baralof Bay,Shumagin Islands,55.2293,-160.5623,51
2018,Aug,1,213,Baralof Bay,Shumagin Islands,55.2294,-160.5646,51
2018,Aug,1,213,Baralof Bay,Shumagin Islands,55.2294,-160.5646,51
2018,Aug,1,213,Baralof Bay,Shumagin Islands,55.2294,-160.5646,51
2018,Aug,1,213,Baralof Bay,Shumagin Islands,55.2294,-160.5646,51
2018,Aug,1,213,Baralof Bay,Shumagin Islands,55.2307,-160.5694,51
2018,Aug,1,213,Baralof Bay,Shumagin Islands,55.2307,-160.5694,51
2018,Aug,1,213,Baralof Bay,Shumagin Islands,55.2307,-160.5694,51
2018,July,30,211,Falmouth Bay,Shumagin Islands,55.0691,-160.1299,51
2018,July,30,211,Falmouth Bay,Shumagin Islands,55.0694,-160.1137,51
2018,July,30,211,Falmouth Bay,Shumagin Islands,55.0694,-160.1137,51
2018,July,30,211,Falmouth Bay,Shumagin Islands,55.0694,-160.1137,51
2018,July,29,210,Falmouth Bay,Shumagin Islands,55.0639,-160.1164,51
2018,July,29,210,Falmouth Bay,Shumagin Islands,55.0639,-160.1164,51
2018,July,29,210,Falmouth Bay,Shumagin Islands,55.0639,-160.1164,51
2018,July,29,210,Falmouth Bay,Shumagin Islands,55.0639,-160.1164,51
2018,July,29,210,Falmouth Bay,Shumagin Islands,55.0669,-160.1267,51
2018,July,29,210,Falmouth Bay,Shumagin Islands,55.0669,-160.1267,51
2018,July,26,207,Sand Point,Shumagin Islands,55.3204,-160.5207,51
2018,July,26,207,Sand Point,Shumagin Islands,55.3204,-160.5207,51
2018,July,26,207,Sand Point,Shumagin Islands,55.2535,-160.5241,51
2018,July,26,207,Sand Point,Shumagin Islands,55.2535,-160.5241,51
2020,July,23,205,Baralof Bay,Shumagin Islands,55.2309,-160.5682,51
2020,July,23,205,Baralof Bay,Shumagin Islands,55.2309,-160.5682,51
2020,July,23,205,Baralof Bay,Shumagin Islands,55.2309,-160.5682,51
2020,July,23,205,Baralof Bay,Shumagin Islands,55.2304,-160.5484,51
2020,July,23,205,Baralof Bay,Shumagin Islands,55.2304,-160.5484,51
2020,July,23,205,Baralof Bay,Shumagin Islands,55.2293,-160.5623,51
2020,July,23,205,Baralof Bay,Shumagin Islands,55.2293,-160.5623,51
2020,July,23,205,Baralof Bay,Shumagin Islands,55.2293,-160.5623,51
2020,July,23,205,Baralof Bay,Shumagin Islands,55.2293,-160.5623,51
2020,July,23,205,Baralof Bay,Shumagin Islands,55.2293,-160.5623,51
2020,July,23,205,Baralof Bay,Shumagin Islands,55.2293,-160.5623,51
2020,July,23,205,Baralof Bay,Shumagin Islands,55.2293,-160.5623,51
2020,July,23,205,Baralof Bay,Shumagin Islands,55.2293,-160.5623,51
2020,July,23,205,Baralof Bay,Shumagin Islands,55.2293,-160.5623,51
2020,July,23,205,Baralof Bay,Shumagin Islands,55.2293,-160.5623,51
2020,July,23,205,Baralof Bay,Shumagin Islands,55.2293,-160.5623,51
2020,July,23,205,Baralof Bay,Shumagin Islands,55.2293,-160.5623,51
2020,July,23,205,Baralof Bay,Shumagin Islands,55.2293,-160.5623,51
2020,July,23,205,Baralof Bay,Shumagin Islands,55.2294,-160.5646,51
2020,July,20,202,Sand Point,Shumagin Islands,55.3204,-160.5204,51
2020,July,20,202,Sand Point,Shumagin Islands,55.3204,-160.5204,51
2020,July,20,202,Sand Point,Shumagin Islands,55.3202,-160.5241,51
2020,July,20,202,Sand Point,Shumagin Islands,55.3202,-160.5241,51
2020,July,20,202,Sand Point,Shumagin Islands,55.3202,-160.5241,51
2020,July,19,201,Falmouth Bay,Shumagin Islands,55.0693,-160.1138,51
2020,July,19,201,Falmouth Bay,Shumagin Islands,55.0693,-160.1138,51
2020,July,19,201,Falmouth Bay,Shumagin Islands,55.0693,-160.1138,51
2020,July,19,201,Falmouth Bay,Shumagin Islands,55.0685,-160.1126,51
2020,July,19,201,Falmouth Bay,Shumagin Islands,55.0685,-160.1126,51
2020,July,19,201,Falmouth Bay,Shumagin Islands,55.0689,-160.1296,51
2020,July,19,201,Falmouth Bay,Shumagin Islands,55.0689,-160.1296,51
2020,July,19,201,Falmouth Bay,Shumagin Islands,55.0689,-160.1296,51
2020,July,19,201,Falmouth Bay,Shumagin Islands,55.0668,-160.1265,51
2020,July,19,201,Falmouth Bay,Shumagin Islands,55.0668,-160.1265,51
2020,July,19,201,Falmouth Bay,Shumagin Islands,55.0668,-160.1265,51
2020,July,19,201,Falmouth Bay,Shumagin Islands,55.0668,-160.1265,51
2020,July,19,201,Falmouth Bay,Shumagin Islands,55.0668,-160.1265,51
2020,July,19,201,Falmouth Bay,Shumagin Islands,55.0668,-160.1265,51
2020,July,19,201,Falmouth Bay,Shumagin Islands,55.0668,-160.1265,51
2022,July,19,200,Kaiugnak Bay,Kaiugnak Bay,57.0607,-153.7889,51
2023,July,19,200,Falmouth Bay,Shumagin Islands,55.0695,-160.114,51
2023,July,19,200,Falmouth Bay,Shumagin Islands,55.0695,-160.114,51
2023,July,19,200,Falmouth Bay,Shumagin Islands,55.0689,-160.1297,51
2023,July,17,198,Baralof Bay,Shumagin Islands,55.2294,-160.5626,51
2023,July,17,198,Baralof Bay,Shumagin Islands,55.2294,-160.5626,51
2023,July,17,198,Baralof Bay,Shumagin Islands,55.2294,-160.5626,51
2023,July,17,198,Baralof Bay,Shumagin Islands,55.2293,-160.5518,51
2023,July,17,198,Baralof Bay,Shumagin Islands,55.2293,-160.5518,51
2023,July,17,198,Baralof Bay,Shumagin Islands,55.2293,-160.5518,51
2023,July,17,198,Baralof Bay,Shumagin Islands,55.2293,-160.5518,51
2023,July,17,198,Baralof Bay,Shumagin Islands,55.2197,-160.5484,51
2023,July,17,198,Baralof Bay,Shumagin Islands,55.2197,-160.5484,51
2023,July,17,198,Baralof Bay,Shumagin Islands,55.2197,-160.5484,51
2018,July,16,197,Agripina Bay,Agripina Bay,57.1047,-156.4584,51
2018,July,16,197,Agripina Bay,Agripina Bay,57.1094,-156.4599,51
2018,July,16,197,Agripina Bay,Agripina Bay,57.1094,-156.4599,51
2018,July,16,197,Agripina Bay,Agripina Bay,57.1094,-156.4599,51
2018,July,16,197,Agripina Bay,Agripina Bay,57.1071,-156.4565,51
2018,July,16,197,Agripina Bay,Agripina Bay,57.1071,-156.4565,51
2018,July,16,197,Agripina Bay,Agripina Bay,57.1071,-156.4565,51
2018,July,16,197,Agripina Bay,Agripina Bay,57.1071,-156.4565,51
2018,July,16,197,Agripina Bay,Agripina Bay,57.1045,-156.4712,51
2018,July,16,197,Agripina Bay,Agripina Bay,57.1045,-156.4712,51
2018,July,16,197,Agripina Bay,Agripina Bay,57.1045,-156.4712,51
2018,July,16,197,Agripina Bay,Agripina Bay,57.1045,-156.4712,51
2018,July,16,197,Agripina Bay,Agripina Bay,57.1045,-156.4712,51
2018,July,16,197,Agripina Bay,Agripina Bay,57.104,-156.4766,51
2018,July,16,197,Agripina Bay,Agripina Bay,57.104,-156.4766,51
2018,July,16,197,Agripina Bay,Agripina Bay,57.104,-156.4766,51
2022,July,15,196,Baralof Bay,Shumagin Islands,55.2311,-160.5681,51
2022,July,15,196,Baralof Bay,Shumagin Islands,55.2311,-160.5681,51
2022,July,15,196,Baralof Bay,Shumagin Islands,55.2293,-160.5622,51
2022,July,15,196,Baralof Bay,Shumagin Islands,55.2293,-160.5622,51
2022,July,15,196,Baralof Bay,Shumagin Islands,55.2304,-160.5484,51
2022,July,15,196,Baralof Bay,Shumagin Islands,55.2304,-160.5484,51
2022,July,14,195,Falmouth Bay,Shumagin Islands,55.0692,-160.1136,51
2022,July,14,195,Falmouth Bay,Shumagin Islands,55.0692,-160.1136,51
2022,July,14,195,Falmouth Bay,Shumagin Islands,55.0685,-160.1127,51
2018,July,9,190,Kaiugnak Bay,Kaiugnak Bay,57.0733,-153.6708,51
2018,July,9,190,Kaiugnak Bay,Kaiugnak Bay,57.0733,-153.6708,51
2018,July,9,190,Kaiugnak Bay,Kaiugnak Bay,57.0708,-153.6749,51
2018,July,9,190,Kaiugnak Bay,Kaiugnak Bay,57.0708,-153.6749,51
2018,July,9,190,Kaiugnak Bay,Kaiugnak Bay,57.0708,-153.6749,51
2018,July,9,190,Kaiugnak Bay,Kaiugnak Bay,57.0708,-153.6749,51
2018,July,9,190,Kaiugnak Bay,Kaiugnak Bay,57.0535,-153.6531,51
2018,July,9,190,Kaiugnak Bay,Kaiugnak Bay,57.0535,-153.6531,51
2020,July,6,188,Agripina Bay,Agripina Bay,57.1092,-156.4602,51
2020,July,6,188,Agripina Bay,Agripina Bay,57.1049,-156.4585,51
2020,July,6,188,Agripina Bay,Agripina Bay,57.1049,-156.4585,51
2020,July,6,188,Agripina Bay,Agripina Bay,57.1049,-156.4585,51
2020,July,6,188,Agripina Bay,Agripina Bay,57.1045,-156.4714,51
2020,July,6,188,Agripina Bay,Agripina Bay,57.1045,-156.4714,51
2020,July,6,188,Agripina Bay,Agripina Bay,57.1045,-156.4714,51
2020,July,6,188,Agripina Bay,Agripina Bay,57.1045,-156.4714,51
2020,July,6,188,Agripina Bay,Agripina Bay,57.1045,-156.4714,51
2020,July,6,188,Agripina Bay,Agripina Bay,57.104,-156.4767,51
2020,July,6,188,Agripina Bay,Agripina Bay,57.104,-156.4767,51
2020,July,6,188,Agripina Bay,Agripina Bay,57.104,-156.4767,51
2020,July,6,188,Agripina Bay,Agripina Bay,57.104,-156.4767,51
2020,July,6,188,Agripina Bay,Agripina Bay,57.104,-156.4767,51
2020,July,6,188,Agripina Bay,Agripina Bay,57.104,-156.4767,51
2020,July,6,188,Agripina Bay,Agripina Bay,57.104,-156.4767,51
2022,July,4,185,Agripina Bay,Agripina Bay,57.1132,-156.4796,51
2022,July,4,185,Agripina Bay,Agripina Bay,57.1048,-156.4585,51
2022,July,4,185,Agripina Bay,Agripina Bay,57.1048,-156.4585,51
2022,July,4,185,Agripina Bay,Agripina Bay,57.1042,-156.4766,51
2020,July,2,184,Cook Bay,Eastern Kodiak,57.7686,-152.2738,51
2020,July,2,184,Cook Bay,Eastern Kodiak,57.7794,-152.2769,51
2020,July,2,184,Cook Bay,Eastern Kodiak,57.7794,-152.2769,51
2020,July,2,184,Cook Bay,Eastern Kodiak,57.7794,-152.2769,51
2020,July,2,184,Cook Bay,Eastern Kodiak,57.7794,-152.2769,51
2020,July,2,184,Cook Bay,Eastern Kodiak,57.7783,-152.2506,51
2023,July,3,184,Kaiugnak Bay,Kaiugnak Bay,57.0708,-153.6747,51
2018,Aug,15,227,Agripina Bay,Agripina Bay,57.1071,-156.4564,52
2018,Aug,15,227,Agripina Bay,Agripina Bay,57.1093,-156.4602,52
2018,Aug,1,213,Baralof Bay,Shumagin Islands,55.228,-160.5598,52
2018,Aug,1,213,Baralof Bay,Shumagin Islands,55.228,-160.5598,52
2018,Aug,1,213,Baralof Bay,Shumagin Islands,55.2303,-160.5485,52
2018,Aug,1,213,Baralof Bay,Shumagin Islands,55.2303,-160.5485,52
2018,Aug,1,213,Baralof Bay,Shumagin Islands,55.2303,-160.5485,52
2018,Aug,1,213,Baralof Bay,Shumagin Islands,55.2303,-160.5485,52
2018,Aug,1,213,Baralof Bay,Shumagin Islands,55.2293,-160.5518,52
2018,Aug,1,213,Baralof Bay,Shumagin Islands,55.2293,-160.5518,52
2018,Aug,1,213,Baralof Bay,Shumagin Islands,55.2293,-160.5623,52
2018,Aug,1,213,Baralof Bay,Shumagin Islands,55.2293,-160.5623,52
2018,Aug,1,213,Baralof Bay,Shumagin Islands,55.2293,-160.5623,52
2018,Aug,1,213,Baralof Bay,Shumagin Islands,55.2293,-160.5623,52
2018,Aug,1,213,Baralof Bay,Shumagin Islands,55.2294,-160.5646,52
2018,Aug,1,213,Baralof Bay,Shumagin Islands,55.2294,-160.5646,52
2018,Aug,1,213,Baralof Bay,Shumagin Islands,55.2294,-160.5646,52
2018,Aug,1,213,Baralof Bay,Shumagin Islands,55.2294,-160.5646,52
2018,Aug,1,213,Baralof Bay,Shumagin Islands,55.2307,-160.5694,52
2018,Aug,1,213,Baralof Bay,Shumagin Islands,55.2307,-160.5694,52
2018,Aug,1,213,Baralof Bay,Shumagin Islands,55.2307,-160.5694,52
2018,July,30,211,Falmouth Bay,Shumagin Islands,55.0691,-160.1299,52
2018,July,30,211,Falmouth Bay,Shumagin Islands,55.0694,-160.1137,52
2018,July,30,211,Falmouth Bay,Shumagin Islands,55.0694,-160.1137,52
2018,July,30,211,Falmouth Bay,Shumagin Islands,55.0694,-160.1137,52
2018,July,29,210,Falmouth Bay,Shumagin Islands,55.0684,-160.1125,52
2018,July,29,210,Falmouth Bay,Shumagin Islands,55.0639,-160.1164,52
2018,July,29,210,Falmouth Bay,Shumagin Islands,55.0669,-160.1267,52
2018,July,26,207,Sand Point,Shumagin Islands,55.2535,-160.5241,52
2018,July,26,207,Sand Point,Shumagin Islands,55.2535,-160.5241,52
2018,July,26,207,Sand Point,Shumagin Islands,55.2535,-160.5241,52
2018,July,26,207,Sand Point,Shumagin Islands,55.2535,-160.5241,52
2018,July,26,207,Sand Point,Shumagin Islands,55.2535,-160.5241,52
2018,July,26,207,Sand Point,Shumagin Islands,55.2535,-160.5241,52
2020,July,23,205,Baralof Bay,Shumagin Islands,55.2304,-160.5484,52
2020,July,23,205,Baralof Bay,Shumagin Islands,55.2293,-160.5519,52
2020,July,23,205,Baralof Bay,Shumagin Islands,55.2293,-160.5519,52
2020,July,23,205,Baralof Bay,Shumagin Islands,55.2293,-160.5519,52
2020,July,23,205,Baralof Bay,Shumagin Islands,55.2293,-160.5623,52
2020,July,23,205,Baralof Bay,Shumagin Islands,55.2293,-160.5623,52
2020,July,23,205,Baralof Bay,Shumagin Islands,55.2293,-160.5623,52
2020,July,23,205,Baralof Bay,Shumagin Islands,55.2293,-160.5623,52
2020,July,23,205,Baralof Bay,Shumagin Islands,55.2293,-160.5623,52
2020,July,23,205,Baralof Bay,Shumagin Islands,55.2293,-160.5623,52
2020,July,23,205,Baralof Bay,Shumagin Islands,55.2293,-160.5623,52
2020,July,23,205,Baralof Bay,Shumagin Islands,55.2293,-160.5623,52
2020,July,23,205,Baralof Bay,Shumagin Islands,55.2294,-160.5646,52
2023,July,24,205,Sand Point,Shumagin Islands,55.3203,-160.5207,52
2020,July,20,202,Sand Point,Shumagin Islands,55.3204,-160.5204,52
2020,July,20,202,Sand Point,Shumagin Islands,55.3202,-160.5241,52
2020,July,19,201,Falmouth Bay,Shumagin Islands,55.0693,-160.1138,52
2020,July,19,201,Falmouth Bay,Shumagin Islands,55.0693,-160.1138,52
2020,July,19,201,Falmouth Bay,Shumagin Islands,55.0693,-160.1138,52
2020,July,19,201,Falmouth Bay,Shumagin Islands,55.0693,-160.1138,52
2020,July,19,201,Falmouth Bay,Shumagin Islands,55.0685,-160.1126,52
2020,July,19,201,Falmouth Bay,Shumagin Islands,55.0689,-160.1296,52
2020,July,19,201,Falmouth Bay,Shumagin Islands,55.0689,-160.1296,52
2020,July,19,201,Falmouth Bay,Shumagin Islands,55.0668,-160.1265,52
2020,July,19,201,Falmouth Bay,Shumagin Islands,55.0668,-160.1265,52
2020,July,19,201,Falmouth Bay,Shumagin Islands,55.0668,-160.1265,52
2020,July,19,201,Falmouth Bay,Shumagin Islands,55.0668,-160.1265,52
2020,July,19,201,Falmouth Bay,Shumagin Islands,55.0668,-160.1265,52
2020,July,19,201,Falmouth Bay,Shumagin Islands,55.0668,-160.1265,52
2020,July,19,201,Falmouth Bay,Shumagin Islands,55.0668,-160.1265,52
2020,July,19,201,Falmouth Bay,Shumagin Islands,55.0668,-160.1265,52
2020,July,19,201,Falmouth Bay,Shumagin Islands,55.0668,-160.1265,52
2022,July,19,200,Kaiugnak Bay,Kaiugnak Bay,57.0708,-153.6747,52
2022,July,19,200,Sand Point,Shumagin Islands,55.3204,-160.5201,52
2023,July,19,200,Falmouth Bay,Shumagin Islands,55.0695,-160.114,52
2023,July,19,200,Falmouth Bay,Shumagin Islands,55.0689,-160.1297,52
2023,July,19,200,Falmouth Bay,Shumagin Islands,55.0689,-160.1297,52
2021,July,17,198,Sand Point,Shumagin Islands,55.3204,-160.5202,52
2023,July,17,198,Baralof Bay,Shumagin Islands,55.2308,-160.5677,52
2023,July,17,198,Baralof Bay,Shumagin Islands,55.2294,-160.5626,52
2023,July,17,198,Baralof Bay,Shumagin Islands,55.2293,-160.5518,52
2023,July,17,198,Baralof Bay,Shumagin Islands,55.2197,-160.5484,52
2023,July,17,198,Baralof Bay,Shumagin Islands,55.2197,-160.5484,52
2023,July,17,198,Baralof Bay,Shumagin Islands,55.2197,-160.5484,52
2023,July,17,198,Baralof Bay,Shumagin Islands,55.2197,-160.5484,52
2023,July,17,198,Baralof Bay,Shumagin Islands,55.2197,-160.5484,52
2023,July,17,198,Baralof Bay,Shumagin Islands,55.2197,-160.5484,52
2018,July,16,197,Agripina Bay,Agripina Bay,57.1047,-156.4584,52
2018,July,16,197,Agripina Bay,Agripina Bay,57.1047,-156.4584,52
2018,July,16,197,Agripina Bay,Agripina Bay,57.1047,-156.4584,52
2018,July,16,197,Agripina Bay,Agripina Bay,57.1047,-156.4584,52
2018,July,16,197,Agripina Bay,Agripina Bay,57.1047,-156.4584,52
2018,July,16,197,Agripina Bay,Agripina Bay,57.1047,-156.4584,52
2018,July,16,197,Agripina Bay,Agripina Bay,57.1094,-156.4599,52
2018,July,16,197,Agripina Bay,Agripina Bay,57.1094,-156.4599,52
2018,July,16,197,Agripina Bay,Agripina Bay,57.1071,-156.4565,52
2018,July,16,197,Agripina Bay,Agripina Bay,57.1071,-156.4565,52
2018,July,16,197,Agripina Bay,Agripina Bay,57.1071,-156.4565,52
2018,July,16,197,Agripina Bay,Agripina Bay,57.1071,-156.4565,52
2018,July,16,197,Agripina Bay,Agripina Bay,57.1071,-156.4565,52
2018,July,16,197,Agripina Bay,Agripina Bay,57.1071,-156.4565,52
2018,July,16,197,Agripina Bay,Agripina Bay,57.1071,-156.4565,52
2018,July,16,197,Agripina Bay,Agripina Bay,57.1045,-156.4712,52
2018,July,16,197,Agripina Bay,Agripina Bay,57.1045,-156.4712,52
2018,July,16,197,Agripina Bay,Agripina Bay,57.104,-156.4766,52
2022,July,15,196,Baralof Bay,Shumagin Islands,55.2311,-160.5681,52
2022,July,15,196,Baralof Bay,Shumagin Islands,55.2295,-160.5646,52
2022,July,15,196,Baralof Bay,Shumagin Islands,55.2295,-160.5646,52
2022,July,15,196,Baralof Bay,Shumagin Islands,55.2293,-160.5622,52
2022,July,15,196,Baralof Bay,Shumagin Islands,55.2304,-160.5484,52
2022,July,15,196,Baralof Bay,Shumagin Islands,55.2304,-160.5484,52
2022,July,14,195,Falmouth Bay,Shumagin Islands,55.0692,-160.1136,52
2022,July,14,195,Falmouth Bay,Shumagin Islands,55.0692,-160.1136,52
2022,July,14,195,Falmouth Bay,Shumagin Islands,55.069,-160.1297,52
2018,July,9,190,Kaiugnak Bay,Kaiugnak Bay,57.0733,-153.6708,52
2018,July,9,190,Kaiugnak Bay,Kaiugnak Bay,57.0708,-153.6749,52
2018,July,9,190,Kaiugnak Bay,Kaiugnak Bay,57.0708,-153.6749,52
2018,July,9,190,Kaiugnak Bay,Kaiugnak Bay,57.0535,-153.6531,52
2018,July,9,190,Kaiugnak Bay,Kaiugnak Bay,57.0535,-153.6531,52
2020,July,6,188,Agripina Bay,Agripina Bay,57.1073,-156.4562,52
2020,July,6,188,Agripina Bay,Agripina Bay,57.1073,-156.4562,52
2020,July,6,188,Agripina Bay,Agripina Bay,57.1049,-156.4585,52
2020,July,6,188,Agripina Bay,Agripina Bay,57.1049,-156.4585,52
2020,July,6,188,Agripina Bay,Agripina Bay,57.1049,-156.4585,52
2020,July,6,188,Agripina Bay,Agripina Bay,57.1049,-156.4585,52
2020,July,6,188,Agripina Bay,Agripina Bay,57.1049,-156.4585,52
2020,July,6,188,Agripina Bay,Agripina Bay,57.1045,-156.4714,52
2020,July,6,188,Agripina Bay,Agripina Bay,57.1045,-156.4714,52
2020,July,6,188,Agripina Bay,Agripina Bay,57.1045,-156.4714,52
2020,July,6,188,Agripina Bay,Agripina Bay,57.1045,-156.4714,52
2020,July,6,188,Agripina Bay,Agripina Bay,57.1045,-156.4714,52
2020,July,6,188,Agripina Bay,Agripina Bay,57.1045,-156.4714,52
2020,July,6,188,Agripina Bay,Agripina Bay,57.1045,-156.4714,52
2020,July,6,188,Agripina Bay,Agripina Bay,57.1045,-156.4714,52
2020,July,6,188,Agripina Bay,Agripina Bay,57.1045,-156.4714,52
2020,July,6,188,Agripina Bay,Agripina Bay,57.1045,-156.4714,52
2020,July,6,188,Agripina Bay,Agripina Bay,57.1045,-156.4714,52
2020,July,6,188,Agripina Bay,Agripina Bay,57.104,-156.4767,52
2020,July,6,188,Agripina Bay,Agripina Bay,57.104,-156.4767,52
2020,July,6,188,Agripina Bay,Agripina Bay,57.104,-156.4767,52
2021,July,5,186,Agripina Bay,Agripina Bay,57.1073,-156.4562,52
2021,July,5,186,Agripina Bay,Agripina Bay,57.1045,-156.4714,52
2021,July,5,186,Agripina Bay,Agripina Bay,57.104,-156.4767,52
2022,July,4,185,Agripina Bay,Agripina Bay,57.1048,-156.4585,52
2022,July,4,185,Agripina Bay,Agripina Bay,57.1048,-156.4585,52
2022,July,4,185,Agripina Bay,Agripina Bay,57.1048,-156.4585,52
2022,July,4,185,Agripina Bay,Agripina Bay,57.1048,-156.4585,52
2022,July,4,185,Agripina Bay,Agripina Bay,57.1042,-156.4766,52
2022,July,4,185,Agripina Bay,Agripina Bay,57.1042,-156.4766,52
2022,July,4,185,Agripina Bay,Agripina Bay,57.1042,-156.4766,52
2022,July,4,185,Agripina Bay,Agripina Bay,57.1042,-156.4766,52
2022,July,4,185,Agripina Bay,Agripina Bay,57.1042,-156.4766,52
2020,July,2,184,Cook Bay,Eastern Kodiak,57.7686,-152.2738,52
2020,July,2,184,Cook Bay,Eastern Kodiak,57.7239,-152.259,52
2020,July,2,184,Cook Bay,Eastern Kodiak,57.7239,-152.259,52
2020,July,2,184,Cook Bay,Eastern Kodiak,57.7794,-152.2769,52
2020,July,2,184,Cook Bay,Eastern Kodiak,57.7783,-152.2506,52
2020,July,2,184,Cook Bay,Eastern Kodiak,57.7783,-152.2506,52
2020,July,2,184,Cook Bay,Eastern Kodiak,57.7783,-152.2506,52
2023,July,3,184,Kaiugnak Bay,Kaiugnak Bay,57.0708,-153.6747,52
2023,July,3,184,Kaiugnak Bay,Kaiugnak Bay,57.0708,-153.6747,52
2023,June,29,180,Cook Bay,Eastern Kodiak,57.7796,-152.2638,52
2018,Aug,15,227,Agripina Bay,Agripina Bay,57.1071,-156.4564,53
2018,Aug,15,227,Agripina Bay,Agripina Bay,57.1071,-156.4564,53
2018,Aug,15,227,Agripina Bay,Agripina Bay,57.1071,-156.4564,53
2018,Aug,15,227,Agripina Bay,Agripina Bay,57.1093,-156.4602,53
2018,Aug,15,227,Agripina Bay,Agripina Bay,57.1046,-156.4717,53
2018,Aug,15,227,Agripina Bay,Agripina Bay,57.1041,-156.4766,53
2018,Aug,15,227,Agripina Bay,Agripina Bay,57.1041,-156.4766,53
2021,Aug,4,216,Kaiugnak Bay,Kaiugnak Bay,57.0535,-153.6533,53
2021,Aug,4,216,Kaiugnak Bay,Kaiugnak Bay,57.0606,-153.7056,53
2020,Aug,1,214,Kaiugnak Bay,Kaiugnak Bay,57.0572,-153.703,53
2018,Aug,1,213,Baralof Bay,Shumagin Islands,55.228,-160.5598,53
2018,Aug,1,213,Baralof Bay,Shumagin Islands,55.228,-160.5598,53
2018,Aug,1,213,Baralof Bay,Shumagin Islands,55.228,-160.5598,53
2018,Aug,1,213,Baralof Bay,Shumagin Islands,55.228,-160.5598,53
2018,Aug,1,213,Baralof Bay,Shumagin Islands,55.228,-160.5598,53
2018,Aug,1,213,Baralof Bay,Shumagin Islands,55.228,-160.5598,53
2018,Aug,1,213,Baralof Bay,Shumagin Islands,55.2303,-160.5485,53
2018,Aug,1,213,Baralof Bay,Shumagin Islands,55.2293,-160.5518,53
2018,Aug,1,213,Baralof Bay,Shumagin Islands,55.2293,-160.5623,53
2018,Aug,1,213,Baralof Bay,Shumagin Islands,55.2293,-160.5623,53
2018,Aug,1,213,Baralof Bay,Shumagin Islands,55.2294,-160.5646,53
2018,Aug,1,213,Baralof Bay,Shumagin Islands,55.2294,-160.5646,53
2018,Aug,1,213,Baralof Bay,Shumagin Islands,55.2294,-160.5646,53
2018,Aug,1,213,Baralof Bay,Shumagin Islands,55.2294,-160.5646,53
2018,Aug,1,213,Baralof Bay,Shumagin Islands,55.2307,-160.5694,53
2018,Aug,1,213,Baralof Bay,Shumagin Islands,55.2307,-160.5694,53
2018,Aug,1,213,Baralof Bay,Shumagin Islands,55.2307,-160.5694,53
2018,July,30,211,Falmouth Bay,Shumagin Islands,55.0691,-160.1299,53
2018,July,30,211,Falmouth Bay,Shumagin Islands,55.0691,-160.1299,53
2018,July,30,211,Falmouth Bay,Shumagin Islands,55.0694,-160.1137,53
2018,July,29,210,Falmouth Bay,Shumagin Islands,55.0684,-160.1125,53
2018,July,29,210,Falmouth Bay,Shumagin Islands,55.0639,-160.1164,53
2018,July,26,207,Sand Point,Shumagin Islands,55.3204,-160.5207,53
2018,July,26,207,Sand Point,Shumagin Islands,55.2535,-160.5241,53
2018,July,26,207,Sand Point,Shumagin Islands,55.2535,-160.5241,53
2018,July,26,207,Sand Point,Shumagin Islands,55.2535,-160.5241,53
2020,July,23,205,Baralof Bay,Shumagin Islands,55.2309,-160.5682,53
2020,July,23,205,Baralof Bay,Shumagin Islands,55.2304,-160.5484,53
2020,July,23,205,Baralof Bay,Shumagin Islands,55.2293,-160.5519,53
2020,July,23,205,Baralof Bay,Shumagin Islands,55.2293,-160.5623,53
2020,July,23,205,Baralof Bay,Shumagin Islands,55.2293,-160.5623,53
2020,July,23,205,Baralof Bay,Shumagin Islands,55.2293,-160.5623,53
2020,July,23,205,Baralof Bay,Shumagin Islands,55.2294,-160.5646,53
2020,July,23,205,Baralof Bay,Shumagin Islands,55.2294,-160.5646,53
2020,July,20,202,Sand Point,Shumagin Islands,55.3202,-160.5241,53
2020,July,20,202,Sand Point,Shumagin Islands,55.3202,-160.5241,53
2020,July,20,202,Sand Point,Shumagin Islands,55.3202,-160.5241,53
2020,July,19,201,Falmouth Bay,Shumagin Islands,55.0693,-160.1138,53
2020,July,19,201,Falmouth Bay,Shumagin Islands,55.0693,-160.1138,53
2020,July,19,201,Falmouth Bay,Shumagin Islands,55.0689,-160.1296,53
2020,July,19,201,Falmouth Bay,Shumagin Islands,55.0668,-160.1265,53
2020,July,19,201,Falmouth Bay,Shumagin Islands,55.0668,-160.1265,53
2020,July,19,201,Falmouth Bay,Shumagin Islands,55.0668,-160.1265,53
2020,July,19,201,Falmouth Bay,Shumagin Islands,55.0668,-160.1265,53
2020,July,19,201,Falmouth Bay,Shumagin Islands,55.0668,-160.1265,53
2023,July,19,200,Falmouth Bay,Shumagin Islands,55.0695,-160.114,53
2023,July,19,200,Falmouth Bay,Shumagin Islands,55.0695,-160.114,53
2023,July,19,200,Falmouth Bay,Shumagin Islands,55.0695,-160.114,53
2023,July,19,200,Falmouth Bay,Shumagin Islands,55.0689,-160.1297,53
2023,July,19,200,Falmouth Bay,Shumagin Islands,55.0689,-160.1297,53
2023,July,17,198,Baralof Bay,Shumagin Islands,55.2294,-160.5626,53
2023,July,17,198,Baralof Bay,Shumagin Islands,55.2293,-160.5518,53
2023,July,17,198,Baralof Bay,Shumagin Islands,55.2197,-160.5484,53
2023,July,17,198,Baralof Bay,Shumagin Islands,55.2197,-160.5484,53
2018,July,16,197,Agripina Bay,Agripina Bay,57.1047,-156.4584,53
2018,July,16,197,Agripina Bay,Agripina Bay,57.1094,-156.4599,53
2018,July,16,197,Agripina Bay,Agripina Bay,57.1094,-156.4599,53
2018,July,16,197,Agripina Bay,Agripina Bay,57.1071,-156.4565,53
2018,July,16,197,Agripina Bay,Agripina Bay,57.1071,-156.4565,53
2018,July,16,197,Agripina Bay,Agripina Bay,57.104,-156.4766,53
2021,July,15,196,Baralof Bay,Shumagin Islands,55.2303,-160.5486,53
2022,July,15,196,Baralof Bay,Shumagin Islands,55.2295,-160.5646,53
2022,July,15,196,Baralof Bay,Shumagin Islands,55.2293,-160.5622,53
2022,July,15,196,Baralof Bay,Shumagin Islands,55.2293,-160.5515,53
2022,July,15,196,Baralof Bay,Shumagin Islands,55.2304,-160.5484,53
2022,July,14,195,Falmouth Bay,Shumagin Islands,55.0692,-160.1136,53
2022,July,14,195,Falmouth Bay,Shumagin Islands,55.0692,-160.1136,53
2022,July,14,195,Falmouth Bay,Shumagin Islands,55.0685,-160.1127,53
2022,July,14,195,Falmouth Bay,Shumagin Islands,55.0669,-160.1266,53
2018,July,9,190,Kaiugnak Bay,Kaiugnak Bay,57.0733,-153.6708,53
2018,July,9,190,Kaiugnak Bay,Kaiugnak Bay,57.0708,-153.6749,53
2018,July,9,190,Kaiugnak Bay,Kaiugnak Bay,57.0535,-153.6531,53
2020,July,6,188,Agripina Bay,Agripina Bay,57.1092,-156.4602,53
2020,July,6,188,Agripina Bay,Agripina Bay,57.1073,-156.4562,53
2020,July,6,188,Agripina Bay,Agripina Bay,57.1073,-156.4562,53
2020,July,6,188,Agripina Bay,Agripina Bay,57.1073,-156.4562,53
2020,July,6,188,Agripina Bay,Agripina Bay,57.1073,-156.4562,53
2020,July,6,188,Agripina Bay,Agripina Bay,57.1049,-156.4585,53
2020,July,6,188,Agripina Bay,Agripina Bay,57.1049,-156.4585,53
2020,July,6,188,Agripina Bay,Agripina Bay,57.1049,-156.4585,53
2020,July,6,188,Agripina Bay,Agripina Bay,57.1045,-156.4714,53
2020,July,6,188,Agripina Bay,Agripina Bay,57.1045,-156.4714,53
2020,July,6,188,Agripina Bay,Agripina Bay,57.1045,-156.4714,53
2020,July,6,188,Agripina Bay,Agripina Bay,57.1045,-156.4714,53
2020,July,6,188,Agripina Bay,Agripina Bay,57.1045,-156.4714,53
2020,July,6,188,Agripina Bay,Agripina Bay,57.1045,-156.4714,53
2020,July,6,188,Agripina Bay,Agripina Bay,57.1045,-156.4714,53
2020,July,6,188,Agripina Bay,Agripina Bay,57.1045,-156.4714,53
2020,July,6,188,Agripina Bay,Agripina Bay,57.1045,-156.4714,53
2020,July,6,188,Agripina Bay,Agripina Bay,57.1045,-156.4714,53
2020,July,6,188,Agripina Bay,Agripina Bay,57.104,-156.4767,53
2020,July,6,188,Agripina Bay,Agripina Bay,57.104,-156.4767,53
2020,July,6,188,Agripina Bay,Agripina Bay,57.104,-156.4767,53
2020,July,6,188,Agripina Bay,Agripina Bay,57.104,-156.4767,53
2020,July,6,188,Agripina Bay,Agripina Bay,57.104,-156.4767,53
2020,July,6,188,Agripina Bay,Agripina Bay,57.104,-156.4767,53
2021,July,5,186,Agripina Bay,Agripina Bay,57.1045,-156.4714,53
2021,July,5,186,Agripina Bay,Agripina Bay,57.104,-156.4767,53
2021,July,5,186,Agripina Bay,Agripina Bay,57.104,-156.4767,53
2022,July,4,185,Agripina Bay,Agripina Bay,57.1048,-156.4585,53
2022,July,4,185,Agripina Bay,Agripina Bay,57.1046,-156.4717,53
2022,July,4,185,Agripina Bay,Agripina Bay,57.1042,-156.4766,53
2020,July,2,184,Cook Bay,Eastern Kodiak,57.7686,-152.2738,53
2020,July,2,184,Cook Bay,Eastern Kodiak,57.7239,-152.259,53
2020,July,2,184,Cook Bay,Eastern Kodiak,57.7239,-152.259,53
2020,July,2,184,Cook Bay,Eastern Kodiak,57.7794,-152.2769,53
2020,July,2,184,Cook Bay,Eastern Kodiak,57.7794,-152.2769,53
2020,July,2,184,Cook Bay,Eastern Kodiak,57.7794,-152.2769,53
2020,July,2,184,Cook Bay,Eastern Kodiak,57.7794,-152.2769,53
2020,July,2,184,Cook Bay,Eastern Kodiak,57.7794,-152.2769,53
2020,July,2,184,Cook Bay,Eastern Kodiak,57.7794,-152.2769,53
2020,July,2,184,Cook Bay,Eastern Kodiak,57.7783,-152.2506,53
2018,Aug,15,227,Agripina Bay,Agripina Bay,57.1071,-156.4564,54
2018,Aug,15,227,Agripina Bay,Agripina Bay,57.1071,-156.4564,54
2018,Aug,15,227,Agripina Bay,Agripina Bay,57.1046,-156.4717,54
2018,Aug,15,227,Agripina Bay,Agripina Bay,57.1041,-156.4766,54
2021,Aug,4,216,Kaiugnak Bay,Kaiugnak Bay,57.0535,-153.6533,54
2020,Aug,1,214,Kaiugnak Bay,Kaiugnak Bay,57.0709,-153.6748,54
2020,Aug,1,214,Kaiugnak Bay,Kaiugnak Bay,57.0572,-153.703,54
2018,Aug,1,213,Baralof Bay,Shumagin Islands,55.228,-160.5598,54
2018,Aug,1,213,Baralof Bay,Shumagin Islands,55.228,-160.5598,54
2018,Aug,1,213,Baralof Bay,Shumagin Islands,55.228,-160.5598,54
2018,Aug,1,213,Baralof Bay,Shumagin Islands,55.228,-160.5598,54
2018,Aug,1,213,Baralof Bay,Shumagin Islands,55.2303,-160.5485,54
2018,Aug,1,213,Baralof Bay,Shumagin Islands,55.2303,-160.5485,54
2018,Aug,1,213,Baralof Bay,Shumagin Islands,55.2293,-160.5518,54
2018,Aug,1,213,Baralof Bay,Shumagin Islands,55.2293,-160.5518,54
2018,Aug,1,213,Baralof Bay,Shumagin Islands,55.2293,-160.5623,54
2018,Aug,1,213,Baralof Bay,Shumagin Islands,55.2293,-160.5623,54
2018,Aug,1,213,Baralof Bay,Shumagin Islands,55.2293,-160.5623,54
2018,Aug,1,213,Baralof Bay,Shumagin Islands,55.2293,-160.5623,54
2018,Aug,1,213,Baralof Bay,Shumagin Islands,55.2294,-160.5646,54
2018,Aug,1,213,Baralof Bay,Shumagin Islands,55.2294,-160.5646,54
2018,Aug,1,213,Baralof Bay,Shumagin Islands,55.2294,-160.5646,54
2018,Aug,1,213,Baralof Bay,Shumagin Islands,55.2294,-160.5646,54
2018,Aug,1,213,Baralof Bay,Shumagin Islands,55.2294,-160.5646,54
2018,Aug,1,213,Baralof Bay,Shumagin Islands,55.2307,-160.5694,54
2018,Aug,1,213,Baralof Bay,Shumagin Islands,55.2307,-160.5694,54
2018,Aug,1,213,Baralof Bay,Shumagin Islands,55.2307,-160.5694,54
2018,July,30,211,Falmouth Bay,Shumagin Islands,55.0694,-160.1137,54
2018,July,30,211,Falmouth Bay,Shumagin Islands,55.0694,-160.1137,54
2018,July,30,211,Falmouth Bay,Shumagin Islands,55.0694,-160.1137,54
2018,July,29,210,Falmouth Bay,Shumagin Islands,55.0639,-160.1164,54
2018,July,29,210,Falmouth Bay,Shumagin Islands,55.0669,-160.1267,54
2018,July,29,210,Falmouth Bay,Shumagin Islands,55.0669,-160.1267,54
2018,July,26,207,Sand Point,Shumagin Islands,55.3204,-160.5207,54
2018,July,26,207,Sand Point,Shumagin Islands,55.3204,-160.5207,54
2018,July,26,207,Sand Point,Shumagin Islands,55.2535,-160.5241,54
2018,July,26,207,Sand Point,Shumagin Islands,55.2535,-160.5241,54
2020,July,23,205,Baralof Bay,Shumagin Islands,55.2309,-160.5682,54
2020,July,23,205,Baralof Bay,Shumagin Islands,55.2309,-160.5682,54
2020,July,23,205,Baralof Bay,Shumagin Islands,55.2304,-160.5484,54
2020,July,23,205,Baralof Bay,Shumagin Islands,55.2293,-160.5623,54
2020,July,23,205,Baralof Bay,Shumagin Islands,55.2293,-160.5623,54
2020,July,23,205,Baralof Bay,Shumagin Islands,55.2293,-160.5623,54
2020,July,23,205,Baralof Bay,Shumagin Islands,55.2293,-160.5623,54
2020,July,23,205,Baralof Bay,Shumagin Islands,55.2293,-160.5623,54
2020,July,23,205,Baralof Bay,Shumagin Islands,55.2293,-160.5623,54
2020,July,23,205,Baralof Bay,Shumagin Islands,55.2293,-160.5623,54
2020,July,23,205,Baralof Bay,Shumagin Islands,55.2294,-160.5646,54
2020,July,23,205,Baralof Bay,Shumagin Islands,55.2294,-160.5646,54
2020,July,23,205,Baralof Bay,Shumagin Islands,55.2294,-160.5646,54
2020,July,20,202,Sand Point,Shumagin Islands,55.3202,-160.5241,54
2020,July,20,202,Sand Point,Shumagin Islands,55.3202,-160.5241,54
2020,July,19,201,Falmouth Bay,Shumagin Islands,55.0693,-160.1138,54
2020,July,19,201,Falmouth Bay,Shumagin Islands,55.0693,-160.1138,54
2020,July,19,201,Falmouth Bay,Shumagin Islands,55.0693,-160.1138,54
2020,July,19,201,Falmouth Bay,Shumagin Islands,55.0693,-160.1138,54
2020,July,19,201,Falmouth Bay,Shumagin Islands,55.0693,-160.1138,54
2020,July,19,201,Falmouth Bay,Shumagin Islands,55.0693,-160.1138,54
2020,July,19,201,Falmouth Bay,Shumagin Islands,55.0693,-160.1138,54
2020,July,19,201,Falmouth Bay,Shumagin Islands,55.0689,-160.1296,54
2020,July,19,201,Falmouth Bay,Shumagin Islands,55.0668,-160.1265,54
2020,July,19,201,Falmouth Bay,Shumagin Islands,55.0668,-160.1265,54
2020,July,19,201,Falmouth Bay,Shumagin Islands,55.0668,-160.1265,54
2020,July,19,201,Falmouth Bay,Shumagin Islands,55.0668,-160.1265,54
2020,July,19,201,Falmouth Bay,Shumagin Islands,55.0668,-160.1265,54
2022,July,19,200,Sand Point,Shumagin Islands,55.3201,-160.524,54
2023,July,19,200,Falmouth Bay,Shumagin Islands,55.0695,-160.114,54
2023,July,19,200,Falmouth Bay,Shumagin Islands,55.0695,-160.114,54
2023,July,19,200,Falmouth Bay,Shumagin Islands,55.0695,-160.114,54
2023,July,19,200,Falmouth Bay,Shumagin Islands,55.0686,-160.1128,54
2023,July,19,200,Falmouth Bay,Shumagin Islands,55.0689,-160.1297,54
2021,July,17,198,Sand Point,Shumagin Islands,55.3204,-160.5202,54
2023,July,17,198,Baralof Bay,Shumagin Islands,55.2294,-160.5626,54
2023,July,17,198,Baralof Bay,Shumagin Islands,55.2294,-160.5626,54
2023,July,17,198,Baralof Bay,Shumagin Islands,55.2293,-160.5518,54
2023,July,17,198,Baralof Bay,Shumagin Islands,55.2293,-160.5518,54
2023,July,17,198,Baralof Bay,Shumagin Islands,55.2293,-160.5518,54
2023,July,17,198,Baralof Bay,Shumagin Islands,55.2197,-160.5484,54
2023,July,17,198,Baralof Bay,Shumagin Islands,55.2197,-160.5484,54
2018,July,16,197,Agripina Bay,Agripina Bay,57.1047,-156.4584,54
2018,July,16,197,Agripina Bay,Agripina Bay,57.1047,-156.4584,54
2018,July,16,197,Agripina Bay,Agripina Bay,57.1094,-156.4599,54
2018,July,16,197,Agripina Bay,Agripina Bay,57.1094,-156.4599,54
2018,July,16,197,Agripina Bay,Agripina Bay,57.1094,-156.4599,54
2018,July,16,197,Agripina Bay,Agripina Bay,57.1071,-156.4565,54
2018,July,16,197,Agripina Bay,Agripina Bay,57.1071,-156.4565,54
2018,July,16,197,Agripina Bay,Agripina Bay,57.1071,-156.4565,54
2018,July,16,197,Agripina Bay,Agripina Bay,57.1071,-156.4565,54
2022,July,14,195,Falmouth Bay,Shumagin Islands,55.0692,-160.1136,54
2022,July,14,195,Falmouth Bay,Shumagin Islands,55.0692,-160.1136,54
2022,July,14,195,Falmouth Bay,Shumagin Islands,55.069,-160.1297,54
2018,July,9,190,Kaiugnak Bay,Kaiugnak Bay,57.0559,-153.6501,54
2018,July,9,190,Kaiugnak Bay,Kaiugnak Bay,57.0559,-153.6501,54
2018,July,9,190,Kaiugnak Bay,Kaiugnak Bay,57.0708,-153.6749,54
2018,July,9,190,Kaiugnak Bay,Kaiugnak Bay,57.0535,-153.6531,54
2018,July,9,190,Kaiugnak Bay,Kaiugnak Bay,57.0535,-153.6531,54
2018,July,9,190,Kaiugnak Bay,Kaiugnak Bay,57.0606,-153.7086,54
2020,July,6,188,Agripina Bay,Agripina Bay,57.1092,-156.4602,54
2020,July,6,188,Agripina Bay,Agripina Bay,57.1049,-156.4585,54
2020,July,6,188,Agripina Bay,Agripina Bay,57.1045,-156.4714,54
2020,July,6,188,Agripina Bay,Agripina Bay,57.1045,-156.4714,54
2020,July,6,188,Agripina Bay,Agripina Bay,57.1045,-156.4714,54
2020,July,6,188,Agripina Bay,Agripina Bay,57.1045,-156.4714,54
2020,July,6,188,Agripina Bay,Agripina Bay,57.1045,-156.4714,54
2020,July,6,188,Agripina Bay,Agripina Bay,57.1045,-156.4714,54
2020,July,6,188,Agripina Bay,Agripina Bay,57.1045,-156.4714,54
2020,July,6,188,Agripina Bay,Agripina Bay,57.1045,-156.4714,54
2020,July,6,188,Agripina Bay,Agripina Bay,57.1045,-156.4714,54
2020,July,6,188,Agripina Bay,Agripina Bay,57.1045,-156.4714,54
2020,July,6,188,Agripina Bay,Agripina Bay,57.1045,-156.4714,54
2020,July,6,188,Agripina Bay,Agripina Bay,57.104,-156.4767,54
2020,July,6,188,Agripina Bay,Agripina Bay,57.104,-156.4767,54
2020,July,6,188,Agripina Bay,Agripina Bay,57.104,-156.4767,54
2020,July,6,188,Agripina Bay,Agripina Bay,57.104,-156.4767,54
2020,July,6,188,Agripina Bay,Agripina Bay,57.104,-156.4767,54
2020,July,6,188,Agripina Bay,Agripina Bay,57.104,-156.4767,54
2020,July,6,188,Agripina Bay,Agripina Bay,57.104,-156.4767,54
2020,July,6,188,Agripina Bay,Agripina Bay,57.104,-156.4767,54
2022,July,4,185,Agripina Bay,Agripina Bay,57.1048,-156.4585,54
2022,July,4,185,Agripina Bay,Agripina Bay,57.1048,-156.4585,54
2022,July,4,185,Agripina Bay,Agripina Bay,57.1048,-156.4585,54
2022,July,4,185,Agripina Bay,Agripina Bay,57.1093,-156.4602,54
2022,July,4,185,Agripina Bay,Agripina Bay,57.1046,-156.4717,54
2022,July,4,185,Agripina Bay,Agripina Bay,57.1042,-156.4766,54
2020,July,2,184,Cook Bay,Eastern Kodiak,57.7686,-152.2738,54
2020,July,2,184,Cook Bay,Eastern Kodiak,57.7686,-152.2738,54
2020,July,2,184,Cook Bay,Eastern Kodiak,57.7686,-152.2738,54
2020,July,2,184,Cook Bay,Eastern Kodiak,57.7686,-152.2738,54
2020,July,2,184,Cook Bay,Eastern Kodiak,57.7239,-152.259,54
2020,July,2,184,Cook Bay,Eastern Kodiak,57.7239,-152.259,54
2020,July,2,184,Cook Bay,Eastern Kodiak,57.7794,-152.2769,54
2020,July,2,184,Cook Bay,Eastern Kodiak,57.7794,-152.2769,54
2020,July,2,184,Cook Bay,Eastern Kodiak,57.7783,-152.2506,54
2018,Aug,15,227,Agripina Bay,Agripina Bay,57.1048,-156.4586,55
2018,Aug,15,227,Agripina Bay,Agripina Bay,57.1071,-156.4564,55
2018,Aug,15,227,Agripina Bay,Agripina Bay,57.1071,-156.4564,55
2018,Aug,15,227,Agripina Bay,Agripina Bay,57.1071,-156.4564,55
2018,Aug,15,227,Agripina Bay,Agripina Bay,57.1071,-156.4564,55
2018,Aug,15,227,Agripina Bay,Agripina Bay,57.1093,-156.4602,55
2018,Aug,15,227,Agripina Bay,Agripina Bay,57.1041,-156.4766,55
2018,Aug,15,227,Agripina Bay,Agripina Bay,57.1041,-156.4766,55
2021,Aug,4,216,Kaiugnak Bay,Kaiugnak Bay,57.0606,-153.7056,55
2018,Aug,1,213,Baralof Bay,Shumagin Islands,55.228,-160.5598,55
2018,Aug,1,213,Baralof Bay,Shumagin Islands,55.228,-160.5598,55
2018,Aug,1,213,Baralof Bay,Shumagin Islands,55.2303,-160.5485,55
2018,Aug,1,213,Baralof Bay,Shumagin Islands,55.2293,-160.5518,55
2018,Aug,1,213,Baralof Bay,Shumagin Islands,55.2293,-160.5623,55
2018,Aug,1,213,Baralof Bay,Shumagin Islands,55.2293,-160.5623,55
2018,Aug,1,213,Baralof Bay,Shumagin Islands,55.2293,-160.5623,55
2018,Aug,1,213,Baralof Bay,Shumagin Islands,55.2293,-160.5623,55
2018,Aug,1,213,Baralof Bay,Shumagin Islands,55.2294,-160.5646,55
2018,Aug,1,213,Baralof Bay,Shumagin Islands,55.2294,-160.5646,55
2018,Aug,1,213,Baralof Bay,Shumagin Islands,55.2307,-160.5694,55
2018,July,30,211,Falmouth Bay,Shumagin Islands,55.0694,-160.1137,55
2018,July,29,210,Falmouth Bay,Shumagin Islands,55.0639,-160.1164,55
2018,July,29,210,Falmouth Bay,Shumagin Islands,55.0669,-160.1267,55
2018,July,29,210,Falmouth Bay,Shumagin Islands,55.0669,-160.1267,55
2018,July,29,210,Falmouth Bay,Shumagin Islands,55.0669,-160.1267,55
2018,July,26,207,Sand Point,Shumagin Islands,55.3204,-160.5207,55
2018,July,26,207,Sand Point,Shumagin Islands,55.2535,-160.5241,55
2020,July,23,205,Baralof Bay,Shumagin Islands,55.2309,-160.5682,55
2020,July,23,205,Baralof Bay,Shumagin Islands,55.2309,-160.5682,55
2020,July,23,205,Baralof Bay,Shumagin Islands,55.2304,-160.5484,55
2020,July,23,205,Baralof Bay,Shumagin Islands,55.2293,-160.5623,55
2020,July,23,205,Baralof Bay,Shumagin Islands,55.2293,-160.5623,55
2020,July,23,205,Baralof Bay,Shumagin Islands,55.2293,-160.5623,55
2020,July,20,202,Sand Point,Shumagin Islands,55.3204,-160.5204,55
2020,July,20,202,Sand Point,Shumagin Islands,55.3202,-160.5241,55
2020,July,20,202,Sand Point,Shumagin Islands,55.3202,-160.5241,55
2020,July,20,202,Sand Point,Shumagin Islands,55.3202,-160.5241,55
2020,July,19,201,Falmouth Bay,Shumagin Islands,55.0693,-160.1138,55
2020,July,19,201,Falmouth Bay,Shumagin Islands,55.0668,-160.1265,55
2020,July,19,201,Falmouth Bay,Shumagin Islands,55.0668,-160.1265,55
2022,July,19,200,Kaiugnak Bay,Kaiugnak Bay,57.0607,-153.7889,55
2022,July,19,200,Kaiugnak Bay,Kaiugnak Bay,57.0607,-153.7889,55
2022,July,19,200,Kaiugnak Bay,Kaiugnak Bay,57.0708,-153.6747,55
2022,July,19,200,Sand Point,Shumagin Islands,55.3204,-160.5201,55
2023,July,19,200,Falmouth Bay,Shumagin Islands,55.0695,-160.114,55
2023,July,19,200,Falmouth Bay,Shumagin Islands,55.0695,-160.114,55
2023,July,19,200,Falmouth Bay,Shumagin Islands,55.0695,-160.114,55
2023,July,19,200,Falmouth Bay,Shumagin Islands,55.0689,-160.1297,55
2023,July,19,200,Falmouth Bay,Shumagin Islands,55.0689,-160.1297,55
2021,July,17,198,Falmouth Bay,Shumagin Islands,55.0636,-160.1169,55
2023,July,17,198,Baralof Bay,Shumagin Islands,55.2293,-160.5518,55
2018,July,16,197,Agripina Bay,Agripina Bay,57.1132,-156.4796,55
2018,July,16,197,Agripina Bay,Agripina Bay,57.1047,-156.4584,55
2018,July,16,197,Agripina Bay,Agripina Bay,57.1047,-156.4584,55
2018,July,16,197,Agripina Bay,Agripina Bay,57.1094,-156.4599,55
2018,July,16,197,Agripina Bay,Agripina Bay,57.1071,-156.4565,55
2018,July,16,197,Agripina Bay,Agripina Bay,57.1045,-156.4712,55
2018,July,16,197,Agripina Bay,Agripina Bay,57.1045,-156.4712,55
2018,July,16,197,Agripina Bay,Agripina Bay,57.1045,-156.4712,55
2022,July,15,196,Baralof Bay,Shumagin Islands,55.2311,-160.5681,55
2022,July,15,196,Baralof Bay,Shumagin Islands,55.2293,-160.5515,55
2022,July,15,196,Baralof Bay,Shumagin Islands,55.2304,-160.5484,55
2022,July,14,195,Falmouth Bay,Shumagin Islands,55.0692,-160.1136,55
2022,July,14,195,Falmouth Bay,Shumagin Islands,55.0692,-160.1136,55
2022,July,14,195,Falmouth Bay,Shumagin Islands,55.0685,-160.1127,55
2018,July,9,190,Kaiugnak Bay,Kaiugnak Bay,57.0559,-153.6501,55
2018,July,9,190,Kaiugnak Bay,Kaiugnak Bay,57.0708,-153.6749,55
2018,July,9,190,Kaiugnak Bay,Kaiugnak Bay,57.0708,-153.6749,55
2018,July,9,190,Kaiugnak Bay,Kaiugnak Bay,57.0708,-153.6749,55
2018,July,9,190,Kaiugnak Bay,Kaiugnak Bay,57.0708,-153.6749,55
2018,July,9,190,Kaiugnak Bay,Kaiugnak Bay,57.0708,-153.6749,55
2018,July,9,190,Kaiugnak Bay,Kaiugnak Bay,57.0708,-153.6749,55
2018,July,9,190,Kaiugnak Bay,Kaiugnak Bay,57.0708,-153.6749,55
2018,July,9,190,Kaiugnak Bay,Kaiugnak Bay,57.0535,-153.6531,55
2018,July,9,190,Kaiugnak Bay,Kaiugnak Bay,57.057,-153.7047,55
2018,July,9,190,Kaiugnak Bay,Kaiugnak Bay,57.057,-153.7047,55
2020,July,6,188,Agripina Bay,Agripina Bay,57.1092,-156.4602,55
2020,July,6,188,Agripina Bay,Agripina Bay,57.1092,-156.4602,55
2020,July,6,188,Agripina Bay,Agripina Bay,57.1092,-156.4602,55
2020,July,6,188,Agripina Bay,Agripina Bay,57.1073,-156.4562,55
2020,July,6,188,Agripina Bay,Agripina Bay,57.1073,-156.4562,55
2020,July,6,188,Agripina Bay,Agripina Bay,57.1073,-156.4562,55
2020,July,6,188,Agripina Bay,Agripina Bay,57.1049,-156.4585,55
2020,July,6,188,Agripina Bay,Agripina Bay,57.1045,-156.4714,55
2020,July,6,188,Agripina Bay,Agripina Bay,57.1045,-156.4714,55
2020,July,6,188,Agripina Bay,Agripina Bay,57.1045,-156.4714,55
2020,July,6,188,Agripina Bay,Agripina Bay,57.1045,-156.4714,55
2020,July,6,188,Agripina Bay,Agripina Bay,57.1045,-156.4714,55
2020,July,6,188,Agripina Bay,Agripina Bay,57.104,-156.4767,55
2020,July,6,188,Agripina Bay,Agripina Bay,57.104,-156.4767,55
2020,July,6,188,Agripina Bay,Agripina Bay,57.104,-156.4767,55
2020,July,6,188,Agripina Bay,Agripina Bay,57.104,-156.4767,55
2020,July,6,188,Agripina Bay,Agripina Bay,57.104,-156.4767,55
2020,July,6,188,Agripina Bay,Agripina Bay,57.104,-156.4767,55
2020,July,6,188,Agripina Bay,Agripina Bay,57.104,-156.4767,55
2020,July,6,188,Agripina Bay,Agripina Bay,57.104,-156.4767,55
2023,July,7,188,Agripina Bay,Agripina Bay,57.1049,-156.4585,55
2022,July,4,185,Agripina Bay,Agripina Bay,57.1048,-156.4585,55
2022,July,4,185,Agripina Bay,Agripina Bay,57.1046,-156.4717,55
2022,July,4,185,Agripina Bay,Agripina Bay,57.1042,-156.4766,55
2022,July,4,185,Agripina Bay,Agripina Bay,57.1042,-156.4766,55
2022,July,4,185,Agripina Bay,Agripina Bay,57.1042,-156.4766,55
2022,July,4,185,Agripina Bay,Agripina Bay,57.1042,-156.4766,55
2020,July,2,184,Cook Bay,Eastern Kodiak,57.7686,-152.2738,55
2020,July,2,184,Cook Bay,Eastern Kodiak,57.7239,-152.259,55
2020,July,2,184,Cook Bay,Eastern Kodiak,57.7239,-152.259,55
2020,July,2,184,Cook Bay,Eastern Kodiak,57.7239,-152.259,55
2020,July,2,184,Cook Bay,Eastern Kodiak,57.7794,-152.2769,55
2020,July,2,184,Cook Bay,Eastern Kodiak,57.7794,-152.2769,55
2020,July,2,184,Cook Bay,Eastern Kodiak,57.7794,-152.2769,55
2020,July,2,184,Cook Bay,Eastern Kodiak,57.7783,-152.2506,55
2018,Aug,15,227,Agripina Bay,Agripina Bay,57.1071,-156.4564,56
2018,Aug,15,227,Agripina Bay,Agripina Bay,57.1071,-156.4564,56
2018,Aug,15,227,Agripina Bay,Agripina Bay,57.1046,-156.4717,56
2018,Aug,15,227,Agripina Bay,Agripina Bay,57.1041,-156.4766,56
2018,Aug,15,227,Agripina Bay,Agripina Bay,57.1041,-156.4766,56
2021,Aug,4,216,Kaiugnak Bay,Kaiugnak Bay,57.0535,-153.6533,56
2020,Aug,1,214,Kaiugnak Bay,Kaiugnak Bay,57.0709,-153.6748,56
2018,Aug,1,213,Baralof Bay,Shumagin Islands,55.228,-160.5598,56
2018,Aug,1,213,Baralof Bay,Shumagin Islands,55.2303,-160.5485,56
2018,Aug,1,213,Baralof Bay,Shumagin Islands,55.2303,-160.5485,56
2018,Aug,1,213,Baralof Bay,Shumagin Islands,55.2303,-160.5485,56
2018,Aug,1,213,Baralof Bay,Shumagin Islands,55.2303,-160.5485,56
2018,Aug,1,213,Baralof Bay,Shumagin Islands,55.2303,-160.5485,56
2018,Aug,1,213,Baralof Bay,Shumagin Islands,55.2293,-160.5518,56
2018,Aug,1,213,Baralof Bay,Shumagin Islands,55.2294,-160.5646,56
2018,Aug,1,213,Baralof Bay,Shumagin Islands,55.2294,-160.5646,56
2018,Aug,1,213,Baralof Bay,Shumagin Islands,55.2294,-160.5646,56
2018,Aug,1,213,Baralof Bay,Shumagin Islands,55.2294,-160.5646,56
2018,Aug,1,213,Baralof Bay,Shumagin Islands,55.2307,-160.5694,56
2018,July,30,211,Falmouth Bay,Shumagin Islands,55.0694,-160.1137,56
2018,July,30,211,Falmouth Bay,Shumagin Islands,55.0694,-160.1137,56
2018,July,30,211,Falmouth Bay,Shumagin Islands,55.0694,-160.1137,56
2018,July,30,211,Falmouth Bay,Shumagin Islands,55.0694,-160.1137,56
2018,July,30,211,Falmouth Bay,Shumagin Islands,55.0694,-160.1137,56
2018,July,29,210,Falmouth Bay,Shumagin Islands,55.0639,-160.1164,56
2018,July,26,207,Sand Point,Shumagin Islands,55.3204,-160.5207,56
2018,July,26,207,Sand Point,Shumagin Islands,55.3204,-160.5207,56
2018,July,26,207,Sand Point,Shumagin Islands,55.3204,-160.5207,56
2018,July,26,207,Sand Point,Shumagin Islands,55.2535,-160.5241,56
2018,July,26,207,Sand Point,Shumagin Islands,55.2535,-160.5241,56
2018,July,26,207,Sand Point,Shumagin Islands,55.2535,-160.5241,56
2018,July,26,207,Sand Point,Shumagin Islands,55.2535,-160.5241,56
2018,July,26,207,Sand Point,Shumagin Islands,55.2535,-160.5241,56
2020,July,23,205,Baralof Bay,Shumagin Islands,55.2309,-160.5682,56
2020,July,23,205,Baralof Bay,Shumagin Islands,55.2304,-160.5484,56
2020,July,23,205,Baralof Bay,Shumagin Islands,55.2293,-160.5519,56
2020,July,23,205,Baralof Bay,Shumagin Islands,55.2293,-160.5623,56
2020,July,23,205,Baralof Bay,Shumagin Islands,55.2293,-160.5623,56
2020,July,23,205,Baralof Bay,Shumagin Islands,55.2293,-160.5623,56
2020,July,23,205,Baralof Bay,Shumagin Islands,55.2293,-160.5623,56
2020,July,23,205,Baralof Bay,Shumagin Islands,55.2294,-160.5646,56
2020,July,23,205,Baralof Bay,Shumagin Islands,55.2294,-160.5646,56
2020,July,23,205,Baralof Bay,Shumagin Islands,55.2294,-160.5646,56
2020,July,20,202,Sand Point,Shumagin Islands,55.3204,-160.5204,56
2020,July,20,202,Sand Point,Shumagin Islands,55.3204,-160.5204,56
2020,July,19,201,Falmouth Bay,Shumagin Islands,55.0693,-160.1138,56
2020,July,19,201,Falmouth Bay,Shumagin Islands,55.0693,-160.1138,56
2020,July,19,201,Falmouth Bay,Shumagin Islands,55.0693,-160.1138,56
2020,July,19,201,Falmouth Bay,Shumagin Islands,55.0693,-160.1138,56
2020,July,19,201,Falmouth Bay,Shumagin Islands,55.0693,-160.1138,56
2020,July,19,201,Falmouth Bay,Shumagin Islands,55.0693,-160.1138,56
2020,July,19,201,Falmouth Bay,Shumagin Islands,55.0685,-160.1126,56
2020,July,19,201,Falmouth Bay,Shumagin Islands,55.0689,-160.1296,56
2020,July,19,201,Falmouth Bay,Shumagin Islands,55.0689,-160.1296,56
2020,July,19,201,Falmouth Bay,Shumagin Islands,55.0668,-160.1265,56
2020,July,19,201,Falmouth Bay,Shumagin Islands,55.0668,-160.1265,56
2020,July,19,201,Falmouth Bay,Shumagin Islands,55.0668,-160.1265,56
2022,July,19,200,Kaiugnak Bay,Kaiugnak Bay,57.0607,-153.7889,56
2022,July,19,200,Kaiugnak Bay,Kaiugnak Bay,57.0708,-153.6747,56
2022,July,19,200,Kaiugnak Bay,Kaiugnak Bay,57.0536,-153.6529,56
2023,July,19,200,Falmouth Bay,Shumagin Islands,55.0695,-160.114,56
2023,July,19,200,Falmouth Bay,Shumagin Islands,55.0695,-160.114,56
2023,July,19,200,Falmouth Bay,Shumagin Islands,55.0686,-160.1128,56
2023,July,19,200,Falmouth Bay,Shumagin Islands,55.0689,-160.1297,56
2023,July,19,200,Falmouth Bay,Shumagin Islands,55.0689,-160.1297,56
2023,July,19,200,Falmouth Bay,Shumagin Islands,55.0689,-160.1297,56
2018,July,16,197,Agripina Bay,Agripina Bay,57.1047,-156.4584,56
2018,July,16,197,Agripina Bay,Agripina Bay,57.1047,-156.4584,56
2018,July,16,197,Agripina Bay,Agripina Bay,57.1094,-156.4599,56
2018,July,16,197,Agripina Bay,Agripina Bay,57.1094,-156.4599,56
2018,July,16,197,Agripina Bay,Agripina Bay,57.1071,-156.4565,56
2018,July,16,197,Agripina Bay,Agripina Bay,57.1071,-156.4565,56
2018,July,16,197,Agripina Bay,Agripina Bay,57.1071,-156.4565,56
2022,July,15,196,Baralof Bay,Shumagin Islands,55.2295,-160.5646,56
2022,July,14,195,Falmouth Bay,Shumagin Islands,55.0692,-160.1136,56
2022,July,14,195,Falmouth Bay,Shumagin Islands,55.0692,-160.1136,56
2018,July,9,190,Kaiugnak Bay,Kaiugnak Bay,57.0733,-153.6708,56
2018,July,9,190,Kaiugnak Bay,Kaiugnak Bay,57.0708,-153.6749,56
2018,July,9,190,Kaiugnak Bay,Kaiugnak Bay,57.0708,-153.6749,56
2018,July,9,190,Kaiugnak Bay,Kaiugnak Bay,57.0708,-153.6749,56
2018,July,9,190,Kaiugnak Bay,Kaiugnak Bay,57.0708,-153.6749,56
2018,July,9,190,Kaiugnak Bay,Kaiugnak Bay,57.0708,-153.6749,56
2018,July,9,190,Kaiugnak Bay,Kaiugnak Bay,57.0708,-153.6749,56
2020,July,6,188,Agripina Bay,Agripina Bay,57.1073,-156.4562,56
2020,July,6,188,Agripina Bay,Agripina Bay,57.1073,-156.4562,56
2020,July,6,188,Agripina Bay,Agripina Bay,57.1049,-156.4585,56
2020,July,6,188,Agripina Bay,Agripina Bay,57.1049,-156.4585,56
2020,July,6,188,Agripina Bay,Agripina Bay,57.1049,-156.4585,56
2020,July,6,188,Agripina Bay,Agripina Bay,57.1049,-156.4585,56
2020,July,6,188,Agripina Bay,Agripina Bay,57.1049,-156.4585,56
2020,July,6,188,Agripina Bay,Agripina Bay,57.1049,-156.4585,56
2020,July,6,188,Agripina Bay,Agripina Bay,57.1045,-156.4714,56
2020,July,6,188,Agripina Bay,Agripina Bay,57.1045,-156.4714,56
2020,July,6,188,Agripina Bay,Agripina Bay,57.1045,-156.4714,56
2020,July,6,188,Agripina Bay,Agripina Bay,57.1045,-156.4714,56
2020,July,6,188,Agripina Bay,Agripina Bay,57.1045,-156.4714,56
2020,July,6,188,Agripina Bay,Agripina Bay,57.1045,-156.4714,56
2020,July,6,188,Agripina Bay,Agripina Bay,57.104,-156.4767,56
2020,July,6,188,Agripina Bay,Agripina Bay,57.104,-156.4767,56
2020,July,6,188,Agripina Bay,Agripina Bay,57.104,-156.4767,56
2020,July,6,188,Agripina Bay,Agripina Bay,57.104,-156.4767,56
2020,July,6,188,Agripina Bay,Agripina Bay,57.104,-156.4767,56
2021,July,5,186,Agripina Bay,Agripina Bay,57.1073,-156.4562,56
2022,July,4,185,Agripina Bay,Agripina Bay,57.1046,-156.4717,56
2020,July,2,184,Cook Bay,Eastern Kodiak,57.7686,-152.2738,56
2020,July,2,184,Cook Bay,Eastern Kodiak,57.7686,-152.2738,56
2020,July,2,184,Cook Bay,Eastern Kodiak,57.7686,-152.2738,56
2020,July,2,184,Cook Bay,Eastern Kodiak,57.7686,-152.2738,56
2020,July,2,184,Cook Bay,Eastern Kodiak,57.7686,-152.2738,56
2020,July,2,184,Cook Bay,Eastern Kodiak,57.7239,-152.259,56
2020,July,2,184,Cook Bay,Eastern Kodiak,57.7239,-152.259,56
2020,July,2,184,Cook Bay,Eastern Kodiak,57.7794,-152.2769,56
2020,July,2,184,Cook Bay,Eastern Kodiak,57.7794,-152.2769,56
2020,July,2,184,Cook Bay,Eastern Kodiak,57.7794,-152.2769,56
2020,July,2,184,Cook Bay,Eastern Kodiak,57.7794,-152.2769,56
2020,July,2,184,Cook Bay,Eastern Kodiak,57.7794,-152.2769,56
2020,July,2,184,Cook Bay,Eastern Kodiak,57.7794,-152.2769,56
2020,July,2,184,Cook Bay,Eastern Kodiak,57.7794,-152.2769,56
2020,July,2,184,Cook Bay,Eastern Kodiak,57.7783,-152.2506,56
2020,July,2,184,Cook Bay,Eastern Kodiak,57.7783,-152.2506,56
2020,July,2,184,Cook Bay,Eastern Kodiak,57.7783,-152.2506,56
2018,Aug,15,227,Agripina Bay,Agripina Bay,57.1071,-156.4564,57
2018,Aug,15,227,Agripina Bay,Agripina Bay,57.1071,-156.4564,57
2018,Aug,15,227,Agripina Bay,Agripina Bay,57.1071,-156.4564,57
2018,Aug,15,227,Agripina Bay,Agripina Bay,57.1071,-156.4564,57
2018,Aug,15,227,Agripina Bay,Agripina Bay,57.1071,-156.4564,57
2018,Aug,15,227,Agripina Bay,Agripina Bay,57.1071,-156.4564,57
2018,Aug,15,227,Agripina Bay,Agripina Bay,57.1041,-156.4766,57
2021,Aug,4,216,Kaiugnak Bay,Kaiugnak Bay,57.0535,-153.6533,57
2021,Aug,4,216,Kaiugnak Bay,Kaiugnak Bay,57.0535,-153.6533,57
2018,Aug,1,213,Baralof Bay,Shumagin Islands,55.228,-160.5598,57
2018,Aug,1,213,Baralof Bay,Shumagin Islands,55.228,-160.5598,57
2018,Aug,1,213,Baralof Bay,Shumagin Islands,55.228,-160.5598,57
2018,Aug,1,213,Baralof Bay,Shumagin Islands,55.2303,-160.5485,57
2018,Aug,1,213,Baralof Bay,Shumagin Islands,55.2303,-160.5485,57
2018,Aug,1,213,Baralof Bay,Shumagin Islands,55.2303,-160.5485,57
2018,Aug,1,213,Baralof Bay,Shumagin Islands,55.2293,-160.5518,57
2018,Aug,1,213,Baralof Bay,Shumagin Islands,55.2293,-160.5518,57
2018,Aug,1,213,Baralof Bay,Shumagin Islands,55.2293,-160.5623,57
2018,Aug,1,213,Baralof Bay,Shumagin Islands,55.2293,-160.5623,57
2018,Aug,1,213,Baralof Bay,Shumagin Islands,55.2294,-160.5646,57
2018,Aug,1,213,Baralof Bay,Shumagin Islands,55.2294,-160.5646,57
2018,Aug,1,213,Baralof Bay,Shumagin Islands,55.2294,-160.5646,57
2018,Aug,1,213,Baralof Bay,Shumagin Islands,55.2294,-160.5646,57
2018,Aug,1,213,Baralof Bay,Shumagin Islands,55.2307,-160.5694,57
2018,July,30,211,Falmouth Bay,Shumagin Islands,55.0694,-160.1137,57
2018,July,30,211,Falmouth Bay,Shumagin Islands,55.0694,-160.1137,57
2018,July,29,210,Falmouth Bay,Shumagin Islands,55.0639,-160.1164,57
2018,July,29,210,Falmouth Bay,Shumagin Islands,55.0669,-160.1267,57
2018,July,29,210,Falmouth Bay,Shumagin Islands,55.0669,-160.1267,57
2018,July,29,210,Falmouth Bay,Shumagin Islands,55.0669,-160.1267,57
2018,July,26,207,Sand Point,Shumagin Islands,55.3204,-160.5207,57
2018,July,26,207,Sand Point,Shumagin Islands,55.3204,-160.5207,57
2018,July,26,207,Sand Point,Shumagin Islands,55.3204,-160.5207,57
2018,July,26,207,Sand Point,Shumagin Islands,55.3204,-160.5207,57
2018,July,26,207,Sand Point,Shumagin Islands,55.2535,-160.5241,57
2018,July,26,207,Sand Point,Shumagin Islands,55.2535,-160.5241,57
2018,July,26,207,Sand Point,Shumagin Islands,55.2535,-160.5241,57
2018,July,26,207,Sand Point,Shumagin Islands,55.2535,-160.5241,57
2018,July,26,207,Sand Point,Shumagin Islands,55.2535,-160.5241,57
2018,July,26,207,Sand Point,Shumagin Islands,55.2535,-160.5241,57
2020,July,23,205,Baralof Bay,Shumagin Islands,55.2309,-160.5682,57
2020,July,23,205,Baralof Bay,Shumagin Islands,55.2309,-160.5682,57
2020,July,23,205,Baralof Bay,Shumagin Islands,55.2304,-160.5484,57
2020,July,23,205,Baralof Bay,Shumagin Islands,55.2293,-160.5519,57
2020,July,23,205,Baralof Bay,Shumagin Islands,55.2293,-160.5519,57
2020,July,23,205,Baralof Bay,Shumagin Islands,55.2293,-160.5623,57
2020,July,23,205,Baralof Bay,Shumagin Islands,55.2293,-160.5623,57
2020,July,23,205,Baralof Bay,Shumagin Islands,55.2293,-160.5623,57
2020,July,23,205,Baralof Bay,Shumagin Islands,55.2293,-160.5623,57
2020,July,23,205,Baralof Bay,Shumagin Islands,55.2293,-160.5623,57
2020,July,23,205,Baralof Bay,Shumagin Islands,55.2293,-160.5623,57
2020,July,20,202,Sand Point,Shumagin Islands,55.3204,-160.5204,57
2020,July,20,202,Sand Point,Shumagin Islands,55.3204,-160.5204,57
2020,July,20,202,Sand Point,Shumagin Islands,55.3202,-160.5241,57
2020,July,19,201,Falmouth Bay,Shumagin Islands,55.0668,-160.1265,57
2022,July,19,200,Kaiugnak Bay,Kaiugnak Bay,57.0607,-153.7889,57
2022,July,19,200,Kaiugnak Bay,Kaiugnak Bay,57.0708,-153.6747,57
2023,July,19,200,Falmouth Bay,Shumagin Islands,55.0695,-160.114,57
2023,July,19,200,Falmouth Bay,Shumagin Islands,55.0695,-160.114,57
2023,July,19,200,Falmouth Bay,Shumagin Islands,55.0689,-160.1297,57
2023,July,19,200,Falmouth Bay,Shumagin Islands,55.0689,-160.1297,57
2023,July,19,200,Falmouth Bay,Shumagin Islands,55.0669,-160.1267,57
2023,July,19,200,Falmouth Bay,Shumagin Islands,55.0669,-160.1267,57
2023,July,19,200,Falmouth Bay,Shumagin Islands,55.0669,-160.1267,57
2023,July,19,200,Falmouth Bay,Shumagin Islands,55.0669,-160.1267,57
2023,July,17,198,Baralof Bay,Shumagin Islands,55.2293,-160.5518,57
2018,July,16,197,Agripina Bay,Agripina Bay,57.1047,-156.4584,57
2018,July,16,197,Agripina Bay,Agripina Bay,57.1094,-156.4599,57
2022,July,15,196,Baralof Bay,Shumagin Islands,55.2293,-160.5515,57
2022,July,14,195,Falmouth Bay,Shumagin Islands,55.0692,-160.1136,57
2018,July,9,190,Kaiugnak Bay,Kaiugnak Bay,57.0708,-153.6749,57
2018,July,9,190,Kaiugnak Bay,Kaiugnak Bay,57.0708,-153.6749,57
2018,July,9,190,Kaiugnak Bay,Kaiugnak Bay,57.0708,-153.6749,57
2018,July,9,190,Kaiugnak Bay,Kaiugnak Bay,57.0708,-153.6749,57
2018,July,9,190,Kaiugnak Bay,Kaiugnak Bay,57.0606,-153.7086,57
2020,July,6,188,Agripina Bay,Agripina Bay,57.1092,-156.4602,57
2020,July,6,188,Agripina Bay,Agripina Bay,57.1073,-156.4562,57
2020,July,6,188,Agripina Bay,Agripina Bay,57.1073,-156.4562,57
2020,July,6,188,Agripina Bay,Agripina Bay,57.1073,-156.4562,57
2020,July,6,188,Agripina Bay,Agripina Bay,57.1045,-156.4714,57
2020,July,6,188,Agripina Bay,Agripina Bay,57.1045,-156.4714,57
2020,July,6,188,Agripina Bay,Agripina Bay,57.104,-156.4767,57
2020,July,6,188,Agripina Bay,Agripina Bay,57.104,-156.4767,57
2020,July,6,188,Agripina Bay,Agripina Bay,57.104,-156.4767,57
2020,July,6,188,Agripina Bay,Agripina Bay,57.104,-156.4767,57
2022,July,4,185,Agripina Bay,Agripina Bay,57.1042,-156.4766,57
2020,July,2,184,Cook Bay,Eastern Kodiak,57.7686,-152.2738,57
2020,July,2,184,Cook Bay,Eastern Kodiak,57.7239,-152.259,57
2020,July,2,184,Cook Bay,Eastern Kodiak,57.7239,-152.259,57
2020,July,2,184,Cook Bay,Eastern Kodiak,57.7239,-152.259,57
2020,July,2,184,Cook Bay,Eastern Kodiak,57.7239,-152.259,57
2020,July,2,184,Cook Bay,Eastern Kodiak,57.7794,-152.2769,57
2020,July,2,184,Cook Bay,Eastern Kodiak,57.7794,-152.2769,57
2018,Aug,15,227,Agripina Bay,Agripina Bay,57.1048,-156.4586,58
2018,Aug,15,227,Agripina Bay,Agripina Bay,57.1048,-156.4586,58
2018,Aug,15,227,Agripina Bay,Agripina Bay,57.1048,-156.4586,58
2018,Aug,15,227,Agripina Bay,Agripina Bay,57.1071,-156.4564,58
2018,Aug,15,227,Agripina Bay,Agripina Bay,57.1071,-156.4564,58
2018,Aug,15,227,Agripina Bay,Agripina Bay,57.1071,-156.4564,58
2018,Aug,15,227,Agripina Bay,Agripina Bay,57.1041,-156.4766,58
2018,Aug,15,227,Agripina Bay,Agripina Bay,57.1041,-156.4766,58
2019,Aug,7,219,Kaiugnak Bay,Kaiugnak Bay,57.0535,-153.6528,58
2019,Aug,7,219,Kaiugnak Bay,Kaiugnak Bay,57.0535,-153.6528,58
2021,Aug,4,216,Kaiugnak Bay,Kaiugnak Bay,57.0606,-153.7056,58
2021,Aug,4,216,Kaiugnak Bay,Kaiugnak Bay,57.0606,-153.7056,58
2018,Aug,1,213,Baralof Bay,Shumagin Islands,55.2303,-160.5485,58
2018,Aug,1,213,Baralof Bay,Shumagin Islands,55.2303,-160.5485,58
2018,Aug,1,213,Baralof Bay,Shumagin Islands,55.2293,-160.5518,58
2018,Aug,1,213,Baralof Bay,Shumagin Islands,55.2293,-160.5518,58
2018,Aug,1,213,Baralof Bay,Shumagin Islands,55.2294,-160.5646,58
2018,Aug,1,213,Baralof Bay,Shumagin Islands,55.2307,-160.5694,58
2018,Aug,1,213,Baralof Bay,Shumagin Islands,55.2307,-160.5694,58
2018,July,30,211,Falmouth Bay,Shumagin Islands,55.0694,-160.1137,58
2018,July,30,211,Falmouth Bay,Shumagin Islands,55.0694,-160.1137,58
2018,July,29,210,Falmouth Bay,Shumagin Islands,55.0684,-160.1125,58
2018,July,29,210,Falmouth Bay,Shumagin Islands,55.0684,-160.1125,58
2018,July,29,210,Falmouth Bay,Shumagin Islands,55.0669,-160.1267,58
2018,July,29,210,Falmouth Bay,Shumagin Islands,55.0669,-160.1267,58
2018,July,26,207,Sand Point,Shumagin Islands,55.2535,-160.5241,58
2018,July,26,207,Sand Point,Shumagin Islands,55.2535,-160.5241,58
2018,July,26,207,Sand Point,Shumagin Islands,55.2535,-160.5241,58
2018,July,26,207,Sand Point,Shumagin Islands,55.2535,-160.5241,58
2018,July,26,207,Sand Point,Shumagin Islands,55.2535,-160.5241,58
2018,July,26,207,Sand Point,Shumagin Islands,55.2535,-160.5241,58
2018,July,26,207,Sand Point,Shumagin Islands,55.2535,-160.5241,58
2020,July,23,205,Baralof Bay,Shumagin Islands,55.2309,-160.5682,58
2020,July,23,205,Baralof Bay,Shumagin Islands,55.2304,-160.5484,58
2020,July,23,205,Baralof Bay,Shumagin Islands,55.2293,-160.5519,58
2020,July,23,205,Baralof Bay,Shumagin Islands,55.2293,-160.5519,58
2020,July,23,205,Baralof Bay,Shumagin Islands,55.2293,-160.5623,58
2020,July,23,205,Baralof Bay,Shumagin Islands,55.2293,-160.5623,58
2020,July,23,205,Baralof Bay,Shumagin Islands,55.2293,-160.5623,58
2020,July,23,205,Baralof Bay,Shumagin Islands,55.2293,-160.5623,58
2020,July,23,205,Baralof Bay,Shumagin Islands,55.2293,-160.5623,58
2020,July,20,202,Sand Point,Shumagin Islands,55.3204,-160.5204,58
2020,July,20,202,Sand Point,Shumagin Islands,55.3202,-160.5241,58
2020,July,20,202,Sand Point,Shumagin Islands,55.3202,-160.5241,58
2020,July,19,201,Falmouth Bay,Shumagin Islands,55.0693,-160.1138,58
2020,July,19,201,Falmouth Bay,Shumagin Islands,55.0668,-160.1265,58
2022,July,19,200,Kaiugnak Bay,Kaiugnak Bay,57.0607,-153.7889,58
2022,July,19,200,Kaiugnak Bay,Kaiugnak Bay,57.0607,-153.7889,58
2022,July,19,200,Kaiugnak Bay,Kaiugnak Bay,57.0607,-153.7889,58
2022,July,19,200,Kaiugnak Bay,Kaiugnak Bay,57.0607,-153.7889,58
2022,July,19,200,Kaiugnak Bay,Kaiugnak Bay,57.0708,-153.6747,58
2022,July,19,200,Kaiugnak Bay,Kaiugnak Bay,57.0572,-153.6348,58
2023,July,19,200,Falmouth Bay,Shumagin Islands,55.0695,-160.114,58
2023,July,19,200,Falmouth Bay,Shumagin Islands,55.0695,-160.114,58
2023,July,19,200,Falmouth Bay,Shumagin Islands,55.0689,-160.1297,58
2018,July,16,197,Agripina Bay,Agripina Bay,57.1047,-156.4584,58
2018,July,16,197,Agripina Bay,Agripina Bay,57.1047,-156.4584,58
2018,July,16,197,Agripina Bay,Agripina Bay,57.1094,-156.4599,58
2018,July,16,197,Agripina Bay,Agripina Bay,57.1071,-156.4565,58
2018,July,16,197,Agripina Bay,Agripina Bay,57.1071,-156.4565,58
2018,July,16,197,Agripina Bay,Agripina Bay,57.1045,-156.4712,58
2018,July,16,197,Agripina Bay,Agripina Bay,57.1045,-156.4712,58
2018,July,16,197,Agripina Bay,Agripina Bay,57.104,-156.4766,58
2022,July,15,196,Baralof Bay,Shumagin Islands,55.2293,-160.5515,58
2022,July,14,195,Falmouth Bay,Shumagin Islands,55.0692,-160.1136,58
2022,July,14,195,Falmouth Bay,Shumagin Islands,55.0692,-160.1136,58
2022,July,14,195,Falmouth Bay,Shumagin Islands,55.0669,-160.1266,58
2022,July,14,195,Falmouth Bay,Shumagin Islands,55.069,-160.1297,58
2018,July,9,190,Kaiugnak Bay,Kaiugnak Bay,57.0559,-153.6501,58
2018,July,9,190,Kaiugnak Bay,Kaiugnak Bay,57.0733,-153.6708,58
2018,July,9,190,Kaiugnak Bay,Kaiugnak Bay,57.0708,-153.6749,58
2018,July,9,190,Kaiugnak Bay,Kaiugnak Bay,57.0535,-153.6531,58
2018,July,9,190,Kaiugnak Bay,Kaiugnak Bay,57.0535,-153.6531,58
2018,July,9,190,Kaiugnak Bay,Kaiugnak Bay,57.0535,-153.6531,58
2020,July,6,188,Agripina Bay,Agripina Bay,57.1092,-156.4602,58
2020,July,6,188,Agripina Bay,Agripina Bay,57.1092,-156.4602,58
2020,July,6,188,Agripina Bay,Agripina Bay,57.1049,-156.4585,58
2020,July,6,188,Agripina Bay,Agripina Bay,57.1049,-156.4585,58
2020,July,6,188,Agripina Bay,Agripina Bay,57.1049,-156.4585,58
2020,July,6,188,Agripina Bay,Agripina Bay,57.1045,-156.4714,58
2020,July,6,188,Agripina Bay,Agripina Bay,57.1045,-156.4714,58
2020,July,6,188,Agripina Bay,Agripina Bay,57.1045,-156.4714,58
2020,July,6,188,Agripina Bay,Agripina Bay,57.104,-156.4767,58
2020,July,6,188,Agripina Bay,Agripina Bay,57.104,-156.4767,58
2020,July,6,188,Agripina Bay,Agripina Bay,57.104,-156.4767,58
2020,July,6,188,Agripina Bay,Agripina Bay,57.104,-156.4767,58
2020,July,6,188,Agripina Bay,Agripina Bay,57.104,-156.4767,58
2022,July,4,185,Agripina Bay,Agripina Bay,57.1048,-156.4585,58
2022,July,4,185,Agripina Bay,Agripina Bay,57.1042,-156.4766,58
2020,July,2,184,Cook Bay,Eastern Kodiak,57.7686,-152.2738,58
2020,July,2,184,Cook Bay,Eastern Kodiak,57.7686,-152.2738,58
2020,July,2,184,Cook Bay,Eastern Kodiak,57.7686,-152.2738,58
2020,July,2,184,Cook Bay,Eastern Kodiak,57.7686,-152.2738,58
2020,July,2,184,Cook Bay,Eastern Kodiak,57.7686,-152.2738,58
2020,July,2,184,Cook Bay,Eastern Kodiak,57.7686,-152.2738,58
2020,July,2,184,Cook Bay,Eastern Kodiak,57.7686,-152.2738,58
2020,July,2,184,Cook Bay,Eastern Kodiak,57.7686,-152.2738,58
2020,July,2,184,Cook Bay,Eastern Kodiak,57.7239,-152.259,58
2020,July,2,184,Cook Bay,Eastern Kodiak,57.7239,-152.259,58
2020,July,2,184,Cook Bay,Eastern Kodiak,57.7239,-152.259,58
2020,July,2,184,Cook Bay,Eastern Kodiak,57.7239,-152.259,58
2020,July,2,184,Cook Bay,Eastern Kodiak,57.7794,-152.2769,58
2020,July,2,184,Cook Bay,Eastern Kodiak,57.7794,-152.2769,58
2018,Aug,15,227,Agripina Bay,Agripina Bay,57.1048,-156.4586,59
2018,Aug,15,227,Agripina Bay,Agripina Bay,57.1048,-156.4586,59
2018,Aug,15,227,Agripina Bay,Agripina Bay,57.1071,-156.4564,59
2018,Aug,15,227,Agripina Bay,Agripina Bay,57.1071,-156.4564,59
2018,Aug,15,227,Agripina Bay,Agripina Bay,57.1071,-156.4564,59
2018,Aug,15,227,Agripina Bay,Agripina Bay,57.1041,-156.4766,59
2021,Aug,4,216,Kaiugnak Bay,Kaiugnak Bay,57.0535,-153.6533,59
2021,Aug,4,216,Kaiugnak Bay,Kaiugnak Bay,57.0535,-153.6533,59
2018,Aug,1,213,Baralof Bay,Shumagin Islands,55.228,-160.5598,59
2018,Aug,1,213,Baralof Bay,Shumagin Islands,55.2293,-160.5518,59
2018,Aug,1,213,Baralof Bay,Shumagin Islands,55.2293,-160.5518,59
2018,Aug,1,213,Baralof Bay,Shumagin Islands,55.2293,-160.5518,59
2018,Aug,1,213,Baralof Bay,Shumagin Islands,55.2293,-160.5623,59
2018,Aug,1,213,Baralof Bay,Shumagin Islands,55.2294,-160.5646,59
2018,Aug,1,213,Baralof Bay,Shumagin Islands,55.2294,-160.5646,59
2018,Aug,1,213,Baralof Bay,Shumagin Islands,55.2307,-160.5694,59
2018,Aug,1,213,Baralof Bay,Shumagin Islands,55.2307,-160.5694,59
2018,July,30,211,Falmouth Bay,Shumagin Islands,55.0694,-160.1137,59
2018,July,29,210,Falmouth Bay,Shumagin Islands,55.0684,-160.1125,59
2018,July,29,210,Falmouth Bay,Shumagin Islands,55.0639,-160.1164,59
2018,July,26,207,Sand Point,Shumagin Islands,55.3204,-160.5207,59
2018,July,26,207,Sand Point,Shumagin Islands,55.3204,-160.5207,59
2018,July,26,207,Sand Point,Shumagin Islands,55.2535,-160.5241,59
2018,July,26,207,Sand Point,Shumagin Islands,55.2535,-160.5241,59
2018,July,26,207,Sand Point,Shumagin Islands,55.2535,-160.5241,59
2020,July,23,205,Baralof Bay,Shumagin Islands,55.2309,-160.5682,59
2020,July,23,205,Baralof Bay,Shumagin Islands,55.2304,-160.5484,59
2020,July,23,205,Baralof Bay,Shumagin Islands,55.2304,-160.5484,59
2020,July,23,205,Baralof Bay,Shumagin Islands,55.2293,-160.5519,59
2020,July,23,205,Baralof Bay,Shumagin Islands,55.2293,-160.5623,59
2020,July,23,205,Baralof Bay,Shumagin Islands,55.2294,-160.5646,59
2020,July,23,205,Baralof Bay,Shumagin Islands,55.2294,-160.5646,59
2020,July,23,205,Baralof Bay,Shumagin Islands,55.2294,-160.5646,59
2020,July,20,202,Sand Point,Shumagin Islands,55.3204,-160.5204,59
2020,July,19,201,Falmouth Bay,Shumagin Islands,55.0693,-160.1138,59
2022,July,19,200,Kaiugnak Bay,Kaiugnak Bay,57.0573,-153.7033,59
2022,July,19,200,Kaiugnak Bay,Kaiugnak Bay,57.0573,-153.7033,59
2022,July,19,200,Kaiugnak Bay,Kaiugnak Bay,57.0607,-153.7889,59
2022,July,19,200,Kaiugnak Bay,Kaiugnak Bay,57.0607,-153.7889,59
2023,July,19,200,Falmouth Bay,Shumagin Islands,55.0669,-160.1267,59
2018,July,16,197,Agripina Bay,Agripina Bay,57.1047,-156.4584,59
2018,July,16,197,Agripina Bay,Agripina Bay,57.1094,-156.4599,59
2018,July,16,197,Agripina Bay,Agripina Bay,57.1045,-156.4712,59
2018,July,16,197,Agripina Bay,Agripina Bay,57.1045,-156.4712,59
2018,July,16,197,Agripina Bay,Agripina Bay,57.104,-156.4766,59
2018,July,9,190,Kaiugnak Bay,Kaiugnak Bay,57.0559,-153.6501,59
2018,July,9,190,Kaiugnak Bay,Kaiugnak Bay,57.0733,-153.6708,59
2018,July,9,190,Kaiugnak Bay,Kaiugnak Bay,57.0708,-153.6749,59
2018,July,9,190,Kaiugnak Bay,Kaiugnak Bay,57.0708,-153.6749,59
2019,July,7,188,Agripina Bay,Agripina Bay,57.105,-156.4581,59
2020,July,6,188,Agripina Bay,Agripina Bay,57.1092,-156.4602,59
2020,July,6,188,Agripina Bay,Agripina Bay,57.1092,-156.4602,59
2020,July,6,188,Agripina Bay,Agripina Bay,57.1073,-156.4562,59
2020,July,6,188,Agripina Bay,Agripina Bay,57.1045,-156.4714,59
2020,July,6,188,Agripina Bay,Agripina Bay,57.1045,-156.4714,59
2020,July,6,188,Agripina Bay,Agripina Bay,57.104,-156.4767,59
2020,July,6,188,Agripina Bay,Agripina Bay,57.104,-156.4767,59
2020,July,2,184,Cook Bay,Eastern Kodiak,57.7686,-152.2738,59
2020,July,2,184,Cook Bay,Eastern Kodiak,57.7686,-152.2738,59
2020,July,2,184,Cook Bay,Eastern Kodiak,57.7686,-152.2738,59
2020,July,2,184,Cook Bay,Eastern Kodiak,57.7686,-152.2738,59
2020,July,2,184,Cook Bay,Eastern Kodiak,57.7686,-152.2738,59
2020,July,2,184,Cook Bay,Eastern Kodiak,57.7686,-152.2738,59
2020,July,2,184,Cook Bay,Eastern Kodiak,57.7686,-152.2738,59
2020,July,2,184,Cook Bay,Eastern Kodiak,57.7686,-152.2738,59
2020,July,2,184,Cook Bay,Eastern Kodiak,57.7239,-152.259,59
2020,July,2,184,Cook Bay,Eastern Kodiak,57.7794,-152.2769,59
2020,July,2,184,Cook Bay,Eastern Kodiak,57.7794,-152.2769,59
2020,July,2,184,Cook Bay,Eastern Kodiak,57.7794,-152.2769,59
2020,July,2,184,Cook Bay,Eastern Kodiak,57.7783,-152.2506,59
2018,Aug,15,227,Agripina Bay,Agripina Bay,57.1048,-156.4586,60
2018,Aug,15,227,Agripina Bay,Agripina Bay,57.1048,-156.4586,60
2018,Aug,15,227,Agripina Bay,Agripina Bay,57.1048,-156.4586,60
2018,Aug,15,227,Agripina Bay,Agripina Bay,57.1048,-156.4586,60
2018,Aug,15,227,Agripina Bay,Agripina Bay,57.1071,-156.4564,60
2018,Aug,15,227,Agripina Bay,Agripina Bay,57.1071,-156.4564,60
2018,Aug,15,227,Agripina Bay,Agripina Bay,57.1071,-156.4564,60
2018,Aug,15,227,Agripina Bay,Agripina Bay,57.1071,-156.4564,60
2018,Aug,15,227,Agripina Bay,Agripina Bay,57.1071,-156.4564,60
2018,Aug,15,227,Agripina Bay,Agripina Bay,57.1071,-156.4564,60
2018,Aug,15,227,Agripina Bay,Agripina Bay,57.1046,-156.4717,60
2018,Aug,15,227,Agripina Bay,Agripina Bay,57.1041,-156.4766,60
2018,Aug,15,227,Agripina Bay,Agripina Bay,57.1041,-156.4766,60
2018,Aug,15,227,Agripina Bay,Agripina Bay,57.1041,-156.4766,60
2018,Aug,15,227,Agripina Bay,Agripina Bay,57.1041,-156.4766,60
2018,Aug,15,227,Agripina Bay,Agripina Bay,57.1041,-156.4766,60
2021,Aug,4,216,Kaiugnak Bay,Kaiugnak Bay,57.0535,-153.6533,60
2021,Aug,4,216,Kaiugnak Bay,Kaiugnak Bay,57.0535,-153.6533,60
2021,Aug,4,216,Kaiugnak Bay,Kaiugnak Bay,57.0606,-153.7056,60
2021,Aug,4,216,Kaiugnak Bay,Kaiugnak Bay,57.0606,-153.7056,60
2021,Aug,4,216,Kaiugnak Bay,Kaiugnak Bay,57.0606,-153.7056,60
2021,Aug,4,216,Kaiugnak Bay,Kaiugnak Bay,57.0606,-153.7056,60
2020,Aug,1,214,Kaiugnak Bay,Kaiugnak Bay,57.0572,-153.703,60
2018,Aug,1,213,Baralof Bay,Shumagin Islands,55.228,-160.5598,60
2018,Aug,1,213,Baralof Bay,Shumagin Islands,55.2303,-160.5485,60
2018,Aug,1,213,Baralof Bay,Shumagin Islands,55.2303,-160.5485,60
2018,Aug,1,213,Baralof Bay,Shumagin Islands,55.2293,-160.5623,60
2018,Aug,1,213,Baralof Bay,Shumagin Islands,55.2293,-160.5623,60
2018,Aug,1,213,Baralof Bay,Shumagin Islands,55.2294,-160.5646,60
2018,Aug,1,213,Baralof Bay,Shumagin Islands,55.2294,-160.5646,60
2018,Aug,1,213,Baralof Bay,Shumagin Islands,55.2294,-160.5646,60
2018,July,29,210,Falmouth Bay,Shumagin Islands,55.0639,-160.1164,60
2018,July,29,210,Falmouth Bay,Shumagin Islands,55.0669,-160.1267,60
2018,July,29,210,Falmouth Bay,Shumagin Islands,55.0669,-160.1267,60
2018,July,26,207,Sand Point,Shumagin Islands,55.3204,-160.5207,60
2018,July,26,207,Sand Point,Shumagin Islands,55.2535,-160.5241,60
2018,July,26,207,Sand Point,Shumagin Islands,55.2535,-160.5241,60
2018,July,26,207,Sand Point,Shumagin Islands,55.2535,-160.5241,60
2018,July,26,207,Sand Point,Shumagin Islands,55.2535,-160.5241,60
2018,July,26,207,Sand Point,Shumagin Islands,55.2535,-160.5241,60
2020,July,23,205,Baralof Bay,Shumagin Islands,55.2293,-160.5623,60
2020,July,20,202,Sand Point,Shumagin Islands,55.3204,-160.5204,60
2020,July,20,202,Sand Point,Shumagin Islands,55.3202,-160.5241,60
2020,July,20,202,Sand Point,Shumagin Islands,55.3202,-160.5241,60
2022,July,19,200,Kaiugnak Bay,Kaiugnak Bay,57.0573,-153.7033,60
2022,July,19,200,Kaiugnak Bay,Kaiugnak Bay,57.0607,-153.7889,60
2022,July,19,200,Kaiugnak Bay,Kaiugnak Bay,57.0708,-153.6747,60
2022,July,19,200,Kaiugnak Bay,Kaiugnak Bay,57.0708,-153.6747,60
2022,July,19,200,Kaiugnak Bay,Kaiugnak Bay,57.0558,-153.6505,60
2022,July,19,200,Kaiugnak Bay,Kaiugnak Bay,57.0536,-153.6529,60
2022,July,19,200,Kaiugnak Bay,Kaiugnak Bay,57.0536,-153.6529,60
2023,July,19,200,Falmouth Bay,Shumagin Islands,55.0695,-160.114,60
2023,July,19,200,Falmouth Bay,Shumagin Islands,55.0695,-160.114,60
2023,July,19,200,Falmouth Bay,Shumagin Islands,55.0695,-160.114,60
2023,July,19,200,Falmouth Bay,Shumagin Islands,55.0695,-160.114,60
2023,July,19,200,Falmouth Bay,Shumagin Islands,55.0689,-160.1297,60
2018,July,16,197,Agripina Bay,Agripina Bay,57.1094,-156.4599,60
2018,July,16,197,Agripina Bay,Agripina Bay,57.1045,-156.4712,60
2022,July,15,196,Baralof Bay,Shumagin Islands,55.2295,-160.5646,60
2022,July,14,195,Falmouth Bay,Shumagin Islands,55.0692,-160.1136,60
2018,July,9,190,Kaiugnak Bay,Kaiugnak Bay,57.0733,-153.6708,60
2018,July,9,190,Kaiugnak Bay,Kaiugnak Bay,57.0733,-153.6708,60
2018,July,9,190,Kaiugnak Bay,Kaiugnak Bay,57.0733,-153.6708,60
2018,July,9,190,Kaiugnak Bay,Kaiugnak Bay,57.0708,-153.6749,60
2018,July,9,190,Kaiugnak Bay,Kaiugnak Bay,57.0708,-153.6749,60
2018,July,9,190,Kaiugnak Bay,Kaiugnak Bay,57.0708,-153.6749,60
2018,July,9,190,Kaiugnak Bay,Kaiugnak Bay,57.0708,-153.6749,60
2020,July,6,188,Agripina Bay,Agripina Bay,57.1092,-156.4602,60
2020,July,6,188,Agripina Bay,Agripina Bay,57.1073,-156.4562,60
2020,July,6,188,Agripina Bay,Agripina Bay,57.1073,-156.4562,60
2020,July,6,188,Agripina Bay,Agripina Bay,57.1049,-156.4585,60
2020,July,6,188,Agripina Bay,Agripina Bay,57.1049,-156.4585,60
2020,July,6,188,Agripina Bay,Agripina Bay,57.1045,-156.4714,60
2020,July,6,188,Agripina Bay,Agripina Bay,57.104,-156.4767,60
2020,July,2,184,Cook Bay,Eastern Kodiak,57.7686,-152.2738,60
2020,July,2,184,Cook Bay,Eastern Kodiak,57.7686,-152.2738,60
2020,July,2,184,Cook Bay,Eastern Kodiak,57.7686,-152.2738,60
2020,July,2,184,Cook Bay,Eastern Kodiak,57.7686,-152.2738,60
2020,July,2,184,Cook Bay,Eastern Kodiak,57.7686,-152.2738,60
2020,July,2,184,Cook Bay,Eastern Kodiak,57.7686,-152.2738,60
2020,July,2,184,Cook Bay,Eastern Kodiak,57.7239,-152.259,60
2020,July,2,184,Cook Bay,Eastern Kodiak,57.7239,-152.259,60
2020,July,2,184,Cook Bay,Eastern Kodiak,57.7794,-152.2769,60
2020,July,2,184,Cook Bay,Eastern Kodiak,57.7794,-152.2769,60
2020,July,2,184,Cook Bay,Eastern Kodiak,57.7794,-152.2769,60
2020,July,2,184,Cook Bay,Eastern Kodiak,57.7794,-152.2769,60
2018,Aug,15,227,Agripina Bay,Agripina Bay,57.1048,-156.4586,61
2018,Aug,15,227,Agripina Bay,Agripina Bay,57.1048,-156.4586,61
2018,Aug,15,227,Agripina Bay,Agripina Bay,57.1048,-156.4586,61
2018,Aug,15,227,Agripina Bay,Agripina Bay,57.1048,-156.4586,61
2018,Aug,15,227,Agripina Bay,Agripina Bay,57.1048,-156.4586,61
2018,Aug,15,227,Agripina Bay,Agripina Bay,57.1048,-156.4586,61
2018,Aug,15,227,Agripina Bay,Agripina Bay,57.1071,-156.4564,61
2018,Aug,15,227,Agripina Bay,Agripina Bay,57.1071,-156.4564,61
2018,Aug,15,227,Agripina Bay,Agripina Bay,57.1071,-156.4564,61
2018,Aug,15,227,Agripina Bay,Agripina Bay,57.1071,-156.4564,61
2018,Aug,15,227,Agripina Bay,Agripina Bay,57.1071,-156.4564,61
2018,Aug,15,227,Agripina Bay,Agripina Bay,57.1071,-156.4564,61
2018,Aug,15,227,Agripina Bay,Agripina Bay,57.1071,-156.4564,61
2018,Aug,15,227,Agripina Bay,Agripina Bay,57.1046,-156.4717,61
2018,Aug,15,227,Agripina Bay,Agripina Bay,57.1046,-156.4717,61
2018,Aug,15,227,Agripina Bay,Agripina Bay,57.1041,-156.4766,61
2018,Aug,15,227,Agripina Bay,Agripina Bay,57.1041,-156.4766,61
2018,Aug,15,227,Agripina Bay,Agripina Bay,57.1041,-156.4766,61
2018,Aug,15,227,Agripina Bay,Agripina Bay,57.1041,-156.4766,61
2018,Aug,15,227,Agripina Bay,Agripina Bay,57.1041,-156.4766,61
2018,Aug,15,227,Agripina Bay,Agripina Bay,57.1041,-156.4766,61
2018,Aug,15,227,Agripina Bay,Agripina Bay,57.1041,-156.4766,61
2018,Aug,15,227,Agripina Bay,Agripina Bay,57.1041,-156.4766,61
2021,Aug,4,216,Kaiugnak Bay,Kaiugnak Bay,57.0573,-153.6351,61
2021,Aug,4,216,Kaiugnak Bay,Kaiugnak Bay,57.0535,-153.6533,61
2021,Aug,4,216,Kaiugnak Bay,Kaiugnak Bay,57.0535,-153.6533,61
2021,Aug,4,216,Kaiugnak Bay,Kaiugnak Bay,57.0535,-153.6533,61
2021,Aug,4,216,Kaiugnak Bay,Kaiugnak Bay,57.0535,-153.6533,61
2020,Aug,1,214,Kaiugnak Bay,Kaiugnak Bay,57.0536,-153.6532,61
2020,Aug,1,214,Kaiugnak Bay,Kaiugnak Bay,57.0572,-153.703,61
2018,Aug,1,213,Baralof Bay,Shumagin Islands,55.2303,-160.5485,61
2018,Aug,1,213,Baralof Bay,Shumagin Islands,55.2293,-160.5518,61
2018,Aug,1,213,Baralof Bay,Shumagin Islands,55.2294,-160.5646,61
2018,Aug,1,213,Baralof Bay,Shumagin Islands,55.2294,-160.5646,61
2018,Aug,1,213,Baralof Bay,Shumagin Islands,55.2294,-160.5646,61
2018,Aug,1,213,Baralof Bay,Shumagin Islands,55.2294,-160.5646,61
2018,Aug,1,213,Baralof Bay,Shumagin Islands,55.2307,-160.5694,61
2018,July,30,211,Falmouth Bay,Shumagin Islands,55.0694,-160.1137,61
2018,July,30,211,Falmouth Bay,Shumagin Islands,55.0694,-160.1137,61
2018,July,30,211,Falmouth Bay,Shumagin Islands,55.0694,-160.1137,61
2018,July,29,210,Falmouth Bay,Shumagin Islands,55.0684,-160.1125,61
2018,July,29,210,Falmouth Bay,Shumagin Islands,55.0639,-160.1164,61
2018,July,29,210,Falmouth Bay,Shumagin Islands,55.0669,-160.1267,61
2018,July,26,207,Sand Point,Shumagin Islands,55.3204,-160.5207,61
2018,July,26,207,Sand Point,Shumagin Islands,55.3204,-160.5207,61
2018,July,26,207,Sand Point,Shumagin Islands,55.3204,-160.5207,61
2018,July,26,207,Sand Point,Shumagin Islands,55.2535,-160.5241,61
2018,July,26,207,Sand Point,Shumagin Islands,55.2535,-160.5241,61
2018,July,26,207,Sand Point,Shumagin Islands,55.2535,-160.5241,61
2018,July,26,207,Sand Point,Shumagin Islands,55.2535,-160.5241,61
2018,July,26,207,Sand Point,Shumagin Islands,55.2535,-160.5241,61
2018,July,26,207,Sand Point,Shumagin Islands,55.2535,-160.5241,61
2018,July,26,207,Sand Point,Shumagin Islands,55.2535,-160.5241,61
2018,July,26,207,Sand Point,Shumagin Islands,55.2535,-160.5241,61
2020,July,23,205,Baralof Bay,Shumagin Islands,55.2304,-160.5484,61
2020,July,23,205,Baralof Bay,Shumagin Islands,55.2304,-160.5484,61
2020,July,23,205,Baralof Bay,Shumagin Islands,55.2293,-160.5623,61
2020,July,23,205,Baralof Bay,Shumagin Islands,55.2293,-160.5623,61
2020,July,23,205,Baralof Bay,Shumagin Islands,55.2293,-160.5623,61
2020,July,23,205,Baralof Bay,Shumagin Islands,55.2293,-160.5623,61
2020,July,23,205,Baralof Bay,Shumagin Islands,55.2293,-160.5623,61
2020,July,23,205,Baralof Bay,Shumagin Islands,55.2293,-160.5623,61
2020,July,23,205,Baralof Bay,Shumagin Islands,55.2294,-160.5646,61
2020,July,23,205,Baralof Bay,Shumagin Islands,55.2294,-160.5646,61
2020,July,23,205,Baralof Bay,Shumagin Islands,55.2294,-160.5646,61
2020,July,20,202,Sand Point,Shumagin Islands,55.3204,-160.5204,61
2020,July,20,202,Sand Point,Shumagin Islands,55.3204,-160.5204,61
2020,July,20,202,Sand Point,Shumagin Islands,55.3202,-160.5241,61
2022,July,19,200,Kaiugnak Bay,Kaiugnak Bay,57.0607,-153.7889,61
2022,July,19,200,Kaiugnak Bay,Kaiugnak Bay,57.0607,-153.7889,61
2022,July,19,200,Kaiugnak Bay,Kaiugnak Bay,57.0607,-153.7889,61
2022,July,19,200,Kaiugnak Bay,Kaiugnak Bay,57.0607,-153.7889,61
2022,July,19,200,Kaiugnak Bay,Kaiugnak Bay,57.0708,-153.6747,61
2022,July,19,200,Kaiugnak Bay,Kaiugnak Bay,57.0708,-153.6747,61
2022,July,19,200,Kaiugnak Bay,Kaiugnak Bay,57.0708,-153.6747,61
2022,July,19,200,Kaiugnak Bay,Kaiugnak Bay,57.0572,-153.6348,61
2022,July,19,200,Kaiugnak Bay,Kaiugnak Bay,57.0558,-153.6505,61
2022,July,19,200,Kaiugnak Bay,Kaiugnak Bay,57.0558,-153.6505,61
2022,July,19,200,Kaiugnak Bay,Kaiugnak Bay,57.0558,-153.6505,61
2022,July,19,200,Kaiugnak Bay,Kaiugnak Bay,57.0558,-153.6505,61
2022,July,19,200,Kaiugnak Bay,Kaiugnak Bay,57.0536,-153.6529,61
2023,July,19,200,Falmouth Bay,Shumagin Islands,55.0695,-160.114,61
2023,July,19,200,Falmouth Bay,Shumagin Islands,55.0695,-160.114,61
2018,July,16,197,Agripina Bay,Agripina Bay,57.1047,-156.4584,61
2018,July,16,197,Agripina Bay,Agripina Bay,57.1047,-156.4584,61
2018,July,16,197,Agripina Bay,Agripina Bay,57.1094,-156.4599,61
2018,July,16,197,Agripina Bay,Agripina Bay,57.1071,-156.4565,61
2018,July,16,197,Agripina Bay,Agripina Bay,57.1045,-156.4712,61
2022,July,14,195,Falmouth Bay,Shumagin Islands,55.0692,-160.1136,61
2022,July,14,195,Falmouth Bay,Shumagin Islands,55.0669,-160.1266,61
2018,July,9,190,Kaiugnak Bay,Kaiugnak Bay,57.0733,-153.6708,61
2018,July,9,190,Kaiugnak Bay,Kaiugnak Bay,57.0708,-153.6749,61
2020,July,6,188,Agripina Bay,Agripina Bay,57.1092,-156.4602,61
2020,July,6,188,Agripina Bay,Agripina Bay,57.1049,-156.4585,61
2020,July,6,188,Agripina Bay,Agripina Bay,57.1045,-156.4714,61
2020,July,6,188,Agripina Bay,Agripina Bay,57.1045,-156.4714,61
2020,July,6,188,Agripina Bay,Agripina Bay,57.104,-156.4767,61
2020,July,6,188,Agripina Bay,Agripina Bay,57.104,-156.4767,61
2020,July,6,188,Agripina Bay,Agripina Bay,57.104,-156.4767,61
2020,July,6,188,Agripina Bay,Agripina Bay,57.104,-156.4767,61
2020,July,6,188,Agripina Bay,Agripina Bay,57.104,-156.4767,61
2022,July,4,185,Agripina Bay,Agripina Bay,57.1042,-156.4766,61
2020,July,2,184,Cook Bay,Eastern Kodiak,57.7686,-152.2738,61
2020,July,2,184,Cook Bay,Eastern Kodiak,57.7686,-152.2738,61
2020,July,2,184,Cook Bay,Eastern Kodiak,57.7686,-152.2738,61
2020,July,2,184,Cook Bay,Eastern Kodiak,57.7686,-152.2738,61
2020,July,2,184,Cook Bay,Eastern Kodiak,57.7686,-152.2738,61
2020,July,2,184,Cook Bay,Eastern Kodiak,57.7686,-152.2738,61
2020,July,2,184,Cook Bay,Eastern Kodiak,57.7686,-152.2738,61
2020,July,2,184,Cook Bay,Eastern Kodiak,57.7239,-152.259,61
2020,July,2,184,Cook Bay,Eastern Kodiak,57.7239,-152.259,61
2020,July,2,184,Cook Bay,Eastern Kodiak,57.7239,-152.259,61
2020,July,2,184,Cook Bay,Eastern Kodiak,57.7794,-152.2769,61
2020,July,2,184,Cook Bay,Eastern Kodiak,57.7794,-152.2769,61
2020,July,2,184,Cook Bay,Eastern Kodiak,57.7794,-152.2769,61
2020,July,2,184,Cook Bay,Eastern Kodiak,57.7783,-152.2506,61
2020,July,2,184,Cook Bay,Eastern Kodiak,57.7783,-152.2506,61
2020,July,2,184,Cook Bay,Eastern Kodiak,57.7783,-152.2506,61
2018,Aug,15,227,Agripina Bay,Agripina Bay,57.1071,-156.4564,62
2018,Aug,15,227,Agripina Bay,Agripina Bay,57.1071,-156.4564,62
2018,Aug,15,227,Agripina Bay,Agripina Bay,57.1071,-156.4564,62
2018,Aug,15,227,Agripina Bay,Agripina Bay,57.1071,-156.4564,62
2018,Aug,15,227,Agripina Bay,Agripina Bay,57.1071,-156.4564,62
2018,Aug,15,227,Agripina Bay,Agripina Bay,57.1071,-156.4564,62
2018,Aug,15,227,Agripina Bay,Agripina Bay,57.1046,-156.4717,62
2018,Aug,15,227,Agripina Bay,Agripina Bay,57.1041,-156.4766,62
2018,Aug,15,227,Agripina Bay,Agripina Bay,57.1041,-156.4766,62
2018,Aug,15,227,Agripina Bay,Agripina Bay,57.1041,-156.4766,62
2018,Aug,15,227,Agripina Bay,Agripina Bay,57.1041,-156.4766,62
2018,Aug,15,227,Agripina Bay,Agripina Bay,57.1041,-156.4766,62
2018,Aug,15,227,Agripina Bay,Agripina Bay,57.1041,-156.4766,62
2021,Aug,4,216,Kaiugnak Bay,Kaiugnak Bay,57.0535,-153.6533,62
2021,Aug,4,216,Kaiugnak Bay,Kaiugnak Bay,57.0535,-153.6533,62
2021,Aug,4,216,Kaiugnak Bay,Kaiugnak Bay,57.0535,-153.6533,62
2020,Aug,1,214,Kaiugnak Bay,Kaiugnak Bay,57.0573,-153.6351,62
2020,Aug,1,214,Kaiugnak Bay,Kaiugnak Bay,57.0536,-153.6532,62
2020,Aug,1,214,Kaiugnak Bay,Kaiugnak Bay,57.0572,-153.703,62
2020,Aug,1,214,Kaiugnak Bay,Kaiugnak Bay,57.0572,-153.703,62
2020,Aug,1,214,Kaiugnak Bay,Kaiugnak Bay,57.0572,-153.703,62
2020,Aug,1,214,Kaiugnak Bay,Kaiugnak Bay,57.0572,-153.703,62
2020,Aug,1,214,Kaiugnak Bay,Kaiugnak Bay,57.0572,-153.703,62
2020,Aug,1,214,Kaiugnak Bay,Kaiugnak Bay,57.0572,-153.703,62
2018,Aug,1,213,Baralof Bay,Shumagin Islands,55.228,-160.5598,62
2018,Aug,1,213,Baralof Bay,Shumagin Islands,55.228,-160.5598,62
2018,Aug,1,213,Baralof Bay,Shumagin Islands,55.228,-160.5598,62
2018,Aug,1,213,Baralof Bay,Shumagin Islands,55.2293,-160.5518,62
2018,Aug,1,213,Baralof Bay,Shumagin Islands,55.2293,-160.5518,62
2018,Aug,1,213,Baralof Bay,Shumagin Islands,55.2293,-160.5623,62
2018,Aug,1,213,Baralof Bay,Shumagin Islands,55.2294,-160.5646,62
2018,Aug,1,213,Baralof Bay,Shumagin Islands,55.2294,-160.5646,62
2018,Aug,1,213,Baralof Bay,Shumagin Islands,55.2294,-160.5646,62
2018,Aug,1,213,Baralof Bay,Shumagin Islands,55.2307,-160.5694,62
2018,Aug,1,213,Baralof Bay,Shumagin Islands,55.2307,-160.5694,62
2018,July,29,210,Falmouth Bay,Shumagin Islands,55.0684,-160.1125,62
2018,July,29,210,Falmouth Bay,Shumagin Islands,55.0669,-160.1267,62
2018,July,26,207,Sand Point,Shumagin Islands,55.2535,-160.5241,62
2018,July,26,207,Sand Point,Shumagin Islands,55.2535,-160.5241,62
2018,July,26,207,Sand Point,Shumagin Islands,55.2535,-160.5241,62
2020,July,23,205,Baralof Bay,Shumagin Islands,55.2304,-160.5484,62
2020,July,23,205,Baralof Bay,Shumagin Islands,55.2293,-160.5519,62
2020,July,23,205,Baralof Bay,Shumagin Islands,55.2293,-160.5623,62
2020,July,23,205,Baralof Bay,Shumagin Islands,55.2293,-160.5623,62
2020,July,20,202,Sand Point,Shumagin Islands,55.3202,-160.5241,62
2020,July,20,202,Sand Point,Shumagin Islands,55.3202,-160.5241,62
2022,July,19,200,Kaiugnak Bay,Kaiugnak Bay,57.0573,-153.7033,62
2022,July,19,200,Kaiugnak Bay,Kaiugnak Bay,57.0607,-153.7889,62
2022,July,19,200,Kaiugnak Bay,Kaiugnak Bay,57.0708,-153.6747,62
2022,July,19,200,Kaiugnak Bay,Kaiugnak Bay,57.0558,-153.6505,62
2023,July,19,200,Falmouth Bay,Shumagin Islands,55.0695,-160.114,62
2023,July,19,200,Falmouth Bay,Shumagin Islands,55.0689,-160.1297,62
2023,July,19,200,Falmouth Bay,Shumagin Islands,55.0669,-160.1267,62
2018,July,16,197,Agripina Bay,Agripina Bay,57.1047,-156.4584,62
2018,July,16,197,Agripina Bay,Agripina Bay,57.104,-156.4766,62
2020,July,6,188,Agripina Bay,Agripina Bay,57.1092,-156.4602,62
2020,July,6,188,Agripina Bay,Agripina Bay,57.1045,-156.4714,62
2020,July,6,188,Agripina Bay,Agripina Bay,57.104,-156.4767,62
2020,July,6,188,Agripina Bay,Agripina Bay,57.104,-156.4767,62
2020,July,6,188,Agripina Bay,Agripina Bay,57.104,-156.4767,62
2020,July,6,188,Agripina Bay,Agripina Bay,57.104,-156.4767,62
2020,July,2,184,Cook Bay,Eastern Kodiak,57.7686,-152.2738,62
2020,July,2,184,Cook Bay,Eastern Kodiak,57.7686,-152.2738,62
2020,July,2,184,Cook Bay,Eastern Kodiak,57.7686,-152.2738,62
2020,July,2,184,Cook Bay,Eastern Kodiak,57.7686,-152.2738,62
2020,July,2,184,Cook Bay,Eastern Kodiak,57.7239,-152.259,62
2020,July,2,184,Cook Bay,Eastern Kodiak,57.7239,-152.259,62
2020,July,2,184,Cook Bay,Eastern Kodiak,57.7239,-152.259,62
2020,July,2,184,Cook Bay,Eastern Kodiak,57.7794,-152.2769,62
2020,July,2,184,Cook Bay,Eastern Kodiak,57.7794,-152.2769,62
2020,July,2,184,Cook Bay,Eastern Kodiak,57.7794,-152.2769,62
2020,July,2,184,Cook Bay,Eastern Kodiak,57.7794,-152.2769,62
2018,Aug,15,227,Agripina Bay,Agripina Bay,57.1048,-156.4586,63
2018,Aug,15,227,Agripina Bay,Agripina Bay,57.1048,-156.4586,63
2018,Aug,15,227,Agripina Bay,Agripina Bay,57.1048,-156.4586,63
2018,Aug,15,227,Agripina Bay,Agripina Bay,57.1071,-156.4564,63
2018,Aug,15,227,Agripina Bay,Agripina Bay,57.1093,-156.4602,63
2018,Aug,15,227,Agripina Bay,Agripina Bay,57.1041,-156.4766,63
2018,Aug,15,227,Agripina Bay,Agripina Bay,57.1041,-156.4766,63
2018,Aug,15,227,Agripina Bay,Agripina Bay,57.1041,-156.4766,63
2018,Aug,15,227,Agripina Bay,Agripina Bay,57.1041,-156.4766,63
2018,Aug,15,227,Agripina Bay,Agripina Bay,57.1041,-156.4766,63
2018,Aug,15,227,Agripina Bay,Agripina Bay,57.1041,-156.4766,63
2018,Aug,15,227,Agripina Bay,Agripina Bay,57.1041,-156.4766,63
2018,Aug,15,227,Agripina Bay,Agripina Bay,57.1041,-156.4766,63
2019,Aug,7,219,Kaiugnak Bay,Kaiugnak Bay,57.0535,-153.6528,63
2019,Aug,7,219,Kaiugnak Bay,Kaiugnak Bay,57.0535,-153.6528,63
2021,Aug,4,216,Kaiugnak Bay,Kaiugnak Bay,57.056,-153.6502,63
2021,Aug,4,216,Kaiugnak Bay,Kaiugnak Bay,57.0535,-153.6533,63
2021,Aug,4,216,Kaiugnak Bay,Kaiugnak Bay,57.0606,-153.7056,63
2021,Aug,4,216,Kaiugnak Bay,Kaiugnak Bay,57.0606,-153.7056,63
2020,Aug,1,214,Kaiugnak Bay,Kaiugnak Bay,57.0709,-153.6748,63
2020,Aug,1,214,Kaiugnak Bay,Kaiugnak Bay,57.0709,-153.6748,63
2020,Aug,1,214,Kaiugnak Bay,Kaiugnak Bay,57.0536,-153.6532,63
2018,Aug,1,213,Baralof Bay,Shumagin Islands,55.228,-160.5598,63
2018,Aug,1,213,Baralof Bay,Shumagin Islands,55.228,-160.5598,63
2018,Aug,1,213,Baralof Bay,Shumagin Islands,55.2303,-160.5485,63
2018,Aug,1,213,Baralof Bay,Shumagin Islands,55.2293,-160.5518,63
2018,Aug,1,213,Baralof Bay,Shumagin Islands,55.2294,-160.5646,63
2018,Aug,1,213,Baralof Bay,Shumagin Islands,55.2294,-160.5646,63
2018,Aug,1,213,Baralof Bay,Shumagin Islands,55.2294,-160.5646,63
2018,Aug,1,213,Baralof Bay,Shumagin Islands,55.2294,-160.5646,63
2018,Aug,1,213,Baralof Bay,Shumagin Islands,55.2294,-160.5646,63
2018,July,29,210,Falmouth Bay,Shumagin Islands,55.0669,-160.1267,63
2018,July,26,207,Sand Point,Shumagin Islands,55.3204,-160.5207,63
2018,July,26,207,Sand Point,Shumagin Islands,55.3204,-160.5207,63
2018,July,26,207,Sand Point,Shumagin Islands,55.2535,-160.5241,63
2018,July,26,207,Sand Point,Shumagin Islands,55.2535,-160.5241,63
2018,July,26,207,Sand Point,Shumagin Islands,55.2535,-160.5241,63
2020,July,23,205,Baralof Bay,Shumagin Islands,55.2304,-160.5484,63
2020,July,23,205,Baralof Bay,Shumagin Islands,55.2304,-160.5484,63
2020,July,23,205,Baralof Bay,Shumagin Islands,55.2293,-160.5623,63
2023,July,24,205,Sand Point,Shumagin Islands,55.3203,-160.5207,63
2020,July,20,202,Sand Point,Shumagin Islands,55.3204,-160.5204,63
2020,July,20,202,Sand Point,Shumagin Islands,55.3202,-160.5241,63
2020,July,20,202,Sand Point,Shumagin Islands,55.3202,-160.5241,63
2022,July,19,200,Kaiugnak Bay,Kaiugnak Bay,57.0573,-153.7033,63
2022,July,19,200,Kaiugnak Bay,Kaiugnak Bay,57.0607,-153.7889,63
2022,July,19,200,Kaiugnak Bay,Kaiugnak Bay,57.0607,-153.7889,63
2022,July,19,200,Kaiugnak Bay,Kaiugnak Bay,57.0607,-153.7889,63
2022,July,19,200,Kaiugnak Bay,Kaiugnak Bay,57.0708,-153.6747,63
2022,July,19,200,Kaiugnak Bay,Kaiugnak Bay,57.0708,-153.6747,63
2022,July,19,200,Kaiugnak Bay,Kaiugnak Bay,57.0536,-153.6529,63
2022,July,19,200,Sand Point,Shumagin Islands,55.3204,-160.5201,63
2023,July,19,200,Falmouth Bay,Shumagin Islands,55.0689,-160.1297,63
2023,July,19,200,Falmouth Bay,Shumagin Islands,55.0689,-160.1297,63
2023,July,19,200,Falmouth Bay,Shumagin Islands,55.0669,-160.1267,63
2018,July,16,197,Agripina Bay,Agripina Bay,57.1047,-156.4584,63
2018,July,16,197,Agripina Bay,Agripina Bay,57.1094,-156.4599,63
2018,July,9,190,Kaiugnak Bay,Kaiugnak Bay,57.0708,-153.6749,63
2020,July,6,188,Agripina Bay,Agripina Bay,57.1092,-156.4602,63
2020,July,6,188,Agripina Bay,Agripina Bay,57.1045,-156.4714,63
2020,July,6,188,Agripina Bay,Agripina Bay,57.104,-156.4767,63
2020,July,2,184,Cook Bay,Eastern Kodiak,57.7686,-152.2738,63
2020,July,2,184,Cook Bay,Eastern Kodiak,57.7686,-152.2738,63
2020,July,2,184,Cook Bay,Eastern Kodiak,57.7686,-152.2738,63
2020,July,2,184,Cook Bay,Eastern Kodiak,57.7686,-152.2738,63
2020,July,2,184,Cook Bay,Eastern Kodiak,57.7239,-152.259,63
2020,July,2,184,Cook Bay,Eastern Kodiak,57.7239,-152.259,63
2020,July,2,184,Cook Bay,Eastern Kodiak,57.7794,-152.2769,63
2020,July,2,184,Cook Bay,Eastern Kodiak,57.7794,-152.2769,63
2020,July,2,184,Cook Bay,Eastern Kodiak,57.7794,-152.2769,63
2020,July,2,184,Cook Bay,Eastern Kodiak,57.7783,-152.2506,63
2018,Aug,15,227,Agripina Bay,Agripina Bay,57.1048,-156.4586,64
2018,Aug,15,227,Agripina Bay,Agripina Bay,57.1048,-156.4586,64
2018,Aug,15,227,Agripina Bay,Agripina Bay,57.1071,-156.4564,64
2018,Aug,15,227,Agripina Bay,Agripina Bay,57.1071,-156.4564,64
2018,Aug,15,227,Agripina Bay,Agripina Bay,57.1071,-156.4564,64
2018,Aug,15,227,Agripina Bay,Agripina Bay,57.1071,-156.4564,64
2018,Aug,15,227,Agripina Bay,Agripina Bay,57.1071,-156.4564,64
2018,Aug,15,227,Agripina Bay,Agripina Bay,57.1071,-156.4564,64
2018,Aug,15,227,Agripina Bay,Agripina Bay,57.1071,-156.4564,64
2018,Aug,15,227,Agripina Bay,Agripina Bay,57.1071,-156.4564,64
2018,Aug,15,227,Agripina Bay,Agripina Bay,57.1093,-156.4602,64
2018,Aug,15,227,Agripina Bay,Agripina Bay,57.1093,-156.4602,64
2018,Aug,15,227,Agripina Bay,Agripina Bay,57.1041,-156.4766,64
2018,Aug,15,227,Agripina Bay,Agripina Bay,57.1041,-156.4766,64
2018,Aug,15,227,Agripina Bay,Agripina Bay,57.1041,-156.4766,64
2019,Aug,7,219,Kaiugnak Bay,Kaiugnak Bay,57.0571,-153.7032,64
2019,Aug,7,219,Kaiugnak Bay,Kaiugnak Bay,57.0535,-153.6528,64
2019,Aug,7,219,Kaiugnak Bay,Kaiugnak Bay,57.0535,-153.6528,64
2021,Aug,4,216,Kaiugnak Bay,Kaiugnak Bay,57.0535,-153.6533,64
2021,Aug,4,216,Kaiugnak Bay,Kaiugnak Bay,57.0535,-153.6533,64
2020,Aug,1,214,Kaiugnak Bay,Kaiugnak Bay,57.0536,-153.6532,64
2020,Aug,1,214,Kaiugnak Bay,Kaiugnak Bay,57.0536,-153.6532,64
2020,Aug,1,214,Kaiugnak Bay,Kaiugnak Bay,57.056,-153.6603,64
2020,Aug,1,214,Kaiugnak Bay,Kaiugnak Bay,57.0572,-153.703,64
2020,Aug,1,214,Kaiugnak Bay,Kaiugnak Bay,57.0607,-153.7055,64
2018,Aug,1,213,Baralof Bay,Shumagin Islands,55.228,-160.5598,64
2018,Aug,1,213,Baralof Bay,Shumagin Islands,55.2294,-160.5646,64
2018,July,30,211,Falmouth Bay,Shumagin Islands,55.0694,-160.1137,64
2018,July,26,207,Sand Point,Shumagin Islands,55.3204,-160.5207,64
2018,July,26,207,Sand Point,Shumagin Islands,55.3204,-160.5207,64
2018,July,26,207,Sand Point,Shumagin Islands,55.3204,-160.5207,64
2018,July,26,207,Sand Point,Shumagin Islands,55.2535,-160.5241,64
2018,July,26,207,Sand Point,Shumagin Islands,55.2535,-160.5241,64
2018,July,26,207,Sand Point,Shumagin Islands,55.2535,-160.5241,64
2022,July,19,200,Kaiugnak Bay,Kaiugnak Bay,57.0607,-153.7889,64
2022,July,19,200,Kaiugnak Bay,Kaiugnak Bay,57.0607,-153.7889,64
2022,July,19,200,Kaiugnak Bay,Kaiugnak Bay,57.0708,-153.6747,64
2022,July,19,200,Kaiugnak Bay,Kaiugnak Bay,57.0708,-153.6747,64
2022,July,19,200,Kaiugnak Bay,Kaiugnak Bay,57.0558,-153.6505,64
2022,July,19,200,Kaiugnak Bay,Kaiugnak Bay,57.0536,-153.6529,64
2023,July,19,200,Falmouth Bay,Shumagin Islands,55.0689,-160.1297,64
2023,July,19,200,Falmouth Bay,Shumagin Islands,55.0689,-160.1297,64
2023,July,19,200,Falmouth Bay,Shumagin Islands,55.0669,-160.1267,64
2023,July,19,200,Falmouth Bay,Shumagin Islands,55.0669,-160.1267,64
2022,July,14,195,Falmouth Bay,Shumagin Islands,55.0692,-160.1136,64
2018,July,9,190,Kaiugnak Bay,Kaiugnak Bay,57.0708,-153.6749,64
2020,July,6,188,Agripina Bay,Agripina Bay,57.1092,-156.4602,64
2020,July,6,188,Agripina Bay,Agripina Bay,57.1092,-156.4602,64
2020,July,2,184,Cook Bay,Eastern Kodiak,57.7686,-152.2738,64
2020,July,2,184,Cook Bay,Eastern Kodiak,57.7686,-152.2738,64
2020,July,2,184,Cook Bay,Eastern Kodiak,57.7686,-152.2738,64
2020,July,2,184,Cook Bay,Eastern Kodiak,57.7686,-152.2738,64
2020,July,2,184,Cook Bay,Eastern Kodiak,57.7686,-152.2738,64
2020,July,2,184,Cook Bay,Eastern Kodiak,57.7686,-152.2738,64
2020,July,2,184,Cook Bay,Eastern Kodiak,57.7686,-152.2738,64
2020,July,2,184,Cook Bay,Eastern Kodiak,57.7686,-152.2738,64
2020,July,2,184,Cook Bay,Eastern Kodiak,57.7239,-152.259,64
2020,July,2,184,Cook Bay,Eastern Kodiak,57.7794,-152.2769,64
2020,July,2,184,Cook Bay,Eastern Kodiak,57.7794,-152.2769,64
2020,July,2,184,Cook Bay,Eastern Kodiak,57.7794,-152.2769,64
2018,Aug,15,227,Agripina Bay,Agripina Bay,57.1048,-156.4586,65
2018,Aug,15,227,Agripina Bay,Agripina Bay,57.1048,-156.4586,65
2018,Aug,15,227,Agripina Bay,Agripina Bay,57.1071,-156.4564,65
2018,Aug,15,227,Agripina Bay,Agripina Bay,57.1071,-156.4564,65
2018,Aug,15,227,Agripina Bay,Agripina Bay,57.1071,-156.4564,65
2018,Aug,15,227,Agripina Bay,Agripina Bay,57.1071,-156.4564,65
2018,Aug,15,227,Agripina Bay,Agripina Bay,57.1071,-156.4564,65
2018,Aug,15,227,Agripina Bay,Agripina Bay,57.1046,-156.4717,65
2018,Aug,15,227,Agripina Bay,Agripina Bay,57.1041,-156.4766,65
2018,Aug,15,227,Agripina Bay,Agripina Bay,57.1041,-156.4766,65
2018,Aug,15,227,Agripina Bay,Agripina Bay,57.1041,-156.4766,65
2018,Aug,15,227,Agripina Bay,Agripina Bay,57.1041,-156.4766,65
2018,Aug,15,227,Agripina Bay,Agripina Bay,57.1041,-156.4766,65
2018,Aug,15,227,Agripina Bay,Agripina Bay,57.1041,-156.4766,65
2019,Aug,8,220,Kaiugnak Bay,Kaiugnak Bay,57.0559,-153.6502,65
2021,Aug,4,216,Kaiugnak Bay,Kaiugnak Bay,57.0606,-153.7056,65
2021,Aug,4,216,Kaiugnak Bay,Kaiugnak Bay,57.0606,-153.7056,65
2020,Aug,1,214,Kaiugnak Bay,Kaiugnak Bay,57.0709,-153.6748,65
2020,Aug,1,214,Kaiugnak Bay,Kaiugnak Bay,57.0709,-153.6748,65
2020,Aug,1,214,Kaiugnak Bay,Kaiugnak Bay,57.056,-153.6603,65
2020,Aug,1,214,Kaiugnak Bay,Kaiugnak Bay,57.0572,-153.703,65
2020,Aug,1,214,Kaiugnak Bay,Kaiugnak Bay,57.0572,-153.703,65
2020,Aug,1,214,Kaiugnak Bay,Kaiugnak Bay,57.0572,-153.703,65
2018,Aug,1,213,Baralof Bay,Shumagin Islands,55.228,-160.5598,65
2018,Aug,1,213,Baralof Bay,Shumagin Islands,55.2303,-160.5485,65
2018,Aug,1,213,Baralof Bay,Shumagin Islands,55.2303,-160.5485,65
2018,Aug,1,213,Baralof Bay,Shumagin Islands,55.2307,-160.5694,65
2018,Aug,1,213,Baralof Bay,Shumagin Islands,55.2307,-160.5694,65
2018,Aug,1,213,Baralof Bay,Shumagin Islands,55.2307,-160.5694,65
2018,July,29,210,Falmouth Bay,Shumagin Islands,55.0639,-160.1164,65
2018,July,29,210,Falmouth Bay,Shumagin Islands,55.0669,-160.1267,65
2018,July,26,207,Sand Point,Shumagin Islands,55.3204,-160.5207,65
2018,July,26,207,Sand Point,Shumagin Islands,55.3204,-160.5207,65
2018,July,26,207,Sand Point,Shumagin Islands,55.2535,-160.5241,65
2018,July,26,207,Sand Point,Shumagin Islands,55.2535,-160.5241,65
2020,July,23,205,Baralof Bay,Shumagin Islands,55.2293,-160.5519,65
2022,July,19,200,Kaiugnak Bay,Kaiugnak Bay,57.0573,-153.7033,65
2022,July,19,200,Kaiugnak Bay,Kaiugnak Bay,57.0607,-153.7889,65
2022,July,19,200,Kaiugnak Bay,Kaiugnak Bay,57.0607,-153.7889,65
2022,July,19,200,Kaiugnak Bay,Kaiugnak Bay,57.0708,-153.6747,65
2022,July,19,200,Kaiugnak Bay,Kaiugnak Bay,57.0558,-153.6505,65
2022,July,19,200,Kaiugnak Bay,Kaiugnak Bay,57.0558,-153.6505,65
2022,July,19,200,Kaiugnak Bay,Kaiugnak Bay,57.0536,-153.6529,65
2022,July,19,200,Kaiugnak Bay,Kaiugnak Bay,57.0536,-153.6529,65
2022,July,19,200,Kaiugnak Bay,Kaiugnak Bay,57.0536,-153.6529,65
2023,July,19,200,Falmouth Bay,Shumagin Islands,55.0689,-160.1297,65
2018,July,16,197,Agripina Bay,Agripina Bay,57.1071,-156.4565,65
2018,July,16,197,Agripina Bay,Agripina Bay,57.1045,-156.4712,65
2018,July,9,190,Kaiugnak Bay,Kaiugnak Bay,57.0708,-153.6749,65
2020,July,6,188,Agripina Bay,Agripina Bay,57.104,-156.4767,65
2020,July,2,184,Cook Bay,Eastern Kodiak,57.7686,-152.2738,65
2020,July,2,184,Cook Bay,Eastern Kodiak,57.7794,-152.2769,65
2020,July,2,184,Cook Bay,Eastern Kodiak,57.7794,-152.2769,65
2018,Aug,15,227,Agripina Bay,Agripina Bay,57.1048,-156.4586,66
2018,Aug,15,227,Agripina Bay,Agripina Bay,57.1048,-156.4586,66
2018,Aug,15,227,Agripina Bay,Agripina Bay,57.1048,-156.4586,66
2018,Aug,15,227,Agripina Bay,Agripina Bay,57.1048,-156.4586,66
2018,Aug,15,227,Agripina Bay,Agripina Bay,57.1071,-156.4564,66
2018,Aug,15,227,Agripina Bay,Agripina Bay,57.1071,-156.4564,66
2018,Aug,15,227,Agripina Bay,Agripina Bay,57.1071,-156.4564,66
2018,Aug,15,227,Agripina Bay,Agripina Bay,57.1071,-156.4564,66
2018,Aug,15,227,Agripina Bay,Agripina Bay,57.1093,-156.4602,66
2018,Aug,15,227,Agripina Bay,Agripina Bay,57.1093,-156.4602,66
2018,Aug,15,227,Agripina Bay,Agripina Bay,57.1041,-156.4766,66
2018,Aug,15,227,Agripina Bay,Agripina Bay,57.1041,-156.4766,66
2018,Aug,15,227,Agripina Bay,Agripina Bay,57.1041,-156.4766,66
2018,Aug,15,227,Agripina Bay,Agripina Bay,57.1041,-156.4766,66
2019,Aug,7,219,Kaiugnak Bay,Kaiugnak Bay,57.0535,-153.6528,66
2019,Aug,7,219,Kaiugnak Bay,Kaiugnak Bay,57.0535,-153.6528,66
2019,Aug,7,219,Kaiugnak Bay,Kaiugnak Bay,57.0535,-153.6528,66
2019,Aug,7,219,Kaiugnak Bay,Kaiugnak Bay,57.0535,-153.6528,66
2019,Aug,7,219,Kaiugnak Bay,Kaiugnak Bay,57.0535,-153.6528,66
2021,Aug,4,216,Kaiugnak Bay,Kaiugnak Bay,57.0606,-153.7056,66
2020,Aug,1,214,Kaiugnak Bay,Kaiugnak Bay,57.0709,-153.6748,66
2020,Aug,1,214,Kaiugnak Bay,Kaiugnak Bay,57.0536,-153.6532,66
2020,Aug,1,214,Kaiugnak Bay,Kaiugnak Bay,57.0536,-153.6532,66
2020,Aug,1,214,Kaiugnak Bay,Kaiugnak Bay,57.056,-153.6603,66
2020,Aug,1,214,Kaiugnak Bay,Kaiugnak Bay,57.056,-153.6603,66
2020,Aug,1,214,Kaiugnak Bay,Kaiugnak Bay,57.056,-153.6603,66
2020,Aug,1,214,Kaiugnak Bay,Kaiugnak Bay,57.0572,-153.703,66
2020,Aug,1,214,Kaiugnak Bay,Kaiugnak Bay,57.0572,-153.703,66
2020,Aug,1,214,Kaiugnak Bay,Kaiugnak Bay,57.0572,-153.703,66
2020,Aug,1,214,Kaiugnak Bay,Kaiugnak Bay,57.0572,-153.703,66
2020,Aug,1,214,Kaiugnak Bay,Kaiugnak Bay,57.0572,-153.703,66
2020,Aug,1,214,Kaiugnak Bay,Kaiugnak Bay,57.0572,-153.703,66
2018,Aug,1,213,Baralof Bay,Shumagin Islands,55.228,-160.5598,66
2018,Aug,1,213,Baralof Bay,Shumagin Islands,55.2293,-160.5518,66
2018,Aug,1,213,Baralof Bay,Shumagin Islands,55.2293,-160.5623,66
2018,Aug,1,213,Baralof Bay,Shumagin Islands,55.2294,-160.5646,66
2018,Aug,1,213,Baralof Bay,Shumagin Islands,55.2294,-160.5646,66
2018,Aug,1,213,Baralof Bay,Shumagin Islands,55.2307,-160.5694,66
2018,July,30,211,Falmouth Bay,Shumagin Islands,55.0694,-160.1137,66
2018,July,29,210,Falmouth Bay,Shumagin Islands,55.0669,-160.1267,66
2018,July,26,207,Sand Point,Shumagin Islands,55.3204,-160.5207,66
2018,July,26,207,Sand Point,Shumagin Islands,55.3204,-160.5207,66
2018,July,26,207,Sand Point,Shumagin Islands,55.3204,-160.5207,66
2018,July,26,207,Sand Point,Shumagin Islands,55.3204,-160.5207,66
2018,July,26,207,Sand Point,Shumagin Islands,55.3204,-160.5207,66
2018,July,26,207,Sand Point,Shumagin Islands,55.3204,-160.5207,66
2018,July,26,207,Sand Point,Shumagin Islands,55.2535,-160.5241,66
2018,July,26,207,Sand Point,Shumagin Islands,55.2535,-160.5241,66
2018,July,26,207,Sand Point,Shumagin Islands,55.2535,-160.5241,66
2018,July,26,207,Sand Point,Shumagin Islands,55.2535,-160.5241,66
2018,July,26,207,Sand Point,Shumagin Islands,55.2535,-160.5241,66
2018,July,26,207,Sand Point,Shumagin Islands,55.2535,-160.5241,66
2018,July,26,207,Sand Point,Shumagin Islands,55.2535,-160.5241,66
2018,July,26,207,Sand Point,Shumagin Islands,55.2535,-160.5241,66
2020,July,23,205,Baralof Bay,Shumagin Islands,55.2304,-160.5484,66
2022,July,19,200,Kaiugnak Bay,Kaiugnak Bay,57.0573,-153.7033,66
2022,July,19,200,Kaiugnak Bay,Kaiugnak Bay,57.0573,-153.7033,66
2022,July,19,200,Kaiugnak Bay,Kaiugnak Bay,57.0607,-153.7889,66
2022,July,19,200,Kaiugnak Bay,Kaiugnak Bay,57.0607,-153.7889,66
2022,July,19,200,Kaiugnak Bay,Kaiugnak Bay,57.0708,-153.6747,66
2022,July,19,200,Kaiugnak Bay,Kaiugnak Bay,57.0536,-153.6529,66
2022,July,19,200,Sand Point,Shumagin Islands,55.3204,-160.5201,66
2023,July,19,200,Falmouth Bay,Shumagin Islands,55.0695,-160.114,66
2018,July,9,190,Kaiugnak Bay,Kaiugnak Bay,57.057,-153.7047,66
2020,July,6,188,Agripina Bay,Agripina Bay,57.104,-156.4767,66
2020,July,2,184,Cook Bay,Eastern Kodiak,57.7686,-152.2738,66
2020,July,2,184,Cook Bay,Eastern Kodiak,57.7794,-152.2769,66
2020,July,2,184,Cook Bay,Eastern Kodiak,57.7794,-152.2769,66
2018,Aug,15,227,Agripina Bay,Agripina Bay,57.1048,-156.4586,67
2018,Aug,15,227,Agripina Bay,Agripina Bay,57.1048,-156.4586,67
2018,Aug,15,227,Agripina Bay,Agripina Bay,57.1048,-156.4586,67
2018,Aug,15,227,Agripina Bay,Agripina Bay,57.1071,-156.4564,67
2018,Aug,15,227,Agripina Bay,Agripina Bay,57.1071,-156.4564,67
2018,Aug,15,227,Agripina Bay,Agripina Bay,57.1071,-156.4564,67
2018,Aug,15,227,Agripina Bay,Agripina Bay,57.1071,-156.4564,67
2018,Aug,15,227,Agripina Bay,Agripina Bay,57.1093,-156.4602,67
2018,Aug,15,227,Agripina Bay,Agripina Bay,57.1041,-156.4766,67
2018,Aug,15,227,Agripina Bay,Agripina Bay,57.1041,-156.4766,67
2018,Aug,15,227,Agripina Bay,Agripina Bay,57.1041,-156.4766,67
2019,Aug,7,219,Kaiugnak Bay,Kaiugnak Bay,57.0535,-153.6528,67
2021,Aug,4,216,Kaiugnak Bay,Kaiugnak Bay,57.0535,-153.6533,67
2020,Aug,1,214,Kaiugnak Bay,Kaiugnak Bay,57.0709,-153.6748,67
2020,Aug,1,214,Kaiugnak Bay,Kaiugnak Bay,57.0709,-153.6748,67
2020,Aug,1,214,Kaiugnak Bay,Kaiugnak Bay,57.0709,-153.6748,67
2020,Aug,1,214,Kaiugnak Bay,Kaiugnak Bay,57.0709,-153.6748,67
2020,Aug,1,214,Kaiugnak Bay,Kaiugnak Bay,57.0536,-153.6532,67
2020,Aug,1,214,Kaiugnak Bay,Kaiugnak Bay,57.0572,-153.703,67
2020,Aug,1,214,Kaiugnak Bay,Kaiugnak Bay,57.0572,-153.703,67
2020,Aug,1,214,Kaiugnak Bay,Kaiugnak Bay,57.0572,-153.703,67
2018,Aug,1,213,Baralof Bay,Shumagin Islands,55.2293,-160.5623,67
2018,Aug,1,213,Baralof Bay,Shumagin Islands,55.2307,-160.5694,67
2018,Aug,1,213,Baralof Bay,Shumagin Islands,55.2307,-160.5694,67
2018,July,30,211,Falmouth Bay,Shumagin Islands,55.0694,-160.1137,67
2018,July,30,211,Falmouth Bay,Shumagin Islands,55.0694,-160.1137,67
2018,July,26,207,Sand Point,Shumagin Islands,55.3204,-160.5207,67
2018,July,26,207,Sand Point,Shumagin Islands,55.3204,-160.5207,67
2018,July,26,207,Sand Point,Shumagin Islands,55.2535,-160.5241,67
2018,July,26,207,Sand Point,Shumagin Islands,55.2535,-160.5241,67
2022,July,19,200,Kaiugnak Bay,Kaiugnak Bay,57.0607,-153.7889,67
2022,July,19,200,Kaiugnak Bay,Kaiugnak Bay,57.0607,-153.7889,67
2022,July,19,200,Kaiugnak Bay,Kaiugnak Bay,57.0558,-153.6505,67
2023,July,19,200,Falmouth Bay,Shumagin Islands,55.0689,-160.1297,67
2018,July,16,197,Agripina Bay,Agripina Bay,57.1094,-156.4599,67
2022,July,4,185,Agripina Bay,Agripina Bay,57.1048,-156.4585,67
2020,July,2,184,Cook Bay,Eastern Kodiak,57.7783,-152.2506,67
2018,Aug,15,227,Agripina Bay,Agripina Bay,57.1048,-156.4586,68
2018,Aug,15,227,Agripina Bay,Agripina Bay,57.1071,-156.4564,68
2018,Aug,15,227,Agripina Bay,Agripina Bay,57.1093,-156.4602,68
2018,Aug,15,227,Agripina Bay,Agripina Bay,57.1041,-156.4766,68
2019,Aug,7,219,Kaiugnak Bay,Kaiugnak Bay,57.0571,-153.7032,68
2019,Aug,7,219,Kaiugnak Bay,Kaiugnak Bay,57.0535,-153.6528,68
2019,Aug,7,219,Kaiugnak Bay,Kaiugnak Bay,57.0535,-153.6528,68
2019,Aug,7,219,Kaiugnak Bay,Kaiugnak Bay,57.0535,-153.6528,68
2019,Aug,7,219,Kaiugnak Bay,Kaiugnak Bay,57.0535,-153.6528,68
2019,Aug,7,219,Kaiugnak Bay,Kaiugnak Bay,57.0535,-153.6528,68
2021,Aug,4,216,Kaiugnak Bay,Kaiugnak Bay,57.0535,-153.6533,68
2021,Aug,4,216,Kaiugnak Bay,Kaiugnak Bay,57.0606,-153.7056,68
2020,Aug,1,214,Kaiugnak Bay,Kaiugnak Bay,57.0709,-153.6748,68
2020,Aug,1,214,Kaiugnak Bay,Kaiugnak Bay,57.0709,-153.6748,68
2020,Aug,1,214,Kaiugnak Bay,Kaiugnak Bay,57.0536,-153.6532,68
2020,Aug,1,214,Kaiugnak Bay,Kaiugnak Bay,57.0536,-153.6532,68
2020,Aug,1,214,Kaiugnak Bay,Kaiugnak Bay,57.056,-153.6603,68
2020,Aug,1,214,Kaiugnak Bay,Kaiugnak Bay,57.056,-153.6603,68
2020,Aug,1,214,Kaiugnak Bay,Kaiugnak Bay,57.0572,-153.703,68
2020,Aug,1,214,Kaiugnak Bay,Kaiugnak Bay,57.0572,-153.703,68
2020,Aug,1,214,Kaiugnak Bay,Kaiugnak Bay,57.0572,-153.703,68
2020,Aug,1,214,Kaiugnak Bay,Kaiugnak Bay,57.0572,-153.703,68
2020,Aug,1,214,Kaiugnak Bay,Kaiugnak Bay,57.0572,-153.703,68
2020,Aug,1,214,Kaiugnak Bay,Kaiugnak Bay,57.0572,-153.703,68
2020,Aug,1,214,Kaiugnak Bay,Kaiugnak Bay,57.0572,-153.703,68
2020,Aug,1,214,Kaiugnak Bay,Kaiugnak Bay,57.0572,-153.703,68
2020,Aug,1,214,Kaiugnak Bay,Kaiugnak Bay,57.0572,-153.703,68
2018,Aug,1,213,Baralof Bay,Shumagin Islands,55.228,-160.5598,68
2018,Aug,1,213,Baralof Bay,Shumagin Islands,55.2293,-160.5518,68
2018,Aug,1,213,Baralof Bay,Shumagin Islands,55.2293,-160.5623,68
2018,Aug,1,213,Baralof Bay,Shumagin Islands,55.2293,-160.5623,68
2018,Aug,1,213,Baralof Bay,Shumagin Islands,55.2307,-160.5694,68
2018,Aug,1,213,Baralof Bay,Shumagin Islands,55.2307,-160.5694,68
2018,July,30,211,Falmouth Bay,Shumagin Islands,55.0694,-160.1137,68
2018,July,29,210,Falmouth Bay,Shumagin Islands,55.0684,-160.1125,68
2018,July,29,210,Falmouth Bay,Shumagin Islands,55.0669,-160.1267,68
2018,July,29,210,Falmouth Bay,Shumagin Islands,55.0669,-160.1267,68
2018,July,26,207,Sand Point,Shumagin Islands,55.3204,-160.5207,68
2018,July,26,207,Sand Point,Shumagin Islands,55.3204,-160.5207,68
2018,July,26,207,Sand Point,Shumagin Islands,55.3204,-160.5207,68
2018,July,26,207,Sand Point,Shumagin Islands,55.2535,-160.5241,68
2018,July,26,207,Sand Point,Shumagin Islands,55.2535,-160.5241,68
2018,July,26,207,Sand Point,Shumagin Islands,55.2535,-160.5241,68
2018,July,26,207,Sand Point,Shumagin Islands,55.2535,-160.5241,68
2018,July,26,207,Sand Point,Shumagin Islands,55.2535,-160.5241,68
2020,July,23,205,Baralof Bay,Shumagin Islands,55.2293,-160.5519,68
2022,July,19,200,Kaiugnak Bay,Kaiugnak Bay,57.0607,-153.7889,68
2022,July,19,200,Kaiugnak Bay,Kaiugnak Bay,57.0607,-153.7889,68
2022,July,19,200,Kaiugnak Bay,Kaiugnak Bay,57.0558,-153.6505,68
2023,July,19,200,Falmouth Bay,Shumagin Islands,55.0689,-160.1297,68
2023,July,19,200,Falmouth Bay,Shumagin Islands,55.0689,-160.1297,68
2018,July,16,197,Agripina Bay,Agripina Bay,57.1047,-156.4584,68
2018,July,16,197,Agripina Bay,Agripina Bay,57.1071,-156.4565,68
2020,July,6,188,Agripina Bay,Agripina Bay,57.1049,-156.4585,68
2020,July,6,188,Agripina Bay,Agripina Bay,57.1045,-156.4714,68
2020,July,6,188,Agripina Bay,Agripina Bay,57.104,-156.4767,68
2020,July,2,184,Cook Bay,Eastern Kodiak,57.7686,-152.2738,68
2020,July,2,184,Cook Bay,Eastern Kodiak,57.7239,-152.259,68
2020,July,2,184,Cook Bay,Eastern Kodiak,57.7794,-152.2769,68
2018,Aug,15,227,Agripina Bay,Agripina Bay,57.1048,-156.4586,69
2018,Aug,15,227,Agripina Bay,Agripina Bay,57.1048,-156.4586,69
2018,Aug,15,227,Agripina Bay,Agripina Bay,57.1071,-156.4564,69
2018,Aug,15,227,Agripina Bay,Agripina Bay,57.1041,-156.4766,69
2018,Aug,15,227,Agripina Bay,Agripina Bay,57.1041,-156.4766,69
2018,Aug,15,227,Agripina Bay,Agripina Bay,57.1041,-156.4766,69
2019,Aug,7,219,Kaiugnak Bay,Kaiugnak Bay,57.0571,-153.7032,69
2019,Aug,7,219,Kaiugnak Bay,Kaiugnak Bay,57.0535,-153.6528,69
2019,Aug,7,219,Kaiugnak Bay,Kaiugnak Bay,57.0535,-153.6528,69
2019,Aug,7,219,Kaiugnak Bay,Kaiugnak Bay,57.0535,-153.6528,69
2019,Aug,7,219,Kaiugnak Bay,Kaiugnak Bay,57.0535,-153.6528,69
2020,Aug,1,214,Kaiugnak Bay,Kaiugnak Bay,57.0709,-153.6748,69
2020,Aug,1,214,Kaiugnak Bay,Kaiugnak Bay,57.0536,-153.6532,69
2020,Aug,1,214,Kaiugnak Bay,Kaiugnak Bay,57.0536,-153.6532,69
2020,Aug,1,214,Kaiugnak Bay,Kaiugnak Bay,57.056,-153.6603,69
2020,Aug,1,214,Kaiugnak Bay,Kaiugnak Bay,57.0572,-153.703,69
2020,Aug,1,214,Kaiugnak Bay,Kaiugnak Bay,57.0572,-153.703,69
2020,Aug,1,214,Kaiugnak Bay,Kaiugnak Bay,57.0572,-153.703,69
2018,Aug,1,213,Baralof Bay,Shumagin Islands,55.228,-160.5598,69
2018,Aug,1,213,Baralof Bay,Shumagin Islands,55.2293,-160.5518,69
2018,Aug,1,213,Baralof Bay,Shumagin Islands,55.2294,-160.5646,69
2018,July,30,211,Falmouth Bay,Shumagin Islands,55.0694,-160.1137,69
2018,July,30,211,Falmouth Bay,Shumagin Islands,55.0694,-160.1137,69
2018,July,26,207,Sand Point,Shumagin Islands,55.2535,-160.5241,69
2018,July,26,207,Sand Point,Shumagin Islands,55.2535,-160.5241,69
2020,July,23,205,Baralof Bay,Shumagin Islands,55.2293,-160.5519,69
2022,July,19,200,Kaiugnak Bay,Kaiugnak Bay,57.0607,-153.7889,69
2022,July,19,200,Kaiugnak Bay,Kaiugnak Bay,57.0607,-153.7889,69
2022,July,19,200,Kaiugnak Bay,Kaiugnak Bay,57.0708,-153.6747,69
2020,July,2,184,Cook Bay,Eastern Kodiak,57.7794,-152.2769,69
2018,Aug,15,227,Agripina Bay,Agripina Bay,57.1048,-156.4586,70
2018,Aug,15,227,Agripina Bay,Agripina Bay,57.1048,-156.4586,70
2018,Aug,15,227,Agripina Bay,Agripina Bay,57.1071,-156.4564,70
2018,Aug,15,227,Agripina Bay,Agripina Bay,57.1071,-156.4564,70
2018,Aug,15,227,Agripina Bay,Agripina Bay,57.1041,-156.4766,70
2018,Aug,15,227,Agripina Bay,Agripina Bay,57.1041,-156.4766,70
2019,Aug,7,219,Kaiugnak Bay,Kaiugnak Bay,57.0571,-153.7032,70
2019,Aug,7,219,Kaiugnak Bay,Kaiugnak Bay,57.0535,-153.6528,70
2019,Aug,7,219,Kaiugnak Bay,Kaiugnak Bay,57.0535,-153.6528,70
2019,Aug,7,219,Kaiugnak Bay,Kaiugnak Bay,57.0535,-153.6528,70
2020,Aug,1,214,Kaiugnak Bay,Kaiugnak Bay,57.0709,-153.6748,70
2020,Aug,1,214,Kaiugnak Bay,Kaiugnak Bay,57.056,-153.6603,70
2020,Aug,1,214,Kaiugnak Bay,Kaiugnak Bay,57.056,-153.6603,70
2020,Aug,1,214,Kaiugnak Bay,Kaiugnak Bay,57.0572,-153.703,70
2020,Aug,1,214,Kaiugnak Bay,Kaiugnak Bay,57.0572,-153.703,70
2020,Aug,1,214,Kaiugnak Bay,Kaiugnak Bay,57.0572,-153.703,70
2020,Aug,1,214,Kaiugnak Bay,Kaiugnak Bay,57.0572,-153.703,70
2020,Aug,1,214,Kaiugnak Bay,Kaiugnak Bay,57.0572,-153.703,70
2020,Aug,1,214,Kaiugnak Bay,Kaiugnak Bay,57.0572,-153.703,70
2020,Aug,1,214,Kaiugnak Bay,Kaiugnak Bay,57.0572,-153.703,70
2020,Aug,1,214,Kaiugnak Bay,Kaiugnak Bay,57.0572,-153.703,70
2018,Aug,1,213,Baralof Bay,Shumagin Islands,55.228,-160.5598,70
2018,Aug,1,213,Baralof Bay,Shumagin Islands,55.2293,-160.5623,70
2018,Aug,1,213,Baralof Bay,Shumagin Islands,55.2293,-160.5623,70
2018,Aug,1,213,Baralof Bay,Shumagin Islands,55.2294,-160.5646,70
2018,July,29,210,Falmouth Bay,Shumagin Islands,55.0684,-160.1125,70
2018,July,26,207,Sand Point,Shumagin Islands,55.3204,-160.5207,70
2018,July,26,207,Sand Point,Shumagin Islands,55.3204,-160.5207,70
2018,July,26,207,Sand Point,Shumagin Islands,55.2535,-160.5241,70
2018,July,26,207,Sand Point,Shumagin Islands,55.2535,-160.5241,70
2022,July,19,200,Kaiugnak Bay,Kaiugnak Bay,57.0708,-153.6747,70
2022,July,19,200,Kaiugnak Bay,Kaiugnak Bay,57.0708,-153.6747,70
2022,July,19,200,Kaiugnak Bay,Kaiugnak Bay,57.0708,-153.6747,70
2022,July,19,200,Kaiugnak Bay,Kaiugnak Bay,57.0558,-153.6505,70
2022,July,19,200,Kaiugnak Bay,Kaiugnak Bay,57.0558,-153.6505,70
2022,July,19,200,Kaiugnak Bay,Kaiugnak Bay,57.0536,-153.6529,70
2022,July,19,200,Kaiugnak Bay,Kaiugnak Bay,57.0536,-153.6529,70
2022,July,19,200,Kaiugnak Bay,Kaiugnak Bay,57.0536,-153.6529,70
2022,July,19,200,Kaiugnak Bay,Kaiugnak Bay,57.0536,-153.6529,70
2022,July,19,200,Kaiugnak Bay,Kaiugnak Bay,57.0536,-153.6529,70
2022,July,19,200,Kaiugnak Bay,Kaiugnak Bay,57.0536,-153.6529,70
2020,July,2,184,Cook Bay,Eastern Kodiak,57.7794,-152.2769,70
2020,July,2,184,Cook Bay,Eastern Kodiak,57.7794,-152.2769,70
2018,Aug,15,227,Agripina Bay,Agripina Bay,57.1093,-156.4602,71
2018,Aug,15,227,Agripina Bay,Agripina Bay,57.1041,-156.4766,71
2018,Aug,15,227,Agripina Bay,Agripina Bay,57.1041,-156.4766,71
2018,Aug,15,227,Agripina Bay,Agripina Bay,57.1041,-156.4766,71
2018,Aug,15,227,Agripina Bay,Agripina Bay,57.1041,-156.4766,71
2018,Aug,15,227,Agripina Bay,Agripina Bay,57.1041,-156.4766,71
2019,Aug,8,220,Kaiugnak Bay,Kaiugnak Bay,57.0559,-153.6502,71
2019,Aug,7,219,Kaiugnak Bay,Kaiugnak Bay,57.0535,-153.6528,71
2019,Aug,7,219,Kaiugnak Bay,Kaiugnak Bay,57.0535,-153.6528,71
2019,Aug,7,219,Kaiugnak Bay,Kaiugnak Bay,57.0535,-153.6528,71
2019,Aug,7,219,Kaiugnak Bay,Kaiugnak Bay,57.0535,-153.6528,71
2019,Aug,7,219,Kaiugnak Bay,Kaiugnak Bay,57.0535,-153.6528,71
2019,Aug,7,219,Kaiugnak Bay,Kaiugnak Bay,57.0535,-153.6528,71
2020,Aug,1,214,Kaiugnak Bay,Kaiugnak Bay,57.0709,-153.6748,71
2020,Aug,1,214,Kaiugnak Bay,Kaiugnak Bay,57.056,-153.6603,71
2020,Aug,1,214,Kaiugnak Bay,Kaiugnak Bay,57.056,-153.6603,71
2020,Aug,1,214,Kaiugnak Bay,Kaiugnak Bay,57.0572,-153.703,71
2020,Aug,1,214,Kaiugnak Bay,Kaiugnak Bay,57.0572,-153.703,71
2020,Aug,1,214,Kaiugnak Bay,Kaiugnak Bay,57.0572,-153.703,71
2020,Aug,1,214,Kaiugnak Bay,Kaiugnak Bay,57.0572,-153.703,71
2020,Aug,1,214,Kaiugnak Bay,Kaiugnak Bay,57.0607,-153.7055,71
2018,Aug,1,213,Baralof Bay,Shumagin Islands,55.2293,-160.5623,71
2018,Aug,1,213,Baralof Bay,Shumagin Islands,55.2307,-160.5694,71
2018,Aug,1,213,Baralof Bay,Shumagin Islands,55.2307,-160.5694,71
2018,Aug,1,213,Baralof Bay,Shumagin Islands,55.2307,-160.5694,71
2018,July,30,211,Falmouth Bay,Shumagin Islands,55.0694,-160.1137,71
2018,July,30,211,Falmouth Bay,Shumagin Islands,55.0694,-160.1137,71
2018,July,29,210,Falmouth Bay,Shumagin Islands,55.0684,-160.1125,71
2018,July,26,207,Sand Point,Shumagin Islands,55.3204,-160.5207,71
2018,July,26,207,Sand Point,Shumagin Islands,55.2535,-160.5241,71
2022,July,19,200,Kaiugnak Bay,Kaiugnak Bay,57.0607,-153.7889,71
2022,July,19,200,Kaiugnak Bay,Kaiugnak Bay,57.0607,-153.7889,71
2022,July,19,200,Kaiugnak Bay,Kaiugnak Bay,57.0558,-153.6505,71
2022,July,19,200,Kaiugnak Bay,Kaiugnak Bay,57.0536,-153.6529,71
2023,July,19,200,Falmouth Bay,Shumagin Islands,55.0695,-160.114,71
2023,July,19,200,Falmouth Bay,Shumagin Islands,55.0689,-160.1297,71
2018,July,16,197,Agripina Bay,Agripina Bay,57.1047,-156.4584,71
2018,Aug,15,227,Agripina Bay,Agripina Bay,57.1041,-156.4766,72
2018,Aug,15,227,Agripina Bay,Agripina Bay,57.1041,-156.4766,72
2018,Aug,15,227,Agripina Bay,Agripina Bay,57.1041,-156.4766,72
2018,Aug,15,227,Agripina Bay,Agripina Bay,57.1041,-156.4766,72
2019,Aug,7,219,Kaiugnak Bay,Kaiugnak Bay,57.0535,-153.6528,72
2019,Aug,7,219,Kaiugnak Bay,Kaiugnak Bay,57.0535,-153.6528,72
2019,Aug,7,219,Kaiugnak Bay,Kaiugnak Bay,57.0535,-153.6528,72
2019,Aug,7,219,Kaiugnak Bay,Kaiugnak Bay,57.0535,-153.6528,72
2019,Aug,7,219,Kaiugnak Bay,Kaiugnak Bay,57.0535,-153.6528,72
2020,Aug,1,214,Kaiugnak Bay,Kaiugnak Bay,57.0536,-153.6532,72
2020,Aug,1,214,Kaiugnak Bay,Kaiugnak Bay,57.0536,-153.6532,72
2020,Aug,1,214,Kaiugnak Bay,Kaiugnak Bay,57.056,-153.6603,72
2020,Aug,1,214,Kaiugnak Bay,Kaiugnak Bay,57.056,-153.6603,72
2020,Aug,1,214,Kaiugnak Bay,Kaiugnak Bay,57.056,-153.6603,72
2020,Aug,1,214,Kaiugnak Bay,Kaiugnak Bay,57.0572,-153.703,72
2020,Aug,1,214,Kaiugnak Bay,Kaiugnak Bay,57.0572,-153.703,72
2020,Aug,1,214,Kaiugnak Bay,Kaiugnak Bay,57.0572,-153.703,72
2020,Aug,1,214,Kaiugnak Bay,Kaiugnak Bay,57.0572,-153.703,72
2020,Aug,1,214,Kaiugnak Bay,Kaiugnak Bay,57.0607,-153.7055,72
2018,Aug,1,213,Baralof Bay,Shumagin Islands,55.2293,-160.5623,72
2018,Aug,1,213,Baralof Bay,Shumagin Islands,55.2293,-160.5623,72
2018,Aug,1,213,Baralof Bay,Shumagin Islands,55.2293,-160.5623,72
2018,Aug,1,213,Baralof Bay,Shumagin Islands,55.2294,-160.5646,72
2018,Aug,1,213,Baralof Bay,Shumagin Islands,55.2294,-160.5646,72
2018,July,29,210,Falmouth Bay,Shumagin Islands,55.0684,-160.1125,72
2018,July,29,210,Falmouth Bay,Shumagin Islands,55.0669,-160.1267,72
2018,July,26,207,Sand Point,Shumagin Islands,55.3204,-160.5207,72
2018,July,26,207,Sand Point,Shumagin Islands,55.3204,-160.5207,72
2018,July,26,207,Sand Point,Shumagin Islands,55.3523,-160.5274,72
2018,July,26,207,Sand Point,Shumagin Islands,55.3523,-160.5274,72
2022,July,19,200,Kaiugnak Bay,Kaiugnak Bay,57.0573,-153.7033,72
2022,July,19,200,Kaiugnak Bay,Kaiugnak Bay,57.0607,-153.7889,72
2022,July,19,200,Kaiugnak Bay,Kaiugnak Bay,57.0607,-153.7889,72
2022,July,19,200,Kaiugnak Bay,Kaiugnak Bay,57.0708,-153.6747,72
2022,July,19,200,Kaiugnak Bay,Kaiugnak Bay,57.0708,-153.6747,72
2022,July,19,200,Kaiugnak Bay,Kaiugnak Bay,57.0558,-153.6505,72
2022,July,19,200,Kaiugnak Bay,Kaiugnak Bay,57.0536,-153.6529,72
2020,July,2,184,Cook Bay,Eastern Kodiak,57.7794,-152.2769,72
2018,Aug,15,227,Agripina Bay,Agripina Bay,57.1041,-156.4766,73
2018,Aug,15,227,Agripina Bay,Agripina Bay,57.1041,-156.4766,73
2018,Aug,15,227,Agripina Bay,Agripina Bay,57.1041,-156.4766,73
2018,Aug,15,227,Agripina Bay,Agripina Bay,57.1041,-156.4766,73
2018,Aug,15,227,Agripina Bay,Agripina Bay,57.1041,-156.4766,73
2019,Aug,7,219,Kaiugnak Bay,Kaiugnak Bay,57.0571,-153.7032,73
2019,Aug,7,219,Kaiugnak Bay,Kaiugnak Bay,57.0571,-153.7032,73
2020,Aug,1,214,Kaiugnak Bay,Kaiugnak Bay,57.0709,-153.6748,73
2020,Aug,1,214,Kaiugnak Bay,Kaiugnak Bay,57.056,-153.6603,73
2020,Aug,1,214,Kaiugnak Bay,Kaiugnak Bay,57.0572,-153.703,73
2020,Aug,1,214,Kaiugnak Bay,Kaiugnak Bay,57.0572,-153.703,73
2020,Aug,1,214,Kaiugnak Bay,Kaiugnak Bay,57.0572,-153.703,73
2018,Aug,1,213,Baralof Bay,Shumagin Islands,55.228,-160.5598,73
2018,Aug,1,213,Baralof Bay,Shumagin Islands,55.2294,-160.5646,73
2018,Aug,1,213,Baralof Bay,Shumagin Islands,55.2307,-160.5694,73
2018,July,30,211,Falmouth Bay,Shumagin Islands,55.0694,-160.1137,73
2022,July,19,200,Kaiugnak Bay,Kaiugnak Bay,57.0573,-153.7033,73
2022,July,19,200,Kaiugnak Bay,Kaiugnak Bay,57.0558,-153.6505,73
2018,July,9,190,Kaiugnak Bay,Kaiugnak Bay,57.0708,-153.6749,73
2018,July,9,190,Kaiugnak Bay,Kaiugnak Bay,57.057,-153.7047,73
2018,Aug,15,227,Agripina Bay,Agripina Bay,57.1048,-156.4586,74
2018,Aug,15,227,Agripina Bay,Agripina Bay,57.1071,-156.4564,74
2018,Aug,15,227,Agripina Bay,Agripina Bay,57.1071,-156.4564,74
2018,Aug,15,227,Agripina Bay,Agripina Bay,57.1041,-156.4766,74
2019,Aug,7,219,Kaiugnak Bay,Kaiugnak Bay,57.0571,-153.7032,74
2019,Aug,7,219,Kaiugnak Bay,Kaiugnak Bay,57.0571,-153.7032,74
2019,Aug,7,219,Kaiugnak Bay,Kaiugnak Bay,57.0571,-153.7032,74
2019,Aug,7,219,Kaiugnak Bay,Kaiugnak Bay,57.0535,-153.6528,74
2019,Aug,7,219,Kaiugnak Bay,Kaiugnak Bay,57.0535,-153.6528,74
2021,Aug,4,216,Kaiugnak Bay,Kaiugnak Bay,57.0606,-153.7056,74
2020,Aug,1,214,Kaiugnak Bay,Kaiugnak Bay,57.0709,-153.6748,74
2020,Aug,1,214,Kaiugnak Bay,Kaiugnak Bay,57.0573,-153.6351,74
2020,Aug,1,214,Kaiugnak Bay,Kaiugnak Bay,57.0536,-153.6532,74
2020,Aug,1,214,Kaiugnak Bay,Kaiugnak Bay,57.0536,-153.6532,74
2020,Aug,1,214,Kaiugnak Bay,Kaiugnak Bay,57.056,-153.6603,74
2020,Aug,1,214,Kaiugnak Bay,Kaiugnak Bay,57.056,-153.6603,74
2020,Aug,1,214,Kaiugnak Bay,Kaiugnak Bay,57.0572,-153.703,74
2020,Aug,1,214,Kaiugnak Bay,Kaiugnak Bay,57.0572,-153.703,74
2020,Aug,1,214,Kaiugnak Bay,Kaiugnak Bay,57.0607,-153.7055,74
2018,Aug,1,213,Baralof Bay,Shumagin Islands,55.228,-160.5598,74
2018,Aug,1,213,Baralof Bay,Shumagin Islands,55.228,-160.5598,74
2018,Aug,1,213,Baralof Bay,Shumagin Islands,55.2307,-160.5694,74
2018,July,29,210,Falmouth Bay,Shumagin Islands,55.0669,-160.1267,74
2022,July,19,200,Kaiugnak Bay,Kaiugnak Bay,57.0573,-153.7033,74
2022,July,19,200,Kaiugnak Bay,Kaiugnak Bay,57.0573,-153.7033,74
2022,July,19,200,Kaiugnak Bay,Kaiugnak Bay,57.0573,-153.7033,74
2018,July,16,197,Agripina Bay,Agripina Bay,57.1047,-156.4584,74
2018,July,16,197,Agripina Bay,Agripina Bay,57.1047,-156.4584,74
2018,Aug,15,227,Agripina Bay,Agripina Bay,57.1048,-156.4586,75
2018,Aug,15,227,Agripina Bay,Agripina Bay,57.1041,-156.4766,75
2018,Aug,15,227,Agripina Bay,Agripina Bay,57.1041,-156.4766,75
2019,Aug,7,219,Kaiugnak Bay,Kaiugnak Bay,57.0571,-153.7032,75
2019,Aug,7,219,Kaiugnak Bay,Kaiugnak Bay,57.0571,-153.7032,75
2019,Aug,7,219,Kaiugnak Bay,Kaiugnak Bay,57.0535,-153.6528,75
2021,Aug,4,216,Kaiugnak Bay,Kaiugnak Bay,57.0573,-153.6351,75
2020,Aug,1,214,Kaiugnak Bay,Kaiugnak Bay,57.0709,-153.6748,75
2020,Aug,1,214,Kaiugnak Bay,Kaiugnak Bay,57.0709,-153.6748,75
2020,Aug,1,214,Kaiugnak Bay,Kaiugnak Bay,57.0536,-153.6532,75
2020,Aug,1,214,Kaiugnak Bay,Kaiugnak Bay,57.0572,-153.703,75
2020,Aug,1,214,Kaiugnak Bay,Kaiugnak Bay,57.0572,-153.703,75
2020,Aug,1,214,Kaiugnak Bay,Kaiugnak Bay,57.0572,-153.703,75
2020,Aug,1,214,Kaiugnak Bay,Kaiugnak Bay,57.0572,-153.703,75
2020,Aug,1,214,Kaiugnak Bay,Kaiugnak Bay,57.0572,-153.703,75
2020,Aug,1,214,Kaiugnak Bay,Kaiugnak Bay,57.0607,-153.7055,75
2020,Aug,1,214,Kaiugnak Bay,Kaiugnak Bay,57.0607,-153.7055,75
2020,Aug,1,214,Kaiugnak Bay,Kaiugnak Bay,57.0607,-153.7055,75
2020,Aug,1,214,Kaiugnak Bay,Kaiugnak Bay,57.0607,-153.7055,75
2018,Aug,1,213,Baralof Bay,Shumagin Islands,55.228,-160.5598,75
2018,Aug,1,213,Baralof Bay,Shumagin Islands,55.2303,-160.5485,75
2018,Aug,1,213,Baralof Bay,Shumagin Islands,55.2293,-160.5623,75
2018,Aug,1,213,Baralof Bay,Shumagin Islands,55.2294,-160.5646,75
2018,July,26,207,Sand Point,Shumagin Islands,55.3204,-160.5207,75
2018,July,26,207,Sand Point,Shumagin Islands,55.2535,-160.5241,75
2018,July,26,207,Sand Point,Shumagin Islands,55.2535,-160.5241,75
2022,July,19,200,Kaiugnak Bay,Kaiugnak Bay,57.0607,-153.7889,75
2022,July,19,200,Kaiugnak Bay,Kaiugnak Bay,57.0607,-153.7889,75
2022,July,19,200,Kaiugnak Bay,Kaiugnak Bay,57.0708,-153.6747,75
2022,July,19,200,Kaiugnak Bay,Kaiugnak Bay,57.0558,-153.6505,75
2022,July,19,200,Kaiugnak Bay,Kaiugnak Bay,57.0558,-153.6505,75
2022,July,19,200,Kaiugnak Bay,Kaiugnak Bay,57.0558,-153.6505,75
2022,July,19,200,Kaiugnak Bay,Kaiugnak Bay,57.0536,-153.6529,75
2022,July,19,200,Kaiugnak Bay,Kaiugnak Bay,57.0536,-153.6529,75
2018,July,16,197,Agripina Bay,Agripina Bay,57.1047,-156.4584,75
2018,July,16,197,Agripina Bay,Agripina Bay,57.1071,-156.4565,75
2018,Aug,15,227,Agripina Bay,Agripina Bay,57.1048,-156.4586,76
2018,Aug,15,227,Agripina Bay,Agripina Bay,57.1048,-156.4586,76
2018,Aug,15,227,Agripina Bay,Agripina Bay,57.1071,-156.4564,76
2018,Aug,15,227,Agripina Bay,Agripina Bay,57.1071,-156.4564,76
2018,Aug,15,227,Agripina Bay,Agripina Bay,57.1041,-156.4766,76
2018,Aug,15,227,Agripina Bay,Agripina Bay,57.1041,-156.4766,76
2019,Aug,7,219,Kaiugnak Bay,Kaiugnak Bay,57.0535,-153.6528,76
2019,Aug,7,219,Kaiugnak Bay,Kaiugnak Bay,57.0535,-153.6528,76
2019,Aug,7,219,Kaiugnak Bay,Kaiugnak Bay,57.0535,-153.6528,76
2019,Aug,7,219,Kaiugnak Bay,Kaiugnak Bay,57.0535,-153.6528,76
2019,Aug,7,219,Kaiugnak Bay,Kaiugnak Bay,57.0535,-153.6528,76
2019,Aug,7,219,Kaiugnak Bay,Kaiugnak Bay,57.0535,-153.6528,76
2019,Aug,7,219,Kaiugnak Bay,Kaiugnak Bay,57.0535,-153.6528,76
2021,Aug,4,216,Kaiugnak Bay,Kaiugnak Bay,57.0606,-153.7056,76
2020,Aug,1,214,Kaiugnak Bay,Kaiugnak Bay,57.0709,-153.6748,76
2020,Aug,1,214,Kaiugnak Bay,Kaiugnak Bay,57.0709,-153.6748,76
2020,Aug,1,214,Kaiugnak Bay,Kaiugnak Bay,57.0709,-153.6748,76
2020,Aug,1,214,Kaiugnak Bay,Kaiugnak Bay,57.0536,-153.6532,76
2020,Aug,1,214,Kaiugnak Bay,Kaiugnak Bay,57.0572,-153.703,76
2020,Aug,1,214,Kaiugnak Bay,Kaiugnak Bay,57.0572,-153.703,76
2020,Aug,1,214,Kaiugnak Bay,Kaiugnak Bay,57.0572,-153.703,76
2020,Aug,1,214,Kaiugnak Bay,Kaiugnak Bay,57.0607,-153.7055,76
2020,Aug,1,214,Kaiugnak Bay,Kaiugnak Bay,57.0607,-153.7055,76
2018,Aug,1,213,Baralof Bay,Shumagin Islands,55.228,-160.5598,76
2018,Aug,1,213,Baralof Bay,Shumagin Islands,55.2293,-160.5623,76
2018,July,29,210,Falmouth Bay,Shumagin Islands,55.0684,-160.1125,76
2022,July,19,200,Kaiugnak Bay,Kaiugnak Bay,57.0573,-153.7033,76
2022,July,19,200,Kaiugnak Bay,Kaiugnak Bay,57.0607,-153.7889,76
2022,July,19,200,Kaiugnak Bay,Kaiugnak Bay,57.0558,-153.6505,76
2022,July,19,200,Kaiugnak Bay,Kaiugnak Bay,57.0558,-153.6505,76
2022,July,19,200,Kaiugnak Bay,Kaiugnak Bay,57.0536,-153.6529,76
2018,Aug,15,227,Agripina Bay,Agripina Bay,57.1048,-156.4586,77
2018,Aug,15,227,Agripina Bay,Agripina Bay,57.1041,-156.4766,77
2019,Aug,8,220,Kaiugnak Bay,Kaiugnak Bay,57.0559,-153.6502,77
2019,Aug,7,219,Kaiugnak Bay,Kaiugnak Bay,57.0571,-153.7032,77
2019,Aug,7,219,Kaiugnak Bay,Kaiugnak Bay,57.0571,-153.7032,77
2019,Aug,7,219,Kaiugnak Bay,Kaiugnak Bay,57.0535,-153.6528,77
2019,Aug,7,219,Kaiugnak Bay,Kaiugnak Bay,57.0535,-153.6528,77
2020,Aug,1,214,Kaiugnak Bay,Kaiugnak Bay,57.0536,-153.6532,77
2020,Aug,1,214,Kaiugnak Bay,Kaiugnak Bay,57.056,-153.6603,77
2020,Aug,1,214,Kaiugnak Bay,Kaiugnak Bay,57.056,-153.6603,77
2020,Aug,1,214,Kaiugnak Bay,Kaiugnak Bay,57.0572,-153.703,77
2020,Aug,1,214,Kaiugnak Bay,Kaiugnak Bay,57.0572,-153.703,77
2020,Aug,1,214,Kaiugnak Bay,Kaiugnak Bay,57.0607,-153.7055,77
2018,Aug,1,213,Baralof Bay,Shumagin Islands,55.2293,-160.5623,77
2018,Aug,1,213,Baralof Bay,Shumagin Islands,55.2293,-160.5623,77
2018,July,26,207,Sand Point,Shumagin Islands,55.3204,-160.5207,77
2018,July,26,207,Sand Point,Shumagin Islands,55.3204,-160.5207,77
2022,July,19,200,Kaiugnak Bay,Kaiugnak Bay,57.0558,-153.6505,77
2018,Aug,15,227,Agripina Bay,Agripina Bay,57.1048,-156.4586,78
2019,Aug,7,219,Kaiugnak Bay,Kaiugnak Bay,57.0571,-153.7032,78
2019,Aug,7,219,Kaiugnak Bay,Kaiugnak Bay,57.0571,-153.7032,78
2019,Aug,7,219,Kaiugnak Bay,Kaiugnak Bay,57.0535,-153.6528,78
2021,Aug,4,216,Kaiugnak Bay,Kaiugnak Bay,57.0573,-153.6351,78
2021,Aug,4,216,Kaiugnak Bay,Kaiugnak Bay,57.0606,-153.7056,78
2020,Aug,1,214,Kaiugnak Bay,Kaiugnak Bay,57.0573,-153.6351,78
2020,Aug,1,214,Kaiugnak Bay,Kaiugnak Bay,57.0536,-153.6532,78
2020,Aug,1,214,Kaiugnak Bay,Kaiugnak Bay,57.0572,-153.703,78
2020,Aug,1,214,Kaiugnak Bay,Kaiugnak Bay,57.0572,-153.703,78
2018,Aug,1,213,Baralof Bay,Shumagin Islands,55.228,-160.5598,78
2018,Aug,1,213,Baralof Bay,Shumagin Islands,55.2303,-160.5485,78
2018,Aug,1,213,Baralof Bay,Shumagin Islands,55.2293,-160.5623,78
2018,Aug,1,213,Baralof Bay,Shumagin Islands,55.2294,-160.5646,78
2018,Aug,1,213,Baralof Bay,Shumagin Islands,55.2294,-160.5646,78
2018,July,30,211,Falmouth Bay,Shumagin Islands,55.0694,-160.1137,78
2018,July,29,210,Falmouth Bay,Shumagin Islands,55.0669,-160.1267,78
2018,July,26,207,Sand Point,Shumagin Islands,55.2535,-160.5241,78
2018,July,26,207,Sand Point,Shumagin Islands,55.2535,-160.5241,78
2022,July,19,200,Kaiugnak Bay,Kaiugnak Bay,57.0573,-153.7033,78
2022,July,19,200,Kaiugnak Bay,Kaiugnak Bay,57.0558,-153.6505,78
2022,July,19,200,Kaiugnak Bay,Kaiugnak Bay,57.0536,-153.6529,78
2018,Aug,15,227,Agripina Bay,Agripina Bay,57.1048,-156.4586,79
2018,Aug,15,227,Agripina Bay,Agripina Bay,57.1041,-156.4766,79
2019,Aug,7,219,Kaiugnak Bay,Kaiugnak Bay,57.0571,-153.7032,79
2019,Aug,7,219,Kaiugnak Bay,Kaiugnak Bay,57.0535,-153.6528,79
2019,Aug,7,219,Kaiugnak Bay,Kaiugnak Bay,57.0535,-153.6528,79
2020,Aug,1,214,Kaiugnak Bay,Kaiugnak Bay,57.0709,-153.6748,79
2020,Aug,1,214,Kaiugnak Bay,Kaiugnak Bay,57.0536,-153.6532,79
2020,Aug,1,214,Kaiugnak Bay,Kaiugnak Bay,57.0572,-153.703,79
2020,Aug,1,214,Kaiugnak Bay,Kaiugnak Bay,57.0572,-153.703,79
2020,Aug,1,214,Kaiugnak Bay,Kaiugnak Bay,57.0572,-153.703,79
2020,Aug,1,214,Kaiugnak Bay,Kaiugnak Bay,57.0607,-153.7055,79
2018,Aug,1,213,Baralof Bay,Shumagin Islands,55.2294,-160.5646,79
2018,July,29,210,Falmouth Bay,Shumagin Islands,55.0639,-160.1164,79
2018,July,29,210,Falmouth Bay,Shumagin Islands,55.0669,-160.1267,79
2022,July,19,200,Kaiugnak Bay,Kaiugnak Bay,57.0573,-153.7033,79
2022,July,19,200,Kaiugnak Bay,Kaiugnak Bay,57.0607,-153.7889,79
2018,July,16,197,Agripina Bay,Agripina Bay,57.1047,-156.4584,79
2018,Aug,15,227,Agripina Bay,Agripina Bay,57.1041,-156.4766,80
2018,Aug,15,227,Agripina Bay,Agripina Bay,57.1041,-156.4766,80
2019,Aug,7,219,Kaiugnak Bay,Kaiugnak Bay,57.0535,-153.6528,80
2021,Aug,4,216,Kaiugnak Bay,Kaiugnak Bay,57.0535,-153.6533,80
2020,Aug,1,214,Kaiugnak Bay,Kaiugnak Bay,57.0709,-153.6748,80
2020,Aug,1,214,Kaiugnak Bay,Kaiugnak Bay,57.0536,-153.6532,80
2020,Aug,1,214,Kaiugnak Bay,Kaiugnak Bay,57.0536,-153.6532,80
2020,Aug,1,214,Kaiugnak Bay,Kaiugnak Bay,57.0536,-153.6532,80
2020,Aug,1,214,Kaiugnak Bay,Kaiugnak Bay,57.0572,-153.703,80
2020,Aug,1,214,Kaiugnak Bay,Kaiugnak Bay,57.0572,-153.703,80
2020,Aug,1,214,Kaiugnak Bay,Kaiugnak Bay,57.0607,-153.7055,80
2018,Aug,1,213,Baralof Bay,Shumagin Islands,55.2293,-160.5623,80
2018,Aug,1,213,Baralof Bay,Shumagin Islands,55.2293,-160.5623,80
2018,Aug,1,213,Baralof Bay,Shumagin Islands,55.2307,-160.5694,80
2018,Aug,1,213,Baralof Bay,Shumagin Islands,55.2307,-160.5694,80
2018,July,29,210,Falmouth Bay,Shumagin Islands,55.0669,-160.1267,80
2022,July,19,200,Kaiugnak Bay,Kaiugnak Bay,57.0607,-153.7889,80
2022,July,19,200,Kaiugnak Bay,Kaiugnak Bay,57.0607,-153.7889,80
2022,July,19,200,Kaiugnak Bay,Kaiugnak Bay,57.0572,-153.6348,80
2022,July,19,200,Kaiugnak Bay,Kaiugnak Bay,57.0558,-153.6505,80
2019,July,7,188,Agripina Bay,Agripina Bay,57.105,-156.4581,80
2018,Aug,15,227,Agripina Bay,Agripina Bay,57.1048,-156.4586,81
2019,Aug,8,220,Kaiugnak Bay,Kaiugnak Bay,57.0559,-153.6502,81
2019,Aug,7,219,Kaiugnak Bay,Kaiugnak Bay,57.0571,-153.7032,81
2021,Aug,4,216,Kaiugnak Bay,Kaiugnak Bay,57.0535,-153.6533,81
2020,Aug,1,214,Kaiugnak Bay,Kaiugnak Bay,57.0572,-153.703,81
2018,Aug,1,213,Baralof Bay,Shumagin Islands,55.2303,-160.5485,81
2018,Aug,1,213,Baralof Bay,Shumagin Islands,55.2293,-160.5623,81
2018,Aug,1,213,Baralof Bay,Shumagin Islands,55.2294,-160.5646,81
2018,Aug,1,213,Baralof Bay,Shumagin Islands,55.2294,-160.5646,81
2018,Aug,1,213,Baralof Bay,Shumagin Islands,55.2307,-160.5694,81
2018,July,29,210,Falmouth Bay,Shumagin Islands,55.0639,-160.1164,81
2018,July,26,207,Sand Point,Shumagin Islands,55.2535,-160.5241,81
2022,July,19,200,Kaiugnak Bay,Kaiugnak Bay,57.0607,-153.7889,81
2022,July,19,200,Kaiugnak Bay,Kaiugnak Bay,57.0572,-153.6348,81
2022,July,19,200,Kaiugnak Bay,Kaiugnak Bay,57.0572,-153.6348,81
2022,July,19,200,Kaiugnak Bay,Kaiugnak Bay,57.0558,-153.6505,81
2018,Aug,15,227,Agripina Bay,Agripina Bay,57.1048,-156.4586,82
2018,Aug,15,227,Agripina Bay,Agripina Bay,57.1071,-156.4564,82
2018,Aug,15,227,Agripina Bay,Agripina Bay,57.1041,-156.4766,82
2020,Aug,1,214,Kaiugnak Bay,Kaiugnak Bay,57.0536,-153.6532,82
2020,Aug,1,214,Kaiugnak Bay,Kaiugnak Bay,57.0536,-153.6532,82
2020,Aug,1,214,Kaiugnak Bay,Kaiugnak Bay,57.0607,-153.7055,82
2020,Aug,1,214,Kaiugnak Bay,Kaiugnak Bay,57.0607,-153.7055,82
2018,July,26,207,Sand Point,Shumagin Islands,55.3204,-160.5207,82
2022,July,19,200,Kaiugnak Bay,Kaiugnak Bay,57.0607,-153.7889,82
2022,July,19,200,Kaiugnak Bay,Kaiugnak Bay,57.0558,-153.6505,82
2020,Aug,1,214,Kaiugnak Bay,Kaiugnak Bay,57.0572,-153.703,83
2020,Aug,1,214,Kaiugnak Bay,Kaiugnak Bay,57.0572,-153.703,83
2020,Aug,1,214,Kaiugnak Bay,Kaiugnak Bay,57.0607,-153.7055,83
2018,Aug,1,213,Baralof Bay,Shumagin Islands,55.2293,-160.5518,83
2018,July,30,211,Falmouth Bay,Shumagin Islands,55.0694,-160.1137,83
2018,Aug,15,227,Agripina Bay,Agripina Bay,57.1041,-156.4766,84
2019,Aug,7,219,Kaiugnak Bay,Kaiugnak Bay,57.0535,-153.6528,84
2019,Aug,7,219,Kaiugnak Bay,Kaiugnak Bay,57.0535,-153.6528,84
2019,Aug,7,219,Kaiugnak Bay,Kaiugnak Bay,57.0535,-153.6528,84
2020,Aug,1,214,Kaiugnak Bay,Kaiugnak Bay,57.0573,-153.6351,84
2020,Aug,1,214,Kaiugnak Bay,Kaiugnak Bay,57.0572,-153.703,84
2020,Aug,1,214,Kaiugnak Bay,Kaiugnak Bay,57.0607,-153.7055,84
2022,July,19,200,Kaiugnak Bay,Kaiugnak Bay,57.0708,-153.6747,84
2022,July,19,200,Kaiugnak Bay,Kaiugnak Bay,57.0558,-153.6505,84
2019,Aug,7,219,Kaiugnak Bay,Kaiugnak Bay,57.0571,-153.7032,85
2021,Aug,4,216,Kaiugnak Bay,Kaiugnak Bay,57.0535,-153.6533,85
2021,Aug,4,216,Kaiugnak Bay,Kaiugnak Bay,57.0535,-153.6533,85
2020,Aug,1,214,Kaiugnak Bay,Kaiugnak Bay,57.056,-153.6603,85
2020,Aug,1,214,Kaiugnak Bay,Kaiugnak Bay,57.056,-153.6603,85
2018,July,29,210,Falmouth Bay,Shumagin Islands,55.0639,-160.1164,85
2022,July,19,200,Kaiugnak Bay,Kaiugnak Bay,57.0572,-153.6348,85
2022,July,19,200,Kaiugnak Bay,Kaiugnak Bay,57.0558,-153.6505,85
2020,Aug,1,214,Kaiugnak Bay,Kaiugnak Bay,57.0572,-153.703,86
2020,Aug,1,214,Kaiugnak Bay,Kaiugnak Bay,57.0607,-153.7055,86
2018,Aug,1,213,Baralof Bay,Shumagin Islands,55.2293,-160.5623,86
2018,July,29,210,Falmouth Bay,Shumagin Islands,55.0684,-160.1125,86
2022,July,19,200,Kaiugnak Bay,Kaiugnak Bay,57.0558,-153.6505,86
2020,Aug,1,214,Kaiugnak Bay,Kaiugnak Bay,57.0709,-153.6748,87
2020,Aug,1,214,Kaiugnak Bay,Kaiugnak Bay,57.0573,-153.6351,87
2022,July,19,200,Kaiugnak Bay,Kaiugnak Bay,57.0573,-153.7033,87
2022,July,19,200,Kaiugnak Bay,Kaiugnak Bay,57.0708,-153.6747,87
2019,Aug,7,219,Kaiugnak Bay,Kaiugnak Bay,57.0535,-153.6528,88
2020,Aug,1,214,Kaiugnak Bay,Kaiugnak Bay,57.056,-153.6603,88
2020,Aug,1,214,Kaiugnak Bay,Kaiugnak Bay,57.0572,-153.703,88
2020,Aug,1,214,Kaiugnak Bay,Kaiugnak Bay,57.0572,-153.703,88
2018,July,30,211,Falmouth Bay,Shumagin Islands,55.0694,-160.1137,88
2022,July,19,200,Kaiugnak Bay,Kaiugnak Bay,57.0558,-153.6505,88
2020,Aug,1,214,Kaiugnak Bay,Kaiugnak Bay,57.056,-153.6603,89
2020,Aug,1,214,Kaiugnak Bay,Kaiugnak Bay,57.0572,-153.703,89
2018,July,26,207,Sand Point,Shumagin Islands,55.3204,-160.5207,89
2020,Aug,1,214,Kaiugnak Bay,Kaiugnak Bay,57.056,-153.6603,90
2022,July,19,200,Kaiugnak Bay,Kaiugnak Bay,57.0558,-153.6505,90
2022,July,19,200,Kaiugnak Bay,Kaiugnak Bay,57.0558,-153.6505,90
2018,Aug,1,213,Baralof Bay,Shumagin Islands,55.2303,-160.5485,91
2022,July,19,200,Kaiugnak Bay,Kaiugnak Bay,57.0708,-153.6747,91
2022,July,19,200,Kaiugnak Bay,Kaiugnak Bay,57.0558,-153.6505,91
2019,Aug,8,220,Kaiugnak Bay,Kaiugnak Bay,57.0559,-153.6502,92
2018,July,30,211,Falmouth Bay,Shumagin Islands,55.0694,-160.1137,92
2020,Aug,1,214,Kaiugnak Bay,Kaiugnak Bay,57.0607,-153.7055,93
2018,Aug,1,213,Baralof Bay,Shumagin Islands,55.2307,-160.5694,93
2018,July,30,211,Falmouth Bay,Shumagin Islands,55.0691,-160.1299,93
2022,July,19,200,Kaiugnak Bay,Kaiugnak Bay,57.0573,-153.7033,93
2018,July,30,211,Falmouth Bay,Shumagin Islands,55.0694,-160.1137,94
2022,July,19,200,Kaiugnak Bay,Kaiugnak Bay,57.0607,-153.7889,94
2020,Aug,1,214,Kaiugnak Bay,Kaiugnak Bay,57.056,-153.6603,95
2023,July,15,196,Anton Larsen Bay,Eastern Kodiak,57.87825,-152.64772,87
2018,July,15,196,Anton Larsen Bay,Eastern Kodiak,57.87825,-152.64772,86
2023,July,17,198,Anton Larsen Bay,Eastern Kodiak,57.87825,-152.64772,85
2023,July,17,198,Anton Larsen Bay,Eastern Kodiak,57.87825,-152.64772,82
2023,July,17,198,Anton Larsen Bay,Eastern Kodiak,57.87825,-152.64772,80
2023,July,17,198,Anton Larsen Bay,Eastern Kodiak,57.87825,-152.64772,80
2018,July,15,196,Anton Larsen Bay,Eastern Kodiak,57.87825,-152.64772,78
2023,July,15,196,Anton Larsen Bay,Eastern Kodiak,57.87825,-152.64772,78
2023,July,15,196,Anton Larsen Bay,Eastern Kodiak,57.87825,-152.64772,77
2023,July,17,198,Anton Larsen Bay,Eastern Kodiak,57.87825,-152.64772,77
2023,July,17,198,Anton Larsen Bay,Eastern Kodiak,57.87825,-152.64772,77
2023,July,17,198,Anton Larsen Bay,Eastern Kodiak,57.87825,-152.64772,74
2018,July,15,196,Anton Larsen Bay,Eastern Kodiak,57.87825,-152.64772,68
2018,July,15,196,Anton Larsen Bay,Eastern Kodiak,57.87825,-152.64772,64
2018,July,15,196,Anton Larsen Bay,Eastern Kodiak,57.87825,-152.64772,59
2022,July,15,196,Cook Bay,Eastern Kodiak,57.77713,-152.25227,62
2021,July,10,191,Anton Larsen Bay,Eastern Kodiak,57.882,-152.62572,84
2022,July,13,194,Anton Larsen Bay,Eastern Kodiak,57.882,-152.62572,83
2021,July,10,191,Anton Larsen Bay,Eastern Kodiak,57.882,-152.62572,81
2022,July,13,194,Anton Larsen Bay,Eastern Kodiak,57.882,-152.62572,78
2022,July,13,194,Anton Larsen Bay,Eastern Kodiak,57.882,-152.62572,78
2022,July,13,194,Anton Larsen Bay,Eastern Kodiak,57.882,-152.62572,78
2022,July,13,194,Anton Larsen Bay,Eastern Kodiak,57.882,-152.62572,77
2022,July,13,194,Anton Larsen Bay,Eastern Kodiak,57.882,-152.62572,77
2022,July,13,194,Anton Larsen Bay,Eastern Kodiak,57.882,-152.62572,77
2022,July,13,194,Anton Larsen Bay,Eastern Kodiak,57.882,-152.62572,76
2022,July,13,194,Anton Larsen Bay,Eastern Kodiak,57.882,-152.62572,76
2022,July,13,194,Anton Larsen Bay,Eastern Kodiak,57.882,-152.62572,76
2022,July,13,194,Anton Larsen Bay,Eastern Kodiak,57.882,-152.62572,76
2022,July,13,194,Anton Larsen Bay,Eastern Kodiak,57.882,-152.62572,76
2023,July,15,196,Anton Larsen Bay,Eastern Kodiak,57.882,-152.62572,76
2022,July,13,194,Anton Larsen Bay,Eastern Kodiak,57.882,-152.62572,75
2022,July,13,194,Anton Larsen Bay,Eastern Kodiak,57.882,-152.62572,75
2022,July,13,194,Anton Larsen Bay,Eastern Kodiak,57.882,-152.62572,75
2022,July,13,194,Anton Larsen Bay,Eastern Kodiak,57.882,-152.62572,75
2022,July,13,194,Anton Larsen Bay,Eastern Kodiak,57.882,-152.62572,75
2022,July,13,194,Anton Larsen Bay,Eastern Kodiak,57.882,-152.62572,74
2022,July,13,194,Anton Larsen Bay,Eastern Kodiak,57.882,-152.62572,74
2022,July,13,194,Anton Larsen Bay,Eastern Kodiak,57.882,-152.62572,74
2022,July,13,194,Anton Larsen Bay,Eastern Kodiak,57.882,-152.62572,74
2022,July,13,194,Anton Larsen Bay,Eastern Kodiak,57.882,-152.62572,74
2022,July,13,194,Anton Larsen Bay,Eastern Kodiak,57.882,-152.62572,74
2022,July,13,194,Anton Larsen Bay,Eastern Kodiak,57.882,-152.62572,73
2022,July,13,194,Anton Larsen Bay,Eastern Kodiak,57.882,-152.62572,73
2022,July,13,194,Anton Larsen Bay,Eastern Kodiak,57.882,-152.62572,73
2022,July,13,194,Anton Larsen Bay,Eastern Kodiak,57.882,-152.62572,73
2022,July,13,194,Anton Larsen Bay,Eastern Kodiak,57.882,-152.62572,72
2022,July,13,194,Anton Larsen Bay,Eastern Kodiak,57.882,-152.62572,72
2022,July,13,194,Anton Larsen Bay,Eastern Kodiak,57.882,-152.62572,72
2022,July,13,194,Anton Larsen Bay,Eastern Kodiak,57.882,-152.62572,72
2022,July,13,194,Anton Larsen Bay,Eastern Kodiak,57.882,-152.62572,72
2022,July,13,194,Anton Larsen Bay,Eastern Kodiak,57.882,-152.62572,72
2022,July,13,194,Anton Larsen Bay,Eastern Kodiak,57.882,-152.62572,72
2022,July,13,194,Anton Larsen Bay,Eastern Kodiak,57.882,-152.62572,71
2022,July,13,194,Anton Larsen Bay,Eastern Kodiak,57.882,-152.62572,71
2022,July,13,194,Anton Larsen Bay,Eastern Kodiak,57.882,-152.62572,71
2022,July,13,194,Anton Larsen Bay,Eastern Kodiak,57.882,-152.62572,71
2022,July,13,194,Anton Larsen Bay,Eastern Kodiak,57.882,-152.62572,71
2022,July,13,194,Anton Larsen Bay,Eastern Kodiak,57.882,-152.62572,70
2022,July,13,194,Anton Larsen Bay,Eastern Kodiak,57.882,-152.62572,70
2022,July,13,194,Anton Larsen Bay,Eastern Kodiak,57.882,-152.62572,70
2022,July,13,194,Anton Larsen Bay,Eastern Kodiak,57.882,-152.62572,70
2022,July,13,194,Anton Larsen Bay,Eastern Kodiak,57.882,-152.62572,70
2022,July,13,194,Anton Larsen Bay,Eastern Kodiak,57.882,-152.62572,70
2022,July,13,194,Anton Larsen Bay,Eastern Kodiak,57.882,-152.62572,70
2022,July,13,194,Anton Larsen Bay,Eastern Kodiak,57.882,-152.62572,70
2021,July,9,190,Anton Larsen Bay,Eastern Kodiak,57.882,-152.62572,69
2022,July,13,194,Anton Larsen Bay,Eastern Kodiak,57.882,-152.62572,69
2022,July,13,194,Anton Larsen Bay,Eastern Kodiak,57.882,-152.62572,69
2022,July,13,194,Anton Larsen Bay,Eastern Kodiak,57.882,-152.62572,69
2022,July,13,194,Anton Larsen Bay,Eastern Kodiak,57.882,-152.62572,69
2022,July,13,194,Anton Larsen Bay,Eastern Kodiak,57.882,-152.62572,69
2022,July,13,194,Anton Larsen Bay,Eastern Kodiak,57.882,-152.62572,69
2022,July,13,194,Anton Larsen Bay,Eastern Kodiak,57.882,-152.62572,69
2022,July,13,194,Anton Larsen Bay,Eastern Kodiak,57.882,-152.62572,69
2022,July,13,194,Anton Larsen Bay,Eastern Kodiak,57.882,-152.62572,68
2022,July,13,194,Anton Larsen Bay,Eastern Kodiak,57.882,-152.62572,68
2022,July,13,194,Anton Larsen Bay,Eastern Kodiak,57.882,-152.62572,68
2022,July,13,194,Anton Larsen Bay,Eastern Kodiak,57.882,-152.62572,68
2022,July,13,194,Anton Larsen Bay,Eastern Kodiak,57.882,-152.62572,68
2022,July,13,194,Anton Larsen Bay,Eastern Kodiak,57.882,-152.62572,68
2022,July,13,194,Anton Larsen Bay,Eastern Kodiak,57.882,-152.62572,68
2022,July,13,194,Anton Larsen Bay,Eastern Kodiak,57.882,-152.62572,68
2022,July,13,194,Anton Larsen Bay,Eastern Kodiak,57.882,-152.62572,68
2022,July,13,194,Anton Larsen Bay,Eastern Kodiak,57.882,-152.62572,68
2022,July,13,194,Anton Larsen Bay,Eastern Kodiak,57.882,-152.62572,68
2018,July,15,196,Anton Larsen Bay,Eastern Kodiak,57.882,-152.62572,67
2022,July,13,194,Anton Larsen Bay,Eastern Kodiak,57.882,-152.62572,67
2022,July,13,194,Anton Larsen Bay,Eastern Kodiak,57.882,-152.62572,67
2022,July,13,194,Anton Larsen Bay,Eastern Kodiak,57.882,-152.62572,67
2018,July,15,196,Anton Larsen Bay,Eastern Kodiak,57.882,-152.62572,66
2022,July,13,194,Anton Larsen Bay,Eastern Kodiak,57.882,-152.62572,66
2022,July,13,194,Anton Larsen Bay,Eastern Kodiak,57.882,-152.62572,66
2022,July,13,194,Anton Larsen Bay,Eastern Kodiak,57.882,-152.62572,66
2022,July,13,194,Anton Larsen Bay,Eastern Kodiak,57.882,-152.62572,66
2022,July,13,194,Anton Larsen Bay,Eastern Kodiak,57.882,-152.62572,66
2022,July,13,194,Anton Larsen Bay,Eastern Kodiak,57.882,-152.62572,66
2022,July,13,194,Anton Larsen Bay,Eastern Kodiak,57.882,-152.62572,66
2019,July,13,194,Anton Larsen Bay,Eastern Kodiak,57.882,-152.62572,65
2022,July,13,194,Anton Larsen Bay,Eastern Kodiak,57.882,-152.62572,65
2022,July,13,194,Anton Larsen Bay,Eastern Kodiak,57.882,-152.62572,65
2022,July,13,194,Anton Larsen Bay,Eastern Kodiak,57.882,-152.62572,65
2022,July,13,194,Anton Larsen Bay,Eastern Kodiak,57.882,-152.62572,65
2022,July,13,194,Anton Larsen Bay,Eastern Kodiak,57.882,-152.62572,65
2022,July,13,194,Anton Larsen Bay,Eastern Kodiak,57.882,-152.62572,65
2022,July,13,194,Anton Larsen Bay,Eastern Kodiak,57.882,-152.62572,65
2022,July,13,194,Anton Larsen Bay,Eastern Kodiak,57.882,-152.62572,65
2022,July,13,194,Anton Larsen Bay,Eastern Kodiak,57.882,-152.62572,65
2022,July,13,194,Anton Larsen Bay,Eastern Kodiak,57.882,-152.62572,65
2022,July,13,194,Anton Larsen Bay,Eastern Kodiak,57.882,-152.62572,65
2022,July,13,194,Anton Larsen Bay,Eastern Kodiak,57.882,-152.62572,65
2022,July,13,194,Anton Larsen Bay,Eastern Kodiak,57.882,-152.62572,64
2022,July,13,194,Anton Larsen Bay,Eastern Kodiak,57.882,-152.62572,64
2022,July,13,194,Anton Larsen Bay,Eastern Kodiak,57.882,-152.62572,64
2022,July,13,194,Anton Larsen Bay,Eastern Kodiak,57.882,-152.62572,64
2022,July,13,194,Anton Larsen Bay,Eastern Kodiak,57.882,-152.62572,64
2022,July,13,194,Anton Larsen Bay,Eastern Kodiak,57.882,-152.62572,64
2022,July,13,194,Anton Larsen Bay,Eastern Kodiak,57.882,-152.62572,64
2022,July,13,194,Anton Larsen Bay,Eastern Kodiak,57.882,-152.62572,64
2022,July,13,194,Anton Larsen Bay,Eastern Kodiak,57.882,-152.62572,64
2018,July,15,196,Anton Larsen Bay,Eastern Kodiak,57.882,-152.62572,63
2019,July,13,194,Anton Larsen Bay,Eastern Kodiak,57.882,-152.62572,62
2022,July,13,194,Anton Larsen Bay,Eastern Kodiak,57.882,-152.62572,62
2022,July,13,194,Anton Larsen Bay,Eastern Kodiak,57.882,-152.62572,62
2022,July,13,194,Anton Larsen Bay,Eastern Kodiak,57.882,-152.62572,62
2022,July,13,194,Anton Larsen Bay,Eastern Kodiak,57.882,-152.62572,62
2022,July,13,194,Anton Larsen Bay,Eastern Kodiak,57.882,-152.62572,62
2018,July,15,196,Anton Larsen Bay,Eastern Kodiak,57.882,-152.62572,61
2022,July,13,194,Anton Larsen Bay,Eastern Kodiak,57.882,-152.62572,61
2022,July,13,194,Anton Larsen Bay,Eastern Kodiak,57.882,-152.62572,61
2019,July,13,194,Anton Larsen Bay,Eastern Kodiak,57.882,-152.62572,60
2022,July,13,194,Anton Larsen Bay,Eastern Kodiak,57.882,-152.62572,60
2022,July,13,194,Anton Larsen Bay,Eastern Kodiak,57.882,-152.62572,60
2022,July,13,194,Anton Larsen Bay,Eastern Kodiak,57.882,-152.62572,60
2019,July,13,194,Anton Larsen Bay,Eastern Kodiak,57.882,-152.62572,59
2022,July,13,194,Anton Larsen Bay,Eastern Kodiak,57.882,-152.62572,59
2022,July,13,194,Anton Larsen Bay,Eastern Kodiak,57.882,-152.62572,59
2023,July,15,196,Anton Larsen Bay,Eastern Kodiak,57.882,-152.62572,59
2022,July,13,194,Anton Larsen Bay,Eastern Kodiak,57.882,-152.62572,58
2022,July,13,194,Anton Larsen Bay,Eastern Kodiak,57.882,-152.62572,58
2022,July,13,194,Anton Larsen Bay,Eastern Kodiak,57.882,-152.62572,58
2022,July,13,194,Anton Larsen Bay,Eastern Kodiak,57.882,-152.62572,56
2022,July,13,194,Anton Larsen Bay,Eastern Kodiak,57.882,-152.62572,56
2022,July,13,194,Anton Larsen Bay,Eastern Kodiak,57.882,-152.62572,55
2022,July,13,194,Anton Larsen Bay,Eastern Kodiak,57.882,-152.62572,55
2022,July,13,194,Anton Larsen Bay,Eastern Kodiak,57.882,-152.62572,55
2022,July,13,194,Anton Larsen Bay,Eastern Kodiak,57.882,-152.62572,55
2018,July,15,196,Anton Larsen Bay,Eastern Kodiak,57.882,-152.62572,53
2022,July,13,194,Anton Larsen Bay,Eastern Kodiak,57.882,-152.62572,53
2022,July,13,194,Anton Larsen Bay,Eastern Kodiak,57.882,-152.62572,52
2022,July,13,194,Anton Larsen Bay,Eastern Kodiak,57.882,-152.62572,52
2022,July,13,194,Anton Larsen Bay,Eastern Kodiak,57.882,-152.62572,52
2019,July,13,194,Anton Larsen Bay,Eastern Kodiak,57.882,-152.62572,51
2019,July,13,194,Anton Larsen Bay,Eastern Kodiak,57.882,-152.62572,51
2022,July,13,194,Anton Larsen Bay,Eastern Kodiak,57.882,-152.62572,51
2022,July,13,194,Anton Larsen Bay,Eastern Kodiak,57.882,-152.62572,51
2022,July,13,194,Anton Larsen Bay,Eastern Kodiak,57.882,-152.62572,51
2022,July,13,194,Anton Larsen Bay,Eastern Kodiak,57.882,-152.62572,51
2019,July,13,194,Anton Larsen Bay,Eastern Kodiak,57.882,-152.62572,50
2019,July,13,194,Anton Larsen Bay,Eastern Kodiak,57.882,-152.62572,50
2022,July,13,194,Anton Larsen Bay,Eastern Kodiak,57.882,-152.62572,50
2022,July,13,194,Anton Larsen Bay,Eastern Kodiak,57.882,-152.62572,50
2022,July,13,194,Anton Larsen Bay,Eastern Kodiak,57.882,-152.62572,49
2021,July,10,191,Anton Larsen Bay,Eastern Kodiak,57.882,-152.62572,48
2022,July,13,194,Anton Larsen Bay,Eastern Kodiak,57.882,-152.62572,48
2022,July,13,194,Anton Larsen Bay,Eastern Kodiak,57.882,-152.62572,48
2019,July,13,194,Anton Larsen Bay,Eastern Kodiak,57.882,-152.62572,47
2019,July,13,194,Anton Larsen Bay,Eastern Kodiak,57.882,-152.62572,46
2022,July,13,194,Anton Larsen Bay,Eastern Kodiak,57.882,-152.62572,46
2022,July,13,194,Anton Larsen Bay,Eastern Kodiak,57.882,-152.62572,46
2022,July,13,194,Anton Larsen Bay,Eastern Kodiak,57.882,-152.62572,46
2018,July,15,196,Anton Larsen Bay,Eastern Kodiak,57.882,-152.62572,45
2022,July,12,193,Anton Larsen Bay,Eastern Kodiak,57.882,-152.62572,45
2022,July,13,194,Anton Larsen Bay,Eastern Kodiak,57.882,-152.62572,45
2022,July,13,194,Anton Larsen Bay,Eastern Kodiak,57.882,-152.62572,45
2022,July,13,194,Anton Larsen Bay,Eastern Kodiak,57.882,-152.62572,45
2022,July,13,194,Anton Larsen Bay,Eastern Kodiak,57.882,-152.62572,45
2022,July,13,194,Anton Larsen Bay,Eastern Kodiak,57.882,-152.62572,45
2018,July,15,196,Anton Larsen Bay,Eastern Kodiak,57.882,-152.62572,44
2022,July,13,194,Anton Larsen Bay,Eastern Kodiak,57.882,-152.62572,44
2022,July,13,194,Anton Larsen Bay,Eastern Kodiak,57.882,-152.62572,44
2022,July,13,194,Anton Larsen Bay,Eastern Kodiak,57.882,-152.62572,44
2022,July,13,194,Anton Larsen Bay,Eastern Kodiak,57.882,-152.62572,44
2021,July,9,190,Anton Larsen Bay,Eastern Kodiak,57.882,-152.62572,43
2022,July,13,194,Anton Larsen Bay,Eastern Kodiak,57.882,-152.62572,43
2022,July,13,194,Anton Larsen Bay,Eastern Kodiak,57.882,-152.62572,43
2022,July,12,193,Anton Larsen Bay,Eastern Kodiak,57.882,-152.62572,42
2022,July,13,194,Anton Larsen Bay,Eastern Kodiak,57.882,-152.62572,42
2022,July,13,194,Anton Larsen Bay,Eastern Kodiak,57.882,-152.62572,40
2019,July,13,194,Anton Larsen Bay,Eastern Kodiak,57.882,-152.62572,39
2022,July,12,193,Anton Larsen Bay,Eastern Kodiak,57.882,-152.62572,39
2022,July,13,194,Anton Larsen Bay,Eastern Kodiak,57.882,-152.62572,39
2022,July,13,194,Anton Larsen Bay,Eastern Kodiak,57.882,-152.62572,39
2022,July,13,194,Anton Larsen Bay,Eastern Kodiak,57.882,-152.62572,38
2022,July,13,194,Anton Larsen Bay,Eastern Kodiak,57.882,-152.62572,38
2022,July,13,194,Anton Larsen Bay,Eastern Kodiak,57.882,-152.62572,38
2021,July,10,191,Anton Larsen Bay,Eastern Kodiak,57.882,-152.62572,36
2022,July,13,194,Anton Larsen Bay,Eastern Kodiak,57.882,-152.62572,36
2022,July,13,194,Anton Larsen Bay,Eastern Kodiak,57.882,-152.62572,35
2022,July,13,194,Anton Larsen Bay,Eastern Kodiak,57.882,-152.62572,35
2022,July,13,194,Anton Larsen Bay,Eastern Kodiak,57.882,-152.62572,35
2023,July,17,198,Anton Larsen Bay,Eastern Kodiak,57.882,-152.62572,32
2022,July,16,197,Cook Bay,Eastern Kodiak,57.782,-152.24778,84
2022,July,17,198,Cook Bay,Eastern Kodiak,57.782,-152.24778,81
2022,July,16,197,Cook Bay,Eastern Kodiak,57.782,-152.24778,80
2022,July,17,198,Cook Bay,Eastern Kodiak,57.782,-152.24778,80
2022,July,17,198,Cook Bay,Eastern Kodiak,57.782,-152.24778,78
2022,July,17,198,Cook Bay,Eastern Kodiak,57.782,-152.24778,78
2022,July,17,198,Cook Bay,Eastern Kodiak,57.782,-152.24778,78
2022,July,17,198,Cook Bay,Eastern Kodiak,57.782,-152.24778,77
2022,July,16,197,Cook Bay,Eastern Kodiak,57.782,-152.24778,76
2022,July,17,198,Cook Bay,Eastern Kodiak,57.782,-152.24778,76
2022,July,17,198,Cook Bay,Eastern Kodiak,57.782,-152.24778,75
2022,July,17,198,Cook Bay,Eastern Kodiak,57.782,-152.24778,74
2022,July,17,198,Cook Bay,Eastern Kodiak,57.782,-152.24778,74
2022,July,17,198,Cook Bay,Eastern Kodiak,57.782,-152.24778,74
2022,July,17,198,Cook Bay,Eastern Kodiak,57.782,-152.24778,74
2022,July,17,198,Cook Bay,Eastern Kodiak,57.782,-152.24778,74
2022,July,17,198,Cook Bay,Eastern Kodiak,57.782,-152.24778,74
2022,July,17,198,Cook Bay,Eastern Kodiak,57.782,-152.24778,74
2022,July,17,198,Cook Bay,Eastern Kodiak,57.782,-152.24778,74
2022,July,17,198,Cook Bay,Eastern Kodiak,57.782,-152.24778,73
2022,July,17,198,Cook Bay,Eastern Kodiak,57.782,-152.24778,72
2022,July,17,198,Cook Bay,Eastern Kodiak,57.782,-152.24778,72
2022,July,17,198,Cook Bay,Eastern Kodiak,57.782,-152.24778,71
2022,July,17,198,Cook Bay,Eastern Kodiak,57.782,-152.24778,71
2022,July,17,198,Cook Bay,Eastern Kodiak,57.782,-152.24778,70
2022,July,17,198,Cook Bay,Eastern Kodiak,57.782,-152.24778,69
2022,July,17,198,Cook Bay,Eastern Kodiak,57.782,-152.24778,69
2022,July,17,198,Cook Bay,Eastern Kodiak,57.782,-152.24778,69
2021,July,15,196,Cook Bay,Eastern Kodiak,57.782,-152.24778,68
2022,July,16,197,Cook Bay,Eastern Kodiak,57.782,-152.24778,67
2022,July,17,198,Cook Bay,Eastern Kodiak,57.782,-152.24778,67
2022,July,17,198,Cook Bay,Eastern Kodiak,57.782,-152.24778,67
2022,July,17,198,Cook Bay,Eastern Kodiak,57.782,-152.24778,67
2022,July,16,197,Cook Bay,Eastern Kodiak,57.782,-152.24778,66
2022,July,17,198,Cook Bay,Eastern Kodiak,57.782,-152.24778,66
2022,July,17,198,Cook Bay,Eastern Kodiak,57.782,-152.24778,66
2022,July,17,198,Cook Bay,Eastern Kodiak,57.782,-152.24778,66
2022,July,17,198,Cook Bay,Eastern Kodiak,57.782,-152.24778,66
2021,July,15,196,Cook Bay,Eastern Kodiak,57.782,-152.24778,65
2022,July,16,197,Cook Bay,Eastern Kodiak,57.782,-152.24778,65
2022,July,16,197,Cook Bay,Eastern Kodiak,57.782,-152.24778,65
2022,July,17,198,Cook Bay,Eastern Kodiak,57.782,-152.24778,65
2022,July,17,198,Cook Bay,Eastern Kodiak,57.782,-152.24778,65
2021,July,15,196,Cook Bay,Eastern Kodiak,57.782,-152.24778,64
2022,July,17,198,Cook Bay,Eastern Kodiak,57.782,-152.24778,64
2022,July,17,198,Cook Bay,Eastern Kodiak,57.782,-152.24778,64
2022,July,17,198,Cook Bay,Eastern Kodiak,57.782,-152.24778,64
2022,July,17,198,Cook Bay,Eastern Kodiak,57.782,-152.24778,63
2022,July,17,198,Cook Bay,Eastern Kodiak,57.782,-152.24778,63
2022,July,17,198,Cook Bay,Eastern Kodiak,57.782,-152.24778,63
2021,July,15,196,Cook Bay,Eastern Kodiak,57.782,-152.24778,62
2022,July,17,198,Cook Bay,Eastern Kodiak,57.782,-152.24778,62
2022,July,17,198,Cook Bay,Eastern Kodiak,57.782,-152.24778,62
2022,July,17,198,Cook Bay,Eastern Kodiak,57.782,-152.24778,62
2022,July,17,198,Cook Bay,Eastern Kodiak,57.782,-152.24778,62
2022,July,17,198,Cook Bay,Eastern Kodiak,57.782,-152.24778,62
2022,July,17,198,Cook Bay,Eastern Kodiak,57.782,-152.24778,62
2021,July,14,195,Cook Bay,Eastern Kodiak,57.782,-152.24778,61
2021,July,14,195,Cook Bay,Eastern Kodiak,57.782,-152.24778,61
2022,July,17,198,Cook Bay,Eastern Kodiak,57.782,-152.24778,61
2022,July,17,198,Cook Bay,Eastern Kodiak,57.782,-152.24778,61
2022,July,16,197,Cook Bay,Eastern Kodiak,57.782,-152.24778,60
2022,July,17,198,Cook Bay,Eastern Kodiak,57.782,-152.24778,60
2022,July,17,198,Cook Bay,Eastern Kodiak,57.782,-152.24778,60
2021,July,14,195,Cook Bay,Eastern Kodiak,57.782,-152.24778,59
2021,July,15,196,Cook Bay,Eastern Kodiak,57.782,-152.24778,59
2021,July,15,196,Cook Bay,Eastern Kodiak,57.782,-152.24778,59
2022,July,17,198,Cook Bay,Eastern Kodiak,57.782,-152.24778,59
2022,July,17,198,Cook Bay,Eastern Kodiak,57.782,-152.24778,59
2022,July,17,198,Cook Bay,Eastern Kodiak,57.782,-152.24778,59
2022,July,16,197,Cook Bay,Eastern Kodiak,57.782,-152.24778,58
2021,July,14,195,Cook Bay,Eastern Kodiak,57.782,-152.24778,57
2021,July,14,195,Cook Bay,Eastern Kodiak,57.782,-152.24778,57
2022,July,16,197,Cook Bay,Eastern Kodiak,57.782,-152.24778,57
2022,July,17,198,Cook Bay,Eastern Kodiak,57.782,-152.24778,57
2022,July,17,198,Cook Bay,Eastern Kodiak,57.782,-152.24778,56
2022,July,17,198,Cook Bay,Eastern Kodiak,57.782,-152.24778,56
2022,July,17,198,Cook Bay,Eastern Kodiak,57.782,-152.24778,56
2021,July,14,195,Cook Bay,Eastern Kodiak,57.782,-152.24778,55
2021,July,14,195,Cook Bay,Eastern Kodiak,57.782,-152.24778,54
2021,July,14,195,Cook Bay,Eastern Kodiak,57.782,-152.24778,54
2021,July,14,195,Cook Bay,Eastern Kodiak,57.782,-152.24778,54
2021,July,15,196,Cook Bay,Eastern Kodiak,57.782,-152.24778,54
2022,July,16,197,Cook Bay,Eastern Kodiak,57.782,-152.24778,54
2022,July,17,198,Cook Bay,Eastern Kodiak,57.782,-152.24778,54
2023,July,16,197,Cook Bay,Eastern Kodiak,57.782,-152.24778,53
2021,July,15,196,Cook Bay,Eastern Kodiak,57.782,-152.24778,52
2022,July,17,198,Cook Bay,Eastern Kodiak,57.782,-152.24778,52
2022,July,17,198,Cook Bay,Eastern Kodiak,57.782,-152.24778,52
2023,July,14,195,Cook Bay,Eastern Kodiak,57.782,-152.24778,52
2021,July,14,195,Cook Bay,Eastern Kodiak,57.782,-152.24778,51
2023,July,14,195,Cook Bay,Eastern Kodiak,57.782,-152.24778,50
2021,July,14,195,Cook Bay,Eastern Kodiak,57.782,-152.24778,49
2021,July,14,195,Cook Bay,Eastern Kodiak,57.782,-152.24778,47
2021,July,15,196,Cook Bay,Eastern Kodiak,57.782,-152.24778,44
2023,July,16,197,Cook Bay,Eastern Kodiak,57.782,-152.24778,42
2021,July,10,191,Anton Larsen Bay,Eastern Kodiak,57.87812,-152.63642,93
2021,July,9,190,Anton Larsen Bay,Eastern Kodiak,57.87812,-152.63642,85
2021,July,9,190,Anton Larsen Bay,Eastern Kodiak,57.87812,-152.63642,84
2023,July,15,196,Anton Larsen Bay,Eastern Kodiak,57.87812,-152.63642,77
2021,July,9,190,Anton Larsen Bay,Eastern Kodiak,57.87812,-152.63642,76
2021,July,9,190,Anton Larsen Bay,Eastern Kodiak,57.87812,-152.63642,72
2021,July,9,190,Anton Larsen Bay,Eastern Kodiak,57.87812,-152.63642,71
2018,July,15,196,Anton Larsen Bay,Eastern Kodiak,57.87812,-152.63642,70
2023,July,17,198,Anton Larsen Bay,Eastern Kodiak,57.87812,-152.63642,65
2021,July,9,190,Anton Larsen Bay,Eastern Kodiak,57.87812,-152.63642,64
2021,July,9,190,Anton Larsen Bay,Eastern Kodiak,57.87812,-152.63642,63
2021,July,9,190,Anton Larsen Bay,Eastern Kodiak,57.87812,-152.63642,62
2023,July,17,198,Anton Larsen Bay,Eastern Kodiak,57.87812,-152.63642,61
2021,July,10,191,Anton Larsen Bay,Eastern Kodiak,57.87812,-152.63642,60
2023,July,17,198,Anton Larsen Bay,Eastern Kodiak,57.87812,-152.63642,60
2023,July,17,198,Anton Larsen Bay,Eastern Kodiak,57.87812,-152.63642,60
2023,July,17,198,Anton Larsen Bay,Eastern Kodiak,57.87812,-152.63642,58
2022,July,13,194,Anton Larsen Bay,Eastern Kodiak,57.87812,-152.63642,54
2023,July,17,198,Anton Larsen Bay,Eastern Kodiak,57.87812,-152.63642,53
2021,July,9,190,Anton Larsen Bay,Eastern Kodiak,57.87812,-152.63642,51
2021,July,9,190,Anton Larsen Bay,Eastern Kodiak,57.87812,-152.63642,50
2023,July,17,198,Anton Larsen Bay,Eastern Kodiak,57.87812,-152.63642,49
2023,July,15,196,Anton Larsen Bay,Eastern Kodiak,57.87812,-152.63642,47
2023,July,17,198,Anton Larsen Bay,Eastern Kodiak,57.87812,-152.63642,47
2022,July,14,195,Anton Larsen Bay,Eastern Kodiak,57.87812,-152.63642,46
2023,July,17,198,Anton Larsen Bay,Eastern Kodiak,57.87812,-152.63642,45
2023,July,17,198,Anton Larsen Bay,Eastern Kodiak,57.87812,-152.63642,45
2023,July,17,198,Anton Larsen Bay,Eastern Kodiak,57.87812,-152.63642,45
2021,July,10,191,Anton Larsen Bay,Eastern Kodiak,57.87812,-152.63642,44
2023,July,17,198,Anton Larsen Bay,Eastern Kodiak,57.87812,-152.63642,44
2023,July,17,198,Anton Larsen Bay,Eastern Kodiak,57.87812,-152.63642,43
2023,July,17,198,Anton Larsen Bay,Eastern Kodiak,57.87812,-152.63642,43
2021,July,9,190,Anton Larsen Bay,Eastern Kodiak,57.87812,-152.63642,41
2023,July,17,198,Anton Larsen Bay,Eastern Kodiak,57.87812,-152.63642,40
2023,July,17,198,Anton Larsen Bay,Eastern Kodiak,57.87812,-152.63642,39
2023,July,15,196,Anton Larsen Bay,Eastern Kodiak,57.87812,-152.63642,38
2021,July,9,190,Anton Larsen Bay,Eastern Kodiak,57.87812,-152.63642,37
2022,July,13,194,Anton Larsen Bay,Eastern Kodiak,57.87812,-152.63642,37
2022,July,13,194,Anton Larsen Bay,Eastern Kodiak,57.87812,-152.63642,36
2022,July,14,195,Anton Larsen Bay,Eastern Kodiak,57.87812,-152.63642,36
2022,July,13,194,Anton Larsen Bay,Eastern Kodiak,57.87812,-152.63642,34
2023,July,17,198,Anton Larsen Bay,Eastern Kodiak,57.87812,-152.63642,33
2022,July,13,194,Anton Larsen Bay,Eastern Kodiak,57.86153,-152.6404,75
2023,July,15,196,Anton Larsen Bay,Eastern Kodiak,57.86153,-152.6404,75
2022,July,13,194,Anton Larsen Bay,Eastern Kodiak,57.86153,-152.6404,73
2022,July,13,194,Anton Larsen Bay,Eastern Kodiak,57.86153,-152.6404,71
2022,July,13,194,Anton Larsen Bay,Eastern Kodiak,57.86153,-152.6404,71
2022,July,13,194,Anton Larsen Bay,Eastern Kodiak,57.86153,-152.6404,71
2022,July,13,194,Anton Larsen Bay,Eastern Kodiak,57.86153,-152.6404,70
2022,July,13,194,Anton Larsen Bay,Eastern Kodiak,57.86153,-152.6404,70
2022,July,13,194,Anton Larsen Bay,Eastern Kodiak,57.86153,-152.6404,70
2022,July,13,194,Anton Larsen Bay,Eastern Kodiak,57.86153,-152.6404,70
2022,July,13,194,Anton Larsen Bay,Eastern Kodiak,57.86153,-152.6404,65
2022,July,13,194,Anton Larsen Bay,Eastern Kodiak,57.86153,-152.6404,65
2022,July,13,194,Anton Larsen Bay,Eastern Kodiak,57.86153,-152.6404,65
2022,July,13,194,Anton Larsen Bay,Eastern Kodiak,57.86153,-152.6404,64
2022,July,13,194,Anton Larsen Bay,Eastern Kodiak,57.86153,-152.6404,64
2022,July,14,195,Anton Larsen Bay,Eastern Kodiak,57.86153,-152.6404,63
2022,July,13,194,Anton Larsen Bay,Eastern Kodiak,57.86153,-152.6404,62
2022,July,13,194,Anton Larsen Bay,Eastern Kodiak,57.86153,-152.6404,60
2022,July,13,194,Anton Larsen Bay,Eastern Kodiak,57.86153,-152.6404,60
2022,July,13,194,Anton Larsen Bay,Eastern Kodiak,57.86153,-152.6404,60
2022,July,13,194,Anton Larsen Bay,Eastern Kodiak,57.86153,-152.6404,60
2022,July,13,194,Anton Larsen Bay,Eastern Kodiak,57.86153,-152.6404,59
2022,July,13,194,Anton Larsen Bay,Eastern Kodiak,57.86153,-152.6404,57
2022,July,13,194,Anton Larsen Bay,Eastern Kodiak,57.86153,-152.6404,57
2022,July,13,194,Anton Larsen Bay,Eastern Kodiak,57.86153,-152.6404,57
2022,July,13,194,Anton Larsen Bay,Eastern Kodiak,57.86153,-152.6404,57
2022,July,13,194,Anton Larsen Bay,Eastern Kodiak,57.86153,-152.6404,56
2022,July,13,194,Anton Larsen Bay,Eastern Kodiak,57.86153,-152.6404,56
2022,July,13,194,Anton Larsen Bay,Eastern Kodiak,57.86153,-152.6404,56
2022,July,13,194,Anton Larsen Bay,Eastern Kodiak,57.86153,-152.6404,56
2023,July,15,196,Anton Larsen Bay,Eastern Kodiak,57.86153,-152.6404,56
2022,July,13,194,Anton Larsen Bay,Eastern Kodiak,57.86153,-152.6404,55
2022,July,13,194,Anton Larsen Bay,Eastern Kodiak,57.86153,-152.6404,55
2022,July,13,194,Anton Larsen Bay,Eastern Kodiak,57.86153,-152.6404,54
2022,July,13,194,Anton Larsen Bay,Eastern Kodiak,57.86153,-152.6404,54
2023,July,15,196,Anton Larsen Bay,Eastern Kodiak,57.86153,-152.6404,53
2022,July,13,194,Anton Larsen Bay,Eastern Kodiak,57.86153,-152.6404,52
2022,July,13,194,Anton Larsen Bay,Eastern Kodiak,57.86153,-152.6404,52
2022,July,13,194,Anton Larsen Bay,Eastern Kodiak,57.86153,-152.6404,52
2021,July,9,190,Anton Larsen Bay,Eastern Kodiak,57.86153,-152.6404,51
2021,July,9,190,Anton Larsen Bay,Eastern Kodiak,57.86153,-152.6404,51
2022,July,13,194,Anton Larsen Bay,Eastern Kodiak,57.86153,-152.6404,51
2022,July,13,194,Anton Larsen Bay,Eastern Kodiak,57.86153,-152.6404,51
2022,July,13,194,Anton Larsen Bay,Eastern Kodiak,57.86153,-152.6404,51
2022,July,13,194,Anton Larsen Bay,Eastern Kodiak,57.86153,-152.6404,50
2022,July,13,194,Anton Larsen Bay,Eastern Kodiak,57.86153,-152.6404,50
2022,July,13,194,Anton Larsen Bay,Eastern Kodiak,57.86153,-152.6404,50
2022,July,13,194,Anton Larsen Bay,Eastern Kodiak,57.86153,-152.6404,50
2022,July,13,194,Anton Larsen Bay,Eastern Kodiak,57.86153,-152.6404,49
2022,July,13,194,Anton Larsen Bay,Eastern Kodiak,57.86153,-152.6404,49
2022,July,13,194,Anton Larsen Bay,Eastern Kodiak,57.86153,-152.6404,49
2022,July,13,194,Anton Larsen Bay,Eastern Kodiak,57.86153,-152.6404,49
2022,July,13,194,Anton Larsen Bay,Eastern Kodiak,57.86153,-152.6404,48
2022,July,13,194,Anton Larsen Bay,Eastern Kodiak,57.86153,-152.6404,48
2022,July,13,194,Anton Larsen Bay,Eastern Kodiak,57.86153,-152.6404,48
2022,July,13,194,Anton Larsen Bay,Eastern Kodiak,57.86153,-152.6404,48
2022,July,13,194,Anton Larsen Bay,Eastern Kodiak,57.86153,-152.6404,48
2021,July,9,190,Anton Larsen Bay,Eastern Kodiak,57.86153,-152.6404,47
2021,July,9,190,Anton Larsen Bay,Eastern Kodiak,57.86153,-152.6404,47
2022,July,13,194,Anton Larsen Bay,Eastern Kodiak,57.86153,-152.6404,47
2022,July,13,194,Anton Larsen Bay,Eastern Kodiak,57.86153,-152.6404,47
2022,July,13,194,Anton Larsen Bay,Eastern Kodiak,57.86153,-152.6404,47
2022,July,13,194,Anton Larsen Bay,Eastern Kodiak,57.86153,-152.6404,47
2022,July,13,194,Anton Larsen Bay,Eastern Kodiak,57.86153,-152.6404,47
2021,July,9,190,Anton Larsen Bay,Eastern Kodiak,57.86153,-152.6404,46
2022,July,13,194,Anton Larsen Bay,Eastern Kodiak,57.86153,-152.6404,46
2022,July,13,194,Anton Larsen Bay,Eastern Kodiak,57.86153,-152.6404,46
2022,July,13,194,Anton Larsen Bay,Eastern Kodiak,57.86153,-152.6404,46
2022,July,13,194,Anton Larsen Bay,Eastern Kodiak,57.86153,-152.6404,46
2022,July,13,194,Anton Larsen Bay,Eastern Kodiak,57.86153,-152.6404,45
2022,July,13,194,Anton Larsen Bay,Eastern Kodiak,57.86153,-152.6404,45
2022,July,13,194,Anton Larsen Bay,Eastern Kodiak,57.86153,-152.6404,45
2022,July,13,194,Anton Larsen Bay,Eastern Kodiak,57.86153,-152.6404,45
2022,July,13,194,Anton Larsen Bay,Eastern Kodiak,57.86153,-152.6404,45
2022,July,13,194,Anton Larsen Bay,Eastern Kodiak,57.86153,-152.6404,45
2023,July,15,196,Anton Larsen Bay,Eastern Kodiak,57.86153,-152.6404,45
2023,July,15,196,Anton Larsen Bay,Eastern Kodiak,57.86153,-152.6404,45
2023,July,15,196,Anton Larsen Bay,Eastern Kodiak,57.86153,-152.6404,45
2021,July,10,191,Anton Larsen Bay,Eastern Kodiak,57.86153,-152.6404,44
2021,July,10,191,Anton Larsen Bay,Eastern Kodiak,57.86153,-152.6404,44
2022,July,13,194,Anton Larsen Bay,Eastern Kodiak,57.86153,-152.6404,44
2022,July,13,194,Anton Larsen Bay,Eastern Kodiak,57.86153,-152.6404,44
2022,July,13,194,Anton Larsen Bay,Eastern Kodiak,57.86153,-152.6404,44
2022,July,13,194,Anton Larsen Bay,Eastern Kodiak,57.86153,-152.6404,44
2022,July,13,194,Anton Larsen Bay,Eastern Kodiak,57.86153,-152.6404,44
2021,July,9,190,Anton Larsen Bay,Eastern Kodiak,57.86153,-152.6404,43
2022,July,13,194,Anton Larsen Bay,Eastern Kodiak,57.86153,-152.6404,43
2022,July,13,194,Anton Larsen Bay,Eastern Kodiak,57.86153,-152.6404,43
2021,July,9,190,Anton Larsen Bay,Eastern Kodiak,57.86153,-152.6404,42
2022,July,13,194,Anton Larsen Bay,Eastern Kodiak,57.86153,-152.6404,42
2022,July,13,194,Anton Larsen Bay,Eastern Kodiak,57.86153,-152.6404,42
2022,July,13,194,Anton Larsen Bay,Eastern Kodiak,57.86153,-152.6404,42
2022,July,13,194,Anton Larsen Bay,Eastern Kodiak,57.86153,-152.6404,42
2022,July,13,194,Anton Larsen Bay,Eastern Kodiak,57.86153,-152.6404,42
2023,July,15,196,Anton Larsen Bay,Eastern Kodiak,57.86153,-152.6404,42
2021,July,9,190,Anton Larsen Bay,Eastern Kodiak,57.86153,-152.6404,41
2022,July,13,194,Anton Larsen Bay,Eastern Kodiak,57.86153,-152.6404,41
2022,July,13,194,Anton Larsen Bay,Eastern Kodiak,57.86153,-152.6404,41
2022,July,13,194,Anton Larsen Bay,Eastern Kodiak,57.86153,-152.6404,41
2022,July,13,194,Anton Larsen Bay,Eastern Kodiak,57.86153,-152.6404,41
2022,July,13,194,Anton Larsen Bay,Eastern Kodiak,57.86153,-152.6404,41
2022,July,13,194,Anton Larsen Bay,Eastern Kodiak,57.86153,-152.6404,41
2022,July,13,194,Anton Larsen Bay,Eastern Kodiak,57.86153,-152.6404,40
2022,July,13,194,Anton Larsen Bay,Eastern Kodiak,57.86153,-152.6404,40
2022,July,13,194,Anton Larsen Bay,Eastern Kodiak,57.86153,-152.6404,40
2022,July,13,194,Anton Larsen Bay,Eastern Kodiak,57.86153,-152.6404,40
2022,July,13,194,Anton Larsen Bay,Eastern Kodiak,57.86153,-152.6404,40
2022,July,13,194,Anton Larsen Bay,Eastern Kodiak,57.86153,-152.6404,40
2022,July,13,194,Anton Larsen Bay,Eastern Kodiak,57.86153,-152.6404,40
2022,July,13,194,Anton Larsen Bay,Eastern Kodiak,57.86153,-152.6404,40
2023,July,15,196,Anton Larsen Bay,Eastern Kodiak,57.86153,-152.6404,40
2023,July,15,196,Anton Larsen Bay,Eastern Kodiak,57.86153,-152.6404,40
2021,July,9,190,Anton Larsen Bay,Eastern Kodiak,57.86153,-152.6404,39
2021,July,10,191,Anton Larsen Bay,Eastern Kodiak,57.86153,-152.6404,39
2021,July,10,191,Anton Larsen Bay,Eastern Kodiak,57.86153,-152.6404,39
2022,July,13,194,Anton Larsen Bay,Eastern Kodiak,57.86153,-152.6404,39
2022,July,13,194,Anton Larsen Bay,Eastern Kodiak,57.86153,-152.6404,39
2022,July,13,194,Anton Larsen Bay,Eastern Kodiak,57.86153,-152.6404,39
2023,July,15,196,Anton Larsen Bay,Eastern Kodiak,57.86153,-152.6404,39
2021,July,9,190,Anton Larsen Bay,Eastern Kodiak,57.86153,-152.6404,38
2021,July,9,190,Anton Larsen Bay,Eastern Kodiak,57.86153,-152.6404,38
2021,July,10,191,Anton Larsen Bay,Eastern Kodiak,57.86153,-152.6404,38
2022,July,13,194,Anton Larsen Bay,Eastern Kodiak,57.86153,-152.6404,37
2022,July,13,194,Anton Larsen Bay,Eastern Kodiak,57.86153,-152.6404,36
2023,July,15,196,Anton Larsen Bay,Eastern Kodiak,57.86153,-152.6404,36
2021,July,10,191,Anton Larsen Bay,Eastern Kodiak,57.86153,-152.6404,35
2022,July,13,194,Anton Larsen Bay,Eastern Kodiak,57.86153,-152.6404,35
2022,July,13,194,Anton Larsen Bay,Eastern Kodiak,57.86153,-152.6404,35
2022,July,13,194,Anton Larsen Bay,Eastern Kodiak,57.86153,-152.6404,35
2022,July,13,194,Anton Larsen Bay,Eastern Kodiak,57.86153,-152.6404,35
2022,July,13,194,Anton Larsen Bay,Eastern Kodiak,57.86153,-152.6404,34
2021,July,9,190,Anton Larsen Bay,Eastern Kodiak,57.86153,-152.6404,33
2022,July,13,194,Anton Larsen Bay,Eastern Kodiak,57.86153,-152.6404,33
2020,July,2,184,Cook Bay,Eastern Kodiak,57.76907,-152.27667,68
2020,July,2,184,Cook Bay,Eastern Kodiak,57.76907,-152.27667,66
2020,July,2,184,Cook Bay,Eastern Kodiak,57.76907,-152.27667,65
2020,July,2,184,Cook Bay,Eastern Kodiak,57.76907,-152.27667,64
2020,July,2,184,Cook Bay,Eastern Kodiak,57.76907,-152.27667,64
2020,July,2,184,Cook Bay,Eastern Kodiak,57.76907,-152.27667,64
2020,July,2,184,Cook Bay,Eastern Kodiak,57.76907,-152.27667,64
2020,July,2,184,Cook Bay,Eastern Kodiak,57.76907,-152.27667,64
2020,July,2,184,Cook Bay,Eastern Kodiak,57.76907,-152.27667,64
2020,July,2,184,Cook Bay,Eastern Kodiak,57.76907,-152.27667,64
2020,July,2,184,Cook Bay,Eastern Kodiak,57.76907,-152.27667,64
2020,July,2,184,Cook Bay,Eastern Kodiak,57.76907,-152.27667,63
2020,July,2,184,Cook Bay,Eastern Kodiak,57.76907,-152.27667,63
2020,July,2,184,Cook Bay,Eastern Kodiak,57.76907,-152.27667,63
2020,July,2,184,Cook Bay,Eastern Kodiak,57.76907,-152.27667,63
2020,July,2,184,Cook Bay,Eastern Kodiak,57.76907,-152.27667,62
2020,July,2,184,Cook Bay,Eastern Kodiak,57.76907,-152.27667,62
2020,July,2,184,Cook Bay,Eastern Kodiak,57.76907,-152.27667,62
2020,July,2,184,Cook Bay,Eastern Kodiak,57.76907,-152.27667,62
2020,July,2,184,Cook Bay,Eastern Kodiak,57.76907,-152.27667,61
2020,July,2,184,Cook Bay,Eastern Kodiak,57.76907,-152.27667,61
2020,July,2,184,Cook Bay,Eastern Kodiak,57.76907,-152.27667,61
2020,July,2,184,Cook Bay,Eastern Kodiak,57.76907,-152.27667,61
2020,July,2,184,Cook Bay,Eastern Kodiak,57.76907,-152.27667,61
2020,July,2,184,Cook Bay,Eastern Kodiak,57.76907,-152.27667,61
2020,July,2,184,Cook Bay,Eastern Kodiak,57.76907,-152.27667,61
2020,July,2,184,Cook Bay,Eastern Kodiak,57.76907,-152.27667,60
2020,July,2,184,Cook Bay,Eastern Kodiak,57.76907,-152.27667,60
2020,July,2,184,Cook Bay,Eastern Kodiak,57.76907,-152.27667,60
2020,July,2,184,Cook Bay,Eastern Kodiak,57.76907,-152.27667,60
2020,July,2,184,Cook Bay,Eastern Kodiak,57.76907,-152.27667,60
2020,July,2,184,Cook Bay,Eastern Kodiak,57.76907,-152.27667,60
2020,July,2,184,Cook Bay,Eastern Kodiak,57.76907,-152.27667,59
2020,July,2,184,Cook Bay,Eastern Kodiak,57.76907,-152.27667,59
2020,July,2,184,Cook Bay,Eastern Kodiak,57.76907,-152.27667,59
2020,July,2,184,Cook Bay,Eastern Kodiak,57.76907,-152.27667,59
2020,July,2,184,Cook Bay,Eastern Kodiak,57.76907,-152.27667,59
2020,July,2,184,Cook Bay,Eastern Kodiak,57.76907,-152.27667,59
2020,July,2,184,Cook Bay,Eastern Kodiak,57.76907,-152.27667,59
2020,July,2,184,Cook Bay,Eastern Kodiak,57.76907,-152.27667,59
2020,July,2,184,Cook Bay,Eastern Kodiak,57.76907,-152.27667,58
2020,July,2,184,Cook Bay,Eastern Kodiak,57.76907,-152.27667,58
2020,July,2,184,Cook Bay,Eastern Kodiak,57.76907,-152.27667,58
2020,July,2,184,Cook Bay,Eastern Kodiak,57.76907,-152.27667,58
2020,July,2,184,Cook Bay,Eastern Kodiak,57.76907,-152.27667,58
2020,July,2,184,Cook Bay,Eastern Kodiak,57.76907,-152.27667,58
2020,July,2,184,Cook Bay,Eastern Kodiak,57.76907,-152.27667,58
2020,July,2,184,Cook Bay,Eastern Kodiak,57.76907,-152.27667,58
2020,July,2,184,Cook Bay,Eastern Kodiak,57.76907,-152.27667,57
2020,July,2,184,Cook Bay,Eastern Kodiak,57.76907,-152.27667,56
2020,July,2,184,Cook Bay,Eastern Kodiak,57.76907,-152.27667,56
2020,July,2,184,Cook Bay,Eastern Kodiak,57.76907,-152.27667,56
2020,July,2,184,Cook Bay,Eastern Kodiak,57.76907,-152.27667,56
2020,July,2,184,Cook Bay,Eastern Kodiak,57.76907,-152.27667,56
2020,July,2,184,Cook Bay,Eastern Kodiak,57.76907,-152.27667,55
2020,July,2,184,Cook Bay,Eastern Kodiak,57.76907,-152.27667,54
2020,July,2,184,Cook Bay,Eastern Kodiak,57.76907,-152.27667,54
2020,July,2,184,Cook Bay,Eastern Kodiak,57.76907,-152.27667,54
2020,July,2,184,Cook Bay,Eastern Kodiak,57.76907,-152.27667,54
2020,July,2,184,Cook Bay,Eastern Kodiak,57.76907,-152.27667,53
2020,July,2,184,Cook Bay,Eastern Kodiak,57.76907,-152.27667,52
2020,July,2,184,Cook Bay,Eastern Kodiak,57.76907,-152.27667,51
2023,July,16,197,Cook Bay,Eastern Kodiak,57.76907,-152.27667,51
2023,July,16,197,Cook Bay,Eastern Kodiak,57.76907,-152.27667,50
2023,July,16,197,Cook Bay,Eastern Kodiak,57.76907,-152.27667,50
2020,July,2,184,Cook Bay,Eastern Kodiak,57.76907,-152.27667,49
2020,July,2,184,Cook Bay,Eastern Kodiak,57.76907,-152.27667,48
2020,July,2,184,Cook Bay,Eastern Kodiak,57.76907,-152.27667,48
2020,July,2,184,Cook Bay,Eastern Kodiak,57.76907,-152.27667,47
2020,July,2,184,Cook Bay,Eastern Kodiak,57.76907,-152.27667,45
2020,July,2,184,Cook Bay,Eastern Kodiak,57.76907,-152.27667,44
2023,July,16,197,Cook Bay,Eastern Kodiak,57.76907,-152.27667,42
2023,July,16,197,Cook Bay,Eastern Kodiak,57.76907,-152.27667,41
2022,July,15,196,Cook Bay,Eastern Kodiak,57.77927,-152.26307,73
2020,July,2,184,Cook Bay,Eastern Kodiak,57.77927,-152.26307,72
2020,July,2,184,Cook Bay,Eastern Kodiak,57.77927,-152.26307,70
2020,July,2,184,Cook Bay,Eastern Kodiak,57.77927,-152.26307,70
2020,July,2,184,Cook Bay,Eastern Kodiak,57.77927,-152.26307,69
2022,July,15,196,Cook Bay,Eastern Kodiak,57.77927,-152.26307,69
2020,July,2,184,Cook Bay,Eastern Kodiak,57.77927,-152.26307,68
2020,July,2,184,Cook Bay,Eastern Kodiak,57.77927,-152.26307,66
2020,July,2,184,Cook Bay,Eastern Kodiak,57.77927,-152.26307,66
2020,July,2,184,Cook Bay,Eastern Kodiak,57.77927,-152.26307,65
2022,July,15,196,Cook Bay,Eastern Kodiak,57.77927,-152.26307,65
2022,July,15,196,Cook Bay,Eastern Kodiak,57.77927,-152.26307,65
2022,July,15,196,Cook Bay,Eastern Kodiak,57.77927,-152.26307,65
2020,July,2,184,Cook Bay,Eastern Kodiak,57.77927,-152.26307,64
2020,July,2,184,Cook Bay,Eastern Kodiak,57.77927,-152.26307,64
2020,July,2,184,Cook Bay,Eastern Kodiak,57.77927,-152.26307,64
2022,July,15,196,Cook Bay,Eastern Kodiak,57.77927,-152.26307,64
2022,July,15,196,Cook Bay,Eastern Kodiak,57.77927,-152.26307,64
2023,July,14,195,Cook Bay,Eastern Kodiak,57.77927,-152.26307,64
2020,July,2,184,Cook Bay,Eastern Kodiak,57.77927,-152.26307,63
2020,July,2,184,Cook Bay,Eastern Kodiak,57.77927,-152.26307,63
2020,July,2,184,Cook Bay,Eastern Kodiak,57.77927,-152.26307,63
2021,July,14,195,Cook Bay,Eastern Kodiak,57.77927,-152.26307,63
2020,July,2,184,Cook Bay,Eastern Kodiak,57.77927,-152.26307,62
2020,July,2,184,Cook Bay,Eastern Kodiak,57.77927,-152.26307,62
2020,July,2,184,Cook Bay,Eastern Kodiak,57.77927,-152.26307,62
2022,July,15,196,Cook Bay,Eastern Kodiak,57.77927,-152.26307,62
2022,July,15,196,Cook Bay,Eastern Kodiak,57.77927,-152.26307,62
2023,July,14,195,Cook Bay,Eastern Kodiak,57.77927,-152.26307,62
2020,July,2,184,Cook Bay,Eastern Kodiak,57.77927,-152.26307,61
2020,July,2,184,Cook Bay,Eastern Kodiak,57.77927,-152.26307,61
2020,July,2,184,Cook Bay,Eastern Kodiak,57.77927,-152.26307,61
2022,July,15,196,Cook Bay,Eastern Kodiak,57.77927,-152.26307,61
2022,July,15,196,Cook Bay,Eastern Kodiak,57.77927,-152.26307,61
2020,July,2,184,Cook Bay,Eastern Kodiak,57.77927,-152.26307,60
2020,July,2,184,Cook Bay,Eastern Kodiak,57.77927,-152.26307,60
2020,July,2,184,Cook Bay,Eastern Kodiak,57.77927,-152.26307,60
2022,July,15,196,Cook Bay,Eastern Kodiak,57.77927,-152.26307,60
2023,July,14,195,Cook Bay,Eastern Kodiak,57.77927,-152.26307,60
2023,July,14,195,Cook Bay,Eastern Kodiak,57.77927,-152.26307,60
2020,July,2,184,Cook Bay,Eastern Kodiak,57.77927,-152.26307,59
2020,July,2,184,Cook Bay,Eastern Kodiak,57.77927,-152.26307,59
2021,July,14,195,Cook Bay,Eastern Kodiak,57.77927,-152.26307,59
2022,July,15,196,Cook Bay,Eastern Kodiak,57.77927,-152.26307,59
2022,July,15,196,Cook Bay,Eastern Kodiak,57.77927,-152.26307,59
2020,July,2,184,Cook Bay,Eastern Kodiak,57.77927,-152.26307,58
2022,July,15,196,Cook Bay,Eastern Kodiak,57.77927,-152.26307,58
2022,July,15,196,Cook Bay,Eastern Kodiak,57.77927,-152.26307,58
2022,July,15,196,Cook Bay,Eastern Kodiak,57.77927,-152.26307,58
2023,July,14,195,Cook Bay,Eastern Kodiak,57.77927,-152.26307,58
2020,July,2,184,Cook Bay,Eastern Kodiak,57.77927,-152.26307,57
2021,July,14,195,Cook Bay,Eastern Kodiak,57.77927,-152.26307,57
2021,July,14,195,Cook Bay,Eastern Kodiak,57.77927,-152.26307,57
2022,July,15,196,Cook Bay,Eastern Kodiak,57.77927,-152.26307,57
2022,July,15,196,Cook Bay,Eastern Kodiak,57.77927,-152.26307,57
2023,July,14,195,Cook Bay,Eastern Kodiak,57.77927,-152.26307,57
2023,July,14,195,Cook Bay,Eastern Kodiak,57.77927,-152.26307,57
2020,July,2,184,Cook Bay,Eastern Kodiak,57.77927,-152.26307,56
2020,July,2,184,Cook Bay,Eastern Kodiak,57.77927,-152.26307,56
2020,July,2,184,Cook Bay,Eastern Kodiak,57.77927,-152.26307,56
2020,July,2,184,Cook Bay,Eastern Kodiak,57.77927,-152.26307,56
2020,July,2,184,Cook Bay,Eastern Kodiak,57.77927,-152.26307,56
2020,July,2,184,Cook Bay,Eastern Kodiak,57.77927,-152.26307,56
2022,July,15,196,Cook Bay,Eastern Kodiak,57.77927,-152.26307,56
2023,July,14,195,Cook Bay,Eastern Kodiak,57.77927,-152.26307,56
2023,July,14,195,Cook Bay,Eastern Kodiak,57.77927,-152.26307,56
2020,July,2,184,Cook Bay,Eastern Kodiak,57.77927,-152.26307,55
2020,July,2,184,Cook Bay,Eastern Kodiak,57.77927,-152.26307,55
2020,July,2,184,Cook Bay,Eastern Kodiak,57.77927,-152.26307,55
2022,July,15,196,Cook Bay,Eastern Kodiak,57.77927,-152.26307,55
2022,July,15,196,Cook Bay,Eastern Kodiak,57.77927,-152.26307,55
2022,July,15,196,Cook Bay,Eastern Kodiak,57.77927,-152.26307,55
2022,July,15,196,Cook Bay,Eastern Kodiak,57.77927,-152.26307,55
2022,July,15,196,Cook Bay,Eastern Kodiak,57.77927,-152.26307,55
2022,July,15,196,Cook Bay,Eastern Kodiak,57.77927,-152.26307,55
2022,July,15,196,Cook Bay,Eastern Kodiak,57.77927,-152.26307,55
2023,July,14,195,Cook Bay,Eastern Kodiak,57.77927,-152.26307,55
2023,July,14,195,Cook Bay,Eastern Kodiak,57.77927,-152.26307,55
2023,July,14,195,Cook Bay,Eastern Kodiak,57.77927,-152.26307,55
2020,July,2,184,Cook Bay,Eastern Kodiak,57.77927,-152.26307,54
2020,July,2,184,Cook Bay,Eastern Kodiak,57.77927,-152.26307,54
2021,July,14,195,Cook Bay,Eastern Kodiak,57.77927,-152.26307,54
2021,July,14,195,Cook Bay,Eastern Kodiak,57.77927,-152.26307,54
2022,July,15,196,Cook Bay,Eastern Kodiak,57.77927,-152.26307,54
2022,July,15,196,Cook Bay,Eastern Kodiak,57.77927,-152.26307,54
2022,July,15,196,Cook Bay,Eastern Kodiak,57.77927,-152.26307,54
2023,July,14,195,Cook Bay,Eastern Kodiak,57.77927,-152.26307,54
2020,July,2,184,Cook Bay,Eastern Kodiak,57.77927,-152.26307,53
2020,July,2,184,Cook Bay,Eastern Kodiak,57.77927,-152.26307,53
2020,July,2,184,Cook Bay,Eastern Kodiak,57.77927,-152.26307,53
2020,July,2,184,Cook Bay,Eastern Kodiak,57.77927,-152.26307,53
2020,July,2,184,Cook Bay,Eastern Kodiak,57.77927,-152.26307,53
2020,July,2,184,Cook Bay,Eastern Kodiak,57.77927,-152.26307,53
2021,July,14,195,Cook Bay,Eastern Kodiak,57.77927,-152.26307,53
2021,July,14,195,Cook Bay,Eastern Kodiak,57.77927,-152.26307,53
2022,July,15,196,Cook Bay,Eastern Kodiak,57.77927,-152.26307,53
2022,July,15,196,Cook Bay,Eastern Kodiak,57.77927,-152.26307,53
2022,July,15,196,Cook Bay,Eastern Kodiak,57.77927,-152.26307,53
2022,July,15,196,Cook Bay,Eastern Kodiak,57.77927,-152.26307,53
2023,July,14,195,Cook Bay,Eastern Kodiak,57.77927,-152.26307,53
2023,July,14,195,Cook Bay,Eastern Kodiak,57.77927,-152.26307,53
2020,July,2,184,Cook Bay,Eastern Kodiak,57.77927,-152.26307,52
2021,July,14,195,Cook Bay,Eastern Kodiak,57.77927,-152.26307,52
2021,July,14,195,Cook Bay,Eastern Kodiak,57.77927,-152.26307,52
2021,July,14,195,Cook Bay,Eastern Kodiak,57.77927,-152.26307,52
2021,July,14,195,Cook Bay,Eastern Kodiak,57.77927,-152.26307,52
2022,July,15,196,Cook Bay,Eastern Kodiak,57.77927,-152.26307,52
2023,July,14,195,Cook Bay,Eastern Kodiak,57.77927,-152.26307,52
2020,July,2,184,Cook Bay,Eastern Kodiak,57.77927,-152.26307,51
2020,July,2,184,Cook Bay,Eastern Kodiak,57.77927,-152.26307,51
2020,July,2,184,Cook Bay,Eastern Kodiak,57.77927,-152.26307,51
2020,July,2,184,Cook Bay,Eastern Kodiak,57.77927,-152.26307,51
2021,July,14,195,Cook Bay,Eastern Kodiak,57.77927,-152.26307,51
2021,July,14,195,Cook Bay,Eastern Kodiak,57.77927,-152.26307,51
2021,July,14,195,Cook Bay,Eastern Kodiak,57.77927,-152.26307,51
2022,July,15,196,Cook Bay,Eastern Kodiak,57.77927,-152.26307,51
2022,July,15,196,Cook Bay,Eastern Kodiak,57.77927,-152.26307,51
2022,July,15,196,Cook Bay,Eastern Kodiak,57.77927,-152.26307,51
2023,July,14,195,Cook Bay,Eastern Kodiak,57.77927,-152.26307,51
2021,July,14,195,Cook Bay,Eastern Kodiak,57.77927,-152.26307,50
2021,July,14,195,Cook Bay,Eastern Kodiak,57.77927,-152.26307,50
2021,July,14,195,Cook Bay,Eastern Kodiak,57.77927,-152.26307,50
2021,July,14,195,Cook Bay,Eastern Kodiak,57.77927,-152.26307,50
2021,July,14,195,Cook Bay,Eastern Kodiak,57.77927,-152.26307,50
2022,July,15,196,Cook Bay,Eastern Kodiak,57.77927,-152.26307,50
2022,July,15,196,Cook Bay,Eastern Kodiak,57.77927,-152.26307,50
2022,July,15,196,Cook Bay,Eastern Kodiak,57.77927,-152.26307,50
2022,July,15,196,Cook Bay,Eastern Kodiak,57.77927,-152.26307,50
2022,July,15,196,Cook Bay,Eastern Kodiak,57.77927,-152.26307,50
2022,July,15,196,Cook Bay,Eastern Kodiak,57.77927,-152.26307,50
2023,July,14,195,Cook Bay,Eastern Kodiak,57.77927,-152.26307,50
2023,July,14,195,Cook Bay,Eastern Kodiak,57.77927,-152.26307,50
2020,July,2,184,Cook Bay,Eastern Kodiak,57.77927,-152.26307,49
2020,July,2,184,Cook Bay,Eastern Kodiak,57.77927,-152.26307,49
2020,July,2,184,Cook Bay,Eastern Kodiak,57.77927,-152.26307,49
2020,July,2,184,Cook Bay,Eastern Kodiak,57.77927,-152.26307,49
2021,July,14,195,Cook Bay,Eastern Kodiak,57.77927,-152.26307,49
2021,July,14,195,Cook Bay,Eastern Kodiak,57.77927,-152.26307,49
2021,July,14,195,Cook Bay,Eastern Kodiak,57.77927,-152.26307,49
2022,July,15,196,Cook Bay,Eastern Kodiak,57.77927,-152.26307,49
2022,July,15,196,Cook Bay,Eastern Kodiak,57.77927,-152.26307,49
2023,July,14,195,Cook Bay,Eastern Kodiak,57.77927,-152.26307,49
2023,July,14,195,Cook Bay,Eastern Kodiak,57.77927,-152.26307,49
2023,July,14,195,Cook Bay,Eastern Kodiak,57.77927,-152.26307,49
2020,July,2,184,Cook Bay,Eastern Kodiak,57.77927,-152.26307,48
2021,July,14,195,Cook Bay,Eastern Kodiak,57.77927,-152.26307,48
2022,July,15,196,Cook Bay,Eastern Kodiak,57.77927,-152.26307,48
2020,July,2,184,Cook Bay,Eastern Kodiak,57.77927,-152.26307,47
2020,July,2,184,Cook Bay,Eastern Kodiak,57.77927,-152.26307,47
2021,July,14,195,Cook Bay,Eastern Kodiak,57.77927,-152.26307,47
2022,July,15,196,Cook Bay,Eastern Kodiak,57.77927,-152.26307,47
2022,July,15,196,Cook Bay,Eastern Kodiak,57.77927,-152.26307,47
2022,July,15,196,Cook Bay,Eastern Kodiak,57.77927,-152.26307,47
2022,July,15,196,Cook Bay,Eastern Kodiak,57.77927,-152.26307,46
2023,July,14,195,Cook Bay,Eastern Kodiak,57.77927,-152.26307,46
2023,July,14,195,Cook Bay,Eastern Kodiak,57.77927,-152.26307,46
2023,July,14,195,Cook Bay,Eastern Kodiak,57.77927,-152.26307,46
2023,July,14,195,Cook Bay,Eastern Kodiak,57.77927,-152.26307,46
2021,July,14,195,Cook Bay,Eastern Kodiak,57.77927,-152.26307,45
2021,July,14,195,Cook Bay,Eastern Kodiak,57.77927,-152.26307,45
2022,July,15,196,Cook Bay,Eastern Kodiak,57.77927,-152.26307,45
2022,July,15,196,Cook Bay,Eastern Kodiak,57.77927,-152.26307,45
2022,July,15,196,Cook Bay,Eastern Kodiak,57.77927,-152.26307,45
2023,July,14,195,Cook Bay,Eastern Kodiak,57.77927,-152.26307,45
2023,July,14,195,Cook Bay,Eastern Kodiak,57.77927,-152.26307,45
2021,July,14,195,Cook Bay,Eastern Kodiak,57.77927,-152.26307,44
2021,July,14,195,Cook Bay,Eastern Kodiak,57.77927,-152.26307,44
2022,July,15,196,Cook Bay,Eastern Kodiak,57.77927,-152.26307,44
2023,July,14,195,Cook Bay,Eastern Kodiak,57.77927,-152.26307,44
2021,July,14,195,Cook Bay,Eastern Kodiak,57.77927,-152.26307,43
2023,July,14,195,Cook Bay,Eastern Kodiak,57.77927,-152.26307,43
2023,July,14,195,Cook Bay,Eastern Kodiak,57.77927,-152.26307,43
2021,July,14,195,Cook Bay,Eastern Kodiak,57.77927,-152.26307,42
2023,July,14,195,Cook Bay,Eastern Kodiak,57.77927,-152.26307,42
2023,July,14,195,Cook Bay,Eastern Kodiak,57.77927,-152.26307,42
2023,July,14,195,Cook Bay,Eastern Kodiak,57.77927,-152.26307,42
2021,July,14,195,Cook Bay,Eastern Kodiak,57.77927,-152.26307,41
2021,July,14,195,Cook Bay,Eastern Kodiak,57.77927,-152.26307,41
2021,July,14,195,Cook Bay,Eastern Kodiak,57.77927,-152.26307,41
2023,July,14,195,Cook Bay,Eastern Kodiak,57.77927,-152.26307,40
2023,July,14,195,Cook Bay,Eastern Kodiak,57.77927,-152.26307,40
2023,July,14,195,Cook Bay,Eastern Kodiak,57.77927,-152.26307,40
2023,July,14,195,Cook Bay,Eastern Kodiak,57.77927,-152.26307,40
2021,July,14,195,Cook Bay,Eastern Kodiak,57.77927,-152.26307,38
2021,July,14,195,Cook Bay,Eastern Kodiak,57.77927,-152.26307,38
2023,July,14,195,Cook Bay,Eastern Kodiak,57.77927,-152.26307,38
2023,July,14,195,Cook Bay,Eastern Kodiak,57.77927,-152.26307,37
2021,July,11,192,Anton Larsen Bay,Eastern Kodiak,57.88538,-152.63903,43
2022,July,15,196,Cook Bay,Eastern Kodiak,57.77462,-152.25735,76
2022,July,15,196,Cook Bay,Eastern Kodiak,57.77462,-152.25735,75
2022,July,15,196,Cook Bay,Eastern Kodiak,57.77462,-152.25735,72
2022,July,15,196,Cook Bay,Eastern Kodiak,57.77462,-152.25735,70
2022,July,15,196,Cook Bay,Eastern Kodiak,57.77462,-152.25735,69
2020,July,2,184,Cook Bay,Eastern Kodiak,57.77462,-152.25735,68
2021,July,14,195,Cook Bay,Eastern Kodiak,57.77462,-152.25735,66
2022,July,15,196,Cook Bay,Eastern Kodiak,57.77462,-152.25735,66
2021,July,14,195,Cook Bay,Eastern Kodiak,57.77462,-152.25735,65
2021,July,15,196,Cook Bay,Eastern Kodiak,57.77462,-152.25735,65
2020,July,2,184,Cook Bay,Eastern Kodiak,57.77462,-152.25735,64
2020,July,2,184,Cook Bay,Eastern Kodiak,57.77462,-152.25735,63
2020,July,2,184,Cook Bay,Eastern Kodiak,57.77462,-152.25735,63
2020,July,2,184,Cook Bay,Eastern Kodiak,57.77462,-152.25735,62
2020,July,2,184,Cook Bay,Eastern Kodiak,57.77462,-152.25735,62
2020,July,2,184,Cook Bay,Eastern Kodiak,57.77462,-152.25735,62
2021,July,14,195,Cook Bay,Eastern Kodiak,57.77462,-152.25735,62
2021,July,14,195,Cook Bay,Eastern Kodiak,57.77462,-152.25735,62
2021,July,15,196,Cook Bay,Eastern Kodiak,57.77462,-152.25735,62
2020,July,2,184,Cook Bay,Eastern Kodiak,57.77462,-152.25735,61
2020,July,2,184,Cook Bay,Eastern Kodiak,57.77462,-152.25735,61
2020,July,2,184,Cook Bay,Eastern Kodiak,57.77462,-152.25735,61
2020,July,2,184,Cook Bay,Eastern Kodiak,57.77462,-152.25735,60
2020,July,2,184,Cook Bay,Eastern Kodiak,57.77462,-152.25735,60
2020,July,2,184,Cook Bay,Eastern Kodiak,57.77462,-152.25735,59
2021,July,14,195,Cook Bay,Eastern Kodiak,57.77462,-152.25735,59
2020,July,2,184,Cook Bay,Eastern Kodiak,57.77462,-152.25735,58
2020,July,2,184,Cook Bay,Eastern Kodiak,57.77462,-152.25735,58
2020,July,2,184,Cook Bay,Eastern Kodiak,57.77462,-152.25735,58
2021,July,15,196,Cook Bay,Eastern Kodiak,57.77462,-152.25735,58
2023,July,14,195,Cook Bay,Eastern Kodiak,57.77462,-152.25735,58
2023,July,14,195,Cook Bay,Eastern Kodiak,57.77462,-152.25735,58
2023,July,14,195,Cook Bay,Eastern Kodiak,57.77462,-152.25735,58
2023,July,14,195,Cook Bay,Eastern Kodiak,57.77462,-152.25735,58
2020,July,2,184,Cook Bay,Eastern Kodiak,57.77462,-152.25735,57
2020,July,2,184,Cook Bay,Eastern Kodiak,57.77462,-152.25735,57
2020,July,2,184,Cook Bay,Eastern Kodiak,57.77462,-152.25735,57
2020,July,2,184,Cook Bay,Eastern Kodiak,57.77462,-152.25735,57
2023,July,14,195,Cook Bay,Eastern Kodiak,57.77462,-152.25735,57
2023,July,14,195,Cook Bay,Eastern Kodiak,57.77462,-152.25735,57
2023,July,14,195,Cook Bay,Eastern Kodiak,57.77462,-152.25735,57
2020,July,2,184,Cook Bay,Eastern Kodiak,57.77462,-152.25735,56
2020,July,2,184,Cook Bay,Eastern Kodiak,57.77462,-152.25735,56
2021,July,14,195,Cook Bay,Eastern Kodiak,57.77462,-152.25735,56
2021,July,14,195,Cook Bay,Eastern Kodiak,57.77462,-152.25735,56
2021,July,14,195,Cook Bay,Eastern Kodiak,57.77462,-152.25735,56
2020,July,2,184,Cook Bay,Eastern Kodiak,57.77462,-152.25735,55
2020,July,2,184,Cook Bay,Eastern Kodiak,57.77462,-152.25735,55
2020,July,2,184,Cook Bay,Eastern Kodiak,57.77462,-152.25735,55
2021,July,14,195,Cook Bay,Eastern Kodiak,57.77462,-152.25735,55
2021,July,14,195,Cook Bay,Eastern Kodiak,57.77462,-152.25735,55
2021,July,14,195,Cook Bay,Eastern Kodiak,57.77462,-152.25735,55
2023,July,14,195,Cook Bay,Eastern Kodiak,57.77462,-152.25735,55
2023,July,14,195,Cook Bay,Eastern Kodiak,57.77462,-152.25735,55
2023,July,14,195,Cook Bay,Eastern Kodiak,57.77462,-152.25735,55
2023,July,14,195,Cook Bay,Eastern Kodiak,57.77462,-152.25735,55
2023,July,14,195,Cook Bay,Eastern Kodiak,57.77462,-152.25735,55
2023,July,14,195,Cook Bay,Eastern Kodiak,57.77462,-152.25735,55
2023,July,14,195,Cook Bay,Eastern Kodiak,57.77462,-152.25735,55
2023,July,14,195,Cook Bay,Eastern Kodiak,57.77462,-152.25735,55
2020,July,2,184,Cook Bay,Eastern Kodiak,57.77462,-152.25735,54
2020,July,2,184,Cook Bay,Eastern Kodiak,57.77462,-152.25735,54
2021,July,14,195,Cook Bay,Eastern Kodiak,57.77462,-152.25735,54
2021,July,14,195,Cook Bay,Eastern Kodiak,57.77462,-152.25735,54
2021,July,14,195,Cook Bay,Eastern Kodiak,57.77462,-152.25735,54
2021,July,14,195,Cook Bay,Eastern Kodiak,57.77462,-152.25735,54
2023,July,14,195,Cook Bay,Eastern Kodiak,57.77462,-152.25735,54
2023,July,14,195,Cook Bay,Eastern Kodiak,57.77462,-152.25735,54
2023,July,14,195,Cook Bay,Eastern Kodiak,57.77462,-152.25735,54
2023,July,14,195,Cook Bay,Eastern Kodiak,57.77462,-152.25735,54
2023,July,14,195,Cook Bay,Eastern Kodiak,57.77462,-152.25735,54
2020,July,2,184,Cook Bay,Eastern Kodiak,57.77462,-152.25735,53
2020,July,2,184,Cook Bay,Eastern Kodiak,57.77462,-152.25735,53
2021,July,14,195,Cook Bay,Eastern Kodiak,57.77462,-152.25735,53
2023,July,14,195,Cook Bay,Eastern Kodiak,57.77462,-152.25735,53
2023,July,14,195,Cook Bay,Eastern Kodiak,57.77462,-152.25735,53
2023,July,14,195,Cook Bay,Eastern Kodiak,57.77462,-152.25735,53
2023,July,14,195,Cook Bay,Eastern Kodiak,57.77462,-152.25735,53
2023,July,14,195,Cook Bay,Eastern Kodiak,57.77462,-152.25735,53
2020,July,2,184,Cook Bay,Eastern Kodiak,57.77462,-152.25735,52
2020,July,2,184,Cook Bay,Eastern Kodiak,57.77462,-152.25735,52
2021,July,14,195,Cook Bay,Eastern Kodiak,57.77462,-152.25735,52
2021,July,14,195,Cook Bay,Eastern Kodiak,57.77462,-152.25735,52
2021,July,14,195,Cook Bay,Eastern Kodiak,57.77462,-152.25735,52
2021,July,14,195,Cook Bay,Eastern Kodiak,57.77462,-152.25735,52
2021,July,14,195,Cook Bay,Eastern Kodiak,57.77462,-152.25735,52
2023,July,14,195,Cook Bay,Eastern Kodiak,57.77462,-152.25735,52
2023,July,14,195,Cook Bay,Eastern Kodiak,57.77462,-152.25735,52
2023,July,14,195,Cook Bay,Eastern Kodiak,57.77462,-152.25735,52
2023,July,14,195,Cook Bay,Eastern Kodiak,57.77462,-152.25735,52
2023,July,14,195,Cook Bay,Eastern Kodiak,57.77462,-152.25735,52
2023,July,14,195,Cook Bay,Eastern Kodiak,57.77462,-152.25735,52
2023,July,14,195,Cook Bay,Eastern Kodiak,57.77462,-152.25735,52
2023,July,14,195,Cook Bay,Eastern Kodiak,57.77462,-152.25735,52
2021,July,14,195,Cook Bay,Eastern Kodiak,57.77462,-152.25735,51
2023,July,14,195,Cook Bay,Eastern Kodiak,57.77462,-152.25735,51
2023,July,14,195,Cook Bay,Eastern Kodiak,57.77462,-152.25735,51
2020,July,2,184,Cook Bay,Eastern Kodiak,57.77462,-152.25735,50
2021,July,14,195,Cook Bay,Eastern Kodiak,57.77462,-152.25735,50
2021,July,14,195,Cook Bay,Eastern Kodiak,57.77462,-152.25735,50
2023,July,14,195,Cook Bay,Eastern Kodiak,57.77462,-152.25735,50
2023,July,14,195,Cook Bay,Eastern Kodiak,57.77462,-152.25735,50
2023,July,14,195,Cook Bay,Eastern Kodiak,57.77462,-152.25735,50
2023,July,14,195,Cook Bay,Eastern Kodiak,57.77462,-152.25735,50
2023,July,14,195,Cook Bay,Eastern Kodiak,57.77462,-152.25735,50
2023,July,14,195,Cook Bay,Eastern Kodiak,57.77462,-152.25735,50
2021,July,14,195,Cook Bay,Eastern Kodiak,57.77462,-152.25735,49
2021,July,15,196,Cook Bay,Eastern Kodiak,57.77462,-152.25735,49
2023,July,14,195,Cook Bay,Eastern Kodiak,57.77462,-152.25735,49
2023,July,14,195,Cook Bay,Eastern Kodiak,57.77462,-152.25735,49
2023,July,14,195,Cook Bay,Eastern Kodiak,57.77462,-152.25735,49
2023,July,14,195,Cook Bay,Eastern Kodiak,57.77462,-152.25735,49
2020,July,2,184,Cook Bay,Eastern Kodiak,57.77462,-152.25735,48
2021,July,14,195,Cook Bay,Eastern Kodiak,57.77462,-152.25735,48
2023,July,14,195,Cook Bay,Eastern Kodiak,57.77462,-152.25735,48
2023,July,14,195,Cook Bay,Eastern Kodiak,57.77462,-152.25735,48
2023,July,14,195,Cook Bay,Eastern Kodiak,57.77462,-152.25735,48
2021,July,14,195,Cook Bay,Eastern Kodiak,57.77462,-152.25735,47
2021,July,14,195,Cook Bay,Eastern Kodiak,57.77462,-152.25735,47
2021,July,15,196,Cook Bay,Eastern Kodiak,57.77462,-152.25735,47
2023,July,14,195,Cook Bay,Eastern Kodiak,57.77462,-152.25735,47
2023,July,14,195,Cook Bay,Eastern Kodiak,57.77462,-152.25735,46
2023,July,14,195,Cook Bay,Eastern Kodiak,57.77462,-152.25735,46
2020,July,2,184,Cook Bay,Eastern Kodiak,57.77462,-152.25735,45
2021,July,14,195,Cook Bay,Eastern Kodiak,57.77462,-152.25735,45
2021,July,14,195,Cook Bay,Eastern Kodiak,57.77462,-152.25735,45
2021,July,14,195,Cook Bay,Eastern Kodiak,57.77462,-152.25735,45
2021,July,14,195,Cook Bay,Eastern Kodiak,57.77462,-152.25735,45
2023,July,14,195,Cook Bay,Eastern Kodiak,57.77462,-152.25735,45
2023,July,14,195,Cook Bay,Eastern Kodiak,57.77462,-152.25735,45
2023,July,14,195,Cook Bay,Eastern Kodiak,57.77462,-152.25735,45
2021,July,14,195,Cook Bay,Eastern Kodiak,57.77462,-152.25735,44
2021,July,14,195,Cook Bay,Eastern Kodiak,57.77462,-152.25735,44
2023,July,14,195,Cook Bay,Eastern Kodiak,57.77462,-152.25735,44
2023,July,14,195,Cook Bay,Eastern Kodiak,57.77462,-152.25735,44
2023,July,14,195,Cook Bay,Eastern Kodiak,57.77462,-152.25735,44
2021,July,14,195,Cook Bay,Eastern Kodiak,57.77462,-152.25735,43
2021,July,15,196,Cook Bay,Eastern Kodiak,57.77462,-152.25735,43
2023,July,14,195,Cook Bay,Eastern Kodiak,57.77462,-152.25735,43
2023,July,14,195,Cook Bay,Eastern Kodiak,57.77462,-152.25735,43
2023,July,14,195,Cook Bay,Eastern Kodiak,57.77462,-152.25735,43
2023,July,14,195,Cook Bay,Eastern Kodiak,57.77462,-152.25735,43
2023,July,14,195,Cook Bay,Eastern Kodiak,57.77462,-152.25735,43
2021,July,14,195,Cook Bay,Eastern Kodiak,57.77462,-152.25735,42
2023,July,14,195,Cook Bay,Eastern Kodiak,57.77462,-152.25735,42
2023,July,14,195,Cook Bay,Eastern Kodiak,57.77462,-152.25735,42
2023,July,14,195,Cook Bay,Eastern Kodiak,57.77462,-152.25735,42
2023,July,14,195,Cook Bay,Eastern Kodiak,57.77462,-152.25735,42
2023,July,14,195,Cook Bay,Eastern Kodiak,57.77462,-152.25735,42
2023,July,14,195,Cook Bay,Eastern Kodiak,57.77462,-152.25735,42
2021,July,15,196,Cook Bay,Eastern Kodiak,57.77462,-152.25735,41
2023,July,14,195,Cook Bay,Eastern Kodiak,57.77462,-152.25735,41
2023,July,14,195,Cook Bay,Eastern Kodiak,57.77462,-152.25735,41
2023,July,14,195,Cook Bay,Eastern Kodiak,57.77462,-152.25735,41
2021,July,14,195,Cook Bay,Eastern Kodiak,57.77462,-152.25735,40
2021,July,14,195,Cook Bay,Eastern Kodiak,57.77462,-152.25735,40
2023,July,14,195,Cook Bay,Eastern Kodiak,57.77462,-152.25735,40
2023,July,14,195,Cook Bay,Eastern Kodiak,57.77462,-152.25735,40
2023,July,14,195,Cook Bay,Eastern Kodiak,57.77462,-152.25735,40
2023,July,14,195,Cook Bay,Eastern Kodiak,57.77462,-152.25735,40
2023,July,14,195,Cook Bay,Eastern Kodiak,57.77462,-152.25735,40
2021,July,15,196,Cook Bay,Eastern Kodiak,57.77462,-152.25735,39
2023,July,14,195,Cook Bay,Eastern Kodiak,57.77462,-152.25735,39
2023,July,14,195,Cook Bay,Eastern Kodiak,57.77462,-152.25735,39
2023,July,14,195,Cook Bay,Eastern Kodiak,57.77462,-152.25735,37
2023,July,14,195,Cook Bay,Eastern Kodiak,57.77462,-152.25735,36
2023,July,14,195,Cook Bay,Eastern Kodiak,57.77462,-152.25735,34
2023,July,14,195,Cook Bay,Eastern Kodiak,57.77462,-152.25735,34
2023,July,14,195,Cook Bay,Eastern Kodiak,57.77462,-152.25735,34
2023,July,14,195,Cook Bay,Eastern Kodiak,57.77462,-152.25735,33
2020,July,2,184,Cook Bay,Eastern Kodiak,57.77958,-152.00429,67
2020,July,2,184,Cook Bay,Eastern Kodiak,57.77958,-152.00429,63
2020,July,2,184,Cook Bay,Eastern Kodiak,57.77958,-152.00429,54
2020,July,2,184,Cook Bay,Eastern Kodiak,57.77958,-152.00429,52
2020,July,2,184,Cook Bay,Eastern Kodiak,57.77958,-152.00429,52
2020,July,2,184,Cook Bay,Eastern Kodiak,57.77958,-152.00429,52
2020,July,2,184,Cook Bay,Eastern Kodiak,57.77958,-152.00429,51
2023,July,14,195,Cook Bay,Eastern Kodiak,57.77958,-152.00429,51
2023,July,14,195,Cook Bay,Eastern Kodiak,57.77958,-152.00429,50
2023,July,14,195,Cook Bay,Eastern Kodiak,57.77958,-152.00429,42
2023,July,14,195,Cook Bay,Eastern Kodiak,57.77958,-152.00429,41
2021,July,14,195,Cook Bay,Eastern Kodiak,57.77958,-152.00429,40
2023,July,14,195,Cook Bay,Eastern Kodiak,57.77958,-152.00429,39
2021,July,10,191,Anton Larsen Bay,Eastern Kodiak,57.88288,-152.62508,71
2022,July,14,195,Anton Larsen Bay,Eastern Kodiak,57.88288,-152.62508,68
2021,July,10,191,Anton Larsen Bay,Eastern Kodiak,57.88288,-152.62508,67
2022,July,13,194,Anton Larsen Bay,Eastern Kodiak,57.88288,-152.62508,67
2023,July,17,198,Anton Larsen Bay,Eastern Kodiak,57.88288,-152.62508,58
2023,July,15,196,Anton Larsen Bay,Eastern Kodiak,57.88288,-152.62508,57
2021,July,9,190,Anton Larsen Bay,Eastern Kodiak,57.88288,-152.62508,56
2021,July,9,190,Anton Larsen Bay,Eastern Kodiak,57.88288,-152.62508,53
2021,July,9,190,Anton Larsen Bay,Eastern Kodiak,57.88288,-152.62508,52
2023,July,15,196,Anton Larsen Bay,Eastern Kodiak,57.88288,-152.62508,52
2023,July,17,198,Anton Larsen Bay,Eastern Kodiak,57.88288,-152.62508,45
2021,July,9,190,Anton Larsen Bay,Eastern Kodiak,57.88288,-152.62508,44
2023,July,15,196,Anton Larsen Bay,Eastern Kodiak,57.88288,-152.62508,44
2023,July,17,198,Anton Larsen Bay,Eastern Kodiak,57.88288,-152.62508,44
2023,July,15,196,Anton Larsen Bay,Eastern Kodiak,57.88288,-152.62508,43
2021,July,9,190,Anton Larsen Bay,Eastern Kodiak,57.88288,-152.62508,42
2023,July,17,198,Anton Larsen Bay,Eastern Kodiak,57.88288,-152.62508,42
2021,July,9,190,Anton Larsen Bay,Eastern Kodiak,57.88288,-152.62508,41
2021,July,9,190,Anton Larsen Bay,Eastern Kodiak,57.88288,-152.62508,41
2021,July,9,190,Anton Larsen Bay,Eastern Kodiak,57.88288,-152.62508,41
2021,July,10,191,Anton Larsen Bay,Eastern Kodiak,57.88288,-152.62508,41
2023,July,15,196,Anton Larsen Bay,Eastern Kodiak,57.88288,-152.62508,41
2021,July,9,190,Anton Larsen Bay,Eastern Kodiak,57.88288,-152.62508,40
2021,July,10,191,Anton Larsen Bay,Eastern Kodiak,57.88288,-152.62508,40
2021,July,9,190,Anton Larsen Bay,Eastern Kodiak,57.88288,-152.62508,39
2021,July,9,190,Anton Larsen Bay,Eastern Kodiak,57.88288,-152.62508,39
2021,July,9,190,Anton Larsen Bay,Eastern Kodiak,57.88288,-152.62508,37
2021,July,10,191,Anton Larsen Bay,Eastern Kodiak,57.88288,-152.62508,37
2022,July,13,194,Anton Larsen Bay,Eastern Kodiak,57.88288,-152.62508,37
2023,July,15,196,Anton Larsen Bay,Eastern Kodiak,57.88288,-152.62508,37
2023,July,17,198,Anton Larsen Bay,Eastern Kodiak,57.88288,-152.62508,37
2021,July,9,190,Anton Larsen Bay,Eastern Kodiak,57.88288,-152.62508,32
2018,July,17,198,Cook Bay,Eastern Kodiak,57.76952,-152.27667,77
2018,July,17,198,Cook Bay,Eastern Kodiak,57.76952,-152.27667,76
2018,July,17,198,Cook Bay,Eastern Kodiak,57.76952,-152.27667,75
2018,July,17,198,Cook Bay,Eastern Kodiak,57.76952,-152.27667,75
2018,July,17,198,Cook Bay,Eastern Kodiak,57.76952,-152.27667,72
2018,July,17,198,Cook Bay,Eastern Kodiak,57.76952,-152.27667,72
2022,July,15,196,Cook Bay,Eastern Kodiak,57.76952,-152.27667,72
2022,July,15,196,Cook Bay,Eastern Kodiak,57.76952,-152.27667,71
2018,July,17,198,Cook Bay,Eastern Kodiak,57.76952,-152.27667,70
2018,July,17,198,Cook Bay,Eastern Kodiak,57.76952,-152.27667,70
2018,July,17,198,Cook Bay,Eastern Kodiak,57.76952,-152.27667,70
2018,July,17,198,Cook Bay,Eastern Kodiak,57.76952,-152.27667,70
2018,July,17,198,Cook Bay,Eastern Kodiak,57.76952,-152.27667,70
2018,July,17,198,Cook Bay,Eastern Kodiak,57.76952,-152.27667,70
2018,July,17,198,Cook Bay,Eastern Kodiak,57.76952,-152.27667,70
2022,July,15,196,Cook Bay,Eastern Kodiak,57.76952,-152.27667,70
2022,July,15,196,Cook Bay,Eastern Kodiak,57.76952,-152.27667,70
2018,July,17,198,Cook Bay,Eastern Kodiak,57.76952,-152.27667,69
2018,July,17,198,Cook Bay,Eastern Kodiak,57.76952,-152.27667,69
2018,July,17,198,Cook Bay,Eastern Kodiak,57.76952,-152.27667,69
2018,July,17,198,Cook Bay,Eastern Kodiak,57.76952,-152.27667,68
2022,July,15,196,Cook Bay,Eastern Kodiak,57.76952,-152.27667,68
2018,July,17,198,Cook Bay,Eastern Kodiak,57.76952,-152.27667,67
2022,July,15,196,Cook Bay,Eastern Kodiak,57.76952,-152.27667,67
2018,July,17,198,Cook Bay,Eastern Kodiak,57.76952,-152.27667,66
2018,July,17,198,Cook Bay,Eastern Kodiak,57.76952,-152.27667,66
2018,July,17,198,Cook Bay,Eastern Kodiak,57.76952,-152.27667,65
2018,July,17,198,Cook Bay,Eastern Kodiak,57.76952,-152.27667,65
2018,July,17,198,Cook Bay,Eastern Kodiak,57.76952,-152.27667,65
2018,July,17,198,Cook Bay,Eastern Kodiak,57.76952,-152.27667,65
2018,July,17,198,Cook Bay,Eastern Kodiak,57.76952,-152.27667,65
2022,July,15,196,Cook Bay,Eastern Kodiak,57.76952,-152.27667,65
2022,July,15,196,Cook Bay,Eastern Kodiak,57.76952,-152.27667,65
2022,July,15,196,Cook Bay,Eastern Kodiak,57.76952,-152.27667,65
2018,July,17,198,Cook Bay,Eastern Kodiak,57.76952,-152.27667,63
2022,July,15,196,Cook Bay,Eastern Kodiak,57.76952,-152.27667,63
2022,July,15,196,Cook Bay,Eastern Kodiak,57.76952,-152.27667,63
2018,July,17,198,Cook Bay,Eastern Kodiak,57.76952,-152.27667,62
2018,July,17,198,Cook Bay,Eastern Kodiak,57.76952,-152.27667,62
2022,July,15,196,Cook Bay,Eastern Kodiak,57.76952,-152.27667,62
2022,July,15,196,Cook Bay,Eastern Kodiak,57.76952,-152.27667,61
2022,July,15,196,Cook Bay,Eastern Kodiak,57.76952,-152.27667,61
2022,July,15,196,Cook Bay,Eastern Kodiak,57.76952,-152.27667,61
2023,July,16,197,Cook Bay,Eastern Kodiak,57.76952,-152.27667,61
2018,July,17,198,Cook Bay,Eastern Kodiak,57.76952,-152.27667,60
2018,July,17,198,Cook Bay,Eastern Kodiak,57.76952,-152.27667,60
2018,July,17,198,Cook Bay,Eastern Kodiak,57.76952,-152.27667,60
2018,July,17,198,Cook Bay,Eastern Kodiak,57.76952,-152.27667,60
2018,July,17,198,Cook Bay,Eastern Kodiak,57.76952,-152.27667,60
2022,July,15,196,Cook Bay,Eastern Kodiak,57.76952,-152.27667,60
2022,July,15,196,Cook Bay,Eastern Kodiak,57.76952,-152.27667,60
2022,July,15,196,Cook Bay,Eastern Kodiak,57.76952,-152.27667,60
2022,July,15,196,Cook Bay,Eastern Kodiak,57.76952,-152.27667,60
2022,July,15,196,Cook Bay,Eastern Kodiak,57.76952,-152.27667,60
2023,July,16,197,Cook Bay,Eastern Kodiak,57.76952,-152.27667,60
2018,July,17,198,Cook Bay,Eastern Kodiak,57.76952,-152.27667,59
2022,July,15,196,Cook Bay,Eastern Kodiak,57.76952,-152.27667,59
2018,July,17,198,Cook Bay,Eastern Kodiak,57.76952,-152.27667,58
2018,July,17,198,Cook Bay,Eastern Kodiak,57.76952,-152.27667,58
2018,July,17,198,Cook Bay,Eastern Kodiak,57.76952,-152.27667,57
2023,July,16,197,Cook Bay,Eastern Kodiak,57.76952,-152.27667,57
2018,July,17,198,Cook Bay,Eastern Kodiak,57.76952,-152.27667,56
2018,July,17,198,Cook Bay,Eastern Kodiak,57.76952,-152.27667,56
2018,July,17,198,Cook Bay,Eastern Kodiak,57.76952,-152.27667,56
2023,July,16,197,Cook Bay,Eastern Kodiak,57.76952,-152.27667,56
2018,July,17,198,Cook Bay,Eastern Kodiak,57.76952,-152.27667,55
2018,July,17,198,Cook Bay,Eastern Kodiak,57.76952,-152.27667,55
2018,July,17,198,Cook Bay,Eastern Kodiak,57.76952,-152.27667,55
2018,July,17,198,Cook Bay,Eastern Kodiak,57.76952,-152.27667,55
2018,July,17,198,Cook Bay,Eastern Kodiak,57.76952,-152.27667,55
2018,July,17,198,Cook Bay,Eastern Kodiak,57.76952,-152.27667,55
2018,July,17,198,Cook Bay,Eastern Kodiak,57.76952,-152.27667,55
2018,July,17,198,Cook Bay,Eastern Kodiak,57.76952,-152.27667,55
2018,July,17,198,Cook Bay,Eastern Kodiak,57.76952,-152.27667,55
2022,July,15,196,Cook Bay,Eastern Kodiak,57.76952,-152.27667,55
2022,July,15,196,Cook Bay,Eastern Kodiak,57.76952,-152.27667,55
2022,July,15,196,Cook Bay,Eastern Kodiak,57.76952,-152.27667,55
2023,July,16,197,Cook Bay,Eastern Kodiak,57.76952,-152.27667,55
2023,July,16,197,Cook Bay,Eastern Kodiak,57.76952,-152.27667,55
2018,July,17,198,Cook Bay,Eastern Kodiak,57.76952,-152.27667,53
2023,July,16,197,Cook Bay,Eastern Kodiak,57.76952,-152.27667,53
2018,July,17,198,Cook Bay,Eastern Kodiak,57.76952,-152.27667,52
2023,July,16,197,Cook Bay,Eastern Kodiak,57.76952,-152.27667,52
2023,July,16,197,Cook Bay,Eastern Kodiak,57.76952,-152.27667,51
2018,July,17,198,Cook Bay,Eastern Kodiak,57.76952,-152.27667,50
2021,July,15,196,Cook Bay,Eastern Kodiak,57.76952,-152.27667,50
2023,July,16,197,Cook Bay,Eastern Kodiak,57.76952,-152.27667,50
2018,July,17,198,Cook Bay,Eastern Kodiak,57.76952,-152.27667,49
2018,July,17,198,Cook Bay,Eastern Kodiak,57.76952,-152.27667,49
2018,July,17,198,Cook Bay,Eastern Kodiak,57.76952,-152.27667,48
2023,July,16,197,Cook Bay,Eastern Kodiak,57.76952,-152.27667,48
2023,July,16,197,Cook Bay,Eastern Kodiak,57.76952,-152.27667,47
2023,July,16,197,Cook Bay,Eastern Kodiak,57.76952,-152.27667,47
2023,July,16,197,Cook Bay,Eastern Kodiak,57.76952,-152.27667,46
2018,July,17,198,Cook Bay,Eastern Kodiak,57.76952,-152.27667,45
2023,July,16,197,Cook Bay,Eastern Kodiak,57.76952,-152.27667,45
2023,July,16,197,Cook Bay,Eastern Kodiak,57.76952,-152.27667,44
2023,July,16,197,Cook Bay,Eastern Kodiak,57.76952,-152.27667,43
2023,July,16,197,Cook Bay,Eastern Kodiak,57.76952,-152.27667,43
2023,July,16,197,Cook Bay,Eastern Kodiak,57.76952,-152.27667,42
2023,July,16,197,Cook Bay,Eastern Kodiak,57.76952,-152.27667,40
2023,July,16,197,Cook Bay,Eastern Kodiak,57.76952,-152.27667,40
2023,July,16,197,Cook Bay,Eastern Kodiak,57.76952,-152.27667,40
2023,July,16,197,Cook Bay,Eastern Kodiak,57.76952,-152.27667,39
2023,July,16,197,Cook Bay,Eastern Kodiak,57.76952,-152.27667,38
2023,July,16,197,Cook Bay,Eastern Kodiak,57.76952,-152.27667,38
2023,July,16,197,Cook Bay,Eastern Kodiak,57.76952,-152.27667,38
2023,July,16,197,Cook Bay,Eastern Kodiak,57.76952,-152.27667,38
2023,July,16,197,Cook Bay,Eastern Kodiak,57.76952,-152.27667,37
2023,July,16,197,Cook Bay,Eastern Kodiak,57.76952,-152.27667,32
2018,July,16,197,Cook Bay,Eastern Kodiak,57.77552,-152.25595,78
2018,July,16,197,Cook Bay,Eastern Kodiak,57.77552,-152.25595,75
2018,July,16,197,Cook Bay,Eastern Kodiak,57.77552,-152.25595,74
2022,July,15,196,Cook Bay,Eastern Kodiak,57.77552,-152.25595,72
2022,July,16,197,Cook Bay,Eastern Kodiak,57.77552,-152.25595,72
2018,July,16,197,Cook Bay,Eastern Kodiak,57.77552,-152.25595,71
2022,July,16,197,Cook Bay,Eastern Kodiak,57.77552,-152.25595,71
2018,July,16,197,Cook Bay,Eastern Kodiak,57.77552,-152.25595,70
2018,July,16,197,Cook Bay,Eastern Kodiak,57.77552,-152.25595,70
2022,July,16,197,Cook Bay,Eastern Kodiak,57.77552,-152.25595,70
2018,July,16,197,Cook Bay,Eastern Kodiak,57.77552,-152.25595,69
2018,July,16,197,Cook Bay,Eastern Kodiak,57.77552,-152.25595,69
2018,July,16,197,Cook Bay,Eastern Kodiak,57.77552,-152.25595,69
2018,July,16,197,Cook Bay,Eastern Kodiak,57.77552,-152.25595,68
2018,July,16,197,Cook Bay,Eastern Kodiak,57.77552,-152.25595,68
2018,July,16,197,Cook Bay,Eastern Kodiak,57.77552,-152.25595,68
2018,July,16,197,Cook Bay,Eastern Kodiak,57.77552,-152.25595,68
2018,July,16,197,Cook Bay,Eastern Kodiak,57.77552,-152.25595,68
2018,July,16,197,Cook Bay,Eastern Kodiak,57.77552,-152.25595,68
2018,July,16,197,Cook Bay,Eastern Kodiak,57.77552,-152.25595,68
2022,July,16,197,Cook Bay,Eastern Kodiak,57.77552,-152.25595,68
2022,July,16,197,Cook Bay,Eastern Kodiak,57.77552,-152.25595,68
2018,July,16,197,Cook Bay,Eastern Kodiak,57.77552,-152.25595,67
2018,July,16,197,Cook Bay,Eastern Kodiak,57.77552,-152.25595,67
2022,July,15,196,Cook Bay,Eastern Kodiak,57.77552,-152.25595,67
2022,July,15,196,Cook Bay,Eastern Kodiak,57.77552,-152.25595,67
2018,July,16,197,Cook Bay,Eastern Kodiak,57.77552,-152.25595,66
2018,July,16,197,Cook Bay,Eastern Kodiak,57.77552,-152.25595,66
2018,July,16,197,Cook Bay,Eastern Kodiak,57.77552,-152.25595,66
2022,July,16,197,Cook Bay,Eastern Kodiak,57.77552,-152.25595,66
2018,July,16,197,Cook Bay,Eastern Kodiak,57.77552,-152.25595,65
2018,July,16,197,Cook Bay,Eastern Kodiak,57.77552,-152.25595,65
2018,July,16,197,Cook Bay,Eastern Kodiak,57.77552,-152.25595,65
2022,July,15,196,Cook Bay,Eastern Kodiak,57.77552,-152.25595,65
2018,July,16,197,Cook Bay,Eastern Kodiak,57.77552,-152.25595,64
2022,July,16,197,Cook Bay,Eastern Kodiak,57.77552,-152.25595,64
2018,July,16,197,Cook Bay,Eastern Kodiak,57.77552,-152.25595,63
2018,July,16,197,Cook Bay,Eastern Kodiak,57.77552,-152.25595,63
2018,July,16,197,Cook Bay,Eastern Kodiak,57.77552,-152.25595,63
2018,July,16,197,Cook Bay,Eastern Kodiak,57.77552,-152.25595,63
2018,July,16,197,Cook Bay,Eastern Kodiak,57.77552,-152.25595,62
2018,July,16,197,Cook Bay,Eastern Kodiak,57.77552,-152.25595,62
2018,July,16,197,Cook Bay,Eastern Kodiak,57.77552,-152.25595,62
2022,July,15,196,Cook Bay,Eastern Kodiak,57.77552,-152.25595,62
2022,July,16,197,Cook Bay,Eastern Kodiak,57.77552,-152.25595,62
2022,July,16,197,Cook Bay,Eastern Kodiak,57.77552,-152.25595,62
2018,July,16,197,Cook Bay,Eastern Kodiak,57.77552,-152.25595,61
2018,July,16,197,Cook Bay,Eastern Kodiak,57.77552,-152.25595,61
2018,July,16,197,Cook Bay,Eastern Kodiak,57.77552,-152.25595,61
2018,July,16,197,Cook Bay,Eastern Kodiak,57.77552,-152.25595,61
2018,July,16,197,Cook Bay,Eastern Kodiak,57.77552,-152.25595,61
2022,July,16,197,Cook Bay,Eastern Kodiak,57.77552,-152.25595,61
2022,July,15,196,Cook Bay,Eastern Kodiak,57.77552,-152.25595,60
2018,July,16,197,Cook Bay,Eastern Kodiak,57.77552,-152.25595,59
2022,July,16,197,Cook Bay,Eastern Kodiak,57.77552,-152.25595,59
2022,July,16,197,Cook Bay,Eastern Kodiak,57.77552,-152.25595,59
2018,July,16,197,Cook Bay,Eastern Kodiak,57.77552,-152.25595,58
2022,July,16,197,Cook Bay,Eastern Kodiak,57.77552,-152.25595,58
2022,July,16,197,Cook Bay,Eastern Kodiak,57.77552,-152.25595,58
2018,July,16,197,Cook Bay,Eastern Kodiak,57.77552,-152.25595,57
2018,July,16,197,Cook Bay,Eastern Kodiak,57.77552,-152.25595,57
2022,July,16,197,Cook Bay,Eastern Kodiak,57.77552,-152.25595,57
2022,July,16,197,Cook Bay,Eastern Kodiak,57.77552,-152.25595,57
2018,July,16,197,Cook Bay,Eastern Kodiak,57.77552,-152.25595,56
2022,July,16,197,Cook Bay,Eastern Kodiak,57.77552,-152.25595,56
2018,July,16,197,Cook Bay,Eastern Kodiak,57.77552,-152.25595,55
2018,July,16,197,Cook Bay,Eastern Kodiak,57.77552,-152.25595,55
2018,July,16,197,Cook Bay,Eastern Kodiak,57.77552,-152.25595,55
2018,July,16,197,Cook Bay,Eastern Kodiak,57.77552,-152.25595,55
2022,July,16,197,Cook Bay,Eastern Kodiak,57.77552,-152.25595,55
2022,July,16,197,Cook Bay,Eastern Kodiak,57.77552,-152.25595,54
2022,July,16,197,Cook Bay,Eastern Kodiak,57.77552,-152.25595,54
2022,July,16,197,Cook Bay,Eastern Kodiak,57.77552,-152.25595,54
2022,July,16,197,Cook Bay,Eastern Kodiak,57.77552,-152.25595,54
2022,July,16,197,Cook Bay,Eastern Kodiak,57.77552,-152.25595,53
2022,July,16,197,Cook Bay,Eastern Kodiak,57.77552,-152.25595,53
2018,July,16,197,Cook Bay,Eastern Kodiak,57.77552,-152.25595,52
2018,July,16,197,Cook Bay,Eastern Kodiak,57.77552,-152.25595,52
2018,July,16,197,Cook Bay,Eastern Kodiak,57.77552,-152.25595,52
2022,July,16,197,Cook Bay,Eastern Kodiak,57.77552,-152.25595,52
2021,July,14,195,Cook Bay,Eastern Kodiak,57.77552,-152.25595,51
2022,July,16,197,Cook Bay,Eastern Kodiak,57.77552,-152.25595,51
2022,July,16,197,Cook Bay,Eastern Kodiak,57.77552,-152.25595,51
2022,July,16,197,Cook Bay,Eastern Kodiak,57.77552,-152.25595,50
2022,July,16,197,Cook Bay,Eastern Kodiak,57.77552,-152.25595,48
2018,July,16,197,Cook Bay,Eastern Kodiak,57.77552,-152.25595,47
2022,July,16,197,Cook Bay,Eastern Kodiak,57.77552,-152.25595,47
2021,July,14,195,Cook Bay,Eastern Kodiak,57.77552,-152.25595,45
2021,July,14,195,Cook Bay,Eastern Kodiak,57.77552,-152.25595,38
2023,July,15,196,Anton Larsen Bay,Eastern Kodiak,57.8705,-152.64752,62
2021,July,10,191,Anton Larsen Bay,Eastern Kodiak,57.8705,-152.64752,48
2021,July,9,190,Anton Larsen Bay,Eastern Kodiak,57.8705,-152.64752,46
2023,July,15,196,Anton Larsen Bay,Eastern Kodiak,57.8705,-152.64752,46
2021,July,10,191,Anton Larsen Bay,Eastern Kodiak,57.8705,-152.64752,36
2021,July,9,190,Anton Larsen Bay,Eastern Kodiak,57.8705,-152.64752,33
2018,July,18,199,Anton Larsen Bay,Eastern Kodiak,57.88017,-152.64703,95
2018,July,18,199,Anton Larsen Bay,Eastern Kodiak,57.88017,-152.64703,95
2021,July,10,191,Anton Larsen Bay,Eastern Kodiak,57.88017,-152.64703,95
2021,July,10,191,Anton Larsen Bay,Eastern Kodiak,57.88017,-152.64703,95
2021,July,10,191,Anton Larsen Bay,Eastern Kodiak,57.88017,-152.64703,95
2021,July,10,191,Anton Larsen Bay,Eastern Kodiak,57.88017,-152.64703,95
2021,July,11,192,Anton Larsen Bay,Eastern Kodiak,57.88017,-152.64703,95
2018,July,18,199,Anton Larsen Bay,Eastern Kodiak,57.88017,-152.64703,94
2018,July,18,199,Anton Larsen Bay,Eastern Kodiak,57.88017,-152.64703,94
2021,July,10,191,Anton Larsen Bay,Eastern Kodiak,57.88017,-152.64703,94
2021,July,11,192,Anton Larsen Bay,Eastern Kodiak,57.88017,-152.64703,94
2021,July,11,192,Anton Larsen Bay,Eastern Kodiak,57.88017,-152.64703,94
2021,July,11,192,Anton Larsen Bay,Eastern Kodiak,57.88017,-152.64703,94
2021,July,11,192,Anton Larsen Bay,Eastern Kodiak,57.88017,-152.64703,94
2018,July,18,199,Anton Larsen Bay,Eastern Kodiak,57.88017,-152.64703,93
2021,July,10,191,Anton Larsen Bay,Eastern Kodiak,57.88017,-152.64703,93
2021,July,10,191,Anton Larsen Bay,Eastern Kodiak,57.88017,-152.64703,93
2021,July,10,191,Anton Larsen Bay,Eastern Kodiak,57.88017,-152.64703,93
2021,July,10,191,Anton Larsen Bay,Eastern Kodiak,57.88017,-152.64703,93
2021,July,10,191,Anton Larsen Bay,Eastern Kodiak,57.88017,-152.64703,93
2021,July,10,191,Anton Larsen Bay,Eastern Kodiak,57.88017,-152.64703,93
2021,July,10,191,Anton Larsen Bay,Eastern Kodiak,57.88017,-152.64703,93
2021,July,11,192,Anton Larsen Bay,Eastern Kodiak,57.88017,-152.64703,93
2021,July,11,192,Anton Larsen Bay,Eastern Kodiak,57.88017,-152.64703,93
2021,July,11,192,Anton Larsen Bay,Eastern Kodiak,57.88017,-152.64703,93
2021,July,11,192,Anton Larsen Bay,Eastern Kodiak,57.88017,-152.64703,93
2018,July,15,196,Anton Larsen Bay,Eastern Kodiak,57.88017,-152.64703,92
2018,July,18,199,Anton Larsen Bay,Eastern Kodiak,57.88017,-152.64703,92
2018,July,18,199,Anton Larsen Bay,Eastern Kodiak,57.88017,-152.64703,92
2018,July,18,199,Anton Larsen Bay,Eastern Kodiak,57.88017,-152.64703,91
2018,July,18,199,Anton Larsen Bay,Eastern Kodiak,57.88017,-152.64703,91
2021,July,11,192,Anton Larsen Bay,Eastern Kodiak,57.88017,-152.64703,91
2018,July,18,199,Anton Larsen Bay,Eastern Kodiak,57.88017,-152.64703,90
2018,July,18,199,Anton Larsen Bay,Eastern Kodiak,57.88017,-152.64703,90
2018,July,18,199,Anton Larsen Bay,Eastern Kodiak,57.88017,-152.64703,90
2021,July,11,192,Anton Larsen Bay,Eastern Kodiak,57.88017,-152.64703,90
2021,July,11,192,Anton Larsen Bay,Eastern Kodiak,57.88017,-152.64703,90
2021,July,10,191,Anton Larsen Bay,Eastern Kodiak,57.88017,-152.64703,89
2021,July,11,192,Anton Larsen Bay,Eastern Kodiak,57.88017,-152.64703,89
2021,July,11,192,Anton Larsen Bay,Eastern Kodiak,57.88017,-152.64703,89
2018,July,18,199,Anton Larsen Bay,Eastern Kodiak,57.88017,-152.64703,88
2021,July,11,192,Anton Larsen Bay,Eastern Kodiak,57.88017,-152.64703,88
2021,July,11,192,Anton Larsen Bay,Eastern Kodiak,57.88017,-152.64703,88
2021,July,11,192,Anton Larsen Bay,Eastern Kodiak,57.88017,-152.64703,88
2018,July,18,199,Anton Larsen Bay,Eastern Kodiak,57.88017,-152.64703,87
2018,July,18,199,Anton Larsen Bay,Eastern Kodiak,57.88017,-152.64703,87
2021,July,10,191,Anton Larsen Bay,Eastern Kodiak,57.88017,-152.64703,86
2021,July,10,191,Anton Larsen Bay,Eastern Kodiak,57.88017,-152.64703,86
2021,July,10,191,Anton Larsen Bay,Eastern Kodiak,57.88017,-152.64703,86
2021,July,10,191,Anton Larsen Bay,Eastern Kodiak,57.88017,-152.64703,86
2021,July,11,192,Anton Larsen Bay,Eastern Kodiak,57.88017,-152.64703,86
2021,July,11,192,Anton Larsen Bay,Eastern Kodiak,57.88017,-152.64703,86
2021,July,11,192,Anton Larsen Bay,Eastern Kodiak,57.88017,-152.64703,86
2021,July,11,192,Anton Larsen Bay,Eastern Kodiak,57.88017,-152.64703,86
2018,July,18,199,Anton Larsen Bay,Eastern Kodiak,57.88017,-152.64703,85
2018,July,18,199,Anton Larsen Bay,Eastern Kodiak,57.88017,-152.64703,85
2021,July,10,191,Anton Larsen Bay,Eastern Kodiak,57.88017,-152.64703,85
2021,July,10,191,Anton Larsen Bay,Eastern Kodiak,57.88017,-152.64703,85
2021,July,11,192,Anton Larsen Bay,Eastern Kodiak,57.88017,-152.64703,85
2021,July,11,192,Anton Larsen Bay,Eastern Kodiak,57.88017,-152.64703,85
2021,July,11,192,Anton Larsen Bay,Eastern Kodiak,57.88017,-152.64703,85
2021,July,11,192,Anton Larsen Bay,Eastern Kodiak,57.88017,-152.64703,85
2018,July,18,199,Anton Larsen Bay,Eastern Kodiak,57.88017,-152.64703,84
2018,July,18,199,Anton Larsen Bay,Eastern Kodiak,57.88017,-152.64703,84
2021,July,10,191,Anton Larsen Bay,Eastern Kodiak,57.88017,-152.64703,84
2021,July,11,192,Anton Larsen Bay,Eastern Kodiak,57.88017,-152.64703,84
2021,July,11,192,Anton Larsen Bay,Eastern Kodiak,57.88017,-152.64703,84
2021,July,11,192,Anton Larsen Bay,Eastern Kodiak,57.88017,-152.64703,84
2021,July,11,192,Anton Larsen Bay,Eastern Kodiak,57.88017,-152.64703,83
2018,July,18,199,Anton Larsen Bay,Eastern Kodiak,57.88017,-152.64703,82
2018,July,18,199,Anton Larsen Bay,Eastern Kodiak,57.88017,-152.64703,82
2021,July,10,191,Anton Larsen Bay,Eastern Kodiak,57.88017,-152.64703,82
2018,July,15,196,Anton Larsen Bay,Eastern Kodiak,57.88017,-152.64703,81
2018,July,18,199,Anton Larsen Bay,Eastern Kodiak,57.88017,-152.64703,81
2018,July,18,199,Anton Larsen Bay,Eastern Kodiak,57.88017,-152.64703,81
2018,July,18,199,Anton Larsen Bay,Eastern Kodiak,57.88017,-152.64703,81
2021,July,10,191,Anton Larsen Bay,Eastern Kodiak,57.88017,-152.64703,81
2021,July,11,192,Anton Larsen Bay,Eastern Kodiak,57.88017,-152.64703,81
2021,July,11,192,Anton Larsen Bay,Eastern Kodiak,57.88017,-152.64703,81
2021,July,11,192,Anton Larsen Bay,Eastern Kodiak,57.88017,-152.64703,81
2021,July,11,192,Anton Larsen Bay,Eastern Kodiak,57.88017,-152.64703,81
2021,July,11,192,Anton Larsen Bay,Eastern Kodiak,57.88017,-152.64703,81
2018,July,15,196,Anton Larsen Bay,Eastern Kodiak,57.88017,-152.64703,80
2018,July,15,196,Anton Larsen Bay,Eastern Kodiak,57.88017,-152.64703,80
2018,July,18,199,Anton Larsen Bay,Eastern Kodiak,57.88017,-152.64703,80
2018,July,18,199,Anton Larsen Bay,Eastern Kodiak,57.88017,-152.64703,80
2018,July,18,199,Anton Larsen Bay,Eastern Kodiak,57.88017,-152.64703,80
2018,July,18,199,Anton Larsen Bay,Eastern Kodiak,57.88017,-152.64703,80
2021,July,11,192,Anton Larsen Bay,Eastern Kodiak,57.88017,-152.64703,80
2022,July,13,194,Anton Larsen Bay,Eastern Kodiak,57.88017,-152.64703,80
2021,July,11,192,Anton Larsen Bay,Eastern Kodiak,57.88017,-152.64703,79
2021,July,11,192,Anton Larsen Bay,Eastern Kodiak,57.88017,-152.64703,79
2021,July,11,192,Anton Larsen Bay,Eastern Kodiak,57.88017,-152.64703,79
2021,July,11,192,Anton Larsen Bay,Eastern Kodiak,57.88017,-152.64703,79
2021,July,11,192,Anton Larsen Bay,Eastern Kodiak,57.88017,-152.64703,79
2018,July,15,196,Anton Larsen Bay,Eastern Kodiak,57.88017,-152.64703,78
2018,July,15,196,Anton Larsen Bay,Eastern Kodiak,57.88017,-152.64703,78
2018,July,15,196,Anton Larsen Bay,Eastern Kodiak,57.88017,-152.64703,78
2018,July,18,199,Anton Larsen Bay,Eastern Kodiak,57.88017,-152.64703,78
2018,July,18,199,Anton Larsen Bay,Eastern Kodiak,57.88017,-152.64703,78
2018,July,18,199,Anton Larsen Bay,Eastern Kodiak,57.88017,-152.64703,78
2021,July,11,192,Anton Larsen Bay,Eastern Kodiak,57.88017,-152.64703,78
2021,July,11,192,Anton Larsen Bay,Eastern Kodiak,57.88017,-152.64703,78
2018,July,15,196,Anton Larsen Bay,Eastern Kodiak,57.88017,-152.64703,77
2021,July,11,192,Anton Larsen Bay,Eastern Kodiak,57.88017,-152.64703,77
2021,July,11,192,Anton Larsen Bay,Eastern Kodiak,57.88017,-152.64703,76
2021,July,11,192,Anton Larsen Bay,Eastern Kodiak,57.88017,-152.64703,76
2018,July,15,196,Anton Larsen Bay,Eastern Kodiak,57.88017,-152.64703,75
2018,July,15,196,Anton Larsen Bay,Eastern Kodiak,57.88017,-152.64703,75
2018,July,18,199,Anton Larsen Bay,Eastern Kodiak,57.88017,-152.64703,75
2018,July,18,199,Anton Larsen Bay,Eastern Kodiak,57.88017,-152.64703,75
2018,July,18,199,Anton Larsen Bay,Eastern Kodiak,57.88017,-152.64703,75
2018,July,18,199,Anton Larsen Bay,Eastern Kodiak,57.88017,-152.64703,75
2021,July,11,192,Anton Larsen Bay,Eastern Kodiak,57.88017,-152.64703,75
2022,July,13,194,Anton Larsen Bay,Eastern Kodiak,57.88017,-152.64703,75
2022,July,13,194,Anton Larsen Bay,Eastern Kodiak,57.88017,-152.64703,75
2018,July,18,199,Anton Larsen Bay,Eastern Kodiak,57.88017,-152.64703,74
2021,July,11,192,Anton Larsen Bay,Eastern Kodiak,57.88017,-152.64703,74
2022,July,13,194,Anton Larsen Bay,Eastern Kodiak,57.88017,-152.64703,74
2022,July,13,194,Anton Larsen Bay,Eastern Kodiak,57.88017,-152.64703,74
2018,July,15,196,Anton Larsen Bay,Eastern Kodiak,57.88017,-152.64703,73
2018,July,18,199,Anton Larsen Bay,Eastern Kodiak,57.88017,-152.64703,72
2018,July,18,199,Anton Larsen Bay,Eastern Kodiak,57.88017,-152.64703,72
2018,July,18,199,Anton Larsen Bay,Eastern Kodiak,57.88017,-152.64703,72
2018,July,18,199,Anton Larsen Bay,Eastern Kodiak,57.88017,-152.64703,72
2021,July,10,191,Anton Larsen Bay,Eastern Kodiak,57.88017,-152.64703,72
2021,July,11,192,Anton Larsen Bay,Eastern Kodiak,57.88017,-152.64703,72
2022,July,13,194,Anton Larsen Bay,Eastern Kodiak,57.88017,-152.64703,72
2018,July,15,196,Anton Larsen Bay,Eastern Kodiak,57.88017,-152.64703,71
2018,July,18,199,Anton Larsen Bay,Eastern Kodiak,57.88017,-152.64703,71
2021,July,10,191,Anton Larsen Bay,Eastern Kodiak,57.88017,-152.64703,71
2022,July,13,194,Anton Larsen Bay,Eastern Kodiak,57.88017,-152.64703,71
2018,July,15,196,Anton Larsen Bay,Eastern Kodiak,57.88017,-152.64703,70
2018,July,15,196,Anton Larsen Bay,Eastern Kodiak,57.88017,-152.64703,70
2018,July,15,196,Anton Larsen Bay,Eastern Kodiak,57.88017,-152.64703,70
2018,July,15,196,Anton Larsen Bay,Eastern Kodiak,57.88017,-152.64703,70
2018,July,18,199,Anton Larsen Bay,Eastern Kodiak,57.88017,-152.64703,70
2018,July,18,199,Anton Larsen Bay,Eastern Kodiak,57.88017,-152.64703,70
2018,July,18,199,Anton Larsen Bay,Eastern Kodiak,57.88017,-152.64703,70
2018,July,18,199,Anton Larsen Bay,Eastern Kodiak,57.88017,-152.64703,70
2018,July,18,199,Anton Larsen Bay,Eastern Kodiak,57.88017,-152.64703,70
2018,July,18,199,Anton Larsen Bay,Eastern Kodiak,57.88017,-152.64703,70
2022,July,13,194,Anton Larsen Bay,Eastern Kodiak,57.88017,-152.64703,70
2022,July,13,194,Anton Larsen Bay,Eastern Kodiak,57.88017,-152.64703,70
2022,July,13,194,Anton Larsen Bay,Eastern Kodiak,57.88017,-152.64703,70
2022,July,13,194,Anton Larsen Bay,Eastern Kodiak,57.88017,-152.64703,70
2018,July,18,199,Anton Larsen Bay,Eastern Kodiak,57.88017,-152.64703,69
2018,July,18,199,Anton Larsen Bay,Eastern Kodiak,57.88017,-152.64703,69
2018,July,18,199,Anton Larsen Bay,Eastern Kodiak,57.88017,-152.64703,69
2018,July,18,199,Anton Larsen Bay,Eastern Kodiak,57.88017,-152.64703,69
2018,July,18,199,Anton Larsen Bay,Eastern Kodiak,57.88017,-152.64703,69
2018,July,18,199,Anton Larsen Bay,Eastern Kodiak,57.88017,-152.64703,69
2021,July,11,192,Anton Larsen Bay,Eastern Kodiak,57.88017,-152.64703,69
2018,July,18,199,Anton Larsen Bay,Eastern Kodiak,57.88017,-152.64703,68
2018,July,18,199,Anton Larsen Bay,Eastern Kodiak,57.88017,-152.64703,68
2018,July,18,199,Anton Larsen Bay,Eastern Kodiak,57.88017,-152.64703,68
2018,July,15,196,Anton Larsen Bay,Eastern Kodiak,57.88017,-152.64703,67
2018,July,15,196,Anton Larsen Bay,Eastern Kodiak,57.88017,-152.64703,67
2018,July,15,196,Anton Larsen Bay,Eastern Kodiak,57.88017,-152.64703,67
2018,July,15,196,Anton Larsen Bay,Eastern Kodiak,57.88017,-152.64703,67
2018,July,18,199,Anton Larsen Bay,Eastern Kodiak,57.88017,-152.64703,67
2018,July,15,196,Anton Larsen Bay,Eastern Kodiak,57.88017,-152.64703,66
2018,July,15,196,Anton Larsen Bay,Eastern Kodiak,57.88017,-152.64703,66
2018,July,18,199,Anton Larsen Bay,Eastern Kodiak,57.88017,-152.64703,66
2018,July,18,199,Anton Larsen Bay,Eastern Kodiak,57.88017,-152.64703,66
2022,July,13,194,Anton Larsen Bay,Eastern Kodiak,57.88017,-152.64703,66
2018,July,15,196,Anton Larsen Bay,Eastern Kodiak,57.88017,-152.64703,65
2018,July,15,196,Anton Larsen Bay,Eastern Kodiak,57.88017,-152.64703,65
2018,July,18,199,Anton Larsen Bay,Eastern Kodiak,57.88017,-152.64703,65
2018,July,18,199,Anton Larsen Bay,Eastern Kodiak,57.88017,-152.64703,65
2018,July,18,199,Anton Larsen Bay,Eastern Kodiak,57.88017,-152.64703,65
2021,July,10,191,Anton Larsen Bay,Eastern Kodiak,57.88017,-152.64703,65
2021,July,11,192,Anton Larsen Bay,Eastern Kodiak,57.88017,-152.64703,65
2022,July,13,194,Anton Larsen Bay,Eastern Kodiak,57.88017,-152.64703,65
2018,July,15,196,Anton Larsen Bay,Eastern Kodiak,57.88017,-152.64703,64
2018,July,15,196,Anton Larsen Bay,Eastern Kodiak,57.88017,-152.64703,64
2018,July,15,196,Anton Larsen Bay,Eastern Kodiak,57.88017,-152.64703,64
2018,July,15,196,Anton Larsen Bay,Eastern Kodiak,57.88017,-152.64703,64
2018,July,18,199,Anton Larsen Bay,Eastern Kodiak,57.88017,-152.64703,64
2022,July,13,194,Anton Larsen Bay,Eastern Kodiak,57.88017,-152.64703,64
2018,July,15,196,Anton Larsen Bay,Eastern Kodiak,57.88017,-152.64703,63
2021,July,10,191,Anton Larsen Bay,Eastern Kodiak,57.88017,-152.64703,63
2021,July,10,191,Anton Larsen Bay,Eastern Kodiak,57.88017,-152.64703,63
2021,July,11,192,Anton Larsen Bay,Eastern Kodiak,57.88017,-152.64703,63
2022,July,13,194,Anton Larsen Bay,Eastern Kodiak,57.88017,-152.64703,63
2022,July,13,194,Anton Larsen Bay,Eastern Kodiak,57.88017,-152.64703,63
2018,July,15,196,Anton Larsen Bay,Eastern Kodiak,57.88017,-152.64703,62
2018,July,15,196,Anton Larsen Bay,Eastern Kodiak,57.88017,-152.64703,62
2018,July,18,199,Anton Larsen Bay,Eastern Kodiak,57.88017,-152.64703,62
2018,July,18,199,Anton Larsen Bay,Eastern Kodiak,57.88017,-152.64703,62
2018,July,15,196,Anton Larsen Bay,Eastern Kodiak,57.88017,-152.64703,61
2018,July,15,196,Anton Larsen Bay,Eastern Kodiak,57.88017,-152.64703,61
2021,July,10,191,Anton Larsen Bay,Eastern Kodiak,57.88017,-152.64703,61
2021,July,10,191,Anton Larsen Bay,Eastern Kodiak,57.88017,-152.64703,61
2022,July,13,194,Anton Larsen Bay,Eastern Kodiak,57.88017,-152.64703,61
2018,July,15,196,Anton Larsen Bay,Eastern Kodiak,57.88017,-152.64703,60
2018,July,15,196,Anton Larsen Bay,Eastern Kodiak,57.88017,-152.64703,60
2018,July,15,196,Anton Larsen Bay,Eastern Kodiak,57.88017,-152.64703,60
2018,July,15,196,Anton Larsen Bay,Eastern Kodiak,57.88017,-152.64703,60
2018,July,15,196,Anton Larsen Bay,Eastern Kodiak,57.88017,-152.64703,60
2018,July,18,199,Anton Larsen Bay,Eastern Kodiak,57.88017,-152.64703,60
2018,July,15,196,Anton Larsen Bay,Eastern Kodiak,57.88017,-152.64703,59
2018,July,15,196,Anton Larsen Bay,Eastern Kodiak,57.88017,-152.64703,59
2018,July,15,196,Anton Larsen Bay,Eastern Kodiak,57.88017,-152.64703,58
2018,July,18,199,Anton Larsen Bay,Eastern Kodiak,57.88017,-152.64703,57
2021,July,10,191,Anton Larsen Bay,Eastern Kodiak,57.88017,-152.64703,56
2022,July,13,194,Anton Larsen Bay,Eastern Kodiak,57.88017,-152.64703,56
2022,July,13,194,Anton Larsen Bay,Eastern Kodiak,57.88017,-152.64703,56
2022,July,13,194,Anton Larsen Bay,Eastern Kodiak,57.88017,-152.64703,55
2018,July,15,196,Anton Larsen Bay,Eastern Kodiak,57.88017,-152.64703,54
2018,July,18,199,Anton Larsen Bay,Eastern Kodiak,57.88017,-152.64703,54
2021,July,11,192,Anton Larsen Bay,Eastern Kodiak,57.88017,-152.64703,54
2022,July,13,194,Anton Larsen Bay,Eastern Kodiak,57.88017,-152.64703,54
2018,July,15,196,Anton Larsen Bay,Eastern Kodiak,57.88017,-152.64703,53
2021,July,11,192,Anton Larsen Bay,Eastern Kodiak,57.88017,-152.64703,52
2018,July,15,196,Anton Larsen Bay,Eastern Kodiak,57.88017,-152.64703,49
2021,July,11,192,Anton Larsen Bay,Eastern Kodiak,57.88017,-152.64703,48
2022,July,13,194,Anton Larsen Bay,Eastern Kodiak,57.88017,-152.64703,48
2018,July,15,196,Anton Larsen Bay,Eastern Kodiak,57.88017,-152.64703,47
2021,July,10,191,Anton Larsen Bay,Eastern Kodiak,57.88017,-152.64703,44
2022,July,13,194,Anton Larsen Bay,Eastern Kodiak,57.88017,-152.64703,40
