ID,year,month,day,doc,bay,region,latitude,longitude,TL_mm,age,predict.age,final.age,hdate
KDSP-101,2018,Aug,15,227,Agripina Bay,Agripina Bay,57.1093,-156.4602,60,110,NA,110,117
KDSP-104,2018,Aug,15,227,Agripina Bay,Agripina Bay,57.1093,-156.4602,52,100,NA,100,127
KDSP-116,2018,Aug,15,227,Agripina Bay,Agripina Bay,57.1048,-156.4586,72,135,NA,135,92
KDSP-117,2018,Aug,15,227,Agripina Bay,Agripina Bay,57.1048,-156.4586,75,139,NA,139,88
KDSP-118,2018,Aug,15,227,Agripina Bay,Agripina Bay,57.1048,-156.4586,52,117,NA,117,110
KDSP-168,2018,Aug,15,227,Agripina Bay,Agripina Bay,57.1048,-156.4586,65,119,NA,119,108
KDSP-217,2018,Aug,15,227,Agripina Bay,Agripina Bay,57.1071,-156.4564,68,127,NA,127,100
KDSP-219,2018,Aug,15,227,Agripina Bay,Agripina Bay,57.1071,-156.4564,67,144,NA,144,83
KDSP-220,2018,Aug,15,227,Agripina Bay,Agripina Bay,57.1071,-156.4564,64,149,NA,149,78
KDSP-228,2018,Aug,15,227,Agripina Bay,Agripina Bay,57.1071,-156.4564,60,121,NA,121,106
KDSP-446,2018,July,16,197,Agripina Bay,Agripina Bay,57.1071,-156.4565,50,96,NA,96,101
KDSP-448,2018,July,16,197,Agripina Bay,Agripina Bay,57.1047,-156.4584,72,158,NA,158,39
KDSP-450,2018,July,16,197,Agripina Bay,Agripina Bay,57.1047,-156.4584,56,119,NA,119,78
KDSP-451,2018,July,16,197,Agripina Bay,Agripina Bay,57.1047,-156.4584,52,96,NA,96,101
KDSP-453,2018,July,16,197,Agripina Bay,Agripina Bay,57.1047,-156.4584,50,81,NA,81,116
KDSP-459,2018,July,16,197,Agripina Bay,Agripina Bay,57.1094,-156.4599,77,123,NA,123,74
KDSP-460,2018,July,16,197,Agripina Bay,Agripina Bay,57.1094,-156.4599,35,67,NA,67,130
KDSP-462,2018,July,16,197,Agripina Bay,Agripina Bay,57.1094,-156.4599,43,95,NA,95,102
KDSP-465,2018,July,16,197,Agripina Bay,Agripina Bay,57.1094,-156.4599,68,115,NA,115,82
KDSP-344.2,2019,July,7,188,Agripina Bay,Agripina Bay,57.1046,-156.4716,41,67,NA,67,121
KDSP-360.2,2019,July,7,188,Agripina Bay,Agripina Bay,57.105,-156.4581,46,75,NA,75,113
KDSP-362.2,2019,July,7,188,Agripina Bay,Agripina Bay,57.105,-156.4581,43,81,NA,81,107
KDSP-364.2,2019,July,7,188,Agripina Bay,Agripina Bay,57.105,-156.4581,48,82,NA,82,106
KDSP-369.2,2019,July,7,188,Agripina Bay,Agripina Bay,57.105,-156.4581,47,77,NA,77,111
KDSP-371.2,2019,July,7,188,Agripina Bay,Agripina Bay,57.105,-156.4581,55,95,NA,95,93
KDSP-374.2,2019,July,7,188,Agripina Bay,Agripina Bay,57.105,-156.4581,41,70,NA,70,118
KDSP-379.2,2019,July,7,188,Agripina Bay,Agripina Bay,57.1071,-156.4564,41,67,NA,67,121
KDSP-381.2,2019,July,7,188,Agripina Bay,Agripina Bay,57.1071,-156.4564,40,65,NA,65,123
KDSP-631,2019,July,7,188,Agripina Bay,Agripina Bay,57.1046,-156.4716,60,103,NA,103,85
KDSP-633,2019,July,7,188,Agripina Bay,Agripina Bay,57.1041,-156.4766,68,111,NA,111,77
KDSP-634,2019,July,7,188,Agripina Bay,Agripina Bay,57.105,-156.4581,55,87,NA,87,101
KDSP-640,2019,July,7,188,Agripina Bay,Agripina Bay,57.105,-156.4581,52,89,NA,89,99
KDSP-641,2019,July,7,188,Agripina Bay,Agripina Bay,57.105,-156.4581,50,82,NA,82,106
KDSP-642,2019,July,7,188,Agripina Bay,Agripina Bay,57.1041,-156.4766,56,93,NA,93,95
KDSP-644,2019,July,7,188,Agripina Bay,Agripina Bay,57.1071,-156.4564,43,83,NA,83,105
KDSP-646,2019,July,7,188,Agripina Bay,Agripina Bay,57.1046,-156.4716,43,73,NA,73,115
KDSP-647,2019,July,7,188,Agripina Bay,Agripina Bay,57.105,-156.4581,58,100,NA,100,88
KDSP-649,2019,July,7,188,Agripina Bay,Agripina Bay,57.105,-156.4581,52,91,NA,91,97
KDSP-650,2019,July,7,188,Agripina Bay,Agripina Bay,57.105,-156.4581,52,89,NA,89,99
KDSP-651,2019,July,7,188,Agripina Bay,Agripina Bay,57.105,-156.4581,51,81,NA,81,107
KDSP-655,2019,July,7,188,Agripina Bay,Agripina Bay,57.105,-156.4581,53,81,NA,81,107
KDSP-962,2020,July,6,188,Agripina Bay,Agripina Bay,57.1092,-156.4602,61,104,NA,104,84
KDSP-963,2020,July,6,188,Agripina Bay,Agripina Bay,57.1092,-156.4602,57,90,NA,90,98
KDSP-964,2020,July,6,188,Agripina Bay,Agripina Bay,57.1092,-156.4602,62,91,NA,91,97
KDSP-965,2020,July,6,188,Agripina Bay,Agripina Bay,57.1092,-156.4602,52,108,NA,108,80
KDSP-966,2020,July,6,188,Agripina Bay,Agripina Bay,57.1092,-156.4602,53,96,NA,96,92
KDSP-967,2020,July,6,188,Agripina Bay,Agripina Bay,57.1092,-156.4602,55,101,NA,101,87
KDSP-968,2020,July,6,188,Agripina Bay,Agripina Bay,57.1092,-156.4602,55,98,NA,98,90
KDSP-969,2020,July,6,188,Agripina Bay,Agripina Bay,57.1092,-156.4602,54,104,NA,104,84
KDSP-970,2020,July,6,188,Agripina Bay,Agripina Bay,57.1092,-156.4602,55,97,NA,97,91
KDSP-972,2020,July,6,188,Agripina Bay,Agripina Bay,57.1092,-156.4602,61,116,NA,116,72
KDSP-974,2020,July,6,188,Agripina Bay,Agripina Bay,57.1092,-156.4602,38,72,NA,72,116
KDSP-975,2020,July,6,188,Agripina Bay,Agripina Bay,57.1092,-156.4602,57,103,NA,103,85
KDSP-976,2020,July,6,188,Agripina Bay,Agripina Bay,57.1092,-156.4602,57,105,NA,105,83
KDSP-977,2020,July,6,188,Agripina Bay,Agripina Bay,57.1092,-156.4602,46,93,NA,93,95
KDSP-979,2020,July,6,188,Agripina Bay,Agripina Bay,57.1049,-156.4585,54,103,NA,103,85
KDSP-980,2020,July,6,188,Agripina Bay,Agripina Bay,57.1049,-156.4585,58,106,NA,106,82
KDSP-982,2020,July,6,188,Agripina Bay,Agripina Bay,57.1049,-156.4585,47,89,NA,89,99
KDSP-983,2020,July,6,188,Agripina Bay,Agripina Bay,57.1049,-156.4585,58,106,NA,106,82
KDSP-984,2020,July,6,188,Agripina Bay,Agripina Bay,57.1049,-156.4585,49,78,NA,78,110
KDSP-985,2020,July,6,188,Agripina Bay,Agripina Bay,57.1049,-156.4585,56,95,NA,95,93
KDSP-986,2020,July,6,188,Agripina Bay,Agripina Bay,57.1049,-156.4585,52,100,NA,100,88
KDSP-1153,2021,July,5,186,Agripina Bay,Agripina Bay,57.104,-156.4767,43,76,NA,76,110
KDSP-1154,2021,July,5,186,Agripina Bay,Agripina Bay,57.104,-156.4767,44,81,NA,81,105
KDSP-1155,2021,July,5,186,Agripina Bay,Agripina Bay,57.104,-156.4767,45,72,NA,72,114
KDSP-1156,2021,July,5,186,Agripina Bay,Agripina Bay,57.104,-156.4767,47,79,NA,79,107
KDSP-1157,2021,July,5,186,Agripina Bay,Agripina Bay,57.104,-156.4767,41,79,NA,79,107
KDSP-1158,2021,July,5,186,Agripina Bay,Agripina Bay,57.104,-156.4767,46,76,NA,76,110
KDSP-1160,2021,July,5,186,Agripina Bay,Agripina Bay,57.104,-156.4767,48,83,NA,83,103
KDSP-1161,2021,July,5,186,Agripina Bay,Agripina Bay,57.104,-156.4767,43,68,NA,68,118
KDSP-1162,2021,July,5,186,Agripina Bay,Agripina Bay,57.104,-156.4767,47,87,NA,87,99
KDSP-1163,2021,July,5,186,Agripina Bay,Agripina Bay,57.104,-156.4767,44,73,NA,73,113
KDSP-1165,2021,July,5,186,Agripina Bay,Agripina Bay,57.104,-156.4767,38,60,NA,60,126
KDSP-1166,2021,July,5,186,Agripina Bay,Agripina Bay,57.104,-156.4767,45,75,NA,75,111
KDSP-1167,2021,July,5,186,Agripina Bay,Agripina Bay,57.104,-156.4767,43,79,NA,79,107
KDSP-1168,2021,July,5,186,Agripina Bay,Agripina Bay,57.104,-156.4767,41,70,NA,70,116
KDSP-1169,2021,July,5,186,Agripina Bay,Agripina Bay,57.104,-156.4767,44,73,NA,73,113
KDSP-1170,2021,July,5,186,Agripina Bay,Agripina Bay,57.104,-156.4767,44,73,NA,73,113
KDSP-1171,2021,July,5,186,Agripina Bay,Agripina Bay,57.104,-156.4767,47,85,NA,85,101
KDSP-1172,2021,July,5,186,Agripina Bay,Agripina Bay,57.104,-156.4767,51,83,NA,83,103
KDSP-1174,2021,July,5,186,Agripina Bay,Agripina Bay,57.104,-156.4767,47,82,NA,82,104
KDSP-1175,2021,July,5,186,Agripina Bay,Agripina Bay,57.104,-156.4767,49,82,NA,82,104
KDSP-1176,2021,July,5,186,Agripina Bay,Agripina Bay,57.104,-156.4767,46,75,NA,75,111
KDSP-1398.2,2022,July,4,185,Agripina Bay,Agripina Bay,57.1042,-156.4766,51,91,NA,91,94
KDSP-1399.2,2022,July,4,185,Agripina Bay,Agripina Bay,57.1042,-156.4766,55,95,NA,95,90
KDSP-1400.2,2022,July,4,185,Agripina Bay,Agripina Bay,57.1042,-156.4766,50,88,NA,88,97
KDSP-1401.2,2022,July,4,185,Agripina Bay,Agripina Bay,57.1042,-156.4766,54,99,NA,99,86
KDSP-1402.2,2022,July,4,185,Agripina Bay,Agripina Bay,57.1042,-156.4766,52,102,NA,102,83
KDSP-1403.2,2022,July,4,185,Agripina Bay,Agripina Bay,57.1042,-156.4766,46,94,NA,94,91
KDSP-1404.2,2022,July,4,185,Agripina Bay,Agripina Bay,57.1042,-156.4766,54,102,NA,102,83
KDSP-1405.2,2022,July,4,185,Agripina Bay,Agripina Bay,57.1042,-156.4766,49,89,NA,89,96
KDSP-1406.2,2022,July,4,185,Agripina Bay,Agripina Bay,57.1042,-156.4766,50,101,NA,101,84
KDSP-1407.2,2022,July,4,185,Agripina Bay,Agripina Bay,57.1042,-156.4766,56,100,NA,100,85
KDSP-1408.2,2022,July,4,185,Agripina Bay,Agripina Bay,57.1042,-156.4766,50,91,NA,91,94
KDSP-1410.2,2022,July,4,185,Agripina Bay,Agripina Bay,57.1042,-156.4766,49,94,NA,94,91
KDSP-1411.2,2022,July,4,185,Agripina Bay,Agripina Bay,57.1042,-156.4766,49,102,NA,102,83
KDSP-1412.2,2022,July,4,185,Agripina Bay,Agripina Bay,57.1042,-156.4766,45,95,NA,95,90
KDSP-1413.2,2022,July,4,185,Agripina Bay,Agripina Bay,57.1042,-156.4766,43,81,NA,81,104
KDSP-1415.2,2022,July,4,185,Agripina Bay,Agripina Bay,57.1042,-156.4766,48,83,NA,83,102
KDSP-1416.2,2022,July,4,185,Agripina Bay,Agripina Bay,57.1042,-156.4766,50,95,NA,95,90
KDSP-1417.2,2022,July,4,185,Agripina Bay,Agripina Bay,57.1042,-156.4766,51,84,NA,84,101
KDSP-1418.2,2022,July,4,185,Agripina Bay,Agripina Bay,57.1042,-156.4766,54,105,NA,105,80
KDSP-1419.2,2022,July,4,185,Agripina Bay,Agripina Bay,57.1042,-156.4766,47,87,NA,87,98
KDSP-1420.2,2022,July,4,185,Agripina Bay,Agripina Bay,57.1042,-156.4766,55,89,NA,89,96
KDSP-1421.2,2022,July,4,185,Agripina Bay,Agripina Bay,57.1042,-156.4766,50,91,NA,91,94
KDSP-1873.2,2023,July,7,188,Agripina Bay,Agripina Bay,57.1046,-156.4714,43,74,NA,74,114
KDSP-1874.2,2023,July,7,188,Agripina Bay,Agripina Bay,57.1046,-156.4714,40,81,NA,81,107
KDSP-1875.2,2023,July,7,188,Agripina Bay,Agripina Bay,57.1046,-156.4714,38,65,NA,65,123
KDSP-1876.2,2023,July,7,188,Agripina Bay,Agripina Bay,57.1046,-156.4714,37,70,NA,70,118
KDSP-1877.2,2023,July,7,188,Agripina Bay,Agripina Bay,57.1046,-156.4714,43,70,NA,70,118
KDSP-1878.2,2023,July,7,188,Agripina Bay,Agripina Bay,57.1046,-156.4714,46,83,NA,83,105
KDSP-1879.2,2023,July,7,188,Agripina Bay,Agripina Bay,57.1046,-156.4714,40,73,NA,73,115
KDSP-1880.2,2023,July,7,188,Agripina Bay,Agripina Bay,57.1046,-156.4714,37,65,NA,65,123
KDSP-1881.2,2023,July,7,188,Agripina Bay,Agripina Bay,57.1046,-156.4714,43,75,NA,75,113
KDSP-1882.2,2023,July,7,188,Agripina Bay,Agripina Bay,57.1046,-156.4714,41,69,NA,69,119
KDSP-1884.2,2023,July,7,188,Agripina Bay,Agripina Bay,57.1046,-156.4714,47,81,NA,81,107
KDSP-1886.2,2023,July,7,188,Agripina Bay,Agripina Bay,57.1046,-156.4714,40,76,NA,76,112
KDSP-1887.2,2023,July,7,188,Agripina Bay,Agripina Bay,57.1046,-156.4714,41,69,NA,69,119
KDSP-1889.2,2023,July,7,188,Agripina Bay,Agripina Bay,57.1046,-156.4714,37,67,NA,67,121
KDSP-1893.2,2023,July,7,188,Agripina Bay,Agripina Bay,57.1046,-156.4714,45,77,NA,77,111
KDSP-1894.2,2023,July,7,188,Agripina Bay,Agripina Bay,57.1046,-156.4714,45,74,NA,74,114
KDSP-1896.2,2023,July,7,188,Agripina Bay,Agripina Bay,57.1046,-156.4714,41,76,NA,76,112
KDSP-1897.2,2023,July,7,188,Agripina Bay,Agripina Bay,57.1046,-156.4714,45,77,NA,77,111
2001,2018,July,18,199,Anton Larsen Bay,Eastern Kodiak,57.88017,-152.64703,77,142,NA,142,57
2005,2018,July,18,199,Anton Larsen Bay,Eastern Kodiak,57.88017,-152.64703,80,148,NA,148,51
2006,2018,July,18,199,Anton Larsen Bay,Eastern Kodiak,57.88017,-152.64703,92,170,NA,170,29
2007,2018,July,18,199,Anton Larsen Bay,Eastern Kodiak,57.88017,-152.64703,94,147,NA,147,52
2010,2018,July,18,199,Anton Larsen Bay,Eastern Kodiak,57.88017,-152.64703,68,135,NA,135,64
2017,2018,July,15,196,Anton Larsen Bay,Eastern Kodiak,57.88538,-152.63903,69,135,NA,135,61
2019,2018,July,15,196,Anton Larsen Bay,Eastern Kodiak,57.88538,-152.63903,60,128,NA,128,68
2021,2018,July,15,196,Anton Larsen Bay,Eastern Kodiak,57.88538,-152.63903,63,127,NA,127,69
2025,2018,July,15,196,Anton Larsen Bay,Eastern Kodiak,57.88538,-152.63903,90,144,NA,144,52
2026,2018,July,18,199,Anton Larsen Bay,Eastern Kodiak,57.88017,-152.64703,87,139,NA,139,60
2028,2018,July,18,199,Anton Larsen Bay,Eastern Kodiak,57.88017,-152.64703,84,136,NA,136,63
2031,2018,July,18,199,Anton Larsen Bay,Eastern Kodiak,57.88017,-152.64703,89,150,NA,150,49
2034,2018,July,18,199,Anton Larsen Bay,Eastern Kodiak,57.88017,-152.64703,73,139,NA,139,60
2038,2018,July,15,196,Anton Larsen Bay,Eastern Kodiak,57.882,-152.62572,69,131,NA,131,65
2042,2018,July,15,196,Anton Larsen Bay,Eastern Kodiak,57.882,-152.62572,55,117,NA,117,79
2043,2018,July,15,196,Anton Larsen Bay,Eastern Kodiak,57.882,-152.62572,60,118,NA,118,78
2045,2018,July,15,196,Anton Larsen Bay,Eastern Kodiak,57.882,-152.62572,74,140,NA,140,56
2380,2019,July,13,194,Anton Larsen Bay,Eastern Kodiak,57.882,-152.62572,57,110,NA,110,84
2383,2019,July,13,194,Anton Larsen Bay,Eastern Kodiak,57.882,-152.62572,47,95,NA,95,99
2384,2019,July,13,194,Anton Larsen Bay,Eastern Kodiak,57.882,-152.62572,67,123,NA,123,71
2385,2019,July,13,194,Anton Larsen Bay,Eastern Kodiak,57.882,-152.62572,48,111,NA,111,83
2387,2019,July,13,194,Anton Larsen Bay,Eastern Kodiak,57.882,-152.62572,55,109,NA,109,85
2388,2019,July,13,194,Anton Larsen Bay,Eastern Kodiak,57.882,-152.62572,58,111,NA,111,83
2389,2019,July,13,194,Anton Larsen Bay,Eastern Kodiak,57.882,-152.62572,61,135,NA,135,59
2390,2019,July,13,194,Anton Larsen Bay,Eastern Kodiak,57.882,-152.62572,49,106,NA,106,88
2392,2019,July,13,194,Anton Larsen Bay,Eastern Kodiak,57.882,-152.62572,48,103,NA,103,91
2393,2019,July,13,194,Anton Larsen Bay,Eastern Kodiak,57.882,-152.62572,51,111,NA,111,83
2394,2019,July,13,194,Anton Larsen Bay,Eastern Kodiak,57.882,-152.62572,41,94,NA,94,100
2396,2019,July,13,194,Anton Larsen Bay,Eastern Kodiak,57.882,-152.62572,52,111,NA,111,83
2398,2019,July,13,194,Anton Larsen Bay,Eastern Kodiak,57.882,-152.62572,45,103,NA,103,91
2399,2019,July,13,194,Anton Larsen Bay,Eastern Kodiak,57.882,-152.62572,49,107,NA,107,87
2401,2019,July,13,194,Anton Larsen Bay,Eastern Kodiak,57.882,-152.62572,55,120,NA,120,74
2402,2019,July,13,194,Anton Larsen Bay,Eastern Kodiak,57.882,-152.62572,54,114,NA,114,80
2404,2019,July,13,194,Anton Larsen Bay,Eastern Kodiak,57.882,-152.62572,64,128,NA,128,66
2405,2019,July,13,194,Anton Larsen Bay,Eastern Kodiak,57.882,-152.62572,59,114,NA,114,80
2407,2019,July,13,194,Anton Larsen Bay,Eastern Kodiak,57.882,-152.62572,61,114,NA,114,80
2408,2019,July,13,194,Anton Larsen Bay,Eastern Kodiak,57.882,-152.62572,51,98,NA,98,96
BL3000,2021,July,10,191,Anton Larsen Bay,Eastern Kodiak,57.88017,-152.64703,81,138,NA,138,53
BL3001,2021,July,10,191,Anton Larsen Bay,Eastern Kodiak,57.88017,-152.64703,90,124,NA,124,67
BL3003,2021,July,10,191,Anton Larsen Bay,Eastern Kodiak,57.88017,-152.64703,91,158,NA,158,33
BL3004,2021,July,10,191,Anton Larsen Bay,Eastern Kodiak,57.88017,-152.64703,94,163,NA,163,28
BL3005,2021,July,10,191,Anton Larsen Bay,Eastern Kodiak,57.88017,-152.64703,82,155,NA,155,36
BL3006,2021,July,10,191,Anton Larsen Bay,Eastern Kodiak,57.88288,-152.62508,68,124,NA,124,67
BL3008,2021,July,10,191,Anton Larsen Bay,Eastern Kodiak,57.88288,-152.62508,49,88,NA,88,103
BL3011,2021,July,10,191,Anton Larsen Bay,Eastern Kodiak,57.88288,-152.62508,47,86,NA,86,105
BL3012,2021,July,11,192,Anton Larsen Bay,Eastern Kodiak,57.88017,-152.64703,85,152,NA,152,40
BL3015,2021,July,11,192,Anton Larsen Bay,Eastern Kodiak,57.88017,-152.64703,94,148,NA,148,44
BL3016,2021,July,11,192,Anton Larsen Bay,Eastern Kodiak,57.88017,-152.64703,82,157,NA,157,35
BL3018,2021,July,10,191,Anton Larsen Bay,Eastern Kodiak,57.88288,-152.62508,49,87,NA,87,104
BL3019,2021,July,10,191,Anton Larsen Bay,Eastern Kodiak,57.87812,-152.63642,41,81,NA,81,110
BL3020,2021,July,10,191,Anton Larsen Bay,Eastern Kodiak,57.87812,-152.63642,65,129,NA,129,62
BL3021,2021,July,10,191,Anton Larsen Bay,Eastern Kodiak,57.87812,-152.63642,55,112,NA,112,79
BL3023,2021,July,10,191,Anton Larsen Bay,Eastern Kodiak,57.87812,-152.63642,55,114,NA,114,77
BL3024,2021,July,10,191,Anton Larsen Bay,Eastern Kodiak,57.86153,-152.6404,50,99,NA,99,92
BL3025,2021,July,10,191,Anton Larsen Bay,Eastern Kodiak,57.86153,-152.6404,42,84,NA,84,107
BL3028,2021,July,10,191,Anton Larsen Bay,Eastern Kodiak,57.86153,-152.6404,39,68,NA,68,123
BL3029,2021,July,10,191,Anton Larsen Bay,Eastern Kodiak,57.882,-152.62572,41,86,NA,86,105
BL3031,2021,July,9,190,Anton Larsen Bay,Eastern Kodiak,57.86153,-152.6404,41,74,NA,74,116
BL3032,2021,July,9,190,Anton Larsen Bay,Eastern Kodiak,57.86153,-152.6404,54,113,NA,113,77
BL3033,2021,July,9,190,Anton Larsen Bay,Eastern Kodiak,57.86153,-152.6404,48,95,NA,95,95
BL3034,2021,July,9,190,Anton Larsen Bay,Eastern Kodiak,57.86153,-152.6404,44,65,NA,65,125
BL3037,2021,July,9,190,Anton Larsen Bay,Eastern Kodiak,57.86153,-152.6404,42,76,NA,76,114
BL3038,2021,July,9,190,Anton Larsen Bay,Eastern Kodiak,57.86153,-152.6404,41,68,NA,68,122
BL3039,2021,July,9,190,Anton Larsen Bay,Eastern Kodiak,57.86153,-152.6404,44,89,NA,89,101
BL3040,2021,July,9,190,Anton Larsen Bay,Eastern Kodiak,57.86153,-152.6404,47,113,NA,113,77
BL3042,2021,July,10,191,Anton Larsen Bay,Eastern Kodiak,57.88017,-152.64703,58,113,NA,113,78
BL3043,2021,July,10,191,Anton Larsen Bay,Eastern Kodiak,57.88017,-152.64703,90,138,NA,138,53
BL3044,2021,July,10,191,Anton Larsen Bay,Eastern Kodiak,57.88017,-152.64703,70,143,NA,143,48
BL3046,2021,July,10,191,Anton Larsen Bay,Eastern Kodiak,57.88017,-152.64703,75,131,NA,131,60
BL3047,2021,July,10,191,Anton Larsen Bay,Eastern Kodiak,57.88017,-152.64703,89,157,NA,157,34
BL3048,2021,July,10,191,Anton Larsen Bay,Eastern Kodiak,57.88017,-152.64703,92,148,NA,148,43
BL3049,2021,July,10,191,Anton Larsen Bay,Eastern Kodiak,57.88017,-152.64703,83,150,NA,150,41
BL3050,2021,July,10,191,Anton Larsen Bay,Eastern Kodiak,57.88017,-152.64703,81,148,NA,148,43
BL3051,2021,July,10,191,Anton Larsen Bay,Eastern Kodiak,57.88017,-152.64703,87,123,NA,123,68
BL3052,2021,July,10,191,Anton Larsen Bay,Eastern Kodiak,57.88017,-152.64703,52,126,NA,126,65
BL3053,2021,July,10,191,Anton Larsen Bay,Eastern Kodiak,57.88017,-152.64703,90,163,NA,163,28
BL3054,2021,July,10,191,Anton Larsen Bay,Eastern Kodiak,57.88017,-152.64703,77,135,NA,135,56
BL3055,2021,July,10,191,Anton Larsen Bay,Eastern Kodiak,57.88017,-152.64703,95,173,NA,173,18
BL3056,2021,July,10,191,Anton Larsen Bay,Eastern Kodiak,57.88017,-152.64703,87,139,NA,139,52
BL3057,2021,July,10,191,Anton Larsen Bay,Eastern Kodiak,57.88017,-152.64703,87,155,NA,155,36
BL3058,2021,July,10,191,Anton Larsen Bay,Eastern Kodiak,57.88017,-152.64703,75,128,NA,128,63
BL3059,2021,July,10,191,Anton Larsen Bay,Eastern Kodiak,57.88017,-152.64703,81,149,NA,149,42
BL3519,2022,July,14,195,Anton Larsen Bay,Eastern Kodiak,57.88288,-152.62508,46,76,NA,76,119
BL3520,2022,July,14,195,Anton Larsen Bay,Eastern Kodiak,57.88288,-152.62508,49,99,NA,99,96
BL3521,2022,July,14,195,Anton Larsen Bay,Eastern Kodiak,57.88288,-152.62508,65,122,NA,122,73
BL3525,2022,July,14,195,Anton Larsen Bay,Eastern Kodiak,57.87825,-152.64772,77,117,NA,117,78
BL3527,2022,July,13,194,Anton Larsen Bay,Eastern Kodiak,57.87812,-152.63642,48,92,NA,92,102
BL3528,2022,July,13,194,Anton Larsen Bay,Eastern Kodiak,57.87812,-152.63642,56,93,NA,93,101
BL3530,2022,July,13,194,Anton Larsen Bay,Eastern Kodiak,57.87812,-152.63642,43,85,NA,85,109
BL3531,2022,July,13,194,Anton Larsen Bay,Eastern Kodiak,57.87812,-152.63642,58,101,NA,101,93
BL3532,2022,July,13,194,Anton Larsen Bay,Eastern Kodiak,57.87812,-152.63642,43,84,NA,84,110
BL3537,2022,July,12,193,Anton Larsen Bay,Eastern Kodiak,57.882,-152.62572,41,83,NA,83,110
BL3538,2022,July,12,193,Anton Larsen Bay,Eastern Kodiak,57.882,-152.62572,34,66,NA,66,127
BL3548,2022,July,13,194,Anton Larsen Bay,Eastern Kodiak,57.87812,-152.63642,39,72,NA,72,122
KDSP-151,2018,Aug,1,213,Baralof Bay,Shumagin Islands,55.228,-160.5598,45,107,NA,107,106
KDSP-152,2018,Aug,1,213,Baralof Bay,Shumagin Islands,55.228,-160.5598,42,98,NA,98,115
KDSP-153,2018,Aug,1,213,Baralof Bay,Shumagin Islands,55.228,-160.5598,40,96,NA,96,117
KDSP-154,2018,Aug,1,213,Baralof Bay,Shumagin Islands,55.2293,-160.5623,50,94,NA,94,119
KDSP-156,2018,Aug,1,213,Baralof Bay,Shumagin Islands,55.228,-160.5598,53,107,NA,107,106
KDSP-157,2018,Aug,1,213,Baralof Bay,Shumagin Islands,55.228,-160.5598,49,94,NA,94,119
KDSP-178,2018,Aug,1,213,Baralof Bay,Shumagin Islands,55.2293,-160.5623,75,116,NA,116,97
KDSP-179,2018,Aug,1,213,Baralof Bay,Shumagin Islands,55.2293,-160.5623,78,125,NA,125,88
KDSP-180,2018,Aug,1,213,Baralof Bay,Shumagin Islands,55.2293,-160.5623,69,130,NA,130,83
KDSP-181,2018,Aug,1,213,Baralof Bay,Shumagin Islands,55.228,-160.5598,49,98,NA,98,115
KDSP-20,2018,Aug,1,213,Baralof Bay,Shumagin Islands,55.228,-160.5598,76,121,NA,121,92
KDSP-203,2018,Aug,1,213,Baralof Bay,Shumagin Islands,55.2293,-160.5623,92,144,NA,144,69
KDSP-21,2018,Aug,1,213,Baralof Bay,Shumagin Islands,55.228,-160.5598,76,126,NA,126,87
KDSP-22,2018,Aug,1,213,Baralof Bay,Shumagin Islands,55.228,-160.5598,53,113,NA,113,100
KDSP-23,2018,Aug,1,213,Baralof Bay,Shumagin Islands,55.228,-160.5598,50,109,NA,109,104
KDSP-24,2018,Aug,1,213,Baralof Bay,Shumagin Islands,55.228,-160.5598,43,90,NA,90,123
KDSP-25,2018,Aug,1,213,Baralof Bay,Shumagin Islands,55.2293,-160.5623,75,148,NA,148,65
KDSP-27,2018,Aug,1,213,Baralof Bay,Shumagin Islands,55.2293,-160.5623,55,102,NA,102,111
KDSP-28,2018,Aug,1,213,Baralof Bay,Shumagin Islands,55.2293,-160.5623,58,99,NA,99,114
KDSP-29,2018,Aug,1,213,Baralof Bay,Shumagin Islands,55.2293,-160.5623,44,92,NA,92,121
KDSP-862,2020,July,23,205,Baralof Bay,Shumagin Islands,55.2293,-160.5519,49,88,NA,88,117
KDSP-863,2020,July,23,205,Baralof Bay,Shumagin Islands,55.2293,-160.5519,46,86,NA,86,119
KDSP-866,2020,July,23,205,Baralof Bay,Shumagin Islands,55.2293,-160.5519,52,90,NA,90,115
KDSP-867,2020,July,23,205,Baralof Bay,Shumagin Islands,55.2293,-160.5519,44,69,NA,69,136
KDSP-869,2020,July,23,205,Baralof Bay,Shumagin Islands,55.2293,-160.5519,48,86,NA,86,119
KDSP-870,2020,July,23,205,Baralof Bay,Shumagin Islands,55.2293,-160.5519,52,95,NA,95,110
KDSP-872,2020,July,23,205,Baralof Bay,Shumagin Islands,55.2293,-160.5519,57,103,NA,103,102
KDSP-873,2020,July,23,205,Baralof Bay,Shumagin Islands,55.2293,-160.5519,62,113,NA,113,92
KDSP-875,2020,July,23,205,Baralof Bay,Shumagin Islands,55.2293,-160.5519,67,112,NA,112,93
KDSP-876,2020,July,23,205,Baralof Bay,Shumagin Islands,55.2293,-160.5519,44,84,NA,84,121
KDSP-877,2020,July,23,205,Baralof Bay,Shumagin Islands,55.2293,-160.5519,47,91,NA,91,114
KDSP-878,2020,July,23,205,Baralof Bay,Shumagin Islands,55.2293,-160.5519,47,93,NA,93,112
KDSP-879,2020,July,23,205,Baralof Bay,Shumagin Islands,55.2293,-160.5519,40,76,NA,76,129
KDSP-880,2020,July,23,205,Baralof Bay,Shumagin Islands,55.2293,-160.5519,47,78,NA,78,127
KDSP-882,2020,July,23,205,Baralof Bay,Shumagin Islands,55.2293,-160.5519,57,102,NA,102,103
KDSP-883,2020,July,23,205,Baralof Bay,Shumagin Islands,55.2293,-160.5519,61,107,NA,107,98
KDSP-884,2020,July,23,205,Baralof Bay,Shumagin Islands,55.2293,-160.5519,54,91,NA,91,114
KDSP-886,2020,July,23,205,Baralof Bay,Shumagin Islands,55.2293,-160.5519,41,86,NA,86,119
KDSP-1293,2021,July,15,196,Baralof Bay,Shumagin Islands,55.2295,-160.5645,37,65,NA,65,131
KDSP-1294,2021,July,15,196,Baralof Bay,Shumagin Islands,55.2295,-160.5645,45,81,NA,81,115
KDSP-1296,2021,July,15,196,Baralof Bay,Shumagin Islands,55.2295,-160.5645,39,68,NA,68,128
KDSP-1297,2021,July,15,196,Baralof Bay,Shumagin Islands,55.2295,-160.5645,35,59,NA,59,137
KDSP-1298,2021,July,15,196,Baralof Bay,Shumagin Islands,55.2303,-160.5486,43,69,NA,69,127
KDSP-1299,2021,July,15,196,Baralof Bay,Shumagin Islands,55.2303,-160.5486,41,71,NA,71,125
KDSP-1300,2021,July,15,196,Baralof Bay,Shumagin Islands,55.2303,-160.5486,44,74,NA,74,122
KDSP-1301,2021,July,15,196,Baralof Bay,Shumagin Islands,55.2303,-160.5486,36,69,NA,69,127
KDSP-1302,2021,July,15,196,Baralof Bay,Shumagin Islands,55.2303,-160.5486,40,64,NA,64,132
KDSP-1303,2021,July,15,196,Baralof Bay,Shumagin Islands,55.2303,-160.5486,39,69,NA,69,127
KDSP-1304,2021,July,15,196,Baralof Bay,Shumagin Islands,55.2303,-160.5486,35,68,NA,68,128
KDSP-1306,2021,July,15,196,Baralof Bay,Shumagin Islands,55.2303,-160.5486,38,68,NA,68,128
KDSP-1307,2021,July,15,196,Baralof Bay,Shumagin Islands,55.2303,-160.5486,36,63,NA,63,133
KDSP-1308,2021,July,15,196,Baralof Bay,Shumagin Islands,55.2303,-160.5486,35,67,NA,67,129
KDSP-1309,2021,July,15,196,Baralof Bay,Shumagin Islands,55.2303,-160.5486,38,73,NA,73,123
KDSP-1310,2021,July,15,196,Baralof Bay,Shumagin Islands,55.2303,-160.5486,33,66,NA,66,130
KDSP-1311,2021,July,15,196,Baralof Bay,Shumagin Islands,55.2303,-160.5486,40,75,NA,75,121
KDSP-1312,2021,July,15,196,Baralof Bay,Shumagin Islands,55.2303,-160.5486,43,69,NA,69,127
KDSP-1313,2021,July,15,196,Baralof Bay,Shumagin Islands,55.2303,-160.5486,47,81,NA,81,115
KDSP-1314,2021,July,15,196,Baralof Bay,Shumagin Islands,55.2303,-160.5486,35,56,NA,56,140
KDSP-1315,2021,July,15,196,Baralof Bay,Shumagin Islands,55.2303,-160.5486,36,71,NA,71,125
KDSP-1316,2021,July,15,196,Baralof Bay,Shumagin Islands,55.2303,-160.5486,45,75,NA,75,121
KDSP-1317,2021,July,15,196,Baralof Bay,Shumagin Islands,55.2303,-160.5486,44,70,NA,70,126
2011,2018,July,17,198,Cook Bay,Eastern Kodiak,57.76952,-152.27667,55,112,NA,112,86
2016,2018,July,17,198,Cook Bay,Eastern Kodiak,57.76952,-152.27667,62,134,NA,134,64
KDSP-1790,2023,June,29,180,Cook Bay,Eastern Kodiak,57.7689,-152.2752,40,75,NA,75,105
KDSP-1791,2023,June,29,180,Cook Bay,Eastern Kodiak,57.7689,-152.2752,43,87,NA,87,93
KDSP-1792,2023,June,29,180,Cook Bay,Eastern Kodiak,57.7689,-152.2752,41,78,NA,78,102
KDSP-1794,2023,June,29,180,Cook Bay,Eastern Kodiak,57.7689,-152.2752,42,68,NA,68,112
KDSP-1795,2023,June,29,180,Cook Bay,Eastern Kodiak,57.7689,-152.2752,41,78,NA,78,102
KDSP-1796,2023,June,29,180,Cook Bay,Eastern Kodiak,57.7689,-152.2752,43,81,NA,81,99
KDSP-1797,2023,June,29,180,Cook Bay,Eastern Kodiak,57.7689,-152.2752,42,80,NA,80,100
KDSP-1798,2023,June,29,180,Cook Bay,Eastern Kodiak,57.7689,-152.2752,39,78,NA,78,102
KDSP-1800,2023,June,29,180,Cook Bay,Eastern Kodiak,57.7689,-152.2752,39,78,NA,78,102
KDSP-1801,2023,June,29,180,Cook Bay,Eastern Kodiak,57.7689,-152.2752,42,80,NA,80,100
KDSP-1802,2023,June,29,180,Cook Bay,Eastern Kodiak,57.7689,-152.2752,43,90,NA,90,90
KDSP-1803,2023,June,29,180,Cook Bay,Eastern Kodiak,57.7689,-152.2752,37,76,NA,76,104
KDSP-1804,2023,June,29,180,Cook Bay,Eastern Kodiak,57.7689,-152.2752,42,80,NA,80,100
KDSP-1805,2023,June,29,180,Cook Bay,Eastern Kodiak,57.7689,-152.2752,38,74,NA,74,106
KDSP-1807,2023,June,29,180,Cook Bay,Eastern Kodiak,57.7689,-152.2752,45,83,NA,83,97
KDSP-1808,2023,June,29,180,Cook Bay,Eastern Kodiak,57.7689,-152.2752,43,78,NA,78,102
KDSP-1809,2023,June,29,180,Cook Bay,Eastern Kodiak,57.7689,-152.2752,37,79,NA,79,101
KDSP-1810,2023,June,29,180,Cook Bay,Eastern Kodiak,57.7689,-152.2752,40,79,NA,79,101
KDSP-1811,2023,June,29,180,Cook Bay,Eastern Kodiak,57.7689,-152.2752,43,84,NA,84,96
KDSP-1812,2023,June,29,180,Cook Bay,Eastern Kodiak,57.7689,-152.2752,45,81,NA,81,99
KDSP-1814,2023,June,29,180,Cook Bay,Eastern Kodiak,57.7689,-152.2752,42,81,NA,81,99
EFH18-19-247,2020,July,2,184,Cook Bay,Eastern Kodiak,57.7686,-152.2738,56,95,NA,95,89
EFH18-19-249,2020,July,2,184,Cook Bay,Eastern Kodiak,57.7686,-152.2738,61,101,NA,101,83
EFH18-19-250,2020,July,2,184,Cook Bay,Eastern Kodiak,57.7686,-152.2738,56,96,NA,96,88
EFH18-19-251,2020,July,2,184,Cook Bay,Eastern Kodiak,57.7686,-152.2738,56,92,NA,92,92
EFH18-19-252,2020,July,2,184,Cook Bay,Eastern Kodiak,57.7686,-152.2738,65,96,NA,96,88
EFH18-19-253,2020,July,2,184,Cook Bay,Eastern Kodiak,57.7686,-152.2738,50,88,NA,88,96
EFH18-19-254,2020,July,2,184,Cook Bay,Eastern Kodiak,57.7686,-152.2738,58,94,NA,94,90
EFH18-19-255,2020,July,2,184,Cook Bay,Eastern Kodiak,57.7686,-152.2738,57,87,NA,87,97
EFH18-19-256,2020,July,2,184,Cook Bay,Eastern Kodiak,57.7686,-152.2738,58,91,NA,91,93
EFH18-19-257,2020,July,2,184,Cook Bay,Eastern Kodiak,57.7686,-152.2738,60,100,NA,100,84
EFH18-19-258,2020,July,2,184,Cook Bay,Eastern Kodiak,57.7686,-152.2738,61,103,NA,103,81
EFH18-19-259,2020,July,2,184,Cook Bay,Eastern Kodiak,57.7686,-152.2738,61,94,NA,94,90
EFH18-19-260,2020,July,2,184,Cook Bay,Eastern Kodiak,57.7686,-152.2738,53,89,NA,89,95
EFH18-19-261,2020,July,2,184,Cook Bay,Eastern Kodiak,57.7686,-152.2738,55,93,NA,93,91
EFH18-19-263,2020,July,2,184,Cook Bay,Eastern Kodiak,57.7686,-152.2738,59,93,NA,93,91
EFH18-19-264,2020,July,2,184,Cook Bay,Eastern Kodiak,57.7686,-152.2738,62,95,NA,95,89
EFH18-19-265,2020,July,2,184,Cook Bay,Eastern Kodiak,57.7686,-152.2738,56,92,NA,92,92
EFH18-19-266,2020,July,2,184,Cook Bay,Eastern Kodiak,57.7686,-152.2738,59,97,NA,97,87
BL3541,2022,July,15,195,Cook Bay,Eastern Kodiak,57.77927,-152.26307,61,117,NA,117,78
BL3545,2022,July,15,195,Cook Bay,Eastern Kodiak,57.77927,-152.26307,49,91,NA,91,104
BL3549,2022,July,15,195,Cook Bay,Eastern Kodiak,57.77927,-152.26307,52,85,NA,85,110
BL3554,2022,July,15,195,Cook Bay,Eastern Kodiak,57.77927,-152.26307,66,110,NA,110,85
BL3555,2022,July,15,195,Cook Bay,Eastern Kodiak,57.77927,-152.26307,51,88,NA,88,107
BL3557,2022,July,15,195,Cook Bay,Eastern Kodiak,57.77462,-152.25735,42,83,NA,83,112
BL3558,2022,July,15,195,Cook Bay,Eastern Kodiak,57.77462,-152.25735,67,106,NA,106,89
BL3562,2022,July,15,195,Cook Bay,Eastern Kodiak,57.77462,-152.25735,71,133,NA,133,62
BL3565,2022,July,15,195,Cook Bay,Eastern Kodiak,57.77927,-152.26307,51,91,NA,91,104
BL3567,2022,July,15,195,Cook Bay,Eastern Kodiak,57.77927,-152.26307,50,91,NA,91,104
BL3570,2022,July,16,196,Cook Bay,Eastern Kodiak,57.782,-152.24778,56,85,NA,85,111
KDSP-172,2018,July,29,210,Falmouth Bay,Shumagin Islands,55.0669,-160.1267,54,111,NA,111,99
KDSP-173,2018,July,29,210,Falmouth Bay,Shumagin Islands,55.0669,-160.1267,50,106,NA,106,104
KDSP-174,2018,July,29,210,Falmouth Bay,Shumagin Islands,55.0669,-160.1267,43,95,NA,95,115
KDSP-175,2018,July,29,210,Falmouth Bay,Shumagin Islands,55.0669,-160.1267,40,103,NA,103,107
KDSP-177,2018,July,29,210,Falmouth Bay,Shumagin Islands,55.0669,-160.1267,42,98,NA,98,112
KDSP-183,2018,July,30,211,Falmouth Bay,Shumagin Islands,55.0694,-160.1137,50,107,NA,107,104
KDSP-184,2018,July,30,211,Falmouth Bay,Shumagin Islands,55.0694,-160.1137,53,106,NA,106,105
KDSP-185,2018,July,30,211,Falmouth Bay,Shumagin Islands,55.0694,-160.1137,40,95,NA,95,116
KDSP-186,2018,July,30,211,Falmouth Bay,Shumagin Islands,55.0694,-160.1137,45,105,NA,105,106
KDSP-196,2018,July,30,211,Falmouth Bay,Shumagin Islands,55.0694,-160.1137,92,155,NA,155,56
KDSP-198,2018,July,30,211,Falmouth Bay,Shumagin Islands,55.0684,-160.1125,85,145,NA,145,66
KDSP-199,2018,July,30,211,Falmouth Bay,Shumagin Islands,55.0684,-160.1125,66,116,NA,116,95
KDSP-201,2018,July,30,211,Falmouth Bay,Shumagin Islands,55.0684,-160.1125,42,96,NA,96,115
KDSP-202,2018,July,30,211,Falmouth Bay,Shumagin Islands,55.0684,-160.1125,40,93,NA,93,118
KDSP-75,2018,July,30,211,Falmouth Bay,Shumagin Islands,55.0694,-160.1137,83,126,NA,126,85
KDSP-76,2018,July,30,211,Falmouth Bay,Shumagin Islands,55.0694,-160.1137,65,119,NA,119,92
KDSP-77,2018,July,30,211,Falmouth Bay,Shumagin Islands,55.0694,-160.1137,91,163,NA,163,48
KDSP-78,2018,July,30,211,Falmouth Bay,Shumagin Islands,55.0694,-160.1137,53,100,NA,100,111
KDSP-79,2018,July,30,211,Falmouth Bay,Shumagin Islands,55.0694,-160.1137,55,107,NA,107,104
KDSP-80,2018,July,30,211,Falmouth Bay,Shumagin Islands,55.0669,-160.1267,72,132,NA,132,79
KDSP-81,2018,July,30,211,Falmouth Bay,Shumagin Islands,55.0669,-160.1267,77,114,NA,114,97
KDSP-83,2018,July,30,211,Falmouth Bay,Shumagin Islands,55.0669,-160.1267,56,111,NA,111,100
KDSP-84,2018,July,30,211,Falmouth Bay,Shumagin Islands,55.0669,-160.1267,53,97,NA,97,114
KDSP-559,2019,July,23,204,Falmouth Bay,Shumagin Islands,55.0686,-160.1126,36,67,NA,67,137
KDSP-560,2019,July,23,204,Falmouth Bay,Shumagin Islands,55.0686,-160.1126,61,106,NA,106,98
KDSP-561,2019,July,23,204,Falmouth Bay,Shumagin Islands,55.0686,-160.1126,62,107,NA,107,97
KDSP-562,2019,July,23,204,Falmouth Bay,Shumagin Islands,55.0686,-160.1126,58,101,NA,101,103
KDSP-563,2019,July,23,204,Falmouth Bay,Shumagin Islands,55.0686,-160.1126,66,102,NA,102,102
KDSP-937,2020,July,19,201,Falmouth Bay,Shumagin Islands,55.0685,-160.1126,52,99,NA,99,102
KDSP-938,2020,July,19,201,Falmouth Bay,Shumagin Islands,55.0685,-160.1126,45,90,NA,90,111
KDSP-939,2020,July,19,201,Falmouth Bay,Shumagin Islands,55.0685,-160.1126,38,70,NA,70,131
KDSP-941,2020,July,19,201,Falmouth Bay,Shumagin Islands,55.0685,-160.1126,44,82,NA,82,119
KDSP-942,2020,July,19,201,Falmouth Bay,Shumagin Islands,55.0689,-160.1296,50,92,NA,92,109
KDSP-943,2020,July,19,201,Falmouth Bay,Shumagin Islands,55.0689,-160.1296,48,84,NA,84,117
KDSP-944,2020,July,19,201,Falmouth Bay,Shumagin Islands,55.0689,-160.1296,44,92,NA,92,109
KDSP-946,2020,July,19,201,Falmouth Bay,Shumagin Islands,55.0689,-160.1296,50,94,NA,94,107
KDSP-947,2020,July,19,201,Falmouth Bay,Shumagin Islands,55.0689,-160.1296,51,98,NA,98,103
KDSP-948,2020,July,19,201,Falmouth Bay,Shumagin Islands,55.0689,-160.1296,50,87,NA,87,114
KDSP-949,2020,July,19,201,Falmouth Bay,Shumagin Islands,55.0689,-160.1296,46,90,NA,90,111
KDSP-950,2020,July,19,201,Falmouth Bay,Shumagin Islands,55.0689,-160.1296,52,86,NA,86,115
KDSP-951,2020,July,19,201,Falmouth Bay,Shumagin Islands,55.0689,-160.1296,45,91,NA,91,110
KDSP-952,2020,July,19,201,Falmouth Bay,Shumagin Islands,55.0689,-160.1296,48,85,NA,85,116
KDSP-953,2020,July,19,201,Falmouth Bay,Shumagin Islands,55.0689,-160.1296,47,83,NA,83,118
KDSP-954,2020,July,19,201,Falmouth Bay,Shumagin Islands,55.0689,-160.1296,48,88,NA,88,113
KDSP-955,2020,July,19,201,Falmouth Bay,Shumagin Islands,55.0689,-160.1296,50,85,NA,85,116
KDSP-956,2020,July,19,201,Falmouth Bay,Shumagin Islands,55.0689,-160.1296,44,81,NA,81,120
KDSP-957,2020,July,19,201,Falmouth Bay,Shumagin Islands,55.0689,-160.1296,39,71,NA,71,130
KDSP-959,2020,July,19,201,Falmouth Bay,Shumagin Islands,55.0689,-160.1296,44,84,NA,84,117
KDSP-960,2020,July,19,201,Falmouth Bay,Shumagin Islands,55.0689,-160.1296,45,81,NA,81,120
KDSP-1261,2021,July,17,198,Falmouth Bay,Shumagin Islands,55.0689,-160.1297,42,69,NA,69,129
KDSP-1262,2021,July,17,198,Falmouth Bay,Shumagin Islands,55.0689,-160.1297,40,71,NA,71,127
KDSP-1263,2021,July,17,198,Falmouth Bay,Shumagin Islands,55.0689,-160.1297,41,70,NA,70,128
KDSP-1264,2021,July,17,198,Falmouth Bay,Shumagin Islands,55.0689,-160.1297,35,61,NA,61,137
KDSP-1265,2021,July,17,198,Falmouth Bay,Shumagin Islands,55.0689,-160.1297,38,69,NA,69,129
KDSP-1267,2021,July,17,198,Falmouth Bay,Shumagin Islands,55.0668,-160.1269,33,64,NA,64,134
KDSP-1548.2,2022,July,14,195,Falmouth Bay,Shumagin Islands,55.0685,-160.1127,53,100,NA,100,95
KDSP-1551.2,2022,July,14,195,Falmouth Bay,Shumagin Islands,55.0685,-160.1127,53,101,NA,101,94
KDSP-1552.2,2022,July,14,195,Falmouth Bay,Shumagin Islands,55.0685,-160.1127,46,93,NA,93,102
KDSP-1553.2,2022,July,14,195,Falmouth Bay,Shumagin Islands,55.0685,-160.1127,47,82,NA,82,113
KDSP-1554.2,2022,July,14,195,Falmouth Bay,Shumagin Islands,55.0685,-160.1127,58,94,NA,94,101
KDSP-1555.2,2022,July,14,195,Falmouth Bay,Shumagin Islands,55.0685,-160.1127,52,97,NA,97,98
KDSP-1556.2,2022,July,14,195,Falmouth Bay,Shumagin Islands,55.0685,-160.1127,46,88,NA,88,107
KDSP-1557.2,2022,July,14,195,Falmouth Bay,Shumagin Islands,55.0685,-160.1127,42,78,NA,78,117
KDSP-1559.2,2022,July,14,195,Falmouth Bay,Shumagin Islands,55.0685,-160.1127,52,95,NA,95,100
KDSP-1560.2,2022,July,14,195,Falmouth Bay,Shumagin Islands,55.0685,-160.1127,49,82,NA,82,113
KDSP-1561.2,2022,July,14,195,Falmouth Bay,Shumagin Islands,55.0685,-160.1127,47,83,NA,83,112
KDSP-1563.2,2022,July,14,195,Falmouth Bay,Shumagin Islands,55.0685,-160.1127,51,91,NA,91,104
KDSP-1565.2,2022,July,14,195,Falmouth Bay,Shumagin Islands,55.0685,-160.1127,47,86,NA,86,109
KDSP-1566.2,2022,July,14,195,Falmouth Bay,Shumagin Islands,55.0685,-160.1127,42,86,NA,86,109
KDSP-1567.2,2022,July,14,195,Falmouth Bay,Shumagin Islands,55.0685,-160.1127,45,88,NA,88,107
KDSP-1568.2,2022,July,14,195,Falmouth Bay,Shumagin Islands,55.0685,-160.1127,45,92,NA,92,103
KDSP-1569.2,2022,July,14,195,Falmouth Bay,Shumagin Islands,55.0685,-160.1127,53,93,NA,93,102
KDSP-1571.2,2022,July,14,195,Falmouth Bay,Shumagin Islands,55.0685,-160.1127,49,84,NA,84,111
KDSP-1573.2,2022,July,14,195,Falmouth Bay,Shumagin Islands,55.0685,-160.1127,37,80,NA,80,115
KDSP-1574.2,2022,July,14,195,Falmouth Bay,Shumagin Islands,55.0685,-160.1127,34,67,NA,67,128
KDSP-1575.2,2022,July,14,195,Falmouth Bay,Shumagin Islands,55.0685,-160.1127,34,70,NA,70,125
KDSP-1576.2,2022,July,14,195,Falmouth Bay,Shumagin Islands,55.0685,-160.1127,37,74,NA,74,121
KDSP-1577.2,2022,July,14,195,Falmouth Bay,Shumagin Islands,55.0685,-160.1127,41,80,NA,80,115
KDSP-1998.2,2023,July,19,200,Falmouth Bay,Shumagin Islands,55.0695,-160.114,71,110,NA,110,90
KDSP-1999.2,2023,July,19,200,Falmouth Bay,Shumagin Islands,55.0695,-160.114,72,105,NA,105,95
KDSP-2000.2,2023,July,19,200,Falmouth Bay,Shumagin Islands,55.0695,-160.114,68,113,NA,113,87
KDSP-2001.2,2023,July,19,200,Falmouth Bay,Shumagin Islands,55.0695,-160.114,69,119,NA,119,81
KDSP-2002.2,2023,July,19,200,Falmouth Bay,Shumagin Islands,55.0695,-160.114,63,100,NA,100,100
KDSP-2003.2,2023,July,19,200,Falmouth Bay,Shumagin Islands,55.0695,-160.114,67,94,NA,94,106
KDSP-2005.2,2023,July,19,200,Falmouth Bay,Shumagin Islands,55.0695,-160.114,65,104,NA,104,96
KDSP-2006.2,2023,July,19,200,Falmouth Bay,Shumagin Islands,55.0695,-160.114,66,109,NA,109,91
KDSP-2007.2,2023,July,19,200,Falmouth Bay,Shumagin Islands,55.0695,-160.114,65,101,NA,101,99
KDSP-2009.2,2023,July,19,200,Falmouth Bay,Shumagin Islands,55.0695,-160.114,68,115,NA,115,85
KDSP-2010.2,2023,July,19,200,Falmouth Bay,Shumagin Islands,55.0695,-160.114,62,108,NA,108,92
KDSP-2011.2,2023,July,19,200,Falmouth Bay,Shumagin Islands,55.0695,-160.114,64,110,NA,110,90
KDSP-2012.2,2023,July,19,200,Falmouth Bay,Shumagin Islands,55.0695,-160.114,68,103,NA,103,97
KDSP-2013.2,2023,July,19,200,Falmouth Bay,Shumagin Islands,55.0695,-160.114,64,104,NA,104,96
KDSP-2014.2,2023,July,19,200,Falmouth Bay,Shumagin Islands,55.0695,-160.114,68,108,NA,108,92
KDSP-2015.2,2023,July,19,200,Falmouth Bay,Shumagin Islands,55.0695,-160.114,65,106,NA,106,94
KDSP-2017.2,2023,July,19,200,Falmouth Bay,Shumagin Islands,55.0695,-160.114,68,108,NA,108,92
KDSP-2018.2,2023,July,19,200,Falmouth Bay,Shumagin Islands,55.0695,-160.114,71,121,NA,121,79
KDSP-2019.2,2023,July,19,200,Falmouth Bay,Shumagin Islands,55.0695,-160.114,63,114,NA,114,86
KDSP-2021.2,2023,July,19,200,Falmouth Bay,Shumagin Islands,55.0695,-160.114,60,112,NA,112,88
KDSP-2022.2,2023,July,19,200,Falmouth Bay,Shumagin Islands,55.0695,-160.114,61,103,NA,103,97
KDSP-492,2018,July,9,190,Kaiugnak Bay,Kaiugnak Bay,57.057,-153.7047,62,126,NA,126,64
KDSP-497,2018,July,9,190,Kaiugnak Bay,Kaiugnak Bay,57.057,-153.7047,42,86,NA,86,104
KDSP-499,2018,July,9,190,Kaiugnak Bay,Kaiugnak Bay,57.0708,-153.6749,63,112,NA,112,78
KDSP-500,2018,July,9,190,Kaiugnak Bay,Kaiugnak Bay,57.0708,-153.6749,64,114,NA,114,76
KDSP-501,2018,July,9,190,Kaiugnak Bay,Kaiugnak Bay,57.0708,-153.6749,60,103,NA,103,87
KDSP-504,2018,July,9,190,Kaiugnak Bay,Kaiugnak Bay,57.0708,-153.6749,49,102,NA,102,88
KDSP-505,2018,July,9,190,Kaiugnak Bay,Kaiugnak Bay,57.0708,-153.6749,55,107,NA,107,83
KDSP-507,2018,July,9,190,Kaiugnak Bay,Kaiugnak Bay,57.0708,-153.6749,48,84,NA,84,106
KDSP-511,2018,July,9,190,Kaiugnak Bay,Kaiugnak Bay,57.0708,-153.6749,55,89,NA,89,101
KDSP-512,2018,July,9,190,Kaiugnak Bay,Kaiugnak Bay,57.0708,-153.6749,55,110,NA,110,80
KDSP-514,2018,July,9,190,Kaiugnak Bay,Kaiugnak Bay,57.0708,-153.6749,55,109,NA,109,81
KDSP-433.2,2019,Aug,7,219,Kaiugnak Bay,Kaiugnak Bay,57.0535,-153.6528,65,108,NA,108,111
KDSP-438.2,2019,Aug,7,219,Kaiugnak Bay,Kaiugnak Bay,57.0535,-153.6528,77,133,NA,133,86
KDSP-439.2,2019,Aug,7,219,Kaiugnak Bay,Kaiugnak Bay,57.0535,-153.6528,74,109,NA,109,110
KDSP-441.2,2019,Aug,7,219,Kaiugnak Bay,Kaiugnak Bay,57.0535,-153.6528,61,95,NA,95,124
KDSP-442.2,2019,Aug,7,219,Kaiugnak Bay,Kaiugnak Bay,57.0535,-153.6528,80,119,NA,119,100
KDSP-443.2,2019,Aug,7,219,Kaiugnak Bay,Kaiugnak Bay,57.0535,-153.6528,73,117,NA,117,102
KDSP-444.2,2019,Aug,7,219,Kaiugnak Bay,Kaiugnak Bay,57.0535,-153.6528,76,123,NA,123,96
KDSP-446.2,2019,Aug,7,219,Kaiugnak Bay,Kaiugnak Bay,57.0535,-153.6528,64,115,NA,115,104
KDSP-449.2,2019,Aug,7,219,Kaiugnak Bay,Kaiugnak Bay,57.0535,-153.6528,75,110,NA,110,109
KDSP-456.2,2019,Aug,7,219,Kaiugnak Bay,Kaiugnak Bay,57.0535,-153.6528,67,117,NA,117,102
KDSP-457.2,2019,Aug,7,219,Kaiugnak Bay,Kaiugnak Bay,57.0535,-153.6528,62,103,NA,103,116
KDSP-462.2,2019,Aug,7,219,Kaiugnak Bay,Kaiugnak Bay,57.0571,-153.7032,84,133,NA,133,86
KDSP-463.2,2019,Aug,7,219,Kaiugnak Bay,Kaiugnak Bay,57.0571,-153.7032,79,144,NA,144,75
KDSP-464.2,2019,Aug,7,219,Kaiugnak Bay,Kaiugnak Bay,57.0571,-153.7032,80,124,NA,124,95
KDSP-465.2,2019,Aug,7,219,Kaiugnak Bay,Kaiugnak Bay,57.0571,-153.7032,76,120,NA,120,99
KDSP-467.2,2019,Aug,7,219,Kaiugnak Bay,Kaiugnak Bay,57.0571,-153.7032,81,119,NA,119,100
KDSP-470.2,2019,Aug,7,219,Kaiugnak Bay,Kaiugnak Bay,57.0571,-153.7032,61,94,NA,94,125
KDSP-478.2,2019,Aug,7,219,Kaiugnak Bay,Kaiugnak Bay,57.0571,-153.7032,75,124,NA,124,95
KDSP-479.2,2019,Aug,7,219,Kaiugnak Bay,Kaiugnak Bay,57.0571,-153.7032,89,140,NA,140,79
KDSP-480.2,2019,Aug,7,219,Kaiugnak Bay,Kaiugnak Bay,57.0571,-153.7032,85,141,NA,141,78
KDSP-481.2,2019,Aug,7,219,Kaiugnak Bay,Kaiugnak Bay,57.0571,-153.7032,79,133,NA,133,86
KDSP-482.2,2019,Aug,7,219,Kaiugnak Bay,Kaiugnak Bay,57.0571,-153.7032,63,115,NA,115,104
KDSP-789,2020,Aug,1,214,Kaiugnak Bay,Kaiugnak Bay,57.0607,-153.7055,75,129,NA,129,85
KDSP-790,2020,Aug,1,214,Kaiugnak Bay,Kaiugnak Bay,57.0607,-153.7055,81,125,NA,125,89
KDSP-793,2020,Aug,1,214,Kaiugnak Bay,Kaiugnak Bay,57.0607,-153.7055,74,121,NA,121,93
KDSP-795,2020,Aug,1,214,Kaiugnak Bay,Kaiugnak Bay,57.0572,-153.703,69,125,NA,125,89
KDSP-796,2020,Aug,1,214,Kaiugnak Bay,Kaiugnak Bay,57.0572,-153.703,70,130,NA,130,84
KDSP-797,2020,Aug,1,214,Kaiugnak Bay,Kaiugnak Bay,57.0572,-153.703,79,122,NA,122,92
KDSP-798,2020,Aug,1,214,Kaiugnak Bay,Kaiugnak Bay,57.0572,-153.703,67,108,NA,108,106
KDSP-799,2020,Aug,1,214,Kaiugnak Bay,Kaiugnak Bay,57.0572,-153.703,85,132,NA,132,82
KDSP-800,2020,Aug,1,214,Kaiugnak Bay,Kaiugnak Bay,57.0572,-153.703,75,129,NA,129,85
KDSP-801,2020,Aug,1,214,Kaiugnak Bay,Kaiugnak Bay,57.0572,-153.703,75,118,NA,118,96
KDSP-803,2020,Aug,1,214,Kaiugnak Bay,Kaiugnak Bay,57.0572,-153.703,75,110,NA,110,104
KDSP-804,2020,Aug,1,214,Kaiugnak Bay,Kaiugnak Bay,57.0572,-153.703,52,95,NA,95,119
KDSP-805,2020,Aug,1,214,Kaiugnak Bay,Kaiugnak Bay,57.0572,-153.703,79,124,NA,124,90
KDSP-806,2020,Aug,1,214,Kaiugnak Bay,Kaiugnak Bay,57.0572,-153.703,86,142,NA,142,72
KDSP-807,2020,Aug,1,214,Kaiugnak Bay,Kaiugnak Bay,57.0572,-153.703,81,144,NA,144,70
KDSP-808,2020,Aug,1,214,Kaiugnak Bay,Kaiugnak Bay,57.0572,-153.703,81,144,NA,144,70
KDSP-809,2020,Aug,1,214,Kaiugnak Bay,Kaiugnak Bay,57.0572,-153.703,72,112,NA,112,102
KDSP-810,2020,Aug,1,214,Kaiugnak Bay,Kaiugnak Bay,57.0572,-153.703,71,128,NA,128,86
KDSP-811,2020,Aug,1,214,Kaiugnak Bay,Kaiugnak Bay,57.0572,-153.703,65,119,NA,119,95
KDSP-1099,2021,Aug,4,216,Kaiugnak Bay,Kaiugnak Bay,57.0573,-153.6351,78,120,NA,120,96
KDSP-1100,2021,Aug,4,216,Kaiugnak Bay,Kaiugnak Bay,57.0573,-153.6351,77,109,NA,109,107
KDSP-1101,2021,Aug,4,216,Kaiugnak Bay,Kaiugnak Bay,57.0573,-153.6351,59,103,NA,103,113
KDSP-1103,2021,Aug,4,216,Kaiugnak Bay,Kaiugnak Bay,57.0535,-153.6533,89,139,NA,139,77
KDSP-1105,2021,Aug,4,216,Kaiugnak Bay,Kaiugnak Bay,57.0535,-153.6533,75,105,NA,105,111
KDSP-1106,2021,Aug,4,216,Kaiugnak Bay,Kaiugnak Bay,57.0535,-153.6533,58,99,NA,99,117
KDSP-1107,2021,Aug,4,216,Kaiugnak Bay,Kaiugnak Bay,57.0535,-153.6533,82,134,NA,134,82
KDSP-1108,2021,Aug,4,216,Kaiugnak Bay,Kaiugnak Bay,57.0535,-153.6533,55,81,NA,81,135
KDSP-1109,2021,Aug,4,216,Kaiugnak Bay,Kaiugnak Bay,57.0535,-153.6533,62,96,NA,96,120
KDSP-1111,2021,Aug,4,216,Kaiugnak Bay,Kaiugnak Bay,57.0535,-153.6533,70,119,NA,119,97
KDSP-1112,2021,Aug,4,216,Kaiugnak Bay,Kaiugnak Bay,57.0535,-153.6533,57,87,NA,87,129
KDSP-1114,2021,Aug,4,216,Kaiugnak Bay,Kaiugnak Bay,57.0535,-153.6533,67,98,NA,98,118
KDSP-1115,2021,Aug,4,216,Kaiugnak Bay,Kaiugnak Bay,57.0535,-153.6533,71,114,NA,114,102
KDSP-1116,2021,Aug,4,216,Kaiugnak Bay,Kaiugnak Bay,57.0535,-153.6533,60,96,NA,96,120
KDSP-1117,2021,Aug,4,216,Kaiugnak Bay,Kaiugnak Bay,57.0535,-153.6533,61,112,NA,112,104
KDSP-1118,2021,Aug,4,216,Kaiugnak Bay,Kaiugnak Bay,57.0535,-153.6533,61,98,NA,98,118
KDSP-1119,2021,Aug,4,216,Kaiugnak Bay,Kaiugnak Bay,57.0535,-153.6533,67,118,NA,118,98
KDSP-1120,2021,Aug,4,216,Kaiugnak Bay,Kaiugnak Bay,57.0535,-153.6533,71,129,NA,129,87
KDSP-1123,2021,Aug,4,216,Kaiugnak Bay,Kaiugnak Bay,57.0535,-153.6533,79,128,NA,128,88
KDSP-1683.2,2022,July,29,210,Kaiugnak Bay,Kaiugnak Bay,57.0536,-153.6529,85,116,NA,116,94
KDSP-1685.2,2022,July,29,210,Kaiugnak Bay,Kaiugnak Bay,57.0536,-153.6529,83,130,NA,130,80
KDSP-1686.2,2022,July,29,210,Kaiugnak Bay,Kaiugnak Bay,57.0536,-153.6529,71,106,NA,106,104
KDSP-1687.2,2022,July,29,210,Kaiugnak Bay,Kaiugnak Bay,57.0536,-153.6529,76,111,NA,111,99
KDSP-1688.2,2022,July,29,210,Kaiugnak Bay,Kaiugnak Bay,57.0536,-153.6529,76,127,NA,127,83
KDSP-1690.2,2022,July,29,210,Kaiugnak Bay,Kaiugnak Bay,57.0536,-153.6529,76,124,NA,124,86
KDSP-1691.2,2022,July,29,210,Kaiugnak Bay,Kaiugnak Bay,57.0536,-153.6529,74,132,NA,132,78
KDSP-1692.2,2022,July,29,210,Kaiugnak Bay,Kaiugnak Bay,57.0536,-153.6529,75,119,NA,119,91
KDSP-1693.2,2022,July,29,210,Kaiugnak Bay,Kaiugnak Bay,57.0536,-153.6529,76,123,NA,123,87
KDSP-1695.2,2022,July,29,210,Kaiugnak Bay,Kaiugnak Bay,57.0536,-153.6529,72,117,NA,117,93
KDSP-1697.2,2022,July,29,210,Kaiugnak Bay,Kaiugnak Bay,57.0536,-153.6529,74,113,NA,113,97
KDSP-1706.2,2022,July,29,210,Kaiugnak Bay,Kaiugnak Bay,57.0536,-153.6529,73,132,NA,132,78
KDSP-1707.2,2022,July,29,210,Kaiugnak Bay,Kaiugnak Bay,57.0536,-153.6529,70,103,NA,103,107
KDSP-1708.2,2022,July,29,210,Kaiugnak Bay,Kaiugnak Bay,57.0536,-153.6529,59,101,NA,101,109
KDSP-1709.2,2022,July,29,210,Kaiugnak Bay,Kaiugnak Bay,57.0536,-153.6529,52,94,NA,94,116
KDSP-1711.2,2022,July,29,210,Kaiugnak Bay,Kaiugnak Bay,57.0536,-153.6529,56,87,NA,87,123
KDSP-1713.2,2022,July,29,210,Kaiugnak Bay,Kaiugnak Bay,57.0536,-153.6529,55,89,NA,89,121
KDSP-1714.2,2022,July,29,210,Kaiugnak Bay,Kaiugnak Bay,57.0536,-153.6529,54,97,NA,97,113
KDSP-1715.2,2022,July,29,210,Kaiugnak Bay,Kaiugnak Bay,57.0536,-153.6529,59,90,NA,90,120
KDSP-1716.2,2022,July,29,210,Kaiugnak Bay,Kaiugnak Bay,57.0536,-153.6529,57,109,NA,109,101
KDSP-1717.2,2022,July,29,210,Kaiugnak Bay,Kaiugnak Bay,57.0536,-153.6529,57,102,NA,102,108
KDSP-1723.2,2022,July,29,210,Kaiugnak Bay,Kaiugnak Bay,57.0536,-153.6529,50,92,NA,92,118
KDSP-1726.2,2022,July,29,210,Kaiugnak Bay,Kaiugnak Bay,57.0536,-153.6529,53,100,NA,100,110
KDSP-1823.2,2023,July,3,184,Kaiugnak Bay,Kaiugnak Bay,57.0558,-153.6505,39,82,NA,82,102
KDSP-1824.2,2023,July,3,184,Kaiugnak Bay,Kaiugnak Bay,57.0558,-153.6505,45,81,NA,81,103
KDSP-1825.2,2023,July,3,184,Kaiugnak Bay,Kaiugnak Bay,57.0558,-153.6505,50,85,NA,85,99
KDSP-1826.2,2023,July,3,184,Kaiugnak Bay,Kaiugnak Bay,57.0558,-153.6505,42,71,NA,71,113
KDSP-1827.2,2023,July,3,184,Kaiugnak Bay,Kaiugnak Bay,57.0558,-153.6505,32,65,NA,65,119
KDSP-1828.2,2023,July,3,184,Kaiugnak Bay,Kaiugnak Bay,57.0558,-153.6505,42,84,NA,84,100
KDSP-1829.2,2023,July,3,184,Kaiugnak Bay,Kaiugnak Bay,57.0558,-153.6505,41,88,NA,88,96
KDSP-1830.2,2023,July,3,184,Kaiugnak Bay,Kaiugnak Bay,57.0536,-153.6529,43,80,NA,80,104
KDSP-1831.2,2023,July,3,184,Kaiugnak Bay,Kaiugnak Bay,57.0536,-153.6529,45,85,NA,85,99
KDSP-1832.2,2023,July,3,184,Kaiugnak Bay,Kaiugnak Bay,57.0607,-153.7889,41,76,NA,76,108
KDSP-1833.2,2023,July,3,184,Kaiugnak Bay,Kaiugnak Bay,57.0607,-153.7889,40,76,NA,76,108
KDSP-1834.2,2023,July,3,184,Kaiugnak Bay,Kaiugnak Bay,57.0607,-153.7889,45,85,NA,85,99
KDSP-1835.2,2023,July,3,184,Kaiugnak Bay,Kaiugnak Bay,57.0607,-153.7889,46,87,NA,87,97
KDSP-1836.2,2023,July,3,184,Kaiugnak Bay,Kaiugnak Bay,57.0607,-153.7889,44,69,NA,69,115
KDSP-1837.2,2023,July,3,184,Kaiugnak Bay,Kaiugnak Bay,57.0607,-153.7889,49,90,NA,90,94
KDSP-1838.2,2023,July,3,184,Kaiugnak Bay,Kaiugnak Bay,57.0607,-153.7889,44,79,NA,79,105
KDSP-1839.2,2023,July,3,184,Kaiugnak Bay,Kaiugnak Bay,57.0607,-153.7889,45,87,NA,87,97
KDSP-1840.2,2023,July,3,184,Kaiugnak Bay,Kaiugnak Bay,57.0607,-153.7889,32,69,NA,69,115
KDSP-1841.2,2023,July,3,184,Kaiugnak Bay,Kaiugnak Bay,57.0708,-153.6747,44,90,NA,90,94
KDSP-1842.2,2023,July,3,184,Kaiugnak Bay,Kaiugnak Bay,57.0708,-153.6747,40,79,NA,79,105
KDSP-1843.2,2023,July,3,184,Kaiugnak Bay,Kaiugnak Bay,57.0708,-153.6747,50,96,NA,96,88
KDSP-1844.2,2023,July,3,184,Kaiugnak Bay,Kaiugnak Bay,57.0708,-153.6747,46,91,NA,91,93
KDSP-1845.2,2023,July,3,184,Kaiugnak Bay,Kaiugnak Bay,57.0708,-153.6747,51,106,NA,106,78
KDSP-1846.2,2023,July,3,184,Kaiugnak Bay,Kaiugnak Bay,57.0708,-153.6747,41,83,NA,83,101
KDSP-1847.2,2023,July,3,184,Kaiugnak Bay,Kaiugnak Bay,57.0572,-153.6348,39,72,NA,72,112
KDSP-493,2018,July,9,190,Kaiugnak Bay,Kaiugnak Bay,57.057,-153.7047,71,119,NA,119,71
KDSP-495,2018,July,9,190,Kaiugnak Bay,Kaiugnak Bay,57.057,-153.7047,53,90,NA,90,100
KDSP-515,2018,July,9,190,Kaiugnak Bay,Kaiugnak Bay,57.0708,-153.6749,52,83,NA,83,107
KDSP-516,2018,July,9,190,Kaiugnak Bay,Kaiugnak Bay,57.0708,-153.6749,53,83,NA,83,107
KDSP-170,2018,July,26,207,Sand Point,Shumagin Islands,55.3204,-160.5207,65,117,NA,117,90
KDSP-187,2018,July,26,207,Sand Point,Shumagin Islands,55.2535,-160.5241,69,114,NA,114,93
KDSP-189,2018,July,26,207,Sand Point,Shumagin Islands,55.2535,-160.5241,60,112,NA,112,95
KDSP-190,2018,July,26,207,Sand Point,Shumagin Islands,55.2535,-160.5241,55,109,NA,109,98
KDSP-191,2018,July,26,207,Sand Point,Shumagin Islands,55.2535,-160.5241,54,97,NA,97,110
KDSP-192,2018,July,26,207,Sand Point,Shumagin Islands,55.2535,-160.5241,50,99,NA,99,108
KDSP-193,2018,July,26,207,Sand Point,Shumagin Islands,55.2535,-160.5241,50,99,NA,99,108
KDSP-195,2018,July,26,207,Sand Point,Shumagin Islands,55.2535,-160.5241,53,95,NA,95,112
KDSP-205,2018,July,26,207,Sand Point,Shumagin Islands,55.3204,-160.5207,85,142,NA,142,65
KDSP-206,2018,July,26,207,Sand Point,Shumagin Islands,55.3204,-160.5207,65,121,NA,121,86
KDSP-207,2018,July,26,207,Sand Point,Shumagin Islands,55.3204,-160.5207,62,102,NA,102,105
KDSP-45,2018,July,26,207,Sand Point,Shumagin Islands,55.3204,-160.5207,69,117,NA,117,90
KDSP-47,2018,July,26,207,Sand Point,Shumagin Islands,55.3204,-160.5207,60,111,NA,111,96
KDSP-48,2018,July,26,207,Sand Point,Shumagin Islands,55.3204,-160.5207,59,109,NA,109,98
KDSP-49,2018,July,26,207,Sand Point,Shumagin Islands,55.3204,-160.5207,61,99,NA,99,108
KDSP-50,2018,July,26,207,Sand Point,Shumagin Islands,55.2535,-160.5241,78,127,NA,127,80
KDSP-52,2018,July,26,207,Sand Point,Shumagin Islands,55.2535,-160.5241,62,98,NA,98,109
KDSP-54,2018,July,26,207,Sand Point,Shumagin Islands,55.2535,-160.5241,45,87,NA,87,120
KDSP-550,2019,July,21,202,Sand Point,Shumagin Islands,55.3201,-160.5241,63,109,NA,109,93
KDSP-551,2019,July,21,202,Sand Point,Shumagin Islands,55.3201,-160.5241,62,102,NA,102,100
KDSP-552,2019,July,21,202,Sand Point,Shumagin Islands,55.3201,-160.5241,63,112,NA,112,90
KDSP-554,2019,July,21,202,Sand Point,Shumagin Islands,55.3204,-160.5202,53,95,NA,95,107
KDSP-556,2019,July,21,202,Sand Point,Shumagin Islands,55.3201,-160.5241,47,85,NA,85,117
KDSP-557,2019,July,21,202,Sand Point,Shumagin Islands,55.3201,-160.5241,53,92,NA,92,110
KDSP-887,2020,July,20,202,Sand Point,Shumagin Islands,55.3202,-160.5241,43,78,NA,78,124
KDSP-888,2020,July,20,202,Sand Point,Shumagin Islands,55.3202,-160.5241,59,95,NA,95,107
KDSP-889,2020,July,20,202,Sand Point,Shumagin Islands,55.3202,-160.5241,52,89,NA,89,113
KDSP-890,2020,July,20,202,Sand Point,Shumagin Islands,55.3202,-160.5241,56,93,NA,93,109
KDSP-891,2020,July,20,202,Sand Point,Shumagin Islands,55.3202,-160.5241,51,78,NA,78,124
KDSP-892,2020,July,20,202,Sand Point,Shumagin Islands,55.3202,-160.5241,49,92,NA,92,110
KDSP-893,2020,July,20,202,Sand Point,Shumagin Islands,55.3202,-160.5241,45,87,NA,87,115
KDSP-894,2020,July,20,202,Sand Point,Shumagin Islands,55.3202,-160.5241,50,89,NA,89,113
KDSP-895,2020,July,20,202,Sand Point,Shumagin Islands,55.3202,-160.5241,43,75,NA,75,127
KDSP-896,2020,July,20,202,Sand Point,Shumagin Islands,55.3202,-160.5241,45,85,NA,85,117
KDSP-897,2020,July,20,202,Sand Point,Shumagin Islands,55.3202,-160.5241,40,72,NA,72,130
KDSP-898,2020,July,20,202,Sand Point,Shumagin Islands,55.3204,-160.5204,53,98,NA,98,104
KDSP-899,2020,July,20,202,Sand Point,Shumagin Islands,55.3204,-160.5204,50,80,NA,80,122
KDSP-902,2020,July,20,202,Sand Point,Shumagin Islands,55.3204,-160.5204,53,84,NA,84,118
KDSP-904,2020,July,20,202,Sand Point,Shumagin Islands,55.3204,-160.5204,45,76,NA,76,126
KDSP-906,2020,July,20,202,Sand Point,Shumagin Islands,55.3204,-160.5204,61,102,NA,102,100
KDSP-907,2020,July,20,202,Sand Point,Shumagin Islands,55.3204,-160.5204,54,92,NA,92,110
KDSP-908,2020,July,20,202,Sand Point,Shumagin Islands,55.3204,-160.5204,54,96,NA,96,106
KDSP-909,2020,July,20,202,Sand Point,Shumagin Islands,55.3204,-160.5204,49,76,NA,76,126
KDSP-910,2020,July,20,202,Sand Point,Shumagin Islands,55.3204,-160.5204,39,78,NA,78,124
KDSP-911,2020,July,20,202,Sand Point,Shumagin Islands,55.3204,-160.5204,63,104,NA,104,98
KDSP-1178,2021,July,21,202,Sand Point,Shumagin Islands,55.3204,-160.5202,54,91,NA,91,111
KDSP-1179,2021,July,21,202,Sand Point,Shumagin Islands,55.3204,-160.5202,41,70,NA,70,132
KDSP-1180,2021,July,21,202,Sand Point,Shumagin Islands,55.3204,-160.5202,47,83,NA,83,119
KDSP-1182,2021,July,21,202,Sand Point,Shumagin Islands,55.3204,-160.5202,50,83,NA,83,119
KDSP-1183,2021,July,21,202,Sand Point,Shumagin Islands,55.3204,-160.5202,47,68,NA,68,134
KDSP-1184,2021,July,21,202,Sand Point,Shumagin Islands,55.3204,-160.5202,36,61,NA,61,141
KDSP-1185,2021,July,21,202,Sand Point,Shumagin Islands,55.3204,-160.5202,38,69,NA,69,133
KDSP-1186,2021,July,21,202,Sand Point,Shumagin Islands,55.3204,-160.5202,43,78,NA,78,124
KDSP-1187,2021,July,21,202,Sand Point,Shumagin Islands,55.3204,-160.5202,42,70,NA,70,132
KDSP-1188,2021,July,21,202,Sand Point,Shumagin Islands,55.3204,-160.5202,39,67,NA,67,135
KDSP-1189,2021,July,21,202,Sand Point,Shumagin Islands,55.3204,-160.5202,45,79,NA,79,123
NA,2018,Aug,1,213,Baralof Bay,Shumagin Islands,55.2293,-160.5623,77,NA,134,134,79
NA,2018,Aug,1,213,Baralof Bay,Shumagin Islands,55.228,-160.5598,40,NA,87,87,126
NA,2018,Aug,1,213,Baralof Bay,Shumagin Islands,55.2293,-160.5623,51,NA,99,99,114
NA,2018,Aug,1,213,Baralof Bay,Shumagin Islands,55.2293,-160.5623,32,NA,78,78,135
NA,2018,Aug,15,227,Agripina Bay,Agripina Bay,57.1071,-156.4564,63,NA,118,118,109
NA,2018,Aug,15,227,Agripina Bay,Agripina Bay,57.1071,-156.4564,63,NA,123,123,104
NA,2018,Aug,15,227,Agripina Bay,Agripina Bay,57.1071,-156.4564,74,NA,135,135,92
NA,2018,Aug,15,227,Agripina Bay,Agripina Bay,57.1093,-156.4602,64,NA,120,120,107
NA,2018,Aug,15,227,Agripina Bay,Agripina Bay,57.1093,-156.4602,65,NA,120,120,107
NA,2018,Aug,15,227,Agripina Bay,Agripina Bay,57.1093,-156.4602,66,NA,123,123,104
NA,2018,Aug,15,227,Agripina Bay,Agripina Bay,57.1048,-156.4586,55,NA,109,109,118
NA,2018,Aug,15,227,Agripina Bay,Agripina Bay,57.1048,-156.4586,69,NA,127,127,100
NA,2018,Aug,15,227,Agripina Bay,Agripina Bay,57.1048,-156.4586,52,NA,109,109,118
NA,2018,Aug,15,227,Agripina Bay,Agripina Bay,57.1071,-156.4564,68,NA,127,127,100
NA,2018,Aug,15,227,Agripina Bay,Agripina Bay,57.1071,-156.4564,61,NA,119,119,108
NA,2018,Aug,15,227,Agripina Bay,Agripina Bay,57.1071,-156.4564,57,NA,110,110,117
NA,2018,Aug,15,227,Agripina Bay,Agripina Bay,57.1071,-156.4564,56,NA,111,111,116
NA,2018,Aug,15,227,Agripina Bay,Agripina Bay,57.1071,-156.4564,62,NA,120,120,107
NA,2018,July,9,190,Kaiugnak Bay,Kaiugnak Bay,57.0708,-153.6749,61,NA,110,110,80
NA,2018,July,9,190,Kaiugnak Bay,Kaiugnak Bay,57.0708,-153.6749,45,NA,91,91,99
NA,2018,July,9,190,Kaiugnak Bay,Kaiugnak Bay,57.0708,-153.6749,59,NA,105,105,85
NA,2018,July,9,190,Kaiugnak Bay,Kaiugnak Bay,57.057,-153.7047,42,NA,85,85,105
NA,2018,July,9,190,Kaiugnak Bay,Kaiugnak Bay,57.057,-153.7047,48,NA,91,91,99
NA,2018,July,9,190,Kaiugnak Bay,Kaiugnak Bay,57.057,-153.7047,55,NA,100,100,90
NA,2018,July,9,190,Kaiugnak Bay,Kaiugnak Bay,57.0708,-153.6749,55,NA,101,101,89
NA,2018,July,9,190,Kaiugnak Bay,Kaiugnak Bay,57.0708,-153.6749,58,NA,105,105,85
NA,2018,July,9,190,Kaiugnak Bay,Kaiugnak Bay,57.0708,-153.6749,57,NA,102,102,88
NA,2018,July,9,190,Kaiugnak Bay,Kaiugnak Bay,57.0708,-153.6749,56,NA,104,104,86
NA,2018,July,16,197,Agripina Bay,Agripina Bay,57.1094,-156.4599,34,NA,78,78,119
NA,2018,July,16,197,Agripina Bay,Agripina Bay,57.1071,-156.4565,64,NA,116,116,81
NA,2018,July,16,197,Agripina Bay,Agripina Bay,57.1047,-156.4584,71,NA,128,128,69
NA,2018,July,16,197,Agripina Bay,Agripina Bay,57.1071,-156.4565,57,NA,107,107,90
NA,2018,July,16,197,Agripina Bay,Agripina Bay,57.1071,-156.4565,43,NA,89,89,108
NA,2018,July,16,197,Agripina Bay,Agripina Bay,57.1071,-156.4565,74,NA,128,128,69
NA,2018,July,16,197,Agripina Bay,Agripina Bay,57.1071,-156.4565,52,NA,103,103,94
NA,2018,July,16,197,Agripina Bay,Agripina Bay,57.1047,-156.4584,65,NA,118,118,79
NA,2018,July,16,197,Agripina Bay,Agripina Bay,57.1047,-156.4584,44,NA,93,93,104
NA,2018,July,16,197,Agripina Bay,Agripina Bay,57.1071,-156.4565,43,NA,89,89,108
NA,2018,July,16,197,Agripina Bay,Agripina Bay,57.1071,-156.4565,68,NA,121,121,76
NA,2018,July,16,197,Agripina Bay,Agripina Bay,57.1071,-156.4565,56,NA,105,105,92
NA,2018,July,16,197,Agripina Bay,Agripina Bay,57.1071,-156.4565,53,NA,104,104,93
NA,2018,July,16,197,Agripina Bay,Agripina Bay,57.1094,-156.4599,44,NA,90,90,107
NA,2018,July,16,197,Agripina Bay,Agripina Bay,57.1094,-156.4599,45,NA,93,93,104
NA,2018,July,16,197,Agripina Bay,Agripina Bay,57.1094,-156.4599,50,NA,100,100,97
NA,2018,July,26,207,Sand Point,Shumagin Islands,55.2535,-160.5241,53,NA,102,102,105
NA,2018,July,26,207,Sand Point,Shumagin Islands,55.2535,-160.5241,56,NA,105,105,102
NA,2018,July,26,207,Sand Point,Shumagin Islands,55.3204,-160.5207,69,NA,125,125,82
NA,2018,July,26,207,Sand Point,Shumagin Islands,55.3204,-160.5207,55,NA,105,105,102
NA,2018,July,26,207,Sand Point,Shumagin Islands,55.2535,-160.5241,57,NA,106,106,101
NA,2018,July,26,207,Sand Point,Shumagin Islands,55.2535,-160.5241,64,NA,117,117,90
NA,2018,July,26,207,Sand Point,Shumagin Islands,55.3204,-160.5207,57,NA,106,106,101
NA,2018,July,29,210,Falmouth Bay,Shumagin Islands,55.0669,-160.1267,36,NA,81,81,129
NA,2018,July,30,211,Falmouth Bay,Shumagin Islands,55.0669,-160.1267,75,NA,133,133,78
NA,2018,July,30,211,Falmouth Bay,Shumagin Islands,55.0684,-160.1125,58,NA,109,109,102
NA,2019,July,7,188,Agripina Bay,Agripina Bay,57.105,-156.4581,54,NA,95,95,93
NA,2019,July,7,188,Agripina Bay,Agripina Bay,57.105,-156.4581,49,NA,86,86,102
NA,2019,July,7,188,Agripina Bay,Agripina Bay,57.1071,-156.4564,44,NA,80,80,108
NA,2019,Aug,7,219,Kaiugnak Bay,Kaiugnak Bay,57.0535,-153.6528,65,NA,111,111,108
NA,2019,Aug,7,219,Kaiugnak Bay,Kaiugnak Bay,57.0535,-153.6528,75,NA,123,123,96
NA,2019,Aug,7,219,Kaiugnak Bay,Kaiugnak Bay,57.0535,-153.6528,60,NA,103,103,116
NA,2019,Aug,7,219,Kaiugnak Bay,Kaiugnak Bay,57.0535,-153.6528,59,NA,101,101,118
NA,2019,Aug,7,219,Kaiugnak Bay,Kaiugnak Bay,57.0535,-153.6528,63,NA,107,107,112
NA,2019,Aug,7,219,Kaiugnak Bay,Kaiugnak Bay,57.0571,-153.7032,77,NA,126,126,93
NA,2019,Aug,7,219,Kaiugnak Bay,Kaiugnak Bay,57.0571,-153.7032,79,NA,130,130,89
NA,2019,Aug,7,219,Kaiugnak Bay,Kaiugnak Bay,57.0571,-153.7032,75,NA,125,125,94
NA,2019,July,21,202,Sand Point,Shumagin Islands,55.3201,-160.5241,56,NA,99,99,103
NA,2019,July,21,202,Sand Point,Shumagin Islands,55.3201,-160.5241,58,NA,100,100,102
NA,2019,July,7,188,Agripina Bay,Agripina Bay,57.1046,-156.4716,60,NA,104,104,84
NA,2019,July,7,188,Agripina Bay,Agripina Bay,57.105,-156.4581,52,NA,93,93,95
NA,2019,July,7,188,Agripina Bay,Agripina Bay,57.105,-156.4581,63,NA,105,105,83
NA,2019,July,7,188,Agripina Bay,Agripina Bay,57.105,-156.4581,45,NA,84,84,104
NA,2019,July,7,188,Agripina Bay,Agripina Bay,57.105,-156.4581,50,NA,88,88,100
NA,2019,July,7,188,Agripina Bay,Agripina Bay,57.105,-156.4581,50,NA,87,87,101
NA,2019,July,7,188,Agripina Bay,Agripina Bay,57.1071,-156.4564,38,NA,75,75,113
NA,2019,July,7,188,Agripina Bay,Agripina Bay,57.1046,-156.4716,47,NA,84,84,104
NA,2019,July,7,188,Agripina Bay,Agripina Bay,57.105,-156.4581,35,NA,69,69,119
NA,2019,July,7,188,Agripina Bay,Agripina Bay,57.105,-156.4581,52,NA,90,90,98
NA,2019,July,7,188,Agripina Bay,Agripina Bay,57.105,-156.4581,45,NA,84,84,104
NA,2019,July,7,188,Agripina Bay,Agripina Bay,57.105,-156.4581,57,NA,97,97,91
NA,2020,Aug,1,214,Kaiugnak Bay,Kaiugnak Bay,57.0572,-153.703,60,NA,101,101,113
NA,2020,Aug,1,214,Kaiugnak Bay,Kaiugnak Bay,57.0607,-153.7055,74,NA,122,122,92
NA,2020,Aug,1,214,Kaiugnak Bay,Kaiugnak Bay,57.0607,-153.7055,73,NA,119,119,95
NA,2020,Aug,1,214,Kaiugnak Bay,Kaiugnak Bay,57.0607,-153.7055,60,NA,103,103,111
NA,2020,Aug,1,214,Kaiugnak Bay,Kaiugnak Bay,57.0607,-153.7055,73,NA,118,118,96
NA,2020,Aug,1,214,Kaiugnak Bay,Kaiugnak Bay,57.0607,-153.7055,90,NA,143,143,71
NA,2020,July,6,188,Agripina Bay,Agripina Bay,57.1049,-156.4585,56,NA,97,97,91
NA,2020,July,6,188,Agripina Bay,Agripina Bay,57.1049,-156.4585,53,NA,91,91,97
NA,2020,July,6,188,Agripina Bay,Agripina Bay,57.1092,-156.4602,48,NA,85,85,103
NA,2020,July,6,188,Agripina Bay,Agripina Bay,57.1092,-156.4602,57,NA,99,99,89
NA,2020,July,19,201,Falmouth Bay,Shumagin Islands,55.0689,-160.1296,43,NA,79,79,122
NA,2020,July,19,201,Falmouth Bay,Shumagin Islands,55.0689,-160.1296,39,NA,74,74,127
NA,2020,July,19,201,Falmouth Bay,Shumagin Islands,55.0689,-160.1296,49,NA,86,86,115
NA,2020,July,19,201,Falmouth Bay,Shumagin Islands,55.0685,-160.1126,49,NA,87,87,114
NA,2020,July,20,202,Sand Point,Shumagin Islands,55.3204,-160.5204,41,NA,77,77,125
NA,2020,July,20,202,Sand Point,Shumagin Islands,55.3204,-160.5204,52,NA,89,89,113
NA,2020,July,20,202,Sand Point,Shumagin Islands,55.3204,-160.5204,60,NA,101,101,101
NA,2020,July,20,202,Sand Point,Shumagin Islands,55.3204,-160.5204,57,NA,98,98,104
NA,2020,July,23,205,Baralof Bay,Shumagin Islands,55.2293,-160.5519,54,NA,95,95,110
NA,2020,July,23,205,Baralof Bay,Shumagin Islands,55.2293,-160.5519,49,NA,86,86,119
NA,2020,July,23,205,Baralof Bay,Shumagin Islands,55.2293,-160.5519,65,NA,107,107,98
NA,2020,July,23,205,Baralof Bay,Shumagin Islands,55.2293,-160.5519,56,NA,97,97,108
NA,2020,July,23,205,Baralof Bay,Shumagin Islands,55.2293,-160.5519,47,NA,84,84,121
NA,2020,July,23,205,Baralof Bay,Shumagin Islands,55.2293,-160.5519,46,NA,84,84,121
NA,2020,July,23,205,Baralof Bay,Shumagin Islands,55.2293,-160.5519,45,NA,82,82,123
NA,2021,Aug,4,216,Kaiugnak Bay,Kaiugnak Bay,57.0535,-153.6533,54,NA,92,92,124
NA,2021,Aug,4,216,Kaiugnak Bay,Kaiugnak Bay,57.0535,-153.6533,59,NA,100,100,116
NA,2021,Aug,4,216,Kaiugnak Bay,Kaiugnak Bay,57.0535,-153.6533,72,NA,116,116,100
NA,2021,Aug,4,216,Kaiugnak Bay,Kaiugnak Bay,57.0535,-153.6533,57,NA,98,98,118
NA,2021,Aug,4,216,Kaiugnak Bay,Kaiugnak Bay,57.0535,-153.6533,73,NA,121,121,95
NA,2021,Aug,4,216,Kaiugnak Bay,Kaiugnak Bay,57.0535,-153.6533,57,NA,98,98,118
NA,2021,July,5,186,Agripina Bay,Agripina Bay,57.104,-156.4767,41,NA,73,73,113
NA,2021,July,5,186,Agripina Bay,Agripina Bay,57.104,-156.4767,51,NA,86,86,100
NA,2021,July,5,186,Agripina Bay,Agripina Bay,57.104,-156.4767,43,NA,76,76,110
NA,2021,July,5,186,Agripina Bay,Agripina Bay,57.104,-156.4767,43,NA,75,75,111
NA,2021,July,15,196,Baralof Bay,Shumagin Islands,55.2295,-160.5645,42,NA,74,74,122
NA,2021,July,17,198,Falmouth Bay,Shumagin Islands,55.0636,-160.1169,54,NA,89,89,109
NA,2021,July,21,202,Sand Point,Shumagin Islands,55.3204,-160.5202,41,NA,76,76,126
NA,2022,July,4,185,Agripina Bay,Agripina Bay,57.1042,-156.4766,45,NA,83,83,102
NA,2022,July,4,185,Agripina Bay,Agripina Bay,57.1042,-156.4766,45,NA,80,80,105
NA,2022,July,4,185,Agripina Bay,Agripina Bay,57.1042,-156.4766,46,NA,82,82,103
NA,2022,July,14,195,Falmouth Bay,Shumagin Islands,55.0685,-160.1127,53,NA,90,90,105
NA,2022,July,14,195,Falmouth Bay,Shumagin Islands,55.0685,-160.1127,48,NA,84,84,111
NA,2022,July,14,195,Falmouth Bay,Shumagin Islands,55.0685,-160.1127,47,NA,84,84,111
NA,2022,July,14,195,Falmouth Bay,Shumagin Islands,55.0685,-160.1127,54,NA,91,91,104
NA,2022,July,14,195,Falmouth Bay,Shumagin Islands,55.0685,-160.1127,47,NA,84,84,111
NA,2022,July,14,195,Falmouth Bay,Shumagin Islands,55.0685,-160.1127,54,NA,95,95,100
NA,2022,July,14,195,Falmouth Bay,Shumagin Islands,55.0685,-160.1127,41,NA,74,74,121
NA,2022,July,29,210,Kaiugnak Bay,Kaiugnak Bay,57.0536,-153.6529,82,NA,133,133,77
NA,2022,July,29,210,Kaiugnak Bay,Kaiugnak Bay,57.0536,-153.6529,80,NA,131,131,79
NA,2022,July,29,210,Kaiugnak Bay,Kaiugnak Bay,57.0536,-153.6529,73,NA,120,120,90
NA,2022,July,29,210,Kaiugnak Bay,Kaiugnak Bay,57.0536,-153.6529,71,NA,115,115,95
NA,2022,July,29,210,Kaiugnak Bay,Kaiugnak Bay,57.0536,-153.6529,76,NA,124,124,86
NA,2022,July,29,210,Kaiugnak Bay,Kaiugnak Bay,57.0536,-153.6529,76,NA,122,122,88
NA,2022,July,29,210,Kaiugnak Bay,Kaiugnak Bay,57.0536,-153.6529,74,NA,123,123,87
NA,2022,July,29,210,Kaiugnak Bay,Kaiugnak Bay,57.0536,-153.6529,74,NA,123,123,87
NA,2022,July,29,210,Kaiugnak Bay,Kaiugnak Bay,57.0536,-153.6529,69,NA,114,114,96
NA,2022,July,29,210,Kaiugnak Bay,Kaiugnak Bay,57.0536,-153.6529,76,NA,124,124,86
NA,2022,July,29,210,Kaiugnak Bay,Kaiugnak Bay,57.0536,-153.6529,74,NA,122,122,88
NA,2022,July,29,210,Kaiugnak Bay,Kaiugnak Bay,57.0536,-153.6529,71,NA,117,117,93
NA,2022,July,29,210,Kaiugnak Bay,Kaiugnak Bay,57.0536,-153.6529,57,NA,99,99,111
NA,2022,July,29,210,Kaiugnak Bay,Kaiugnak Bay,57.0536,-153.6529,55,NA,98,98,112
NA,2022,July,29,210,Kaiugnak Bay,Kaiugnak Bay,57.0536,-153.6529,55,NA,99,99,111
NA,2022,July,29,210,Kaiugnak Bay,Kaiugnak Bay,57.0536,-153.6529,57,NA,97,97,113
NA,2022,July,29,210,Kaiugnak Bay,Kaiugnak Bay,57.0536,-153.6529,52,NA,92,92,118
NA,2022,July,29,210,Kaiugnak Bay,Kaiugnak Bay,57.0536,-153.6529,59,NA,101,101,109
NA,2022,July,29,210,Kaiugnak Bay,Kaiugnak Bay,57.0536,-153.6529,47,NA,86,86,124
NA,2022,July,29,210,Kaiugnak Bay,Kaiugnak Bay,57.0536,-153.6529,54,NA,94,94,116
NA,2022,July,29,210,Kaiugnak Bay,Kaiugnak Bay,57.0536,-153.6529,55,NA,97,97,113
NA,2022,July,29,210,Kaiugnak Bay,Kaiugnak Bay,57.0536,-153.6529,49,NA,90,90,120
NA,2023,July,7,188,Agripina Bay,Agripina Bay,57.1046,-156.4714,43,NA,79,79,109
NA,2023,July,7,188,Agripina Bay,Agripina Bay,57.1046,-156.4714,39,NA,73,73,115
NA,2023,July,7,188,Agripina Bay,Agripina Bay,57.1046,-156.4714,42,NA,78,78,110
NA,2023,July,7,188,Agripina Bay,Agripina Bay,57.1046,-156.4714,43,NA,79,79,109
NA,2023,July,7,188,Agripina Bay,Agripina Bay,57.1046,-156.4714,40,NA,74,74,114
NA,2023,July,7,188,Agripina Bay,Agripina Bay,57.1046,-156.4714,40,NA,73,73,115
NA,2023,July,7,188,Agripina Bay,Agripina Bay,57.1046,-156.4714,41,NA,77,77,111
NA,2023,July,19,200,Falmouth Bay,Shumagin Islands,55.0695,-160.114,73,NA,118,118,82
NA,2023,July,19,200,Falmouth Bay,Shumagin Islands,55.0695,-160.114,67,NA,108,108,92
NA,2023,July,19,200,Falmouth Bay,Shumagin Islands,55.0695,-160.114,65,NA,106,106,94
NA,2023,July,19,200,Falmouth Bay,Shumagin Islands,55.0695,-160.114,61,NA,104,104,96
NA,2023,June,29,180,Cook Bay,Eastern Kodiak,57.7689,-152.2752,44,NA,88,88,92
NA,2023,June,29,180,Cook Bay,Eastern Kodiak,57.7689,-152.2752,39,NA,80,80,100
NA,2023,June,29,180,Cook Bay,Eastern Kodiak,57.7689,-152.2752,40,NA,80,80,100
NA,2020,July,2,184,Cook Bay,Eastern Kodiak,57.7686,-152.2738,58,NA,105,105,79
NA,2020,July,2,184,Cook Bay,Eastern Kodiak,57.7686,-152.2738,55,NA,99,99,85
NA,2021,July,15,196,Baralof Bay,Shumagin Islands,55.2303,-160.5486,32,NA,63,63,133
NA,2021,July,15,196,Baralof Bay,Shumagin Islands,55.2303,-160.5486,32,NA,60,60,136
NA,2021,July,15,196,Baralof Bay,Shumagin Islands,55.2303,-160.5486,32,NA,61,61,135
NA,2021,July,15,196,Baralof Bay,Shumagin Islands,55.2303,-160.5486,32,NA,62,62,134
NA,2021,July,15,196,Baralof Bay,Shumagin Islands,55.2303,-160.5486,32,NA,63,63,133
NA,2022,July,4,185,Agripina Bay,Agripina Bay,57.1093,-156.4602,32,NA,66,66,119
NA,2023,June,29,180,Cook Bay,Eastern Kodiak,57.7796,-152.2638,32,NA,69,69,111
NA,2018,July,29,210,Falmouth Bay,Shumagin Islands,55.0639,-160.1164,33,NA,77,77,133
NA,2021,July,15,196,Baralof Bay,Shumagin Islands,55.2303,-160.5486,33,NA,65,65,131
NA,2021,July,15,196,Baralof Bay,Shumagin Islands,55.2303,-160.5486,33,NA,62,62,134
NA,2021,July,15,196,Baralof Bay,Shumagin Islands,55.2303,-160.5486,33,NA,64,64,132
NA,2021,July,15,196,Baralof Bay,Shumagin Islands,55.2303,-160.5486,33,NA,62,62,134
NA,2021,July,15,196,Baralof Bay,Shumagin Islands,55.2303,-160.5486,33,NA,65,65,131
NA,2021,July,15,196,Baralof Bay,Shumagin Islands,55.2292,-160.5518,33,NA,62,62,134
NA,2021,July,5,186,Agripina Bay,Agripina Bay,57.104,-156.4767,33,NA,63,63,123
NA,2023,July,3,184,Kaiugnak Bay,Kaiugnak Bay,57.0607,-153.7889,33,NA,65,65,119
NA,2023,July,3,184,Kaiugnak Bay,Kaiugnak Bay,57.0558,-153.6505,33,NA,61,61,123
NA,2023,June,29,180,Cook Bay,Eastern Kodiak,57.7796,-152.2638,33,NA,74,74,106
NA,2023,June,29,180,Cook Bay,Eastern Kodiak,57.7796,-152.2638,33,NA,70,70,110
NA,2023,June,29,180,Cook Bay,Eastern Kodiak,57.7796,-152.2638,33,NA,72,72,108
NA,2023,June,29,180,Cook Bay,Eastern Kodiak,57.7689,-152.2752,33,NA,72,72,108
NA,2023,June,29,180,Cook Bay,Eastern Kodiak,57.7689,-152.2752,33,NA,71,71,109
NA,2018,Aug,1,213,Baralof Bay,Shumagin Islands,55.2293,-160.5623,34,NA,79,79,134
NA,2020,July,23,205,Baralof Bay,Shumagin Islands,55.2282,-160.5602,34,NA,66,66,139
NA,2021,July,17,198,Falmouth Bay,Shumagin Islands,55.0668,-160.1269,34,NA,64,64,134
NA,2018,July,16,197,Agripina Bay,Agripina Bay,57.1094,-156.4599,34,NA,80,80,117
NA,2021,July,15,196,Baralof Bay,Shumagin Islands,55.2303,-160.5486,34,NA,63,63,133
NA,2021,July,15,196,Baralof Bay,Shumagin Islands,55.2292,-160.5518,34,NA,66,66,130
NA,2023,July,7,188,Agripina Bay,Agripina Bay,57.1049,-156.4585,34,NA,68,68,120
NA,2023,July,7,188,Agripina Bay,Agripina Bay,57.1049,-156.4585,34,NA,67,67,121
NA,2021,July,5,186,Agripina Bay,Agripina Bay,57.1092,-156.4602,34,NA,66,66,120
NA,2021,July,5,186,Agripina Bay,Agripina Bay,57.1073,-156.4562,34,NA,65,65,121
NA,2022,July,4,185,Agripina Bay,Agripina Bay,57.1132,-156.4796,34,NA,65,65,120
NA,2022,July,4,185,Agripina Bay,Agripina Bay,57.1046,-156.4717,34,NA,65,65,120
NA,2023,June,29,180,Cook Bay,Eastern Kodiak,57.7796,-152.2638,34,NA,75,75,105
NA,2023,June,29,180,Cook Bay,Eastern Kodiak,57.7689,-152.2752,34,NA,72,72,108
NA,2018,Aug,1,213,Baralof Bay,Shumagin Islands,55.2293,-160.5518,35,NA,78,78,135
NA,2018,Aug,1,213,Baralof Bay,Shumagin Islands,55.2293,-160.5623,35,NA,77,77,136
NA,2018,July,30,211,Falmouth Bay,Shumagin Islands,55.0691,-160.1299,35,NA,78,78,133
NA,2018,July,30,211,Falmouth Bay,Shumagin Islands,55.0691,-160.1299,35,NA,79,79,132
NA,2018,July,30,211,Falmouth Bay,Shumagin Islands,55.0694,-160.1137,35,NA,81,81,130
NA,2021,July,17,198,Falmouth Bay,Shumagin Islands,55.0668,-160.1269,35,NA,66,66,132
NA,2023,July,17,198,Baralof Bay,Shumagin Islands,55.2293,-160.5518,35,NA,67,67,131
NA,2021,July,15,196,Baralof Bay,Shumagin Islands,55.2303,-160.5486,35,NA,67,67,129
NA,2021,July,15,196,Baralof Bay,Shumagin Islands,55.2303,-160.5486,35,NA,64,64,132
NA,2021,July,15,196,Baralof Bay,Shumagin Islands,55.2303,-160.5486,35,NA,65,65,131
NA,2021,July,15,196,Baralof Bay,Shumagin Islands,55.2303,-160.5486,35,NA,68,68,128
NA,2021,July,15,196,Baralof Bay,Shumagin Islands,55.2303,-160.5486,35,NA,65,65,131
NA,2021,July,15,196,Baralof Bay,Shumagin Islands,55.2292,-160.5518,35,NA,67,67,129
NA,2021,July,15,196,Baralof Bay,Shumagin Islands,55.2295,-160.5645,35,NA,66,66,130
NA,2022,July,15,196,Baralof Bay,Shumagin Islands,55.2293,-160.5515,35,NA,70,70,126
NA,2022,July,14,195,Falmouth Bay,Shumagin Islands,55.0692,-160.1136,35,NA,67,67,128
NA,2020,July,6,188,Agripina Bay,Agripina Bay,57.1045,-156.4714,35,NA,68,68,120
NA,2023,July,7,188,Agripina Bay,Agripina Bay,57.1046,-156.4714,35,NA,68,68,120
NA,2021,July,5,186,Agripina Bay,Agripina Bay,57.1092,-156.4602,35,NA,66,66,120
NA,2022,July,4,185,Agripina Bay,Agripina Bay,57.1093,-156.4602,35,NA,70,70,115
NA,2023,July,3,184,Kaiugnak Bay,Kaiugnak Bay,57.0572,-153.6348,35,NA,66,66,118
NA,2023,July,3,184,Kaiugnak Bay,Kaiugnak Bay,57.0572,-153.6348,35,NA,66,66,118
NA,2023,June,29,180,Cook Bay,Eastern Kodiak,57.7796,-152.2638,35,NA,76,76,104
NA,2023,June,29,180,Cook Bay,Eastern Kodiak,57.7796,-152.2638,35,NA,73,73,107
NA,2023,June,29,180,Cook Bay,Eastern Kodiak,57.7796,-152.2638,35,NA,76,76,104
NA,2023,June,29,180,Cook Bay,Eastern Kodiak,57.7689,-152.2752,35,NA,76,76,104
NA,2023,June,29,180,Cook Bay,Eastern Kodiak,57.7689,-152.2752,35,NA,73,73,107
NA,2023,June,29,180,Cook Bay,Eastern Kodiak,57.7689,-152.2752,35,NA,74,74,106
NA,2018,July,30,211,Falmouth Bay,Shumagin Islands,55.0691,-160.1299,36,NA,82,82,129
NA,2018,July,30,211,Falmouth Bay,Shumagin Islands,55.0694,-160.1137,36,NA,80,80,131
NA,2018,July,30,211,Falmouth Bay,Shumagin Islands,55.0694,-160.1137,36,NA,79,79,132
NA,2018,July,26,207,Sand Point,Shumagin Islands,55.3204,-160.5207,36,NA,82,82,125
NA,2023,July,24,205,Sand Point,Shumagin Islands,55.3203,-160.5207,36,NA,70,70,135
NA,2018,July,16,197,Agripina Bay,Agripina Bay,57.1094,-156.4599,36,NA,83,83,114
NA,2021,July,15,196,Baralof Bay,Shumagin Islands,55.2303,-160.5486,36,NA,66,66,130
NA,2021,July,15,196,Baralof Bay,Shumagin Islands,55.2303,-160.5486,36,NA,66,66,130
NA,2021,July,15,196,Baralof Bay,Shumagin Islands,55.2292,-160.5518,36,NA,69,69,127
NA,2022,July,15,196,Baralof Bay,Shumagin Islands,55.2293,-160.5515,36,NA,68,68,128
NA,2022,July,15,196,Baralof Bay,Shumagin Islands,55.2304,-160.5484,36,NA,69,69,127
NA,2022,July,14,195,Falmouth Bay,Shumagin Islands,55.0692,-160.1136,36,NA,70,70,125
NA,2022,July,14,195,Falmouth Bay,Shumagin Islands,55.0685,-160.1127,36,NA,71,71,124
NA,2023,July,7,188,Agripina Bay,Agripina Bay,57.1049,-156.4585,36,NA,72,72,116
NA,2021,July,5,186,Agripina Bay,Agripina Bay,57.1073,-156.4562,36,NA,69,69,117
NA,2022,July,4,185,Agripina Bay,Agripina Bay,57.1093,-156.4602,36,NA,69,69,116
NA,2022,July,4,185,Agripina Bay,Agripina Bay,57.1093,-156.4602,36,NA,68,68,117
NA,2023,June,29,180,Cook Bay,Eastern Kodiak,57.7796,-152.2638,36,NA,75,75,105
NA,2023,June,29,180,Cook Bay,Eastern Kodiak,57.7796,-152.2638,36,NA,75,75,105
NA,2023,June,29,180,Cook Bay,Eastern Kodiak,57.7689,-152.2752,36,NA,78,78,102
NA,2023,June,29,180,Cook Bay,Eastern Kodiak,57.7689,-152.2752,36,NA,74,74,106
NA,2018,Aug,1,213,Baralof Bay,Shumagin Islands,55.228,-160.5598,37,NA,83,83,130
NA,2018,Aug,1,213,Baralof Bay,Shumagin Islands,55.2293,-160.5518,37,NA,82,82,131
NA,2018,July,30,211,Falmouth Bay,Shumagin Islands,55.0691,-160.1299,37,NA,84,84,127
NA,2018,July,30,211,Falmouth Bay,Shumagin Islands,55.0691,-160.1299,37,NA,81,81,130
NA,2018,July,30,211,Falmouth Bay,Shumagin Islands,55.0691,-160.1299,37,NA,81,81,130
NA,2018,July,30,211,Falmouth Bay,Shumagin Islands,55.0694,-160.1137,37,NA,84,84,127
NA,2018,July,30,211,Falmouth Bay,Shumagin Islands,55.0694,-160.1137,37,NA,82,82,129
NA,2018,July,30,211,Falmouth Bay,Shumagin Islands,55.0694,-160.1137,37,NA,84,84,127
NA,2018,July,30,211,Falmouth Bay,Shumagin Islands,55.0694,-160.1137,37,NA,80,80,131
NA,2018,July,29,210,Falmouth Bay,Shumagin Islands,55.0639,-160.1164,37,NA,82,82,128
NA,2018,July,29,210,Falmouth Bay,Shumagin Islands,55.0639,-160.1164,37,NA,81,81,129
NA,2018,July,29,210,Falmouth Bay,Shumagin Islands,55.0669,-160.1267,37,NA,80,80,130
NA,2018,July,29,210,Falmouth Bay,Shumagin Islands,55.0669,-160.1267,37,NA,82,82,128
NA,2018,July,29,210,Falmouth Bay,Shumagin Islands,55.0669,-160.1267,37,NA,82,82,128
NA,2018,July,29,210,Falmouth Bay,Shumagin Islands,55.0669,-160.1267,37,NA,81,81,129
NA,2020,July,23,205,Baralof Bay,Shumagin Islands,55.2293,-160.5623,37,NA,72,72,133
NA,2023,July,24,205,Sand Point,Shumagin Islands,55.3203,-160.5207,37,NA,70,70,135
NA,2020,July,20,202,Sand Point,Shumagin Islands,55.3202,-160.5241,37,NA,73,73,129
NA,2018,July,16,197,Agripina Bay,Agripina Bay,57.1094,-156.4599,37,NA,82,82,115
NA,2021,July,15,196,Baralof Bay,Shumagin Islands,55.2303,-160.5486,37,NA,70,70,126
NA,2021,July,15,196,Baralof Bay,Shumagin Islands,55.2303,-160.5486,37,NA,68,68,128
NA,2021,July,15,196,Baralof Bay,Shumagin Islands,55.2303,-160.5486,37,NA,68,68,128
NA,2021,July,15,196,Baralof Bay,Shumagin Islands,55.2303,-160.5486,37,NA,70,70,126
NA,2021,July,15,196,Baralof Bay,Shumagin Islands,55.2303,-160.5486,37,NA,69,69,127
NA,2021,July,15,196,Baralof Bay,Shumagin Islands,55.2303,-160.5486,37,NA,67,67,129
NA,2021,July,15,196,Baralof Bay,Shumagin Islands,55.2303,-160.5486,37,NA,70,70,126
NA,2021,July,15,196,Baralof Bay,Shumagin Islands,55.2303,-160.5486,37,NA,68,68,128
NA,2021,July,15,196,Baralof Bay,Shumagin Islands,55.2303,-160.5486,37,NA,69,69,127
NA,2021,July,15,196,Baralof Bay,Shumagin Islands,55.2303,-160.5486,37,NA,69,69,127
NA,2021,July,15,196,Baralof Bay,Shumagin Islands,55.2292,-160.5518,37,NA,70,70,126
NA,2021,July,15,196,Baralof Bay,Shumagin Islands,55.2292,-160.5518,37,NA,69,69,127
NA,2022,July,15,196,Baralof Bay,Shumagin Islands,55.2293,-160.5515,37,NA,71,71,125
NA,2022,July,15,196,Baralof Bay,Shumagin Islands,55.2293,-160.5515,37,NA,73,73,123
NA,2022,July,15,196,Baralof Bay,Shumagin Islands,55.2293,-160.5515,37,NA,72,72,124
NA,2022,July,15,196,Baralof Bay,Shumagin Islands,55.2304,-160.5484,37,NA,71,71,125
NA,2022,July,14,195,Falmouth Bay,Shumagin Islands,55.0692,-160.1136,37,NA,73,73,122
NA,2022,July,14,195,Falmouth Bay,Shumagin Islands,55.0692,-160.1136,37,NA,69,69,126
NA,2022,July,14,195,Falmouth Bay,Shumagin Islands,55.0685,-160.1127,37,NA,72,72,123
NA,2022,July,14,195,Falmouth Bay,Shumagin Islands,55.0685,-160.1127,37,NA,70,70,125
NA,2022,July,14,195,Falmouth Bay,Shumagin Islands,55.0685,-160.1127,37,NA,71,71,124
NA,2022,July,14,195,Falmouth Bay,Shumagin Islands,55.0685,-160.1127,37,NA,70,70,125
NA,2022,July,14,195,Falmouth Bay,Shumagin Islands,55.0685,-160.1127,37,NA,69,69,126
NA,2023,July,7,188,Agripina Bay,Agripina Bay,57.1046,-156.4714,37,NA,72,72,116
NA,2023,July,7,188,Agripina Bay,Agripina Bay,57.1046,-156.4714,37,NA,69,69,119
NA,2023,July,7,188,Agripina Bay,Agripina Bay,57.1046,-156.4714,37,NA,72,72,116
NA,2021,July,5,186,Agripina Bay,Agripina Bay,57.1133,-156.4794,37,NA,67,67,119
NA,2021,July,5,186,Agripina Bay,Agripina Bay,57.1133,-156.4794,37,NA,70,70,116
NA,2021,July,5,186,Agripina Bay,Agripina Bay,57.1092,-156.4602,37,NA,67,67,119
NA,2021,July,5,186,Agripina Bay,Agripina Bay,57.1045,-156.4714,37,NA,67,67,119
NA,2021,July,5,186,Agripina Bay,Agripina Bay,57.104,-156.4767,37,NA,71,71,115
NA,2021,July,5,186,Agripina Bay,Agripina Bay,57.104,-156.4767,37,NA,69,69,117
NA,2021,July,5,186,Agripina Bay,Agripina Bay,57.104,-156.4767,37,NA,71,71,115
NA,2022,July,4,185,Agripina Bay,Agripina Bay,57.1048,-156.4585,37,NA,73,73,112
NA,2022,July,4,185,Agripina Bay,Agripina Bay,57.1093,-156.4602,37,NA,73,73,112
NA,2022,July,4,185,Agripina Bay,Agripina Bay,57.1042,-156.4766,37,NA,71,71,114
NA,2023,July,3,184,Kaiugnak Bay,Kaiugnak Bay,57.0572,-153.6348,37,NA,70,70,114
NA,2023,July,3,184,Kaiugnak Bay,Kaiugnak Bay,57.0558,-153.6505,37,NA,68,68,116
NA,2023,June,29,180,Cook Bay,Eastern Kodiak,57.7796,-152.2638,37,NA,78,78,102
NA,2023,June,29,180,Cook Bay,Eastern Kodiak,57.7796,-152.2638,37,NA,78,78,102
NA,2023,June,29,180,Cook Bay,Eastern Kodiak,57.7796,-152.2638,37,NA,79,79,101
NA,2023,June,29,180,Cook Bay,Eastern Kodiak,57.7796,-152.2638,37,NA,75,75,105
NA,2023,June,29,180,Cook Bay,Eastern Kodiak,57.7796,-152.2638,37,NA,77,77,103
NA,2023,June,29,180,Cook Bay,Eastern Kodiak,57.7689,-152.2752,37,NA,76,76,104
NA,2023,June,29,180,Cook Bay,Eastern Kodiak,57.7689,-152.2752,37,NA,79,79,101
NA,2023,June,29,180,Cook Bay,Eastern Kodiak,57.7689,-152.2752,37,NA,79,79,101
NA,2023,June,29,180,Cook Bay,Eastern Kodiak,57.7689,-152.2752,37,NA,79,79,101
NA,2023,June,29,180,Cook Bay,Eastern Kodiak,57.7689,-152.2752,37,NA,76,76,104
NA,2023,June,29,180,Cook Bay,Eastern Kodiak,57.7689,-152.2752,37,NA,76,76,104
NA,2018,July,30,211,Falmouth Bay,Shumagin Islands,55.0694,-160.1137,38,NA,82,82,129
NA,2018,July,30,211,Falmouth Bay,Shumagin Islands,55.0694,-160.1137,38,NA,83,83,128
NA,2018,July,29,210,Falmouth Bay,Shumagin Islands,55.0684,-160.1125,38,NA,83,83,127
NA,2018,July,29,210,Falmouth Bay,Shumagin Islands,55.0639,-160.1164,38,NA,84,84,126
NA,2018,July,29,210,Falmouth Bay,Shumagin Islands,55.0639,-160.1164,38,NA,84,84,126
NA,2018,July,29,210,Falmouth Bay,Shumagin Islands,55.0639,-160.1164,38,NA,85,85,125
NA,2020,July,23,205,Baralof Bay,Shumagin Islands,55.2282,-160.5602,38,NA,72,72,133
NA,2020,July,23,205,Baralof Bay,Shumagin Islands,55.2309,-160.5682,38,NA,71,71,134
NA,2020,July,23,205,Baralof Bay,Shumagin Islands,55.2309,-160.5682,38,NA,72,72,133
NA,2020,July,23,205,Baralof Bay,Shumagin Islands,55.2304,-160.5484,38,NA,75,75,130
NA,2020,July,23,205,Baralof Bay,Shumagin Islands,55.2293,-160.5519,38,NA,72,72,133
NA,2020,July,23,205,Baralof Bay,Shumagin Islands,55.2293,-160.5623,38,NA,72,72,133
NA,2020,July,20,202,Sand Point,Shumagin Islands,55.3202,-160.5241,38,NA,72,72,130
NA,2021,July,17,198,Sand Point,Shumagin Islands,55.3204,-160.5202,38,NA,70,70,128
NA,2023,July,17,198,Baralof Bay,Shumagin Islands,55.2294,-160.5626,38,NA,71,71,127
NA,2023,July,17,198,Baralof Bay,Shumagin Islands,55.2294,-160.5626,38,NA,71,71,127
NA,2023,July,17,198,Baralof Bay,Shumagin Islands,55.2293,-160.5518,38,NA,71,71,127
NA,2023,July,17,198,Baralof Bay,Shumagin Islands,55.2293,-160.5518,38,NA,71,71,127
NA,2023,July,17,198,Baralof Bay,Shumagin Islands,55.2293,-160.5518,38,NA,70,70,128
NA,2023,July,17,198,Baralof Bay,Shumagin Islands,55.2293,-160.5518,38,NA,74,74,124
NA,2023,July,17,198,Baralof Bay,Shumagin Islands,55.2197,-160.5484,38,NA,72,72,126
NA,2023,July,17,198,Baralof Bay,Shumagin Islands,55.2197,-160.5484,38,NA,71,71,127
NA,2023,July,17,198,Baralof Bay,Shumagin Islands,55.2197,-160.5484,38,NA,73,73,125
NA,2018,July,16,197,Agripina Bay,Agripina Bay,57.1094,-156.4599,38,NA,82,82,115
NA,2018,July,16,197,Agripina Bay,Agripina Bay,57.104,-156.4766,38,NA,84,84,113
NA,2021,July,15,196,Baralof Bay,Shumagin Islands,55.2303,-160.5486,38,NA,71,71,125
NA,2021,July,15,196,Baralof Bay,Shumagin Islands,55.2303,-160.5486,38,NA,69,69,127
NA,2021,July,15,196,Baralof Bay,Shumagin Islands,55.2303,-160.5486,38,NA,69,69,127
NA,2021,July,15,196,Baralof Bay,Shumagin Islands,55.2303,-160.5486,38,NA,72,72,124
NA,2021,July,15,196,Baralof Bay,Shumagin Islands,55.2303,-160.5486,38,NA,70,70,126
NA,2021,July,15,196,Baralof Bay,Shumagin Islands,55.2303,-160.5486,38,NA,69,69,127
NA,2021,July,15,196,Baralof Bay,Shumagin Islands,55.2303,-160.5486,38,NA,71,71,125
NA,2021,July,15,196,Baralof Bay,Shumagin Islands,55.2292,-160.5518,38,NA,70,70,126
NA,2021,July,15,196,Baralof Bay,Shumagin Islands,55.2292,-160.5518,38,NA,70,70,126
NA,2021,July,15,196,Baralof Bay,Shumagin Islands,55.2295,-160.5645,38,NA,69,69,127
NA,2021,July,15,196,Baralof Bay,Shumagin Islands,55.2295,-160.5645,38,NA,71,71,125
NA,2022,July,15,196,Baralof Bay,Shumagin Islands,55.2293,-160.5622,38,NA,74,74,122
NA,2022,July,15,196,Baralof Bay,Shumagin Islands,55.2304,-160.5484,38,NA,74,74,122
NA,2022,July,14,195,Falmouth Bay,Shumagin Islands,55.0692,-160.1136,38,NA,72,72,123
NA,2022,July,14,195,Falmouth Bay,Shumagin Islands,55.0685,-160.1127,38,NA,70,70,125
NA,2022,July,14,195,Falmouth Bay,Shumagin Islands,55.0685,-160.1127,38,NA,71,71,124
NA,2022,July,14,195,Falmouth Bay,Shumagin Islands,55.0685,-160.1127,38,NA,70,70,125
NA,2022,July,14,195,Falmouth Bay,Shumagin Islands,55.0685,-160.1127,38,NA,72,72,123
NA,2022,July,14,195,Falmouth Bay,Shumagin Islands,55.0685,-160.1127,38,NA,71,71,124
NA,2020,July,6,188,Agripina Bay,Agripina Bay,57.1045,-156.4714,38,NA,74,74,114
NA,2023,July,7,188,Agripina Bay,Agripina Bay,57.1049,-156.4585,38,NA,74,74,114
NA,2023,July,7,188,Agripina Bay,Agripina Bay,57.1046,-156.4714,38,NA,71,71,117
NA,2021,July,5,186,Agripina Bay,Agripina Bay,57.1073,-156.4562,38,NA,72,72,114
NA,2021,July,5,186,Agripina Bay,Agripina Bay,57.104,-156.4767,38,NA,72,72,114
NA,2021,July,5,186,Agripina Bay,Agripina Bay,57.104,-156.4767,38,NA,70,70,116
NA,2021,July,5,186,Agripina Bay,Agripina Bay,57.104,-156.4767,38,NA,72,72,114
NA,2022,July,4,185,Agripina Bay,Agripina Bay,57.1048,-156.4585,38,NA,74,74,111
NA,2023,June,29,180,Cook Bay,Eastern Kodiak,57.7796,-152.2638,38,NA,79,79,101
NA,2023,June,29,180,Cook Bay,Eastern Kodiak,57.7796,-152.2638,38,NA,80,80,100
NA,2023,June,29,180,Cook Bay,Eastern Kodiak,57.7796,-152.2638,38,NA,80,80,100
NA,2023,June,29,180,Cook Bay,Eastern Kodiak,57.7689,-152.2752,38,NA,80,80,100
NA,2023,June,29,180,Cook Bay,Eastern Kodiak,57.7689,-152.2752,38,NA,76,76,104
NA,2023,June,29,180,Cook Bay,Eastern Kodiak,57.7689,-152.2752,38,NA,80,80,100
NA,2018,Aug,1,213,Baralof Bay,Shumagin Islands,55.2293,-160.5518,39,NA,86,86,127
NA,2018,Aug,1,213,Baralof Bay,Shumagin Islands,55.2293,-160.5623,39,NA,86,86,127
NA,2018,Aug,1,213,Baralof Bay,Shumagin Islands,55.2293,-160.5623,39,NA,83,83,130
NA,2018,July,30,211,Falmouth Bay,Shumagin Islands,55.0691,-160.1299,39,NA,85,85,126
NA,2018,July,30,211,Falmouth Bay,Shumagin Islands,55.0691,-160.1299,39,NA,87,87,124
NA,2018,July,30,211,Falmouth Bay,Shumagin Islands,55.0691,-160.1299,39,NA,85,85,126
NA,2018,July,30,211,Falmouth Bay,Shumagin Islands,55.0694,-160.1137,39,NA,85,85,126
NA,2018,July,30,211,Falmouth Bay,Shumagin Islands,55.0694,-160.1137,39,NA,86,86,125
NA,2018,July,29,210,Falmouth Bay,Shumagin Islands,55.0684,-160.1125,39,NA,85,85,125
NA,2018,July,29,210,Falmouth Bay,Shumagin Islands,55.0669,-160.1267,39,NA,84,84,126
NA,2020,July,23,205,Baralof Bay,Shumagin Islands,55.2293,-160.5519,39,NA,76,76,129
NA,2023,July,24,205,Sand Point,Shumagin Islands,55.3203,-160.5207,39,NA,75,75,130
NA,2020,July,19,201,Falmouth Bay,Shumagin Islands,55.0668,-160.1265,39,NA,75,75,126
NA,2018,July,16,197,Agripina Bay,Agripina Bay,57.1094,-156.4599,39,NA,83,83,114
NA,2018,July,16,197,Agripina Bay,Agripina Bay,57.1071,-156.4565,39,NA,83,83,114
NA,2018,July,16,197,Agripina Bay,Agripina Bay,57.1045,-156.4712,39,NA,83,83,114
NA,2021,July,15,196,Baralof Bay,Shumagin Islands,55.2303,-160.5486,39,NA,73,73,123
NA,2021,July,15,196,Baralof Bay,Shumagin Islands,55.2303,-160.5486,39,NA,71,71,125
NA,2021,July,15,196,Baralof Bay,Shumagin Islands,55.2303,-160.5486,39,NA,71,71,125
NA,2021,July,15,196,Baralof Bay,Shumagin Islands,55.2303,-160.5486,39,NA,69,69,127
NA,2021,July,15,196,Baralof Bay,Shumagin Islands,55.2303,-160.5486,39,NA,69,69,127
NA,2021,July,15,196,Baralof Bay,Shumagin Islands,55.2303,-160.5486,39,NA,72,72,124
NA,2021,July,15,196,Baralof Bay,Shumagin Islands,55.2292,-160.5518,39,NA,69,69,127
NA,2021,July,15,196,Baralof Bay,Shumagin Islands,55.2295,-160.5645,39,NA,71,71,125
NA,2022,July,15,196,Baralof Bay,Shumagin Islands,55.2293,-160.5515,39,NA,73,73,123
NA,2022,July,14,195,Falmouth Bay,Shumagin Islands,55.0685,-160.1127,39,NA,74,74,121
NA,2022,July,14,195,Falmouth Bay,Shumagin Islands,55.0685,-160.1127,39,NA,71,71,124
NA,2023,July,7,188,Agripina Bay,Agripina Bay,57.1046,-156.4714,39,NA,73,73,115
NA,2021,July,5,186,Agripina Bay,Agripina Bay,57.1133,-156.4794,39,NA,71,71,115
NA,2021,July,5,186,Agripina Bay,Agripina Bay,57.1073,-156.4562,39,NA,72,72,114
NA,2021,July,5,186,Agripina Bay,Agripina Bay,57.1073,-156.4562,39,NA,71,71,115
NA,2021,July,5,186,Agripina Bay,Agripina Bay,57.1045,-156.4714,39,NA,73,73,113
NA,2021,July,5,186,Agripina Bay,Agripina Bay,57.104,-156.4767,39,NA,74,74,112
NA,2021,July,5,186,Agripina Bay,Agripina Bay,57.104,-156.4767,39,NA,72,72,114
NA,2021,July,5,186,Agripina Bay,Agripina Bay,57.104,-156.4767,39,NA,72,72,114
NA,2022,July,4,185,Agripina Bay,Agripina Bay,57.1046,-156.4717,39,NA,73,73,112
NA,2023,June,29,180,Cook Bay,Eastern Kodiak,57.7796,-152.2638,39,NA,81,81,99
NA,2023,June,29,180,Cook Bay,Eastern Kodiak,57.7796,-152.2638,39,NA,81,81,99
NA,2023,June,29,180,Cook Bay,Eastern Kodiak,57.7796,-152.2638,39,NA,80,80,100
NA,2023,June,29,180,Cook Bay,Eastern Kodiak,57.7689,-152.2752,39,NA,78,78,102
NA,2018,Aug,1,213,Baralof Bay,Shumagin Islands,55.2303,-160.5485,40,NA,85,85,128
NA,2018,Aug,1,213,Baralof Bay,Shumagin Islands,55.2293,-160.5518,40,NA,87,87,126
NA,2018,Aug,1,213,Baralof Bay,Shumagin Islands,55.2293,-160.5518,40,NA,85,85,128
NA,2018,Aug,1,213,Baralof Bay,Shumagin Islands,55.2293,-160.5518,40,NA,87,87,126
NA,2018,Aug,1,213,Baralof Bay,Shumagin Islands,55.2294,-160.5646,40,NA,87,87,126
NA,2018,July,30,211,Falmouth Bay,Shumagin Islands,55.0691,-160.1299,40,NA,86,86,125
NA,2018,July,30,211,Falmouth Bay,Shumagin Islands,55.0694,-160.1137,40,NA,84,84,127
NA,2018,July,29,210,Falmouth Bay,Shumagin Islands,55.0639,-160.1164,40,NA,86,86,124
NA,2018,July,29,210,Falmouth Bay,Shumagin Islands,55.0669,-160.1267,40,NA,87,87,123
NA,2018,July,29,210,Falmouth Bay,Shumagin Islands,55.0669,-160.1267,40,NA,84,84,126
NA,2020,July,23,205,Baralof Bay,Shumagin Islands,55.2293,-160.5519,40,NA,77,77,128
NA,2020,July,20,202,Sand Point,Shumagin Islands,55.3202,-160.5241,40,NA,77,77,125
NA,2020,July,20,202,Sand Point,Shumagin Islands,55.3202,-160.5241,40,NA,76,76,126
NA,2020,July,20,202,Sand Point,Shumagin Islands,55.3202,-160.5241,40,NA,74,74,128
NA,2020,July,20,202,Sand Point,Shumagin Islands,55.3202,-160.5241,40,NA,77,77,125
NA,2020,July,19,201,Falmouth Bay,Shumagin Islands,55.0668,-160.1265,40,NA,76,76,125
NA,2022,July,19,200,Sand Point,Shumagin Islands,55.3204,-160.5201,40,NA,74,74,126
NA,2022,July,19,200,Sand Point,Shumagin Islands,55.3201,-160.524,40,NA,77,77,123
NA,2023,July,19,200,Falmouth Bay,Shumagin Islands,55.0695,-160.114,40,NA,76,76,124
NA,2021,July,17,198,Falmouth Bay,Shumagin Islands,55.0689,-160.1297,40,NA,71,71,127
NA,2021,July,17,198,Sand Point,Shumagin Islands,55.3204,-160.5202,40,NA,73,73,125
NA,2023,July,17,198,Baralof Bay,Shumagin Islands,55.2308,-160.5677,40,NA,76,76,122
NA,2023,July,17,198,Baralof Bay,Shumagin Islands,55.2294,-160.5626,40,NA,76,76,122
NA,2023,July,17,198,Baralof Bay,Shumagin Islands,55.2294,-160.5626,40,NA,75,75,123
NA,2023,July,17,198,Baralof Bay,Shumagin Islands,55.2294,-160.5626,40,NA,76,76,122
NA,2023,July,17,198,Baralof Bay,Shumagin Islands,55.2294,-160.5626,40,NA,75,75,123
NA,2023,July,17,198,Baralof Bay,Shumagin Islands,55.2293,-160.5518,40,NA,75,75,123
NA,2023,July,17,198,Baralof Bay,Shumagin Islands,55.2197,-160.5484,40,NA,72,72,126
NA,2018,July,16,197,Agripina Bay,Agripina Bay,57.1047,-156.4584,40,NA,84,84,113
NA,2018,July,16,197,Agripina Bay,Agripina Bay,57.1094,-156.4599,40,NA,84,84,113
NA,2018,July,16,197,Agripina Bay,Agripina Bay,57.1071,-156.4565,40,NA,85,85,112
NA,2018,July,16,197,Agripina Bay,Agripina Bay,57.1071,-156.4565,40,NA,84,84,113
NA,2018,July,16,197,Agripina Bay,Agripina Bay,57.1045,-156.4712,40,NA,84,84,113
NA,2018,July,16,197,Agripina Bay,Agripina Bay,57.104,-156.4766,40,NA,85,85,112
NA,2018,July,16,197,Agripina Bay,Agripina Bay,57.104,-156.4766,40,NA,87,87,110
NA,2018,July,16,197,Agripina Bay,Agripina Bay,57.104,-156.4766,40,NA,86,86,111
NA,2021,July,15,196,Baralof Bay,Shumagin Islands,55.2303,-160.5486,40,NA,72,72,124
NA,2021,July,15,196,Baralof Bay,Shumagin Islands,55.2292,-160.5518,40,NA,74,74,122
NA,2022,July,15,196,Baralof Bay,Shumagin Islands,55.2304,-160.5484,40,NA,76,76,120
NA,2022,July,14,195,Falmouth Bay,Shumagin Islands,55.0692,-160.1136,40,NA,75,75,120
NA,2022,July,14,195,Falmouth Bay,Shumagin Islands,55.0692,-160.1136,40,NA,75,75,120
NA,2022,July,14,195,Falmouth Bay,Shumagin Islands,55.0692,-160.1136,40,NA,76,76,119
NA,2022,July,14,195,Falmouth Bay,Shumagin Islands,55.0692,-160.1136,40,NA,74,74,121
NA,2022,July,14,195,Falmouth Bay,Shumagin Islands,55.0692,-160.1136,40,NA,75,75,120
NA,2022,July,14,195,Falmouth Bay,Shumagin Islands,55.0692,-160.1136,40,NA,73,73,122
NA,2022,July,14,195,Falmouth Bay,Shumagin Islands,55.0685,-160.1127,40,NA,73,73,122
NA,2022,July,14,195,Falmouth Bay,Shumagin Islands,55.0685,-160.1127,40,NA,74,74,121
NA,2019,July,7,188,Agripina Bay,Agripina Bay,57.105,-156.4581,40,NA,75,75,113
NA,2019,July,7,188,Agripina Bay,Agripina Bay,57.1071,-156.4564,40,NA,76,76,112
NA,2020,July,6,188,Agripina Bay,Agripina Bay,57.1092,-156.4602,40,NA,75,75,113
NA,2023,July,7,188,Agripina Bay,Agripina Bay,57.1046,-156.4714,40,NA,74,74,114
NA,2023,July,7,188,Agripina Bay,Agripina Bay,57.1046,-156.4714,40,NA,73,73,115
NA,2023,July,7,188,Agripina Bay,Agripina Bay,57.1046,-156.4714,40,NA,74,74,114
NA,2023,July,7,188,Agripina Bay,Agripina Bay,57.1046,-156.4714,40,NA,76,76,112
NA,2023,July,7,188,Agripina Bay,Agripina Bay,57.1046,-156.4714,40,NA,77,77,111
NA,2021,July,5,186,Agripina Bay,Agripina Bay,57.1133,-156.4794,40,NA,74,74,112
NA,2021,July,5,186,Agripina Bay,Agripina Bay,57.104,-156.4767,40,NA,74,74,112
NA,2021,July,5,186,Agripina Bay,Agripina Bay,57.104,-156.4767,40,NA,73,73,113
NA,2022,July,4,185,Agripina Bay,Agripina Bay,57.1048,-156.4585,40,NA,77,77,108
NA,2022,July,4,185,Agripina Bay,Agripina Bay,57.1093,-156.4602,40,NA,76,76,109
NA,2023,June,29,180,Cook Bay,Eastern Kodiak,57.7689,-152.2752,40,NA,81,81,99
NA,2018,Aug,1,213,Baralof Bay,Shumagin Islands,55.2303,-160.5485,41,NA,88,88,125
NA,2018,Aug,1,213,Baralof Bay,Shumagin Islands,55.2303,-160.5485,41,NA,89,89,124
NA,2018,Aug,1,213,Baralof Bay,Shumagin Islands,55.2293,-160.5518,41,NA,85,85,128
NA,2018,Aug,1,213,Baralof Bay,Shumagin Islands,55.2294,-160.5646,41,NA,89,89,124
NA,2018,Aug,1,213,Baralof Bay,Shumagin Islands,55.2294,-160.5646,41,NA,87,87,126
NA,2018,Aug,1,213,Baralof Bay,Shumagin Islands,55.2294,-160.5646,41,NA,89,89,124
NA,2018,July,30,211,Falmouth Bay,Shumagin Islands,55.0691,-160.1299,41,NA,87,87,124
NA,2018,July,30,211,Falmouth Bay,Shumagin Islands,55.0691,-160.1299,41,NA,86,86,125
NA,2018,July,30,211,Falmouth Bay,Shumagin Islands,55.0691,-160.1299,41,NA,89,89,122
NA,2018,July,30,211,Falmouth Bay,Shumagin Islands,55.0691,-160.1299,41,NA,88,88,123
NA,2018,July,30,211,Falmouth Bay,Shumagin Islands,55.0694,-160.1137,41,NA,88,88,123
NA,2018,July,30,211,Falmouth Bay,Shumagin Islands,55.0694,-160.1137,41,NA,88,88,123
NA,2018,July,30,211,Falmouth Bay,Shumagin Islands,55.0694,-160.1137,41,NA,88,88,123
NA,2018,July,30,211,Falmouth Bay,Shumagin Islands,55.0694,-160.1137,41,NA,86,86,125
NA,2018,July,29,210,Falmouth Bay,Shumagin Islands,55.0684,-160.1125,41,NA,88,88,122
NA,2018,July,29,210,Falmouth Bay,Shumagin Islands,55.0639,-160.1164,41,NA,86,86,124
NA,2018,July,29,210,Falmouth Bay,Shumagin Islands,55.0639,-160.1164,41,NA,87,87,123
NA,2018,July,29,210,Falmouth Bay,Shumagin Islands,55.0639,-160.1164,41,NA,88,88,122
NA,2018,July,29,210,Falmouth Bay,Shumagin Islands,55.0639,-160.1164,41,NA,88,88,122
NA,2018,July,29,210,Falmouth Bay,Shumagin Islands,55.0639,-160.1164,41,NA,88,88,122
NA,2018,July,29,210,Falmouth Bay,Shumagin Islands,55.0669,-160.1267,41,NA,86,86,124
NA,2018,July,29,210,Falmouth Bay,Shumagin Islands,55.0669,-160.1267,41,NA,86,86,124
NA,2018,July,29,210,Falmouth Bay,Shumagin Islands,55.0669,-160.1267,41,NA,88,88,122
NA,2018,July,29,210,Falmouth Bay,Shumagin Islands,55.0669,-160.1267,41,NA,86,86,124
NA,2018,July,29,210,Falmouth Bay,Shumagin Islands,55.0669,-160.1267,41,NA,89,89,121
NA,2020,July,23,205,Baralof Bay,Shumagin Islands,55.2293,-160.5519,41,NA,75,75,130
NA,2020,July,23,205,Baralof Bay,Shumagin Islands,55.2293,-160.5519,41,NA,77,77,128
NA,2020,July,20,202,Sand Point,Shumagin Islands,55.3204,-160.5204,41,NA,78,78,124
NA,2020,July,20,202,Sand Point,Shumagin Islands,55.3202,-160.5241,41,NA,76,76,126
NA,2020,July,20,202,Sand Point,Shumagin Islands,55.3202,-160.5241,41,NA,75,75,127
NA,2020,July,19,201,Falmouth Bay,Shumagin Islands,55.0693,-160.1138,41,NA,76,76,125
NA,2020,July,19,201,Falmouth Bay,Shumagin Islands,55.0689,-160.1296,41,NA,76,76,125
NA,2023,July,19,200,Falmouth Bay,Shumagin Islands,55.0695,-160.114,41,NA,76,76,124
NA,2023,July,19,200,Falmouth Bay,Shumagin Islands,55.0686,-160.1128,41,NA,78,78,122
NA,2021,July,17,198,Falmouth Bay,Shumagin Islands,55.0689,-160.1297,41,NA,72,72,126
NA,2023,July,17,198,Baralof Bay,Shumagin Islands,55.2294,-160.5626,41,NA,77,77,121
NA,2023,July,17,198,Baralof Bay,Shumagin Islands,55.2197,-160.5484,41,NA,74,74,124
NA,2023,July,17,198,Baralof Bay,Shumagin Islands,55.2197,-160.5484,41,NA,76,76,122
NA,2023,July,17,198,Baralof Bay,Shumagin Islands,55.2197,-160.5484,41,NA,77,77,121
NA,2023,July,17,198,Baralof Bay,Shumagin Islands,55.2197,-160.5484,41,NA,78,78,120
NA,2018,July,16,197,Agripina Bay,Agripina Bay,57.1132,-156.4796,41,NA,89,89,108
NA,2018,July,16,197,Agripina Bay,Agripina Bay,57.1047,-156.4584,41,NA,87,87,110
NA,2018,July,16,197,Agripina Bay,Agripina Bay,57.1094,-156.4599,41,NA,87,87,110
NA,2018,July,16,197,Agripina Bay,Agripina Bay,57.1094,-156.4599,41,NA,87,87,110
NA,2018,July,16,197,Agripina Bay,Agripina Bay,57.1094,-156.4599,41,NA,89,89,108
NA,2018,July,16,197,Agripina Bay,Agripina Bay,57.1094,-156.4599,41,NA,86,86,111
NA,2018,July,16,197,Agripina Bay,Agripina Bay,57.1094,-156.4599,41,NA,89,89,108
NA,2018,July,16,197,Agripina Bay,Agripina Bay,57.1071,-156.4565,41,NA,88,88,109
NA,2018,July,16,197,Agripina Bay,Agripina Bay,57.1071,-156.4565,41,NA,85,85,112
NA,2018,July,16,197,Agripina Bay,Agripina Bay,57.1071,-156.4565,41,NA,85,85,112
NA,2018,July,16,197,Agripina Bay,Agripina Bay,57.1071,-156.4565,41,NA,86,86,111
NA,2018,July,16,197,Agripina Bay,Agripina Bay,57.1071,-156.4565,41,NA,86,86,111
NA,2018,July,16,197,Agripina Bay,Agripina Bay,57.1045,-156.4712,41,NA,89,89,108
NA,2018,July,16,197,Agripina Bay,Agripina Bay,57.1045,-156.4712,41,NA,86,86,111
NA,2018,July,16,197,Agripina Bay,Agripina Bay,57.1045,-156.4712,41,NA,85,85,112
NA,2018,July,16,197,Agripina Bay,Agripina Bay,57.104,-156.4766,41,NA,85,85,112
NA,2021,July,15,196,Baralof Bay,Shumagin Islands,55.2303,-160.5486,41,NA,75,75,121
NA,2021,July,15,196,Baralof Bay,Shumagin Islands,55.2303,-160.5486,41,NA,73,73,123
NA,2021,July,15,196,Baralof Bay,Shumagin Islands,55.2303,-160.5486,41,NA,75,75,121
NA,2021,July,15,196,Baralof Bay,Shumagin Islands,55.2303,-160.5486,41,NA,73,73,123
NA,2022,July,15,196,Baralof Bay,Shumagin Islands,55.2293,-160.5622,41,NA,74,74,122
NA,2022,July,15,196,Baralof Bay,Shumagin Islands,55.2293,-160.5622,41,NA,78,78,118
NA,2022,July,15,196,Baralof Bay,Shumagin Islands,55.2293,-160.5622,41,NA,76,76,120
NA,2022,July,15,196,Baralof Bay,Shumagin Islands,55.2293,-160.5515,41,NA,75,75,121
NA,2022,July,15,196,Baralof Bay,Shumagin Islands,55.2304,-160.5484,41,NA,75,75,121
NA,2022,July,14,195,Falmouth Bay,Shumagin Islands,55.0685,-160.1127,41,NA,77,77,118
NA,2022,July,14,195,Falmouth Bay,Shumagin Islands,55.0685,-160.1127,41,NA,74,74,121
NA,2022,July,14,195,Falmouth Bay,Shumagin Islands,55.0685,-160.1127,41,NA,74,74,121
NA,2022,July,14,195,Falmouth Bay,Shumagin Islands,55.0685,-160.1127,41,NA,76,76,119
NA,2020,July,6,188,Agripina Bay,Agripina Bay,57.1045,-156.4714,41,NA,77,77,111
NA,2023,July,7,188,Agripina Bay,Agripina Bay,57.1049,-156.4585,41,NA,78,78,110
NA,2023,July,7,188,Agripina Bay,Agripina Bay,57.1046,-156.4714,41,NA,74,74,114
NA,2023,July,7,188,Agripina Bay,Agripina Bay,57.1046,-156.4714,41,NA,76,76,112
NA,2023,July,7,188,Agripina Bay,Agripina Bay,57.1046,-156.4714,41,NA,77,77,111
NA,2023,July,7,188,Agripina Bay,Agripina Bay,57.1046,-156.4714,41,NA,78,78,110
NA,2021,July,5,186,Agripina Bay,Agripina Bay,57.1133,-156.4794,41,NA,75,75,111
NA,2021,July,5,186,Agripina Bay,Agripina Bay,57.1133,-156.4794,41,NA,75,75,111
NA,2021,July,5,186,Agripina Bay,Agripina Bay,57.1073,-156.4562,41,NA,76,76,110
NA,2021,July,5,186,Agripina Bay,Agripina Bay,57.1073,-156.4562,41,NA,75,75,111
NA,2021,July,5,186,Agripina Bay,Agripina Bay,57.1073,-156.4562,41,NA,76,76,110
NA,2021,July,5,186,Agripina Bay,Agripina Bay,57.104,-156.4767,41,NA,73,73,113
NA,2022,July,4,185,Agripina Bay,Agripina Bay,57.1132,-156.4796,41,NA,75,75,110
NA,2022,July,4,185,Agripina Bay,Agripina Bay,57.1048,-156.4585,41,NA,76,76,109
NA,2022,July,4,185,Agripina Bay,Agripina Bay,57.1048,-156.4585,41,NA,75,75,110
NA,2023,July,3,184,Kaiugnak Bay,Kaiugnak Bay,57.0607,-153.7889,41,NA,76,76,108
NA,2023,July,3,184,Kaiugnak Bay,Kaiugnak Bay,57.0708,-153.6747,41,NA,72,72,112
NA,2023,July,3,184,Kaiugnak Bay,Kaiugnak Bay,57.0708,-153.6747,41,NA,74,74,110
NA,2023,July,3,184,Kaiugnak Bay,Kaiugnak Bay,57.0572,-153.6348,41,NA,74,74,110
NA,2023,June,29,180,Cook Bay,Eastern Kodiak,57.7796,-152.2638,41,NA,83,83,97
NA,2023,June,29,180,Cook Bay,Eastern Kodiak,57.7796,-152.2638,41,NA,82,82,98
NA,2023,June,29,180,Cook Bay,Eastern Kodiak,57.7689,-152.2752,41,NA,83,83,97
NA,2023,June,29,180,Cook Bay,Eastern Kodiak,57.7689,-152.2752,41,NA,81,81,99
NA,2023,June,29,180,Cook Bay,Eastern Kodiak,57.7689,-152.2752,41,NA,83,83,97
NA,2018,Aug,1,213,Baralof Bay,Shumagin Islands,55.228,-160.5598,42,NA,87,87,126
NA,2018,Aug,1,213,Baralof Bay,Shumagin Islands,55.228,-160.5598,42,NA,91,91,122
NA,2018,Aug,1,213,Baralof Bay,Shumagin Islands,55.228,-160.5598,42,NA,91,91,122
NA,2018,Aug,1,213,Baralof Bay,Shumagin Islands,55.2303,-160.5485,42,NA,91,91,122
NA,2018,Aug,1,213,Baralof Bay,Shumagin Islands,55.2303,-160.5485,42,NA,91,91,122
NA,2018,Aug,1,213,Baralof Bay,Shumagin Islands,55.2293,-160.5518,42,NA,87,87,126
NA,2018,Aug,1,213,Baralof Bay,Shumagin Islands,55.2293,-160.5518,42,NA,90,90,123
NA,2018,Aug,1,213,Baralof Bay,Shumagin Islands,55.2293,-160.5518,42,NA,89,89,124
NA,2018,Aug,1,213,Baralof Bay,Shumagin Islands,55.2293,-160.5518,42,NA,90,90,123
NA,2018,Aug,1,213,Baralof Bay,Shumagin Islands,55.2293,-160.5623,42,NA,90,90,123
NA,2018,Aug,1,213,Baralof Bay,Shumagin Islands,55.2293,-160.5623,42,NA,87,87,126
NA,2018,Aug,1,213,Baralof Bay,Shumagin Islands,55.2307,-160.5694,42,NA,89,89,124
NA,2018,July,30,211,Falmouth Bay,Shumagin Islands,55.0691,-160.1299,42,NA,88,88,123
NA,2018,July,30,211,Falmouth Bay,Shumagin Islands,55.0694,-160.1137,42,NA,89,89,122
NA,2018,July,30,211,Falmouth Bay,Shumagin Islands,55.0694,-160.1137,42,NA,89,89,122
NA,2018,July,29,210,Falmouth Bay,Shumagin Islands,55.0639,-160.1164,42,NA,87,87,123
NA,2018,July,29,210,Falmouth Bay,Shumagin Islands,55.0639,-160.1164,42,NA,90,90,120
NA,2018,July,29,210,Falmouth Bay,Shumagin Islands,55.0639,-160.1164,42,NA,87,87,123
NA,2018,July,29,210,Falmouth Bay,Shumagin Islands,55.0639,-160.1164,42,NA,88,88,122
NA,2018,July,29,210,Falmouth Bay,Shumagin Islands,55.0639,-160.1164,42,NA,90,90,120
NA,2018,July,29,210,Falmouth Bay,Shumagin Islands,55.0639,-160.1164,42,NA,88,88,122
NA,2018,July,29,210,Falmouth Bay,Shumagin Islands,55.0669,-160.1267,42,NA,89,89,121
NA,2018,July,29,210,Falmouth Bay,Shumagin Islands,55.0669,-160.1267,42,NA,88,88,122
NA,2018,July,29,210,Falmouth Bay,Shumagin Islands,55.0669,-160.1267,42,NA,87,87,123
NA,2018,July,29,210,Falmouth Bay,Shumagin Islands,55.0669,-160.1267,42,NA,87,87,123
NA,2018,July,29,210,Falmouth Bay,Shumagin Islands,55.0669,-160.1267,42,NA,89,89,121
NA,2020,July,23,205,Baralof Bay,Shumagin Islands,55.2309,-160.5682,42,NA,80,80,125
NA,2020,July,23,205,Baralof Bay,Shumagin Islands,55.2293,-160.5519,42,NA,78,78,127
NA,2020,July,23,205,Baralof Bay,Shumagin Islands,55.2293,-160.5623,42,NA,77,77,128
NA,2020,July,23,205,Baralof Bay,Shumagin Islands,55.2293,-160.5623,42,NA,79,79,126
NA,2020,July,20,202,Sand Point,Shumagin Islands,55.3204,-160.5204,42,NA,76,76,126
NA,2020,July,20,202,Sand Point,Shumagin Islands,55.3204,-160.5204,42,NA,77,77,125
NA,2020,July,20,202,Sand Point,Shumagin Islands,55.3202,-160.5241,42,NA,79,79,123
NA,2020,July,20,202,Sand Point,Shumagin Islands,55.3202,-160.5241,42,NA,77,77,125
NA,2020,July,20,202,Sand Point,Shumagin Islands,55.3202,-160.5241,42,NA,79,79,123
NA,2020,July,20,202,Sand Point,Shumagin Islands,55.3202,-160.5241,42,NA,79,79,123
NA,2020,July,20,202,Sand Point,Shumagin Islands,55.3202,-160.5241,42,NA,78,78,124
NA,2020,July,20,202,Sand Point,Shumagin Islands,55.3202,-160.5241,42,NA,77,77,125
NA,2020,July,20,202,Sand Point,Shumagin Islands,55.3202,-160.5241,42,NA,77,77,125
NA,2020,July,20,202,Sand Point,Shumagin Islands,55.3202,-160.5241,42,NA,77,77,125
NA,2020,July,20,202,Sand Point,Shumagin Islands,55.3202,-160.5241,42,NA,77,77,125
NA,2020,July,19,201,Falmouth Bay,Shumagin Islands,55.0689,-160.1296,42,NA,79,79,122
NA,2020,July,19,201,Falmouth Bay,Shumagin Islands,55.0668,-160.1265,42,NA,78,78,123
NA,2020,July,19,201,Falmouth Bay,Shumagin Islands,55.0668,-160.1265,42,NA,77,77,124
NA,2020,July,19,201,Falmouth Bay,Shumagin Islands,55.0668,-160.1265,42,NA,77,77,124
NA,2020,July,19,201,Falmouth Bay,Shumagin Islands,55.0668,-160.1265,42,NA,78,78,123
NA,2023,July,19,200,Falmouth Bay,Shumagin Islands,55.0695,-160.114,42,NA,79,79,121
NA,2023,July,19,200,Falmouth Bay,Shumagin Islands,55.0695,-160.114,42,NA,77,77,123
NA,2021,July,17,198,Falmouth Bay,Shumagin Islands,55.0689,-160.1297,42,NA,74,74,124
NA,2021,July,17,198,Falmouth Bay,Shumagin Islands,55.0689,-160.1297,42,NA,77,77,121
NA,2021,July,17,198,Sand Point,Shumagin Islands,55.3204,-160.5202,42,NA,75,75,123
NA,2021,July,17,198,Sand Point,Shumagin Islands,55.3204,-160.5202,42,NA,74,74,124
NA,2021,July,17,198,Sand Point,Shumagin Islands,55.3204,-160.5202,42,NA,74,74,124
NA,2023,July,17,198,Baralof Bay,Shumagin Islands,55.2294,-160.5626,42,NA,75,75,123
NA,2023,July,17,198,Baralof Bay,Shumagin Islands,55.2294,-160.5626,42,NA,77,77,121
NA,2023,July,17,198,Baralof Bay,Shumagin Islands,55.2293,-160.5518,42,NA,79,79,119
NA,2023,July,17,198,Baralof Bay,Shumagin Islands,55.2293,-160.5518,42,NA,75,75,123
NA,2023,July,17,198,Baralof Bay,Shumagin Islands,55.2197,-160.5484,42,NA,79,79,119
NA,2023,July,17,198,Baralof Bay,Shumagin Islands,55.2197,-160.5484,42,NA,79,79,119
NA,2023,July,17,198,Baralof Bay,Shumagin Islands,55.2197,-160.5484,42,NA,75,75,123
NA,2023,July,17,198,Baralof Bay,Shumagin Islands,55.2197,-160.5484,42,NA,77,77,121
NA,2023,July,17,198,Baralof Bay,Shumagin Islands,55.2197,-160.5484,42,NA,76,76,122
NA,2023,July,17,198,Baralof Bay,Shumagin Islands,55.2197,-160.5484,42,NA,78,78,120
NA,2018,July,16,197,Agripina Bay,Agripina Bay,57.1047,-156.4584,42,NA,90,90,107
NA,2018,July,16,197,Agripina Bay,Agripina Bay,57.1047,-156.4584,42,NA,88,88,109
NA,2018,July,16,197,Agripina Bay,Agripina Bay,57.1047,-156.4584,42,NA,86,86,111
NA,2018,July,16,197,Agripina Bay,Agripina Bay,57.1047,-156.4584,42,NA,89,89,108
NA,2018,July,16,197,Agripina Bay,Agripina Bay,57.1094,-156.4599,42,NA,88,88,109
NA,2018,July,16,197,Agripina Bay,Agripina Bay,57.1094,-156.4599,42,NA,87,87,110
NA,2018,July,16,197,Agripina Bay,Agripina Bay,57.1094,-156.4599,42,NA,86,86,111
NA,2018,July,16,197,Agripina Bay,Agripina Bay,57.1094,-156.4599,42,NA,90,90,107
NA,2018,July,16,197,Agripina Bay,Agripina Bay,57.1094,-156.4599,42,NA,90,90,107
NA,2018,July,16,197,Agripina Bay,Agripina Bay,57.1071,-156.4565,42,NA,89,89,108
NA,2018,July,16,197,Agripina Bay,Agripina Bay,57.1071,-156.4565,42,NA,87,87,110
NA,2018,July,16,197,Agripina Bay,Agripina Bay,57.1071,-156.4565,42,NA,88,88,109
NA,2018,July,16,197,Agripina Bay,Agripina Bay,57.1071,-156.4565,42,NA,88,88,109
NA,2018,July,16,197,Agripina Bay,Agripina Bay,57.1071,-156.4565,42,NA,87,87,110
NA,2018,July,16,197,Agripina Bay,Agripina Bay,57.1071,-156.4565,42,NA,89,89,108
NA,2018,July,16,197,Agripina Bay,Agripina Bay,57.1071,-156.4565,42,NA,87,87,110
NA,2018,July,16,197,Agripina Bay,Agripina Bay,57.1045,-156.4712,42,NA,89,89,108
NA,2018,July,16,197,Agripina Bay,Agripina Bay,57.1045,-156.4712,42,NA,90,90,107
NA,2018,July,16,197,Agripina Bay,Agripina Bay,57.104,-156.4766,42,NA,88,88,109
NA,2018,July,16,197,Agripina Bay,Agripina Bay,57.104,-156.4766,42,NA,89,89,108
NA,2018,July,16,197,Agripina Bay,Agripina Bay,57.104,-156.4766,42,NA,89,89,108
NA,2018,July,16,197,Agripina Bay,Agripina Bay,57.104,-156.4766,42,NA,89,89,108
NA,2018,July,16,197,Agripina Bay,Agripina Bay,57.104,-156.4766,42,NA,90,90,107
NA,2018,July,16,197,Agripina Bay,Agripina Bay,57.104,-156.4766,42,NA,89,89,108
NA,2018,July,16,197,Agripina Bay,Agripina Bay,57.104,-156.4766,42,NA,87,87,110
NA,2018,July,16,197,Agripina Bay,Agripina Bay,57.104,-156.4766,42,NA,87,87,110
NA,2021,July,15,196,Baralof Bay,Shumagin Islands,55.2303,-160.5486,42,NA,74,74,122
NA,2021,July,15,196,Baralof Bay,Shumagin Islands,55.2303,-160.5486,42,NA,76,76,120
NA,2021,July,15,196,Baralof Bay,Shumagin Islands,55.2303,-160.5486,42,NA,75,75,121
NA,2021,July,15,196,Baralof Bay,Shumagin Islands,55.2303,-160.5486,42,NA,73,73,123
NA,2021,July,15,196,Baralof Bay,Shumagin Islands,55.2303,-160.5486,42,NA,75,75,121
NA,2021,July,15,196,Baralof Bay,Shumagin Islands,55.2303,-160.5486,42,NA,76,76,120
NA,2021,July,15,196,Baralof Bay,Shumagin Islands,55.2292,-160.5518,42,NA,76,76,120
NA,2021,July,15,196,Baralof Bay,Shumagin Islands,55.2292,-160.5518,42,NA,75,75,121
NA,2022,July,15,196,Baralof Bay,Shumagin Islands,55.2311,-160.5681,42,NA,78,78,118
NA,2022,July,15,196,Baralof Bay,Shumagin Islands,55.2293,-160.5622,42,NA,78,78,118
NA,2022,July,15,196,Baralof Bay,Shumagin Islands,55.2293,-160.5515,42,NA,79,79,117
NA,2022,July,15,196,Baralof Bay,Shumagin Islands,55.2293,-160.5515,42,NA,79,79,117
NA,2022,July,15,196,Baralof Bay,Shumagin Islands,55.2293,-160.5515,42,NA,79,79,117
NA,2022,July,15,196,Baralof Bay,Shumagin Islands,55.2293,-160.5515,42,NA,79,79,117
NA,2022,July,15,196,Baralof Bay,Shumagin Islands,55.2304,-160.5484,42,NA,76,76,120
NA,2022,July,15,196,Baralof Bay,Shumagin Islands,55.2304,-160.5484,42,NA,77,77,119
NA,2022,July,14,195,Falmouth Bay,Shumagin Islands,55.0692,-160.1136,42,NA,75,75,120
NA,2022,July,14,195,Falmouth Bay,Shumagin Islands,55.0692,-160.1136,42,NA,78,78,117
NA,2022,July,14,195,Falmouth Bay,Shumagin Islands,55.0685,-160.1127,42,NA,77,77,118
NA,2022,July,14,195,Falmouth Bay,Shumagin Islands,55.0685,-160.1127,42,NA,76,76,119
NA,2022,July,14,195,Falmouth Bay,Shumagin Islands,55.0685,-160.1127,42,NA,79,79,116
NA,2022,July,14,195,Falmouth Bay,Shumagin Islands,55.0669,-160.1266,42,NA,77,77,118
NA,2019,July,7,188,Agripina Bay,Agripina Bay,57.105,-156.4581,42,NA,80,80,108
NA,2020,July,6,188,Agripina Bay,Agripina Bay,57.1045,-156.4714,42,NA,78,78,110
NA,2023,July,7,188,Agripina Bay,Agripina Bay,57.1092,-156.4602,42,NA,77,77,111
NA,2023,July,7,188,Agripina Bay,Agripina Bay,57.1049,-156.4585,42,NA,77,77,111
NA,2023,July,7,188,Agripina Bay,Agripina Bay,57.1049,-156.4585,42,NA,77,77,111
NA,2023,July,7,188,Agripina Bay,Agripina Bay,57.1046,-156.4714,42,NA,80,80,108
NA,2021,July,5,186,Agripina Bay,Agripina Bay,57.1073,-156.4562,42,NA,78,78,108
NA,2021,July,5,186,Agripina Bay,Agripina Bay,57.1073,-156.4562,42,NA,75,75,111
NA,2021,July,5,186,Agripina Bay,Agripina Bay,57.1073,-156.4562,42,NA,77,77,109
NA,2021,July,5,186,Agripina Bay,Agripina Bay,57.1073,-156.4562,42,NA,75,75,111
NA,2021,July,5,186,Agripina Bay,Agripina Bay,57.1073,-156.4562,42,NA,77,77,109
NA,2021,July,5,186,Agripina Bay,Agripina Bay,57.1073,-156.4562,42,NA,77,77,109
NA,2021,July,5,186,Agripina Bay,Agripina Bay,57.104,-156.4767,42,NA,76,76,110
NA,2021,July,5,186,Agripina Bay,Agripina Bay,57.104,-156.4767,42,NA,77,77,109
NA,2021,July,5,186,Agripina Bay,Agripina Bay,57.104,-156.4767,42,NA,74,74,112
NA,2021,July,5,186,Agripina Bay,Agripina Bay,57.104,-156.4767,42,NA,75,75,111
NA,2022,July,4,185,Agripina Bay,Agripina Bay,57.1132,-156.4796,42,NA,77,77,108
NA,2022,July,4,185,Agripina Bay,Agripina Bay,57.1048,-156.4585,42,NA,78,78,107
NA,2022,July,4,185,Agripina Bay,Agripina Bay,57.1048,-156.4585,42,NA,77,77,108
NA,2022,July,4,185,Agripina Bay,Agripina Bay,57.1093,-156.4602,42,NA,79,79,106
NA,2022,July,4,185,Agripina Bay,Agripina Bay,57.1093,-156.4602,42,NA,79,79,106
NA,2022,July,4,185,Agripina Bay,Agripina Bay,57.1046,-156.4717,42,NA,79,79,106
NA,2023,July,3,184,Kaiugnak Bay,Kaiugnak Bay,57.0607,-153.7889,42,NA,77,77,107
NA,2023,July,3,184,Kaiugnak Bay,Kaiugnak Bay,57.0558,-153.6505,42,NA,77,77,107
NA,2023,June,29,180,Cook Bay,Eastern Kodiak,57.7689,-152.2752,42,NA,82,82,98
NA,2023,June,29,180,Cook Bay,Eastern Kodiak,57.7689,-152.2752,42,NA,82,82,98
NA,2023,June,29,180,Cook Bay,Eastern Kodiak,57.7689,-152.2752,42,NA,83,83,97
NA,2023,June,29,180,Cook Bay,Eastern Kodiak,57.7689,-152.2752,42,NA,83,83,97
NA,2018,Aug,1,213,Baralof Bay,Shumagin Islands,55.228,-160.5598,43,NA,88,88,125
NA,2018,Aug,1,213,Baralof Bay,Shumagin Islands,55.228,-160.5598,43,NA,89,89,124
NA,2018,Aug,1,213,Baralof Bay,Shumagin Islands,55.228,-160.5598,43,NA,89,89,124
NA,2018,Aug,1,213,Baralof Bay,Shumagin Islands,55.228,-160.5598,43,NA,91,91,122
NA,2018,Aug,1,213,Baralof Bay,Shumagin Islands,55.228,-160.5598,43,NA,91,91,122
NA,2018,Aug,1,213,Baralof Bay,Shumagin Islands,55.2303,-160.5485,43,NA,91,91,122
NA,2018,Aug,1,213,Baralof Bay,Shumagin Islands,55.2294,-160.5646,43,NA,91,91,122
NA,2018,Aug,1,213,Baralof Bay,Shumagin Islands,55.2294,-160.5646,43,NA,90,90,123
NA,2018,Aug,1,213,Baralof Bay,Shumagin Islands,55.2294,-160.5646,43,NA,89,89,124
NA,2018,July,30,211,Falmouth Bay,Shumagin Islands,55.0691,-160.1299,43,NA,88,88,123
NA,2018,July,30,211,Falmouth Bay,Shumagin Islands,55.0691,-160.1299,43,NA,89,89,122
NA,2018,July,30,211,Falmouth Bay,Shumagin Islands,55.0691,-160.1299,43,NA,89,89,122
NA,2018,July,30,211,Falmouth Bay,Shumagin Islands,55.0691,-160.1299,43,NA,91,91,120
NA,2018,July,30,211,Falmouth Bay,Shumagin Islands,55.0694,-160.1137,43,NA,90,90,121
NA,2018,July,30,211,Falmouth Bay,Shumagin Islands,55.0694,-160.1137,43,NA,88,88,123
NA,2018,July,30,211,Falmouth Bay,Shumagin Islands,55.0694,-160.1137,43,NA,90,90,121
NA,2018,July,30,211,Falmouth Bay,Shumagin Islands,55.0694,-160.1137,43,NA,91,91,120
NA,2018,July,29,210,Falmouth Bay,Shumagin Islands,55.0684,-160.1125,43,NA,90,90,120
NA,2018,July,29,210,Falmouth Bay,Shumagin Islands,55.0684,-160.1125,43,NA,88,88,122
NA,2018,July,29,210,Falmouth Bay,Shumagin Islands,55.0684,-160.1125,43,NA,90,90,120
NA,2018,July,29,210,Falmouth Bay,Shumagin Islands,55.0684,-160.1125,43,NA,89,89,121
NA,2018,July,29,210,Falmouth Bay,Shumagin Islands,55.0639,-160.1164,43,NA,89,89,121
NA,2018,July,29,210,Falmouth Bay,Shumagin Islands,55.0639,-160.1164,43,NA,88,88,122
NA,2018,July,29,210,Falmouth Bay,Shumagin Islands,55.0639,-160.1164,43,NA,90,90,120
NA,2018,July,29,210,Falmouth Bay,Shumagin Islands,55.0639,-160.1164,43,NA,90,90,120
NA,2018,July,29,210,Falmouth Bay,Shumagin Islands,55.0639,-160.1164,43,NA,90,90,120
NA,2018,July,29,210,Falmouth Bay,Shumagin Islands,55.0669,-160.1267,43,NA,89,89,121
NA,2018,July,29,210,Falmouth Bay,Shumagin Islands,55.0669,-160.1267,43,NA,88,88,122
NA,2018,July,29,210,Falmouth Bay,Shumagin Islands,55.0669,-160.1267,43,NA,88,88,122
NA,2018,July,26,207,Sand Point,Shumagin Islands,55.2535,-160.5241,43,NA,91,91,116
NA,2020,July,23,205,Baralof Bay,Shumagin Islands,55.2304,-160.5484,43,NA,79,79,126
NA,2020,July,23,205,Baralof Bay,Shumagin Islands,55.2293,-160.5519,43,NA,79,79,126
NA,2020,July,23,205,Baralof Bay,Shumagin Islands,55.2293,-160.5623,43,NA,79,79,126
NA,2020,July,23,205,Baralof Bay,Shumagin Islands,55.2294,-160.5646,43,NA,81,81,124
NA,2020,July,23,205,Baralof Bay,Shumagin Islands,55.2294,-160.5646,43,NA,78,78,127
NA,2023,July,24,205,Sand Point,Shumagin Islands,55.3203,-160.5207,43,NA,79,79,126
NA,2020,July,20,202,Sand Point,Shumagin Islands,55.3204,-160.5204,43,NA,81,81,121
NA,2020,July,20,202,Sand Point,Shumagin Islands,55.3204,-160.5204,43,NA,78,78,124
NA,2020,July,20,202,Sand Point,Shumagin Islands,55.3204,-160.5204,43,NA,80,80,122
NA,2020,July,20,202,Sand Point,Shumagin Islands,55.3204,-160.5204,43,NA,78,78,124
NA,2020,July,20,202,Sand Point,Shumagin Islands,55.3204,-160.5204,43,NA,77,77,125
NA,2020,July,20,202,Sand Point,Shumagin Islands,55.3202,-160.5241,43,NA,80,80,122
NA,2020,July,20,202,Sand Point,Shumagin Islands,55.3202,-160.5241,43,NA,79,79,123
NA,2020,July,20,202,Sand Point,Shumagin Islands,55.3202,-160.5241,43,NA,81,81,121
NA,2020,July,20,202,Sand Point,Shumagin Islands,55.3202,-160.5241,43,NA,80,80,122
NA,2020,July,19,201,Falmouth Bay,Shumagin Islands,55.0693,-160.1138,43,NA,78,78,123
NA,2020,July,19,201,Falmouth Bay,Shumagin Islands,55.0693,-160.1138,43,NA,78,78,123
NA,2020,July,19,201,Falmouth Bay,Shumagin Islands,55.0685,-160.1126,43,NA,79,79,122
NA,2020,July,19,201,Falmouth Bay,Shumagin Islands,55.0685,-160.1126,43,NA,78,78,123
NA,2020,July,19,201,Falmouth Bay,Shumagin Islands,55.0685,-160.1126,43,NA,79,79,122
NA,2020,July,19,201,Falmouth Bay,Shumagin Islands,55.0689,-160.1296,43,NA,78,78,123
NA,2020,July,19,201,Falmouth Bay,Shumagin Islands,55.0689,-160.1296,43,NA,78,78,123
NA,2020,July,19,201,Falmouth Bay,Shumagin Islands,55.0668,-160.1265,43,NA,77,77,124
NA,2020,July,19,201,Falmouth Bay,Shumagin Islands,55.0668,-160.1265,43,NA,78,78,123
NA,2020,July,19,201,Falmouth Bay,Shumagin Islands,55.0668,-160.1265,43,NA,80,80,121
NA,2022,July,19,200,Sand Point,Shumagin Islands,55.3204,-160.5201,43,NA,78,78,122
NA,2023,July,19,200,Falmouth Bay,Shumagin Islands,55.0695,-160.114,43,NA,81,81,119
NA,2023,July,19,200,Falmouth Bay,Shumagin Islands,55.0695,-160.114,43,NA,78,78,122
NA,2021,July,17,198,Falmouth Bay,Shumagin Islands,55.0689,-160.1297,43,NA,75,75,123
NA,2023,July,17,198,Baralof Bay,Shumagin Islands,55.2294,-160.5626,43,NA,76,76,122
NA,2023,July,17,198,Baralof Bay,Shumagin Islands,55.2294,-160.5626,43,NA,78,78,120
NA,2023,July,17,198,Baralof Bay,Shumagin Islands,55.2294,-160.5626,43,NA,77,77,121
NA,2023,July,17,198,Baralof Bay,Shumagin Islands,55.2294,-160.5626,43,NA,80,80,118
NA,2023,July,17,198,Baralof Bay,Shumagin Islands,55.2293,-160.5518,43,NA,80,80,118
NA,2023,July,17,198,Baralof Bay,Shumagin Islands,55.2197,-160.5484,43,NA,80,80,118
NA,2023,July,17,198,Baralof Bay,Shumagin Islands,55.2197,-160.5484,43,NA,79,79,119
NA,2023,July,17,198,Baralof Bay,Shumagin Islands,55.2197,-160.5484,43,NA,78,78,120
NA,2023,July,17,198,Baralof Bay,Shumagin Islands,55.2197,-160.5484,43,NA,80,80,118
NA,2023,July,17,198,Baralof Bay,Shumagin Islands,55.2197,-160.5484,43,NA,79,79,119
NA,2018,July,16,197,Agripina Bay,Agripina Bay,57.1047,-156.4584,43,NA,90,90,107
NA,2018,July,16,197,Agripina Bay,Agripina Bay,57.1047,-156.4584,43,NA,91,91,106
NA,2018,July,16,197,Agripina Bay,Agripina Bay,57.1047,-156.4584,43,NA,88,88,109
NA,2018,July,16,197,Agripina Bay,Agripina Bay,57.1047,-156.4584,43,NA,91,91,106
NA,2018,July,16,197,Agripina Bay,Agripina Bay,57.1047,-156.4584,43,NA,90,90,107
NA,2018,July,16,197,Agripina Bay,Agripina Bay,57.1094,-156.4599,43,NA,91,91,106
NA,2018,July,16,197,Agripina Bay,Agripina Bay,57.1094,-156.4599,43,NA,89,89,108
NA,2018,July,16,197,Agripina Bay,Agripina Bay,57.1071,-156.4565,43,NA,88,88,109
NA,2018,July,16,197,Agripina Bay,Agripina Bay,57.1071,-156.4565,43,NA,89,89,108
NA,2018,July,16,197,Agripina Bay,Agripina Bay,57.1071,-156.4565,43,NA,90,90,107
NA,2018,July,16,197,Agripina Bay,Agripina Bay,57.1071,-156.4565,43,NA,90,90,107
NA,2018,July,16,197,Agripina Bay,Agripina Bay,57.1071,-156.4565,43,NA,90,90,107
NA,2018,July,16,197,Agripina Bay,Agripina Bay,57.1071,-156.4565,43,NA,88,88,109
NA,2018,July,16,197,Agripina Bay,Agripina Bay,57.1045,-156.4712,43,NA,91,91,106
NA,2018,July,16,197,Agripina Bay,Agripina Bay,57.104,-156.4766,43,NA,90,90,107
NA,2021,July,15,196,Baralof Bay,Shumagin Islands,55.2303,-160.5486,43,NA,76,76,120
NA,2021,July,15,196,Baralof Bay,Shumagin Islands,55.2303,-160.5486,43,NA,77,77,119
NA,2021,July,15,196,Baralof Bay,Shumagin Islands,55.2303,-160.5486,43,NA,76,76,120
NA,2021,July,15,196,Baralof Bay,Shumagin Islands,55.2303,-160.5486,43,NA,78,78,118
NA,2021,July,15,196,Baralof Bay,Shumagin Islands,55.2303,-160.5486,43,NA,78,78,118
NA,2021,July,15,196,Baralof Bay,Shumagin Islands,55.2303,-160.5486,43,NA,78,78,118
NA,2021,July,15,196,Baralof Bay,Shumagin Islands,55.2292,-160.5518,43,NA,75,75,121
NA,2022,July,15,196,Baralof Bay,Shumagin Islands,55.2311,-160.5681,43,NA,80,80,116
NA,2022,July,15,196,Baralof Bay,Shumagin Islands,55.2295,-160.5646,43,NA,78,78,118
NA,2022,July,15,196,Baralof Bay,Shumagin Islands,55.2293,-160.5622,43,NA,78,78,118
NA,2022,July,15,196,Baralof Bay,Shumagin Islands,55.2293,-160.5622,43,NA,80,80,116
NA,2022,July,15,196,Baralof Bay,Shumagin Islands,55.2293,-160.5622,43,NA,79,79,117
NA,2022,July,15,196,Baralof Bay,Shumagin Islands,55.2293,-160.5515,43,NA,79,79,117
NA,2022,July,15,196,Baralof Bay,Shumagin Islands,55.2293,-160.5515,43,NA,78,78,118
NA,2022,July,15,196,Baralof Bay,Shumagin Islands,55.2293,-160.5515,43,NA,79,79,117
NA,2022,July,14,195,Falmouth Bay,Shumagin Islands,55.0692,-160.1136,43,NA,77,77,118
NA,2022,July,14,195,Falmouth Bay,Shumagin Islands,55.0692,-160.1136,43,NA,81,81,114
NA,2022,July,14,195,Falmouth Bay,Shumagin Islands,55.0692,-160.1136,43,NA,79,79,116
NA,2022,July,14,195,Falmouth Bay,Shumagin Islands,55.0692,-160.1136,43,NA,79,79,116
NA,2022,July,14,195,Falmouth Bay,Shumagin Islands,55.069,-160.1297,43,NA,77,77,118
NA,2022,July,14,195,Falmouth Bay,Shumagin Islands,55.069,-160.1297,43,NA,80,80,115
NA,2020,July,6,188,Agripina Bay,Agripina Bay,57.1049,-156.4585,43,NA,81,81,107
NA,2020,July,6,188,Agripina Bay,Agripina Bay,57.1049,-156.4585,43,NA,78,78,110
NA,2020,July,6,188,Agripina Bay,Agripina Bay,57.1045,-156.4714,43,NA,78,78,110
NA,2023,July,7,188,Agripina Bay,Agripina Bay,57.1049,-156.4585,43,NA,77,77,111
NA,2023,July,7,188,Agripina Bay,Agripina Bay,57.1049,-156.4585,43,NA,81,81,107
NA,2023,July,7,188,Agripina Bay,Agripina Bay,57.1049,-156.4585,43,NA,80,80,108
NA,2023,July,7,188,Agripina Bay,Agripina Bay,57.1049,-156.4585,43,NA,80,80,108
NA,2023,July,7,188,Agripina Bay,Agripina Bay,57.1049,-156.4585,43,NA,77,77,111
NA,2023,July,7,188,Agripina Bay,Agripina Bay,57.1046,-156.4714,43,NA,80,80,108
NA,2023,July,7,188,Agripina Bay,Agripina Bay,57.1046,-156.4714,43,NA,77,77,111
NA,2023,July,7,188,Agripina Bay,Agripina Bay,57.1046,-156.4714,43,NA,77,77,111
NA,2023,July,7,188,Agripina Bay,Agripina Bay,57.1046,-156.4714,43,NA,79,79,109
NA,2023,July,7,188,Agripina Bay,Agripina Bay,57.1046,-156.4714,43,NA,79,79,109
NA,2021,July,5,186,Agripina Bay,Agripina Bay,57.1073,-156.4562,43,NA,77,77,109
NA,2021,July,5,186,Agripina Bay,Agripina Bay,57.104,-156.4767,43,NA,76,76,110
NA,2021,July,5,186,Agripina Bay,Agripina Bay,57.104,-156.4767,43,NA,77,77,109
NA,2021,July,5,186,Agripina Bay,Agripina Bay,57.104,-156.4767,43,NA,77,77,109
NA,2022,July,4,185,Agripina Bay,Agripina Bay,57.1048,-156.4585,43,NA,79,79,106
NA,2022,July,4,185,Agripina Bay,Agripina Bay,57.1048,-156.4585,43,NA,77,77,108
NA,2022,July,4,185,Agripina Bay,Agripina Bay,57.1093,-156.4602,43,NA,81,81,104
NA,2022,July,4,185,Agripina Bay,Agripina Bay,57.1046,-156.4717,43,NA,78,78,107
NA,2022,July,4,185,Agripina Bay,Agripina Bay,57.1046,-156.4717,43,NA,77,77,108
NA,2023,July,3,184,Kaiugnak Bay,Kaiugnak Bay,57.0572,-153.6348,43,NA,76,76,108
NA,2023,June,29,180,Cook Bay,Eastern Kodiak,57.7796,-152.2638,43,NA,83,83,97
NA,2023,June,29,180,Cook Bay,Eastern Kodiak,57.7796,-152.2638,43,NA,83,83,97
NA,2023,June,29,180,Cook Bay,Eastern Kodiak,57.7796,-152.2638,43,NA,86,86,94
NA,2023,June,29,180,Cook Bay,Eastern Kodiak,57.7689,-152.2752,43,NA,86,86,94
NA,2023,June,29,180,Cook Bay,Eastern Kodiak,57.7689,-152.2752,43,NA,85,85,95
NA,2023,June,29,180,Cook Bay,Eastern Kodiak,57.7689,-152.2752,43,NA,86,86,94
NA,2018,Aug,1,213,Baralof Bay,Shumagin Islands,55.228,-160.5598,44,NA,91,91,122
NA,2018,Aug,1,213,Baralof Bay,Shumagin Islands,55.228,-160.5598,44,NA,93,93,120
NA,2018,Aug,1,213,Baralof Bay,Shumagin Islands,55.228,-160.5598,44,NA,92,92,121
NA,2018,Aug,1,213,Baralof Bay,Shumagin Islands,55.228,-160.5598,44,NA,90,90,123
NA,2018,Aug,1,213,Baralof Bay,Shumagin Islands,55.228,-160.5598,44,NA,92,92,121
NA,2018,Aug,1,213,Baralof Bay,Shumagin Islands,55.228,-160.5598,44,NA,92,92,121
NA,2018,Aug,1,213,Baralof Bay,Shumagin Islands,55.2303,-160.5485,44,NA,92,92,121
NA,2018,Aug,1,213,Baralof Bay,Shumagin Islands,55.2303,-160.5485,44,NA,90,90,123
NA,2018,Aug,1,213,Baralof Bay,Shumagin Islands,55.2293,-160.5518,44,NA,90,90,123
NA,2018,Aug,1,213,Baralof Bay,Shumagin Islands,55.2293,-160.5518,44,NA,93,93,120
NA,2018,Aug,1,213,Baralof Bay,Shumagin Islands,55.2293,-160.5518,44,NA,93,93,120
NA,2018,Aug,1,213,Baralof Bay,Shumagin Islands,55.2293,-160.5518,44,NA,92,92,121
NA,2018,Aug,1,213,Baralof Bay,Shumagin Islands,55.2293,-160.5623,44,NA,91,91,122
NA,2018,July,30,211,Falmouth Bay,Shumagin Islands,55.0691,-160.1299,44,NA,92,92,119
NA,2018,July,30,211,Falmouth Bay,Shumagin Islands,55.0691,-160.1299,44,NA,92,92,119
NA,2018,July,30,211,Falmouth Bay,Shumagin Islands,55.0691,-160.1299,44,NA,91,91,120
NA,2018,July,30,211,Falmouth Bay,Shumagin Islands,55.0694,-160.1137,44,NA,90,90,121
NA,2018,July,30,211,Falmouth Bay,Shumagin Islands,55.0694,-160.1137,44,NA,90,90,121
NA,2018,July,30,211,Falmouth Bay,Shumagin Islands,55.0694,-160.1137,44,NA,90,90,121
NA,2018,July,30,211,Falmouth Bay,Shumagin Islands,55.0694,-160.1137,44,NA,92,92,119
NA,2018,July,30,211,Falmouth Bay,Shumagin Islands,55.0694,-160.1137,44,NA,89,89,122
NA,2018,July,29,210,Falmouth Bay,Shumagin Islands,55.0684,-160.1125,44,NA,90,90,120
NA,2018,July,29,210,Falmouth Bay,Shumagin Islands,55.0639,-160.1164,44,NA,89,89,121
NA,2018,July,29,210,Falmouth Bay,Shumagin Islands,55.0639,-160.1164,44,NA,89,89,121
NA,2018,July,29,210,Falmouth Bay,Shumagin Islands,55.0639,-160.1164,44,NA,92,92,118
NA,2018,July,29,210,Falmouth Bay,Shumagin Islands,55.0669,-160.1267,44,NA,91,91,119
NA,2020,July,23,205,Baralof Bay,Shumagin Islands,55.2309,-160.5682,44,NA,83,83,122
NA,2020,July,23,205,Baralof Bay,Shumagin Islands,55.2304,-160.5484,44,NA,81,81,124
NA,2020,July,23,205,Baralof Bay,Shumagin Islands,55.2304,-160.5484,44,NA,82,82,123
NA,2020,July,23,205,Baralof Bay,Shumagin Islands,55.2304,-160.5484,44,NA,81,81,124
NA,2020,July,23,205,Baralof Bay,Shumagin Islands,55.2293,-160.5519,44,NA,81,81,124
NA,2020,July,23,205,Baralof Bay,Shumagin Islands,55.2293,-160.5519,44,NA,80,80,125
NA,2020,July,23,205,Baralof Bay,Shumagin Islands,55.2293,-160.5623,44,NA,82,82,123
NA,2020,July,23,205,Baralof Bay,Shumagin Islands,55.2294,-160.5646,44,NA,82,82,123
NA,2020,July,23,205,Baralof Bay,Shumagin Islands,55.2294,-160.5646,44,NA,82,82,123
NA,2020,July,20,202,Sand Point,Shumagin Islands,55.3204,-160.5204,44,NA,79,79,123
NA,2020,July,20,202,Sand Point,Shumagin Islands,55.3204,-160.5204,44,NA,79,79,123
NA,2020,July,20,202,Sand Point,Shumagin Islands,55.3202,-160.5241,44,NA,80,80,122
NA,2020,July,20,202,Sand Point,Shumagin Islands,55.3202,-160.5241,44,NA,79,79,123
NA,2020,July,20,202,Sand Point,Shumagin Islands,55.3202,-160.5241,44,NA,79,79,123
NA,2020,July,20,202,Sand Point,Shumagin Islands,55.3202,-160.5241,44,NA,81,81,121
NA,2020,July,20,202,Sand Point,Shumagin Islands,55.3202,-160.5241,44,NA,81,81,121
NA,2020,July,20,202,Sand Point,Shumagin Islands,55.3202,-160.5241,44,NA,81,81,121
NA,2020,July,20,202,Sand Point,Shumagin Islands,55.3202,-160.5241,44,NA,79,79,123
NA,2020,July,20,202,Sand Point,Shumagin Islands,55.3202,-160.5241,44,NA,80,80,122
NA,2020,July,19,201,Falmouth Bay,Shumagin Islands,55.0693,-160.1138,44,NA,80,80,121
NA,2020,July,19,201,Falmouth Bay,Shumagin Islands,55.0685,-160.1126,44,NA,81,81,120
NA,2020,July,19,201,Falmouth Bay,Shumagin Islands,55.0668,-160.1265,44,NA,82,82,119
NA,2023,July,19,200,Falmouth Bay,Shumagin Islands,55.0689,-160.1297,44,NA,82,82,118
NA,2023,July,17,198,Baralof Bay,Shumagin Islands,55.2308,-160.5677,44,NA,80,80,118
NA,2023,July,17,198,Baralof Bay,Shumagin Islands,55.2294,-160.5626,44,NA,78,78,120
NA,2023,July,17,198,Baralof Bay,Shumagin Islands,55.2294,-160.5626,44,NA,78,78,120
NA,2023,July,17,198,Baralof Bay,Shumagin Islands,55.2294,-160.5626,44,NA,82,82,116
NA,2023,July,17,198,Baralof Bay,Shumagin Islands,55.2294,-160.5626,44,NA,79,79,119
NA,2023,July,17,198,Baralof Bay,Shumagin Islands,55.2293,-160.5518,44,NA,79,79,119
NA,2023,July,17,198,Baralof Bay,Shumagin Islands,55.2197,-160.5484,44,NA,81,81,117
NA,2018,July,16,197,Agripina Bay,Agripina Bay,57.1094,-156.4599,44,NA,90,90,107
NA,2018,July,16,197,Agripina Bay,Agripina Bay,57.1094,-156.4599,44,NA,93,93,104
NA,2018,July,16,197,Agripina Bay,Agripina Bay,57.1071,-156.4565,44,NA,92,92,105
NA,2018,July,16,197,Agripina Bay,Agripina Bay,57.1071,-156.4565,44,NA,90,90,107
NA,2018,July,16,197,Agripina Bay,Agripina Bay,57.1071,-156.4565,44,NA,89,89,108
NA,2018,July,16,197,Agripina Bay,Agripina Bay,57.1071,-156.4565,44,NA,91,91,106
NA,2018,July,16,197,Agripina Bay,Agripina Bay,57.1045,-156.4712,44,NA,91,91,106
NA,2018,July,16,197,Agripina Bay,Agripina Bay,57.1045,-156.4712,44,NA,89,89,108
NA,2018,July,16,197,Agripina Bay,Agripina Bay,57.1045,-156.4712,44,NA,89,89,108
NA,2018,July,16,197,Agripina Bay,Agripina Bay,57.1045,-156.4712,44,NA,90,90,107
NA,2018,July,16,197,Agripina Bay,Agripina Bay,57.104,-156.4766,44,NA,92,92,105
NA,2018,July,16,197,Agripina Bay,Agripina Bay,57.104,-156.4766,44,NA,93,93,104
NA,2018,July,16,197,Agripina Bay,Agripina Bay,57.104,-156.4766,44,NA,92,92,105
NA,2021,July,15,196,Baralof Bay,Shumagin Islands,55.2303,-160.5486,44,NA,79,79,117
NA,2021,July,15,196,Baralof Bay,Shumagin Islands,55.2303,-160.5486,44,NA,77,77,119
NA,2021,July,15,196,Baralof Bay,Shumagin Islands,55.2292,-160.5518,44,NA,79,79,117
NA,2021,July,15,196,Baralof Bay,Shumagin Islands,55.2295,-160.5645,44,NA,76,76,120
NA,2022,July,15,196,Baralof Bay,Shumagin Islands,55.2311,-160.5681,44,NA,79,79,117
NA,2022,July,15,196,Baralof Bay,Shumagin Islands,55.2293,-160.5622,44,NA,79,79,117
NA,2022,July,15,196,Baralof Bay,Shumagin Islands,55.2293,-160.5622,44,NA,80,80,116
NA,2022,July,15,196,Baralof Bay,Shumagin Islands,55.2293,-160.5515,44,NA,81,81,115
NA,2022,July,15,196,Baralof Bay,Shumagin Islands,55.2293,-160.5515,44,NA,80,80,116
NA,2022,July,15,196,Baralof Bay,Shumagin Islands,55.2304,-160.5484,44,NA,78,78,118
NA,2022,July,14,195,Falmouth Bay,Shumagin Islands,55.0692,-160.1136,44,NA,78,78,117
NA,2022,July,14,195,Falmouth Bay,Shumagin Islands,55.0692,-160.1136,44,NA,80,80,115
NA,2022,July,14,195,Falmouth Bay,Shumagin Islands,55.069,-160.1297,44,NA,82,82,113
NA,2019,July,7,188,Agripina Bay,Agripina Bay,57.105,-156.4581,44,NA,80,80,108
NA,2020,July,6,188,Agripina Bay,Agripina Bay,57.1049,-156.4585,44,NA,82,82,106
NA,2020,July,6,188,Agripina Bay,Agripina Bay,57.1045,-156.4714,44,NA,82,82,106
NA,2023,July,7,188,Agripina Bay,Agripina Bay,57.1049,-156.4585,44,NA,80,80,108
NA,2023,July,7,188,Agripina Bay,Agripina Bay,57.1049,-156.4585,44,NA,78,78,110
NA,2023,July,7,188,Agripina Bay,Agripina Bay,57.1049,-156.4585,44,NA,79,79,109
NA,2023,July,7,188,Agripina Bay,Agripina Bay,57.1049,-156.4585,44,NA,79,79,109
NA,2021,July,5,186,Agripina Bay,Agripina Bay,57.1073,-156.4562,44,NA,79,79,107
NA,2021,July,5,186,Agripina Bay,Agripina Bay,57.104,-156.4767,44,NA,80,80,106
NA,2021,July,5,186,Agripina Bay,Agripina Bay,57.104,-156.4767,44,NA,76,76,110
NA,2021,July,5,186,Agripina Bay,Agripina Bay,57.104,-156.4767,44,NA,79,79,107
NA,2022,July,4,185,Agripina Bay,Agripina Bay,57.1048,-156.4585,44,NA,80,80,105
NA,2022,July,4,185,Agripina Bay,Agripina Bay,57.1048,-156.4585,44,NA,82,82,103
NA,2022,July,4,185,Agripina Bay,Agripina Bay,57.1048,-156.4585,44,NA,81,81,104
NA,2022,July,4,185,Agripina Bay,Agripina Bay,57.1046,-156.4717,44,NA,79,79,106
NA,2022,July,4,185,Agripina Bay,Agripina Bay,57.1042,-156.4766,44,NA,78,78,107
NA,2020,July,2,184,Cook Bay,Eastern Kodiak,57.7686,-152.2738,44,NA,88,88,96
NA,2023,July,3,184,Kaiugnak Bay,Kaiugnak Bay,57.0607,-153.7889,44,NA,79,79,105
NA,2023,July,3,184,Kaiugnak Bay,Kaiugnak Bay,57.0607,-153.7889,44,NA,76,76,108
NA,2023,July,3,184,Kaiugnak Bay,Kaiugnak Bay,57.0558,-153.6505,44,NA,77,77,107
NA,2023,July,3,184,Kaiugnak Bay,Kaiugnak Bay,57.0558,-153.6505,44,NA,80,80,104
NA,2023,July,3,184,Kaiugnak Bay,Kaiugnak Bay,57.0536,-153.6529,44,NA,80,80,104
NA,2023,June,29,180,Cook Bay,Eastern Kodiak,57.7796,-152.2638,44,NA,88,88,92
NA,2023,June,29,180,Cook Bay,Eastern Kodiak,57.7796,-152.2638,44,NA,88,88,92
NA,2023,June,29,180,Cook Bay,Eastern Kodiak,57.7796,-152.2638,44,NA,85,85,95
NA,2023,June,29,180,Cook Bay,Eastern Kodiak,57.7796,-152.2638,44,NA,85,85,95
NA,2021,Aug,4,216,Kaiugnak Bay,Kaiugnak Bay,57.0535,-153.6533,45,NA,84,84,132
NA,2018,Aug,1,213,Baralof Bay,Shumagin Islands,55.228,-160.5598,45,NA,92,92,121
NA,2018,Aug,1,213,Baralof Bay,Shumagin Islands,55.228,-160.5598,45,NA,94,94,119
NA,2018,Aug,1,213,Baralof Bay,Shumagin Islands,55.228,-160.5598,45,NA,94,94,119
NA,2018,Aug,1,213,Baralof Bay,Shumagin Islands,55.228,-160.5598,45,NA,94,94,119
NA,2018,Aug,1,213,Baralof Bay,Shumagin Islands,55.228,-160.5598,45,NA,91,91,122
NA,2018,Aug,1,213,Baralof Bay,Shumagin Islands,55.228,-160.5598,45,NA,91,91,122
NA,2018,Aug,1,213,Baralof Bay,Shumagin Islands,55.2293,-160.5518,45,NA,94,94,119
NA,2018,Aug,1,213,Baralof Bay,Shumagin Islands,55.2293,-160.5623,45,NA,91,91,122
NA,2018,Aug,1,213,Baralof Bay,Shumagin Islands,55.2293,-160.5623,45,NA,92,92,121
NA,2018,Aug,1,213,Baralof Bay,Shumagin Islands,55.2294,-160.5646,45,NA,95,95,118
NA,2018,Aug,1,213,Baralof Bay,Shumagin Islands,55.2294,-160.5646,45,NA,92,92,121
NA,2018,Aug,1,213,Baralof Bay,Shumagin Islands,55.2294,-160.5646,45,NA,93,93,120
NA,2018,Aug,1,213,Baralof Bay,Shumagin Islands,55.2294,-160.5646,45,NA,92,92,121
NA,2018,Aug,1,213,Baralof Bay,Shumagin Islands,55.2294,-160.5646,45,NA,94,94,119
NA,2018,Aug,1,213,Baralof Bay,Shumagin Islands,55.2294,-160.5646,45,NA,94,94,119
NA,2018,July,30,211,Falmouth Bay,Shumagin Islands,55.0691,-160.1299,45,NA,92,92,119
NA,2018,July,30,211,Falmouth Bay,Shumagin Islands,55.0691,-160.1299,45,NA,93,93,118
NA,2018,July,30,211,Falmouth Bay,Shumagin Islands,55.0694,-160.1137,45,NA,92,92,119
NA,2018,July,30,211,Falmouth Bay,Shumagin Islands,55.0694,-160.1137,45,NA,93,93,118
NA,2018,July,29,210,Falmouth Bay,Shumagin Islands,55.0684,-160.1125,45,NA,94,94,116
NA,2018,July,29,210,Falmouth Bay,Shumagin Islands,55.0639,-160.1164,45,NA,92,92,118
NA,2018,July,29,210,Falmouth Bay,Shumagin Islands,55.0639,-160.1164,45,NA,92,92,118
NA,2018,July,29,210,Falmouth Bay,Shumagin Islands,55.0639,-160.1164,45,NA,94,94,116
NA,2018,July,29,210,Falmouth Bay,Shumagin Islands,55.0669,-160.1267,45,NA,93,93,117
NA,2018,July,29,210,Falmouth Bay,Shumagin Islands,55.0669,-160.1267,45,NA,94,94,116
NA,2018,July,26,207,Sand Point,Shumagin Islands,55.2535,-160.5241,45,NA,93,93,114
NA,2020,July,23,205,Baralof Bay,Shumagin Islands,55.2293,-160.5623,45,NA,83,83,122
NA,2020,July,23,205,Baralof Bay,Shumagin Islands,55.2293,-160.5623,45,NA,81,81,124
NA,2020,July,23,205,Baralof Bay,Shumagin Islands,55.2294,-160.5646,45,NA,81,81,124
NA,2020,July,20,202,Sand Point,Shumagin Islands,55.3204,-160.5204,45,NA,82,82,120
NA,2020,July,20,202,Sand Point,Shumagin Islands,55.3202,-160.5241,45,NA,80,80,122
NA,2020,July,20,202,Sand Point,Shumagin Islands,55.3202,-160.5241,45,NA,82,82,120
NA,2020,July,20,202,Sand Point,Shumagin Islands,55.3202,-160.5241,45,NA,81,81,121
NA,2020,July,20,202,Sand Point,Shumagin Islands,55.3202,-160.5241,45,NA,81,81,121
NA,2020,July,20,202,Sand Point,Shumagin Islands,55.3202,-160.5241,45,NA,81,81,121
NA,2020,July,20,202,Sand Point,Shumagin Islands,55.3202,-160.5241,45,NA,81,81,121
NA,2020,July,19,201,Falmouth Bay,Shumagin Islands,55.0693,-160.1138,45,NA,81,81,120
NA,2020,July,19,201,Falmouth Bay,Shumagin Islands,55.0693,-160.1138,45,NA,80,80,121
NA,2020,July,19,201,Falmouth Bay,Shumagin Islands,55.0693,-160.1138,45,NA,83,83,118
NA,2020,July,19,201,Falmouth Bay,Shumagin Islands,55.0685,-160.1126,45,NA,82,82,119
NA,2020,July,19,201,Falmouth Bay,Shumagin Islands,55.0689,-160.1296,45,NA,81,81,120
NA,2020,July,19,201,Falmouth Bay,Shumagin Islands,55.0668,-160.1265,45,NA,82,82,119
NA,2020,July,19,201,Falmouth Bay,Shumagin Islands,55.0668,-160.1265,45,NA,83,83,118
NA,2020,July,19,201,Falmouth Bay,Shumagin Islands,55.0668,-160.1265,45,NA,81,81,120
NA,2020,July,19,201,Falmouth Bay,Shumagin Islands,55.0668,-160.1265,45,NA,82,82,119
NA,2022,July,19,200,Sand Point,Shumagin Islands,55.3201,-160.524,45,NA,84,84,116
NA,2023,July,19,200,Falmouth Bay,Shumagin Islands,55.0695,-160.114,45,NA,82,82,118
NA,2023,July,19,200,Falmouth Bay,Shumagin Islands,55.0695,-160.114,45,NA,83,83,117
NA,2023,July,19,200,Falmouth Bay,Shumagin Islands,55.0689,-160.1297,45,NA,83,83,117
NA,2023,July,19,200,Falmouth Bay,Shumagin Islands,55.0689,-160.1297,45,NA,80,80,120
NA,2023,July,19,200,Falmouth Bay,Shumagin Islands,55.0689,-160.1297,45,NA,83,83,117
NA,2023,July,19,200,Falmouth Bay,Shumagin Islands,55.0689,-160.1297,45,NA,79,79,121
NA,2021,July,17,198,Sand Point,Shumagin Islands,55.3204,-160.5202,45,NA,78,78,120
NA,2021,July,17,198,Sand Point,Shumagin Islands,55.3204,-160.5202,45,NA,80,80,118
NA,2023,July,17,198,Baralof Bay,Shumagin Islands,55.2308,-160.5677,45,NA,81,81,117
NA,2023,July,17,198,Baralof Bay,Shumagin Islands,55.2294,-160.5647,45,NA,80,80,118
NA,2023,July,17,198,Baralof Bay,Shumagin Islands,55.2294,-160.5626,45,NA,80,80,118
NA,2023,July,17,198,Baralof Bay,Shumagin Islands,55.2294,-160.5626,45,NA,83,83,115
NA,2023,July,17,198,Baralof Bay,Shumagin Islands,55.2293,-160.5518,45,NA,79,79,119
NA,2023,July,17,198,Baralof Bay,Shumagin Islands,55.2293,-160.5518,45,NA,83,83,115
NA,2023,July,17,198,Baralof Bay,Shumagin Islands,55.2197,-160.5484,45,NA,82,82,116
NA,2023,July,17,198,Baralof Bay,Shumagin Islands,55.2197,-160.5484,45,NA,83,83,115
NA,2023,July,17,198,Baralof Bay,Shumagin Islands,55.2197,-160.5484,45,NA,79,79,119
NA,2023,July,17,198,Baralof Bay,Shumagin Islands,55.2197,-160.5484,45,NA,81,81,117
NA,2018,July,16,197,Agripina Bay,Agripina Bay,57.1047,-156.4584,45,NA,90,90,107
NA,2018,July,16,197,Agripina Bay,Agripina Bay,57.1047,-156.4584,45,NA,94,94,103
NA,2018,July,16,197,Agripina Bay,Agripina Bay,57.1094,-156.4599,45,NA,94,94,103
NA,2018,July,16,197,Agripina Bay,Agripina Bay,57.1094,-156.4599,45,NA,94,94,103
NA,2018,July,16,197,Agripina Bay,Agripina Bay,57.1094,-156.4599,45,NA,93,93,104
NA,2018,July,16,197,Agripina Bay,Agripina Bay,57.1094,-156.4599,45,NA,93,93,104
NA,2018,July,16,197,Agripina Bay,Agripina Bay,57.1094,-156.4599,45,NA,92,92,105
NA,2018,July,16,197,Agripina Bay,Agripina Bay,57.1094,-156.4599,45,NA,92,92,105
NA,2018,July,16,197,Agripina Bay,Agripina Bay,57.1094,-156.4599,45,NA,91,91,106
NA,2018,July,16,197,Agripina Bay,Agripina Bay,57.1071,-156.4565,45,NA,90,90,107
NA,2018,July,16,197,Agripina Bay,Agripina Bay,57.1071,-156.4565,45,NA,91,91,106
NA,2018,July,16,197,Agripina Bay,Agripina Bay,57.1071,-156.4565,45,NA,91,91,106
NA,2018,July,16,197,Agripina Bay,Agripina Bay,57.1071,-156.4565,45,NA,91,91,106
NA,2018,July,16,197,Agripina Bay,Agripina Bay,57.104,-156.4766,45,NA,92,92,105
NA,2018,July,16,197,Agripina Bay,Agripina Bay,57.104,-156.4766,45,NA,91,91,106
NA,2018,July,16,197,Agripina Bay,Agripina Bay,57.104,-156.4766,45,NA,94,94,103
NA,2018,July,16,197,Agripina Bay,Agripina Bay,57.104,-156.4766,45,NA,91,91,106
NA,2018,July,16,197,Agripina Bay,Agripina Bay,57.104,-156.4766,45,NA,94,94,103
NA,2018,July,16,197,Agripina Bay,Agripina Bay,57.104,-156.4766,45,NA,91,91,106
NA,2018,July,16,197,Agripina Bay,Agripina Bay,57.104,-156.4766,45,NA,91,91,106
NA,2018,July,16,197,Agripina Bay,Agripina Bay,57.104,-156.4766,45,NA,94,94,103
NA,2018,July,16,197,Agripina Bay,Agripina Bay,57.104,-156.4766,45,NA,92,92,105
NA,2022,July,15,196,Baralof Bay,Shumagin Islands,55.2311,-160.5681,45,NA,81,81,115
NA,2022,July,15,196,Baralof Bay,Shumagin Islands,55.2311,-160.5681,45,NA,83,83,113
NA,2022,July,15,196,Baralof Bay,Shumagin Islands,55.2295,-160.5646,45,NA,81,81,115
NA,2022,July,15,196,Baralof Bay,Shumagin Islands,55.2293,-160.5622,45,NA,82,82,114
NA,2022,July,15,196,Baralof Bay,Shumagin Islands,55.2293,-160.5515,45,NA,81,81,115
NA,2022,July,15,196,Baralof Bay,Shumagin Islands,55.2293,-160.5515,45,NA,82,82,114
NA,2022,July,15,196,Baralof Bay,Shumagin Islands,55.2304,-160.5484,45,NA,82,82,114
NA,2022,July,14,195,Falmouth Bay,Shumagin Islands,55.0692,-160.1136,45,NA,82,82,113
NA,2022,July,14,195,Falmouth Bay,Shumagin Islands,55.0685,-160.1127,45,NA,79,79,116
NA,2022,July,14,195,Falmouth Bay,Shumagin Islands,55.0685,-160.1127,45,NA,82,82,113
NA,2022,July,14,195,Falmouth Bay,Shumagin Islands,55.0669,-160.1266,45,NA,82,82,113
NA,2018,July,9,190,Kaiugnak Bay,Kaiugnak Bay,57.0708,-153.6749,45,NA,90,90,100
NA,2018,July,9,190,Kaiugnak Bay,Kaiugnak Bay,57.0708,-153.6749,45,NA,88,88,102
NA,2018,July,9,190,Kaiugnak Bay,Kaiugnak Bay,57.0535,-153.6531,45,NA,88,88,102
NA,2018,July,9,190,Kaiugnak Bay,Kaiugnak Bay,57.057,-153.7047,45,NA,87,87,103
NA,2018,July,9,190,Kaiugnak Bay,Kaiugnak Bay,57.057,-153.7047,45,NA,89,89,101
NA,2020,July,6,188,Agripina Bay,Agripina Bay,57.1049,-156.4585,45,NA,82,82,106
NA,2020,July,6,188,Agripina Bay,Agripina Bay,57.1049,-156.4585,45,NA,83,83,105
NA,2020,July,6,188,Agripina Bay,Agripina Bay,57.1045,-156.4714,45,NA,81,81,107
NA,2020,July,6,188,Agripina Bay,Agripina Bay,57.1045,-156.4714,45,NA,80,80,108
NA,2020,July,6,188,Agripina Bay,Agripina Bay,57.1045,-156.4714,45,NA,84,84,104
NA,2023,July,7,188,Agripina Bay,Agripina Bay,57.1049,-156.4585,45,NA,83,83,105
NA,2023,July,7,188,Agripina Bay,Agripina Bay,57.1049,-156.4585,45,NA,83,83,105
NA,2023,July,7,188,Agripina Bay,Agripina Bay,57.1046,-156.4714,45,NA,82,82,106
NA,2023,July,7,188,Agripina Bay,Agripina Bay,57.1046,-156.4714,45,NA,79,79,109
NA,2023,July,7,188,Agripina Bay,Agripina Bay,57.1046,-156.4714,45,NA,83,83,105
NA,2021,July,5,186,Agripina Bay,Agripina Bay,57.1045,-156.4714,45,NA,80,80,106
NA,2021,July,5,186,Agripina Bay,Agripina Bay,57.104,-156.4767,45,NA,79,79,107
NA,2021,July,5,186,Agripina Bay,Agripina Bay,57.104,-156.4767,45,NA,78,78,108
NA,2021,July,5,186,Agripina Bay,Agripina Bay,57.104,-156.4767,45,NA,81,81,105
NA,2022,July,4,185,Agripina Bay,Agripina Bay,57.1132,-156.4796,45,NA,83,83,102
NA,2022,July,4,185,Agripina Bay,Agripina Bay,57.1048,-156.4585,45,NA,80,80,105
NA,2022,July,4,185,Agripina Bay,Agripina Bay,57.1048,-156.4585,45,NA,82,82,103
NA,2022,July,4,185,Agripina Bay,Agripina Bay,57.1048,-156.4585,45,NA,83,83,102
NA,2022,July,4,185,Agripina Bay,Agripina Bay,57.1048,-156.4585,45,NA,84,84,101
NA,2022,July,4,185,Agripina Bay,Agripina Bay,57.1093,-156.4602,45,NA,83,83,102
NA,2022,July,4,185,Agripina Bay,Agripina Bay,57.1093,-156.4602,45,NA,80,80,105
NA,2020,July,2,184,Cook Bay,Eastern Kodiak,57.7686,-152.2738,45,NA,86,86,98
NA,2020,July,2,184,Cook Bay,Eastern Kodiak,57.7239,-152.259,45,NA,90,90,94
NA,2023,July,3,184,Kaiugnak Bay,Kaiugnak Bay,57.0607,-153.7889,45,NA,79,79,105
NA,2023,July,3,184,Kaiugnak Bay,Kaiugnak Bay,57.0572,-153.6348,45,NA,79,79,105
NA,2023,July,3,184,Kaiugnak Bay,Kaiugnak Bay,57.0536,-153.6529,45,NA,80,80,104
NA,2023,June,29,180,Cook Bay,Eastern Kodiak,57.7689,-152.2752,45,NA,87,87,93
NA,2018,Aug,1,213,Baralof Bay,Shumagin Islands,55.228,-160.5598,46,NA,92,92,121
NA,2018,Aug,1,213,Baralof Bay,Shumagin Islands,55.228,-160.5598,46,NA,93,93,120
NA,2018,Aug,1,213,Baralof Bay,Shumagin Islands,55.228,-160.5598,46,NA,93,93,120
NA,2018,Aug,1,213,Baralof Bay,Shumagin Islands,55.228,-160.5598,46,NA,94,94,119
NA,2018,Aug,1,213,Baralof Bay,Shumagin Islands,55.228,-160.5598,46,NA,94,94,119
NA,2018,Aug,1,213,Baralof Bay,Shumagin Islands,55.228,-160.5598,46,NA,94,94,119
NA,2018,Aug,1,213,Baralof Bay,Shumagin Islands,55.2303,-160.5485,46,NA,95,95,118
NA,2018,Aug,1,213,Baralof Bay,Shumagin Islands,55.2293,-160.5518,46,NA,94,94,119
NA,2018,Aug,1,213,Baralof Bay,Shumagin Islands,55.2293,-160.5518,46,NA,95,95,118
NA,2018,Aug,1,213,Baralof Bay,Shumagin Islands,55.2293,-160.5518,46,NA,93,93,120
NA,2018,Aug,1,213,Baralof Bay,Shumagin Islands,55.2293,-160.5518,46,NA,93,93,120
NA,2018,Aug,1,213,Baralof Bay,Shumagin Islands,55.2293,-160.5518,46,NA,95,95,118
NA,2018,Aug,1,213,Baralof Bay,Shumagin Islands,55.2293,-160.5623,46,NA,93,93,120
NA,2018,Aug,1,213,Baralof Bay,Shumagin Islands,55.2293,-160.5623,46,NA,94,94,119
NA,2018,Aug,1,213,Baralof Bay,Shumagin Islands,55.2293,-160.5623,46,NA,93,93,120
NA,2018,Aug,1,213,Baralof Bay,Shumagin Islands,55.2293,-160.5623,46,NA,95,95,118
NA,2018,Aug,1,213,Baralof Bay,Shumagin Islands,55.2294,-160.5646,46,NA,95,95,118
NA,2018,Aug,1,213,Baralof Bay,Shumagin Islands,55.2294,-160.5646,46,NA,93,93,120
NA,2018,Aug,1,213,Baralof Bay,Shumagin Islands,55.2294,-160.5646,46,NA,94,94,119
NA,2018,Aug,1,213,Baralof Bay,Shumagin Islands,55.2294,-160.5646,46,NA,95,95,118
NA,2018,July,30,211,Falmouth Bay,Shumagin Islands,55.0691,-160.1299,46,NA,95,95,116
NA,2018,July,30,211,Falmouth Bay,Shumagin Islands,55.0691,-160.1299,46,NA,94,94,117
NA,2018,July,30,211,Falmouth Bay,Shumagin Islands,55.0694,-160.1137,46,NA,95,95,116
NA,2018,July,30,211,Falmouth Bay,Shumagin Islands,55.0694,-160.1137,46,NA,92,92,119
NA,2018,July,30,211,Falmouth Bay,Shumagin Islands,55.0694,-160.1137,46,NA,94,94,117
NA,2018,July,30,211,Falmouth Bay,Shumagin Islands,55.0694,-160.1137,46,NA,93,93,118
NA,2018,July,30,211,Falmouth Bay,Shumagin Islands,55.0694,-160.1137,46,NA,93,93,118
NA,2018,July,29,210,Falmouth Bay,Shumagin Islands,55.0639,-160.1164,46,NA,92,92,118
NA,2018,July,29,210,Falmouth Bay,Shumagin Islands,55.0639,-160.1164,46,NA,95,95,115
NA,2018,July,29,210,Falmouth Bay,Shumagin Islands,55.0669,-160.1267,46,NA,94,94,116
NA,2018,July,29,210,Falmouth Bay,Shumagin Islands,55.0669,-160.1267,46,NA,93,93,117
NA,2018,July,29,210,Falmouth Bay,Shumagin Islands,55.0669,-160.1267,46,NA,94,94,116
NA,2018,July,29,210,Falmouth Bay,Shumagin Islands,55.0669,-160.1267,46,NA,95,95,115
NA,2018,July,29,210,Falmouth Bay,Shumagin Islands,55.0669,-160.1267,46,NA,95,95,115
NA,2018,July,26,207,Sand Point,Shumagin Islands,55.3204,-160.5207,46,NA,94,94,113
NA,2018,July,26,207,Sand Point,Shumagin Islands,55.2535,-160.5241,46,NA,93,93,114
NA,2018,July,26,207,Sand Point,Shumagin Islands,55.2535,-160.5241,46,NA,92,92,115
NA,2020,July,23,205,Baralof Bay,Shumagin Islands,55.2282,-160.5602,46,NA,84,84,121
NA,2020,July,23,205,Baralof Bay,Shumagin Islands,55.2309,-160.5682,46,NA,82,82,123
NA,2020,July,23,205,Baralof Bay,Shumagin Islands,55.2304,-160.5484,46,NA,83,83,122
NA,2020,July,23,205,Baralof Bay,Shumagin Islands,55.2293,-160.5519,46,NA,84,84,121
NA,2020,July,23,205,Baralof Bay,Shumagin Islands,55.2293,-160.5519,46,NA,83,83,122
NA,2020,July,23,205,Baralof Bay,Shumagin Islands,55.2293,-160.5519,46,NA,84,84,121
NA,2020,July,23,205,Baralof Bay,Shumagin Islands,55.2293,-160.5623,46,NA,84,84,121
NA,2020,July,23,205,Baralof Bay,Shumagin Islands,55.2293,-160.5623,46,NA,82,82,123
NA,2020,July,23,205,Baralof Bay,Shumagin Islands,55.2293,-160.5623,46,NA,84,84,121
NA,2020,July,23,205,Baralof Bay,Shumagin Islands,55.2293,-160.5623,46,NA,83,83,122
NA,2020,July,23,205,Baralof Bay,Shumagin Islands,55.2293,-160.5623,46,NA,82,82,123
NA,2020,July,23,205,Baralof Bay,Shumagin Islands,55.2293,-160.5623,46,NA,82,82,123
NA,2020,July,23,205,Baralof Bay,Shumagin Islands,55.2294,-160.5646,46,NA,82,82,123
NA,2020,July,23,205,Baralof Bay,Shumagin Islands,55.2294,-160.5646,46,NA,85,85,120
NA,2020,July,23,205,Baralof Bay,Shumagin Islands,55.2294,-160.5646,46,NA,83,83,122
NA,2020,July,23,205,Baralof Bay,Shumagin Islands,55.2294,-160.5646,46,NA,83,83,122
NA,2020,July,23,205,Baralof Bay,Shumagin Islands,55.2294,-160.5646,46,NA,85,85,120
NA,2020,July,20,202,Sand Point,Shumagin Islands,55.3204,-160.5204,46,NA,84,84,118
NA,2020,July,20,202,Sand Point,Shumagin Islands,55.3204,-160.5204,46,NA,83,83,119
NA,2020,July,20,202,Sand Point,Shumagin Islands,55.3204,-160.5204,46,NA,84,84,118
NA,2020,July,20,202,Sand Point,Shumagin Islands,55.3204,-160.5204,46,NA,83,83,119
NA,2020,July,20,202,Sand Point,Shumagin Islands,55.3204,-160.5204,46,NA,83,83,119
NA,2020,July,20,202,Sand Point,Shumagin Islands,55.3202,-160.5241,46,NA,83,83,119
NA,2020,July,20,202,Sand Point,Shumagin Islands,55.3202,-160.5241,46,NA,84,84,118
NA,2020,July,20,202,Sand Point,Shumagin Islands,55.3202,-160.5241,46,NA,83,83,119
NA,2020,July,20,202,Sand Point,Shumagin Islands,55.3202,-160.5241,46,NA,81,81,121
NA,2020,July,20,202,Sand Point,Shumagin Islands,55.3202,-160.5241,46,NA,82,82,120
NA,2020,July,20,202,Sand Point,Shumagin Islands,55.3202,-160.5241,46,NA,84,84,118
NA,2020,July,20,202,Sand Point,Shumagin Islands,55.3202,-160.5241,46,NA,84,84,118
NA,2020,July,20,202,Sand Point,Shumagin Islands,55.3202,-160.5241,46,NA,82,82,120
NA,2020,July,20,202,Sand Point,Shumagin Islands,55.3202,-160.5241,46,NA,84,84,118
NA,2020,July,20,202,Sand Point,Shumagin Islands,55.3202,-160.5241,46,NA,83,83,119
NA,2020,July,19,201,Falmouth Bay,Shumagin Islands,55.0693,-160.1138,46,NA,83,83,118
NA,2020,July,19,201,Falmouth Bay,Shumagin Islands,55.0693,-160.1138,46,NA,83,83,118
NA,2020,July,19,201,Falmouth Bay,Shumagin Islands,55.0693,-160.1138,46,NA,82,82,119
NA,2020,July,19,201,Falmouth Bay,Shumagin Islands,55.0685,-160.1126,46,NA,83,83,118
NA,2020,July,19,201,Falmouth Bay,Shumagin Islands,55.0685,-160.1126,46,NA,83,83,118
NA,2020,July,19,201,Falmouth Bay,Shumagin Islands,55.0689,-160.1296,46,NA,82,82,119
NA,2020,July,19,201,Falmouth Bay,Shumagin Islands,55.0668,-160.1265,46,NA,82,82,119
NA,2020,July,19,201,Falmouth Bay,Shumagin Islands,55.0668,-160.1265,46,NA,81,81,120
NA,2020,July,19,201,Falmouth Bay,Shumagin Islands,55.0668,-160.1265,46,NA,83,83,118
NA,2020,July,19,201,Falmouth Bay,Shumagin Islands,55.0668,-160.1265,46,NA,83,83,118
NA,2020,July,19,201,Falmouth Bay,Shumagin Islands,55.0668,-160.1265,46,NA,81,81,120
NA,2020,July,19,201,Falmouth Bay,Shumagin Islands,55.0668,-160.1265,46,NA,82,82,119
NA,2020,July,19,201,Falmouth Bay,Shumagin Islands,55.0668,-160.1265,46,NA,84,84,117
NA,2020,July,19,201,Falmouth Bay,Shumagin Islands,55.0668,-160.1265,46,NA,82,82,119
NA,2022,July,19,200,Sand Point,Shumagin Islands,55.3204,-160.5201,46,NA,85,85,115
NA,2023,July,19,200,Falmouth Bay,Shumagin Islands,55.0695,-160.114,46,NA,82,82,118
NA,2023,July,19,200,Falmouth Bay,Shumagin Islands,55.0686,-160.1128,46,NA,82,82,118
NA,2023,July,19,200,Falmouth Bay,Shumagin Islands,55.0689,-160.1297,46,NA,81,81,119
NA,2023,July,19,200,Falmouth Bay,Shumagin Islands,55.0689,-160.1297,46,NA,85,85,115
NA,2021,July,17,198,Sand Point,Shumagin Islands,55.3204,-160.5202,46,NA,79,79,119
NA,2023,July,17,198,Baralof Bay,Shumagin Islands,55.2308,-160.5677,46,NA,81,81,117
NA,2023,July,17,198,Baralof Bay,Shumagin Islands,55.2294,-160.5626,46,NA,84,84,114
NA,2023,July,17,198,Baralof Bay,Shumagin Islands,55.2294,-160.5626,46,NA,80,80,118
NA,2023,July,17,198,Baralof Bay,Shumagin Islands,55.2293,-160.5518,46,NA,81,81,117
NA,2023,July,17,198,Baralof Bay,Shumagin Islands,55.2293,-160.5518,46,NA,84,84,114
NA,2023,July,17,198,Baralof Bay,Shumagin Islands,55.2197,-160.5484,46,NA,82,82,116
NA,2023,July,17,198,Baralof Bay,Shumagin Islands,55.2197,-160.5484,46,NA,84,84,114
NA,2023,July,17,198,Baralof Bay,Shumagin Islands,55.2197,-160.5484,46,NA,82,82,116
NA,2023,July,17,198,Baralof Bay,Shumagin Islands,55.2197,-160.5484,46,NA,84,84,114
NA,2023,July,17,198,Baralof Bay,Shumagin Islands,55.2197,-160.5484,46,NA,83,83,115
NA,2018,July,16,197,Agripina Bay,Agripina Bay,57.1047,-156.4584,46,NA,93,93,104
NA,2018,July,16,197,Agripina Bay,Agripina Bay,57.1047,-156.4584,46,NA,92,92,105
NA,2018,July,16,197,Agripina Bay,Agripina Bay,57.1047,-156.4584,46,NA,92,92,105
NA,2018,July,16,197,Agripina Bay,Agripina Bay,57.1047,-156.4584,46,NA,96,96,101
NA,2018,July,16,197,Agripina Bay,Agripina Bay,57.1047,-156.4584,46,NA,95,95,102
NA,2018,July,16,197,Agripina Bay,Agripina Bay,57.1047,-156.4584,46,NA,92,92,105
NA,2018,July,16,197,Agripina Bay,Agripina Bay,57.1047,-156.4584,46,NA,92,92,105
NA,2018,July,16,197,Agripina Bay,Agripina Bay,57.1047,-156.4584,46,NA,94,94,103
NA,2018,July,16,197,Agripina Bay,Agripina Bay,57.1094,-156.4599,46,NA,96,96,101
NA,2018,July,16,197,Agripina Bay,Agripina Bay,57.1094,-156.4599,46,NA,94,94,103
NA,2018,July,16,197,Agripina Bay,Agripina Bay,57.1094,-156.4599,46,NA,93,93,104
NA,2018,July,16,197,Agripina Bay,Agripina Bay,57.1094,-156.4599,46,NA,93,93,104
NA,2018,July,16,197,Agripina Bay,Agripina Bay,57.1071,-156.4565,46,NA,94,94,103
NA,2018,July,16,197,Agripina Bay,Agripina Bay,57.1071,-156.4565,46,NA,95,95,102
NA,2018,July,16,197,Agripina Bay,Agripina Bay,57.1071,-156.4565,46,NA,95,95,102
NA,2018,July,16,197,Agripina Bay,Agripina Bay,57.1071,-156.4565,46,NA,94,94,103
NA,2018,July,16,197,Agripina Bay,Agripina Bay,57.1071,-156.4565,46,NA,94,94,103
NA,2018,July,16,197,Agripina Bay,Agripina Bay,57.1071,-156.4565,46,NA,95,95,102
NA,2018,July,16,197,Agripina Bay,Agripina Bay,57.1071,-156.4565,46,NA,94,94,103
NA,2018,July,16,197,Agripina Bay,Agripina Bay,57.1045,-156.4712,46,NA,92,92,105
NA,2018,July,16,197,Agripina Bay,Agripina Bay,57.104,-156.4766,46,NA,94,94,103
NA,2018,July,16,197,Agripina Bay,Agripina Bay,57.104,-156.4766,46,NA,94,94,103
NA,2018,July,16,197,Agripina Bay,Agripina Bay,57.104,-156.4766,46,NA,95,95,102
NA,2021,July,15,196,Baralof Bay,Shumagin Islands,55.2303,-160.5486,46,NA,82,82,114
NA,2021,July,15,196,Baralof Bay,Shumagin Islands,55.2303,-160.5486,46,NA,80,80,116
NA,2022,July,15,196,Baralof Bay,Shumagin Islands,55.2311,-160.5681,46,NA,82,82,114
NA,2022,July,15,196,Baralof Bay,Shumagin Islands,55.2293,-160.5622,46,NA,83,83,113
NA,2022,July,15,196,Baralof Bay,Shumagin Islands,55.2293,-160.5622,46,NA,85,85,111
NA,2022,July,15,196,Baralof Bay,Shumagin Islands,55.2293,-160.5622,46,NA,81,81,115
NA,2022,July,15,196,Baralof Bay,Shumagin Islands,55.2293,-160.5515,46,NA,83,83,113
NA,2022,July,15,196,Baralof Bay,Shumagin Islands,55.2293,-160.5515,46,NA,82,82,114
NA,2022,July,15,196,Baralof Bay,Shumagin Islands,55.2304,-160.5484,46,NA,84,84,112
NA,2022,July,14,195,Falmouth Bay,Shumagin Islands,55.0685,-160.1127,46,NA,84,84,111
NA,2022,July,14,195,Falmouth Bay,Shumagin Islands,55.0685,-160.1127,46,NA,83,83,112
NA,2018,July,9,190,Kaiugnak Bay,Kaiugnak Bay,57.0708,-153.6749,46,NA,89,89,101
NA,2018,July,9,190,Kaiugnak Bay,Kaiugnak Bay,57.0535,-153.6531,46,NA,93,93,97
NA,2018,July,9,190,Kaiugnak Bay,Kaiugnak Bay,57.0535,-153.6531,46,NA,89,89,101
NA,2019,July,7,188,Agripina Bay,Agripina Bay,57.105,-156.4581,46,NA,86,86,102
NA,2020,July,6,188,Agripina Bay,Agripina Bay,57.1133,-156.4794,46,NA,82,82,106
NA,2020,July,6,188,Agripina Bay,Agripina Bay,57.1045,-156.4714,46,NA,84,84,104
NA,2020,July,6,188,Agripina Bay,Agripina Bay,57.1045,-156.4714,46,NA,83,83,105
NA,2020,July,6,188,Agripina Bay,Agripina Bay,57.1045,-156.4714,46,NA,84,84,104
NA,2020,July,6,188,Agripina Bay,Agripina Bay,57.1045,-156.4714,46,NA,82,82,106
NA,2020,July,6,188,Agripina Bay,Agripina Bay,57.1045,-156.4714,46,NA,82,82,106
NA,2020,July,6,188,Agripina Bay,Agripina Bay,57.1045,-156.4714,46,NA,85,85,103
NA,2020,July,6,188,Agripina Bay,Agripina Bay,57.1045,-156.4714,46,NA,82,82,106
NA,2023,July,7,188,Agripina Bay,Agripina Bay,57.1092,-156.4602,46,NA,83,83,105
NA,2023,July,7,188,Agripina Bay,Agripina Bay,57.1049,-156.4585,46,NA,84,84,104
NA,2023,July,7,188,Agripina Bay,Agripina Bay,57.1049,-156.4585,46,NA,82,82,106
NA,2023,July,7,188,Agripina Bay,Agripina Bay,57.1046,-156.4714,46,NA,81,81,107
NA,2021,July,5,186,Agripina Bay,Agripina Bay,57.1073,-156.4562,46,NA,81,81,105
NA,2021,July,5,186,Agripina Bay,Agripina Bay,57.1073,-156.4562,46,NA,82,82,104
NA,2021,July,5,186,Agripina Bay,Agripina Bay,57.104,-156.4767,46,NA,82,82,104
NA,2021,July,5,186,Agripina Bay,Agripina Bay,57.104,-156.4767,46,NA,82,82,104
NA,2022,July,4,185,Agripina Bay,Agripina Bay,57.1093,-156.4602,46,NA,84,84,101
NA,2022,July,4,185,Agripina Bay,Agripina Bay,57.1093,-156.4602,46,NA,81,81,104
NA,2022,July,4,185,Agripina Bay,Agripina Bay,57.1093,-156.4602,46,NA,82,82,103
NA,2023,July,3,184,Kaiugnak Bay,Kaiugnak Bay,57.0607,-153.7889,46,NA,81,81,103
NA,2023,June,29,180,Cook Bay,Eastern Kodiak,57.7796,-152.2638,46,NA,89,89,91
NA,2023,June,29,180,Cook Bay,Eastern Kodiak,57.7796,-152.2638,46,NA,90,90,90
NA,2023,June,29,180,Cook Bay,Eastern Kodiak,57.7796,-152.2638,46,NA,88,88,92
NA,2023,June,29,180,Cook Bay,Eastern Kodiak,57.7689,-152.2752,46,NA,90,90,90
NA,2018,Aug,1,213,Baralof Bay,Shumagin Islands,55.228,-160.5598,47,NA,96,96,117
NA,2018,Aug,1,213,Baralof Bay,Shumagin Islands,55.228,-160.5598,47,NA,97,97,116
NA,2018,Aug,1,213,Baralof Bay,Shumagin Islands,55.228,-160.5598,47,NA,96,96,117
NA,2018,Aug,1,213,Baralof Bay,Shumagin Islands,55.228,-160.5598,47,NA,96,96,117
NA,2018,Aug,1,213,Baralof Bay,Shumagin Islands,55.228,-160.5598,47,NA,94,94,119
NA,2018,Aug,1,213,Baralof Bay,Shumagin Islands,55.228,-160.5598,47,NA,95,95,118
NA,2018,Aug,1,213,Baralof Bay,Shumagin Islands,55.228,-160.5598,47,NA,96,96,117
NA,2018,Aug,1,213,Baralof Bay,Shumagin Islands,55.2293,-160.5518,47,NA,95,95,118
NA,2018,Aug,1,213,Baralof Bay,Shumagin Islands,55.2293,-160.5518,47,NA,96,96,117
NA,2018,Aug,1,213,Baralof Bay,Shumagin Islands,55.2293,-160.5518,47,NA,97,97,116
NA,2018,Aug,1,213,Baralof Bay,Shumagin Islands,55.2293,-160.5518,47,NA,94,94,119
NA,2018,Aug,1,213,Baralof Bay,Shumagin Islands,55.2293,-160.5518,47,NA,95,95,118
NA,2018,Aug,1,213,Baralof Bay,Shumagin Islands,55.2293,-160.5623,47,NA,95,95,118
NA,2018,Aug,1,213,Baralof Bay,Shumagin Islands,55.2293,-160.5623,47,NA,95,95,118
NA,2018,Aug,1,213,Baralof Bay,Shumagin Islands,55.2293,-160.5623,47,NA,96,96,117
NA,2018,Aug,1,213,Baralof Bay,Shumagin Islands,55.2293,-160.5623,47,NA,94,94,119
NA,2018,Aug,1,213,Baralof Bay,Shumagin Islands,55.2293,-160.5623,47,NA,94,94,119
NA,2018,Aug,1,213,Baralof Bay,Shumagin Islands,55.2294,-160.5646,47,NA,94,94,119
NA,2018,Aug,1,213,Baralof Bay,Shumagin Islands,55.2294,-160.5646,47,NA,95,95,118
NA,2018,Aug,1,213,Baralof Bay,Shumagin Islands,55.2294,-160.5646,47,NA,96,96,117
NA,2018,Aug,1,213,Baralof Bay,Shumagin Islands,55.2294,-160.5646,47,NA,97,97,116
NA,2018,Aug,1,213,Baralof Bay,Shumagin Islands,55.2294,-160.5646,47,NA,95,95,118
NA,2018,Aug,1,213,Baralof Bay,Shumagin Islands,55.2294,-160.5646,47,NA,94,94,119
NA,2018,Aug,1,213,Baralof Bay,Shumagin Islands,55.2294,-160.5646,47,NA,95,95,118
NA,2018,Aug,1,213,Baralof Bay,Shumagin Islands,55.2307,-160.5694,47,NA,94,94,119
NA,2018,Aug,1,213,Baralof Bay,Shumagin Islands,55.2307,-160.5694,47,NA,96,96,117
NA,2018,July,30,211,Falmouth Bay,Shumagin Islands,55.0691,-160.1299,47,NA,96,96,115
NA,2018,July,30,211,Falmouth Bay,Shumagin Islands,55.0691,-160.1299,47,NA,93,93,118
NA,2018,July,30,211,Falmouth Bay,Shumagin Islands,55.0691,-160.1299,47,NA,93,93,118
NA,2018,July,30,211,Falmouth Bay,Shumagin Islands,55.0691,-160.1299,47,NA,96,96,115
NA,2018,July,30,211,Falmouth Bay,Shumagin Islands,55.0694,-160.1137,47,NA,95,95,116
NA,2018,July,30,211,Falmouth Bay,Shumagin Islands,55.0694,-160.1137,47,NA,93,93,118
NA,2018,July,29,210,Falmouth Bay,Shumagin Islands,55.0684,-160.1125,47,NA,96,96,114
NA,2018,July,29,210,Falmouth Bay,Shumagin Islands,55.0684,-160.1125,47,NA,96,96,114
NA,2018,July,29,210,Falmouth Bay,Shumagin Islands,55.0639,-160.1164,47,NA,94,94,116
NA,2018,July,29,210,Falmouth Bay,Shumagin Islands,55.0639,-160.1164,47,NA,95,95,115
NA,2018,July,29,210,Falmouth Bay,Shumagin Islands,55.0639,-160.1164,47,NA,94,94,116
NA,2018,July,29,210,Falmouth Bay,Shumagin Islands,55.0639,-160.1164,47,NA,93,93,117
NA,2018,July,29,210,Falmouth Bay,Shumagin Islands,55.0639,-160.1164,47,NA,94,94,116
NA,2018,July,29,210,Falmouth Bay,Shumagin Islands,55.0669,-160.1267,47,NA,93,93,117
NA,2018,July,29,210,Falmouth Bay,Shumagin Islands,55.0669,-160.1267,47,NA,95,95,115
NA,2018,July,29,210,Falmouth Bay,Shumagin Islands,55.0669,-160.1267,47,NA,95,95,115
NA,2018,July,26,207,Sand Point,Shumagin Islands,55.3204,-160.5207,47,NA,95,95,112
NA,2018,July,26,207,Sand Point,Shumagin Islands,55.2535,-160.5241,47,NA,93,93,114
NA,2020,July,23,205,Baralof Bay,Shumagin Islands,55.2309,-160.5682,47,NA,84,84,121
NA,2020,July,23,205,Baralof Bay,Shumagin Islands,55.2309,-160.5682,47,NA,84,84,121
NA,2020,July,23,205,Baralof Bay,Shumagin Islands,55.2309,-160.5682,47,NA,85,85,120
NA,2020,July,23,205,Baralof Bay,Shumagin Islands,55.2304,-160.5484,47,NA,84,84,121
NA,2020,July,23,205,Baralof Bay,Shumagin Islands,55.2304,-160.5484,47,NA,86,86,119
NA,2020,July,23,205,Baralof Bay,Shumagin Islands,55.2293,-160.5519,47,NA,86,86,119
NA,2020,July,23,205,Baralof Bay,Shumagin Islands,55.2293,-160.5519,47,NA,85,85,120
NA,2020,July,23,205,Baralof Bay,Shumagin Islands,55.2293,-160.5623,47,NA,83,83,122
NA,2020,July,20,202,Sand Point,Shumagin Islands,55.3204,-160.5204,47,NA,86,86,116
NA,2020,July,20,202,Sand Point,Shumagin Islands,55.3204,-160.5204,47,NA,85,85,117
NA,2020,July,20,202,Sand Point,Shumagin Islands,55.3204,-160.5204,47,NA,85,85,117
NA,2020,July,20,202,Sand Point,Shumagin Islands,55.3204,-160.5204,47,NA,83,83,119
NA,2020,July,20,202,Sand Point,Shumagin Islands,55.3202,-160.5241,47,NA,84,84,118
NA,2020,July,20,202,Sand Point,Shumagin Islands,55.3202,-160.5241,47,NA,86,86,116
NA,2020,July,20,202,Sand Point,Shumagin Islands,55.3202,-160.5241,47,NA,84,84,118
NA,2020,July,20,202,Sand Point,Shumagin Islands,55.3202,-160.5241,47,NA,84,84,118
NA,2020,July,20,202,Sand Point,Shumagin Islands,55.3202,-160.5241,47,NA,84,84,118
NA,2020,July,19,201,Falmouth Bay,Shumagin Islands,55.0693,-160.1138,47,NA,84,84,117
NA,2020,July,19,201,Falmouth Bay,Shumagin Islands,55.0693,-160.1138,47,NA,83,83,118
NA,2020,July,19,201,Falmouth Bay,Shumagin Islands,55.0693,-160.1138,47,NA,85,85,116
NA,2020,July,19,201,Falmouth Bay,Shumagin Islands,55.0685,-160.1126,47,NA,85,85,116
NA,2020,July,19,201,Falmouth Bay,Shumagin Islands,55.0685,-160.1126,47,NA,85,85,116
NA,2020,July,19,201,Falmouth Bay,Shumagin Islands,55.0685,-160.1126,47,NA,85,85,116
NA,2020,July,19,201,Falmouth Bay,Shumagin Islands,55.0689,-160.1296,47,NA,84,84,117
NA,2020,July,19,201,Falmouth Bay,Shumagin Islands,55.0668,-160.1265,47,NA,83,83,118
NA,2020,July,19,201,Falmouth Bay,Shumagin Islands,55.0668,-160.1265,47,NA,82,82,119
NA,2020,July,19,201,Falmouth Bay,Shumagin Islands,55.0668,-160.1265,47,NA,85,85,116
NA,2020,July,19,201,Falmouth Bay,Shumagin Islands,55.0668,-160.1265,47,NA,83,83,118
NA,2020,July,19,201,Falmouth Bay,Shumagin Islands,55.0668,-160.1265,47,NA,84,84,117
NA,2020,July,19,201,Falmouth Bay,Shumagin Islands,55.0668,-160.1265,47,NA,85,85,116
NA,2022,July,19,200,Sand Point,Shumagin Islands,55.3204,-160.5201,47,NA,85,85,115
NA,2023,July,19,200,Falmouth Bay,Shumagin Islands,55.0689,-160.1297,47,NA,83,83,117
NA,2023,July,19,200,Falmouth Bay,Shumagin Islands,55.0689,-160.1297,47,NA,82,82,118
NA,2023,July,17,198,Baralof Bay,Shumagin Islands,55.2294,-160.5647,47,NA,85,85,113
NA,2023,July,17,198,Baralof Bay,Shumagin Islands,55.2294,-160.5626,47,NA,84,84,114
NA,2023,July,17,198,Baralof Bay,Shumagin Islands,55.2294,-160.5626,47,NA,85,85,113
NA,2023,July,17,198,Baralof Bay,Shumagin Islands,55.2294,-160.5626,47,NA,83,83,115
NA,2023,July,17,198,Baralof Bay,Shumagin Islands,55.2294,-160.5626,47,NA,82,82,116
NA,2023,July,17,198,Baralof Bay,Shumagin Islands,55.2294,-160.5626,47,NA,84,84,114
NA,2023,July,17,198,Baralof Bay,Shumagin Islands,55.2294,-160.5626,47,NA,85,85,113
NA,2023,July,17,198,Baralof Bay,Shumagin Islands,55.2293,-160.5518,47,NA,83,83,115
NA,2023,July,17,198,Baralof Bay,Shumagin Islands,55.2293,-160.5518,47,NA,85,85,113
NA,2023,July,17,198,Baralof Bay,Shumagin Islands,55.2293,-160.5518,47,NA,85,85,113
NA,2023,July,17,198,Baralof Bay,Shumagin Islands,55.2197,-160.5484,47,NA,82,82,116
NA,2023,July,17,198,Baralof Bay,Shumagin Islands,55.2197,-160.5484,47,NA,82,82,116
NA,2023,July,17,198,Baralof Bay,Shumagin Islands,55.2197,-160.5484,47,NA,82,82,116
NA,2023,July,17,198,Baralof Bay,Shumagin Islands,55.2197,-160.5484,47,NA,83,83,115
NA,2023,July,17,198,Baralof Bay,Shumagin Islands,55.2197,-160.5484,47,NA,85,85,113
NA,2023,July,17,198,Baralof Bay,Shumagin Islands,55.2197,-160.5484,47,NA,83,83,115
NA,2023,July,17,198,Baralof Bay,Shumagin Islands,55.2197,-160.5484,47,NA,85,85,113
NA,2018,July,16,197,Agripina Bay,Agripina Bay,57.1047,-156.4584,47,NA,97,97,100
NA,2018,July,16,197,Agripina Bay,Agripina Bay,57.1047,-156.4584,47,NA,94,94,103
NA,2018,July,16,197,Agripina Bay,Agripina Bay,57.1047,-156.4584,47,NA,97,97,100
NA,2018,July,16,197,Agripina Bay,Agripina Bay,57.1047,-156.4584,47,NA,97,97,100
NA,2018,July,16,197,Agripina Bay,Agripina Bay,57.1047,-156.4584,47,NA,96,96,101
NA,2018,July,16,197,Agripina Bay,Agripina Bay,57.1094,-156.4599,47,NA,96,96,101
NA,2018,July,16,197,Agripina Bay,Agripina Bay,57.1094,-156.4599,47,NA,94,94,103
NA,2018,July,16,197,Agripina Bay,Agripina Bay,57.1094,-156.4599,47,NA,95,95,102
NA,2018,July,16,197,Agripina Bay,Agripina Bay,57.1094,-156.4599,47,NA,93,93,104
NA,2018,July,16,197,Agripina Bay,Agripina Bay,57.1071,-156.4565,47,NA,96,96,101
NA,2018,July,16,197,Agripina Bay,Agripina Bay,57.1045,-156.4712,47,NA,95,95,102
NA,2018,July,16,197,Agripina Bay,Agripina Bay,57.104,-156.4766,47,NA,97,97,100
NA,2018,July,16,197,Agripina Bay,Agripina Bay,57.104,-156.4766,47,NA,93,93,104
NA,2018,July,16,197,Agripina Bay,Agripina Bay,57.104,-156.4766,47,NA,95,95,102
NA,2022,July,15,196,Baralof Bay,Shumagin Islands,55.2311,-160.5681,47,NA,84,84,112
NA,2022,July,15,196,Baralof Bay,Shumagin Islands,55.2295,-160.5646,47,NA,82,82,114
NA,2022,July,15,196,Baralof Bay,Shumagin Islands,55.2295,-160.5646,47,NA,82,82,114
NA,2022,July,15,196,Baralof Bay,Shumagin Islands,55.2295,-160.5646,47,NA,85,85,111
NA,2022,July,15,196,Baralof Bay,Shumagin Islands,55.2295,-160.5646,47,NA,84,84,112
NA,2022,July,15,196,Baralof Bay,Shumagin Islands,55.2293,-160.5622,47,NA,82,82,114
NA,2022,July,15,196,Baralof Bay,Shumagin Islands,55.2293,-160.5515,47,NA,82,82,114
NA,2022,July,15,196,Baralof Bay,Shumagin Islands,55.2293,-160.5515,47,NA,83,83,113
NA,2022,July,15,196,Baralof Bay,Shumagin Islands,55.2304,-160.5484,47,NA,82,82,114
NA,2022,July,15,196,Baralof Bay,Shumagin Islands,55.2304,-160.5484,47,NA,86,86,110
NA,2018,July,9,190,Kaiugnak Bay,Kaiugnak Bay,57.0733,-153.6708,47,NA,93,93,97
NA,2020,July,6,188,Agripina Bay,Agripina Bay,57.1049,-156.4585,47,NA,84,84,104
NA,2020,July,6,188,Agripina Bay,Agripina Bay,57.1049,-156.4585,47,NA,84,84,104
NA,2020,July,6,188,Agripina Bay,Agripina Bay,57.1045,-156.4714,47,NA,83,83,105
NA,2020,July,6,188,Agripina Bay,Agripina Bay,57.1045,-156.4714,47,NA,84,84,104
NA,2020,July,6,188,Agripina Bay,Agripina Bay,57.1045,-156.4714,47,NA,84,84,104
NA,2020,July,6,188,Agripina Bay,Agripina Bay,57.1045,-156.4714,47,NA,83,83,105
NA,2020,July,6,188,Agripina Bay,Agripina Bay,57.1045,-156.4714,47,NA,84,84,104
NA,2020,July,6,188,Agripina Bay,Agripina Bay,57.1045,-156.4714,47,NA,85,85,103
NA,2020,July,6,188,Agripina Bay,Agripina Bay,57.104,-156.4767,47,NA,83,83,105
NA,2023,July,7,188,Agripina Bay,Agripina Bay,57.1049,-156.4585,47,NA,86,86,102
NA,2023,July,7,188,Agripina Bay,Agripina Bay,57.1049,-156.4585,47,NA,82,82,106
NA,2023,July,7,188,Agripina Bay,Agripina Bay,57.1046,-156.4714,47,NA,84,84,104
NA,2021,July,5,186,Agripina Bay,Agripina Bay,57.1073,-156.4562,47,NA,81,81,105
NA,2021,July,5,186,Agripina Bay,Agripina Bay,57.1045,-156.4714,47,NA,83,83,103
NA,2021,July,5,186,Agripina Bay,Agripina Bay,57.104,-156.4767,47,NA,81,81,105
NA,2021,July,5,186,Agripina Bay,Agripina Bay,57.104,-156.4767,47,NA,83,83,103
NA,2021,July,5,186,Agripina Bay,Agripina Bay,57.104,-156.4767,47,NA,84,84,102
NA,2022,July,4,185,Agripina Bay,Agripina Bay,57.1048,-156.4585,47,NA,85,85,100
NA,2022,July,4,185,Agripina Bay,Agripina Bay,57.1046,-156.4717,47,NA,84,84,101
NA,2022,July,4,185,Agripina Bay,Agripina Bay,57.1042,-156.4766,47,NA,85,85,100
NA,2020,July,2,184,Cook Bay,Eastern Kodiak,57.7686,-152.2738,47,NA,90,90,94
NA,2020,July,2,184,Cook Bay,Eastern Kodiak,57.7794,-152.2769,47,NA,92,92,92
NA,2020,July,2,184,Cook Bay,Eastern Kodiak,57.7794,-152.2769,47,NA,91,91,93
NA,2023,July,3,184,Kaiugnak Bay,Kaiugnak Bay,57.0607,-153.7889,47,NA,83,83,101
NA,2023,July,3,184,Kaiugnak Bay,Kaiugnak Bay,57.0708,-153.6747,47,NA,79,79,105
NA,2023,July,3,184,Kaiugnak Bay,Kaiugnak Bay,57.0572,-153.6348,47,NA,80,80,104
NA,2023,June,29,180,Cook Bay,Eastern Kodiak,57.7796,-152.2638,47,NA,88,88,92
NA,2023,June,29,180,Cook Bay,Eastern Kodiak,57.7796,-152.2638,47,NA,91,91,89
NA,2018,Aug,15,227,Agripina Bay,Agripina Bay,57.1041,-156.4766,48,NA,104,104,123
NA,2018,Aug,1,213,Baralof Bay,Shumagin Islands,55.228,-160.5598,48,NA,98,98,115
NA,2018,Aug,1,213,Baralof Bay,Shumagin Islands,55.228,-160.5598,48,NA,98,98,115
NA,2018,Aug,1,213,Baralof Bay,Shumagin Islands,55.228,-160.5598,48,NA,96,96,117
NA,2018,Aug,1,213,Baralof Bay,Shumagin Islands,55.228,-160.5598,48,NA,96,96,117
NA,2018,Aug,1,213,Baralof Bay,Shumagin Islands,55.228,-160.5598,48,NA,97,97,116
NA,2018,Aug,1,213,Baralof Bay,Shumagin Islands,55.228,-160.5598,48,NA,98,98,115
NA,2018,Aug,1,213,Baralof Bay,Shumagin Islands,55.228,-160.5598,48,NA,98,98,115
NA,2018,Aug,1,213,Baralof Bay,Shumagin Islands,55.2303,-160.5485,48,NA,95,95,118
NA,2018,Aug,1,213,Baralof Bay,Shumagin Islands,55.2293,-160.5518,48,NA,98,98,115
NA,2018,Aug,1,213,Baralof Bay,Shumagin Islands,55.2293,-160.5518,48,NA,98,98,115
NA,2018,Aug,1,213,Baralof Bay,Shumagin Islands,55.2293,-160.5623,48,NA,98,98,115
NA,2018,Aug,1,213,Baralof Bay,Shumagin Islands,55.2293,-160.5623,48,NA,95,95,118
NA,2018,Aug,1,213,Baralof Bay,Shumagin Islands,55.2293,-160.5623,48,NA,95,95,118
NA,2018,Aug,1,213,Baralof Bay,Shumagin Islands,55.2293,-160.5623,48,NA,95,95,118
NA,2018,Aug,1,213,Baralof Bay,Shumagin Islands,55.2294,-160.5646,48,NA,97,97,116
NA,2018,Aug,1,213,Baralof Bay,Shumagin Islands,55.2294,-160.5646,48,NA,97,97,116
NA,2018,Aug,1,213,Baralof Bay,Shumagin Islands,55.2294,-160.5646,48,NA,97,97,116
NA,2018,July,30,211,Falmouth Bay,Shumagin Islands,55.0691,-160.1299,48,NA,97,97,114
NA,2018,July,29,210,Falmouth Bay,Shumagin Islands,55.0639,-160.1164,48,NA,97,97,113
NA,2018,July,29,210,Falmouth Bay,Shumagin Islands,55.0639,-160.1164,48,NA,98,98,112
NA,2018,July,29,210,Falmouth Bay,Shumagin Islands,55.0669,-160.1267,48,NA,95,95,115
NA,2018,July,29,210,Falmouth Bay,Shumagin Islands,55.0669,-160.1267,48,NA,97,97,113
NA,2018,July,26,207,Sand Point,Shumagin Islands,55.2535,-160.5241,48,NA,95,95,112
NA,2018,July,26,207,Sand Point,Shumagin Islands,55.2535,-160.5241,48,NA,97,97,110
NA,2018,July,26,207,Sand Point,Shumagin Islands,55.2535,-160.5241,48,NA,96,96,111
NA,2020,July,23,205,Baralof Bay,Shumagin Islands,55.2282,-160.5602,48,NA,86,86,119
NA,2020,July,23,205,Baralof Bay,Shumagin Islands,55.2309,-160.5682,48,NA,86,86,119
NA,2020,July,23,205,Baralof Bay,Shumagin Islands,55.2304,-160.5484,48,NA,86,86,119
NA,2020,July,23,205,Baralof Bay,Shumagin Islands,55.2293,-160.5519,48,NA,84,84,121
NA,2020,July,23,205,Baralof Bay,Shumagin Islands,55.2293,-160.5623,48,NA,87,87,118
NA,2020,July,23,205,Baralof Bay,Shumagin Islands,55.2293,-160.5623,48,NA,87,87,118
NA,2020,July,23,205,Baralof Bay,Shumagin Islands,55.2293,-160.5623,48,NA,86,86,119
NA,2020,July,23,205,Baralof Bay,Shumagin Islands,55.2294,-160.5646,48,NA,85,85,120
NA,2023,July,24,205,Sand Point,Shumagin Islands,55.3203,-160.5207,48,NA,88,88,117
NA,2020,July,20,202,Sand Point,Shumagin Islands,55.3204,-160.5204,48,NA,86,86,116
NA,2020,July,20,202,Sand Point,Shumagin Islands,55.3204,-160.5204,48,NA,85,85,117
NA,2020,July,20,202,Sand Point,Shumagin Islands,55.3204,-160.5204,48,NA,86,86,116
NA,2020,July,20,202,Sand Point,Shumagin Islands,55.3202,-160.5241,48,NA,86,86,116
NA,2020,July,20,202,Sand Point,Shumagin Islands,55.3202,-160.5241,48,NA,85,85,117
NA,2020,July,20,202,Sand Point,Shumagin Islands,55.3202,-160.5241,48,NA,87,87,115
NA,2020,July,20,202,Sand Point,Shumagin Islands,55.3202,-160.5241,48,NA,85,85,117
NA,2020,July,20,202,Sand Point,Shumagin Islands,55.3202,-160.5241,48,NA,86,86,116
NA,2020,July,20,202,Sand Point,Shumagin Islands,55.3202,-160.5241,48,NA,86,86,116
NA,2020,July,20,202,Sand Point,Shumagin Islands,55.3202,-160.5241,48,NA,85,85,117
NA,2020,July,20,202,Sand Point,Shumagin Islands,55.3202,-160.5241,48,NA,86,86,116
NA,2020,July,20,202,Sand Point,Shumagin Islands,55.3202,-160.5241,48,NA,86,86,116
NA,2020,July,20,202,Sand Point,Shumagin Islands,55.3202,-160.5241,48,NA,86,86,116
NA,2020,July,19,201,Falmouth Bay,Shumagin Islands,55.0693,-160.1138,48,NA,85,85,116
NA,2020,July,19,201,Falmouth Bay,Shumagin Islands,55.0693,-160.1138,48,NA,84,84,117
NA,2020,July,19,201,Falmouth Bay,Shumagin Islands,55.0693,-160.1138,48,NA,87,87,114
NA,2020,July,19,201,Falmouth Bay,Shumagin Islands,55.0693,-160.1138,48,NA,86,86,115
NA,2020,July,19,201,Falmouth Bay,Shumagin Islands,55.0693,-160.1138,48,NA,86,86,115
NA,2020,July,19,201,Falmouth Bay,Shumagin Islands,55.0693,-160.1138,48,NA,85,85,116
NA,2020,July,19,201,Falmouth Bay,Shumagin Islands,55.0693,-160.1138,48,NA,87,87,114
NA,2020,July,19,201,Falmouth Bay,Shumagin Islands,55.0693,-160.1138,48,NA,84,84,117
NA,2020,July,19,201,Falmouth Bay,Shumagin Islands,55.0693,-160.1138,48,NA,84,84,117
NA,2020,July,19,201,Falmouth Bay,Shumagin Islands,55.0685,-160.1126,48,NA,87,87,114
NA,2020,July,19,201,Falmouth Bay,Shumagin Islands,55.0685,-160.1126,48,NA,86,86,115
NA,2020,July,19,201,Falmouth Bay,Shumagin Islands,55.0685,-160.1126,48,NA,84,84,117
NA,2020,July,19,201,Falmouth Bay,Shumagin Islands,55.0689,-160.1296,48,NA,85,85,116
NA,2020,July,19,201,Falmouth Bay,Shumagin Islands,55.0689,-160.1296,48,NA,85,85,116
NA,2020,July,19,201,Falmouth Bay,Shumagin Islands,55.0668,-160.1265,48,NA,84,84,117
NA,2020,July,19,201,Falmouth Bay,Shumagin Islands,55.0668,-160.1265,48,NA,87,87,114
NA,2020,July,19,201,Falmouth Bay,Shumagin Islands,55.0668,-160.1265,48,NA,86,86,115
NA,2020,July,19,201,Falmouth Bay,Shumagin Islands,55.0668,-160.1265,48,NA,84,84,117
NA,2020,July,19,201,Falmouth Bay,Shumagin Islands,55.0668,-160.1265,48,NA,86,86,115
NA,2020,July,19,201,Falmouth Bay,Shumagin Islands,55.0668,-160.1265,48,NA,84,84,117
NA,2020,July,19,201,Falmouth Bay,Shumagin Islands,55.0668,-160.1265,48,NA,85,85,116
NA,2020,July,19,201,Falmouth Bay,Shumagin Islands,55.0668,-160.1265,48,NA,85,85,116
NA,2020,July,19,201,Falmouth Bay,Shumagin Islands,55.0668,-160.1265,48,NA,84,84,117
NA,2020,July,19,201,Falmouth Bay,Shumagin Islands,55.0668,-160.1265,48,NA,87,87,114
NA,2020,July,19,201,Falmouth Bay,Shumagin Islands,55.0668,-160.1265,48,NA,87,87,114
NA,2020,July,19,201,Falmouth Bay,Shumagin Islands,55.0668,-160.1265,48,NA,85,85,116
NA,2020,July,19,201,Falmouth Bay,Shumagin Islands,55.0668,-160.1265,48,NA,85,85,116
NA,2022,July,19,200,Sand Point,Shumagin Islands,55.3204,-160.5201,48,NA,84,84,116
NA,2022,July,19,200,Sand Point,Shumagin Islands,55.3204,-160.5201,48,NA,85,85,115
NA,2023,July,19,200,Falmouth Bay,Shumagin Islands,55.0695,-160.114,48,NA,83,83,117
NA,2023,July,19,200,Falmouth Bay,Shumagin Islands,55.0695,-160.114,48,NA,84,84,116
NA,2023,July,19,200,Falmouth Bay,Shumagin Islands,55.0689,-160.1297,48,NA,85,85,115
NA,2023,July,19,200,Falmouth Bay,Shumagin Islands,55.0669,-160.1267,48,NA,85,85,115
NA,2021,July,17,198,Sand Point,Shumagin Islands,55.3204,-160.5202,48,NA,82,82,116
NA,2023,July,17,198,Baralof Bay,Shumagin Islands,55.2308,-160.5677,48,NA,87,87,111
NA,2023,July,17,198,Baralof Bay,Shumagin Islands,55.2294,-160.5647,48,NA,85,85,113
NA,2023,July,17,198,Baralof Bay,Shumagin Islands,55.2294,-160.5626,48,NA,83,83,115
NA,2023,July,17,198,Baralof Bay,Shumagin Islands,55.2294,-160.5626,48,NA,86,86,112
NA,2023,July,17,198,Baralof Bay,Shumagin Islands,55.2294,-160.5626,48,NA,86,86,112
NA,2023,July,17,198,Baralof Bay,Shumagin Islands,55.2293,-160.5518,48,NA,83,83,115
NA,2023,July,17,198,Baralof Bay,Shumagin Islands,55.2293,-160.5518,48,NA,87,87,111
NA,2023,July,17,198,Baralof Bay,Shumagin Islands,55.2197,-160.5484,48,NA,84,84,114
NA,2023,July,17,198,Baralof Bay,Shumagin Islands,55.2197,-160.5484,48,NA,86,86,112
NA,2023,July,17,198,Baralof Bay,Shumagin Islands,55.2197,-160.5484,48,NA,84,84,114
NA,2023,July,17,198,Baralof Bay,Shumagin Islands,55.2197,-160.5484,48,NA,83,83,115
NA,2023,July,17,198,Baralof Bay,Shumagin Islands,55.2197,-160.5484,48,NA,83,83,115
NA,2023,July,17,198,Baralof Bay,Shumagin Islands,55.2197,-160.5484,48,NA,87,87,111
NA,2018,July,16,197,Agripina Bay,Agripina Bay,57.1047,-156.4584,48,NA,95,95,102
NA,2018,July,16,197,Agripina Bay,Agripina Bay,57.1047,-156.4584,48,NA,95,95,102
NA,2018,July,16,197,Agripina Bay,Agripina Bay,57.1094,-156.4599,48,NA,97,97,100
NA,2018,July,16,197,Agripina Bay,Agripina Bay,57.1094,-156.4599,48,NA,96,96,101
NA,2018,July,16,197,Agripina Bay,Agripina Bay,57.1094,-156.4599,48,NA,98,98,99
NA,2018,July,16,197,Agripina Bay,Agripina Bay,57.1094,-156.4599,48,NA,94,94,103
NA,2018,July,16,197,Agripina Bay,Agripina Bay,57.1094,-156.4599,48,NA,96,96,101
NA,2018,July,16,197,Agripina Bay,Agripina Bay,57.1071,-156.4565,48,NA,95,95,102
NA,2018,July,16,197,Agripina Bay,Agripina Bay,57.104,-156.4766,48,NA,96,96,101
NA,2021,July,15,196,Baralof Bay,Shumagin Islands,55.2303,-160.5486,48,NA,84,84,112
NA,2021,July,15,196,Baralof Bay,Shumagin Islands,55.2295,-160.5645,48,NA,82,82,114
NA,2022,July,15,196,Baralof Bay,Shumagin Islands,55.2295,-160.5646,48,NA,87,87,109
NA,2022,July,15,196,Baralof Bay,Shumagin Islands,55.2293,-160.5622,48,NA,86,86,110
NA,2022,July,15,196,Baralof Bay,Shumagin Islands,55.2293,-160.5515,48,NA,85,85,111
NA,2022,July,15,196,Baralof Bay,Shumagin Islands,55.2304,-160.5484,48,NA,87,87,109
NA,2022,July,14,195,Falmouth Bay,Shumagin Islands,55.0692,-160.1136,48,NA,85,85,110
NA,2022,July,14,195,Falmouth Bay,Shumagin Islands,55.0692,-160.1136,48,NA,83,83,112
NA,2018,July,9,190,Kaiugnak Bay,Kaiugnak Bay,57.0733,-153.6708,48,NA,92,92,98
NA,2020,July,6,188,Agripina Bay,Agripina Bay,57.1049,-156.4585,48,NA,86,86,102
NA,2020,July,6,188,Agripina Bay,Agripina Bay,57.1045,-156.4714,48,NA,85,85,103
NA,2020,July,6,188,Agripina Bay,Agripina Bay,57.1045,-156.4714,48,NA,85,85,103
NA,2020,July,6,188,Agripina Bay,Agripina Bay,57.1045,-156.4714,48,NA,87,87,101
NA,2020,July,6,188,Agripina Bay,Agripina Bay,57.1045,-156.4714,48,NA,88,88,100
NA,2023,July,7,188,Agripina Bay,Agripina Bay,57.1049,-156.4585,48,NA,86,86,102
NA,2023,July,7,188,Agripina Bay,Agripina Bay,57.1049,-156.4585,48,NA,86,86,102
NA,2023,July,7,188,Agripina Bay,Agripina Bay,57.1049,-156.4585,48,NA,86,86,102
NA,2021,July,5,186,Agripina Bay,Agripina Bay,57.1092,-156.4602,48,NA,82,82,104
NA,2021,July,5,186,Agripina Bay,Agripina Bay,57.1073,-156.4562,48,NA,83,83,103
NA,2021,July,5,186,Agripina Bay,Agripina Bay,57.1073,-156.4562,48,NA,83,83,103
NA,2022,July,4,185,Agripina Bay,Agripina Bay,57.1048,-156.4585,48,NA,88,88,97
NA,2022,July,4,185,Agripina Bay,Agripina Bay,57.1048,-156.4585,48,NA,86,86,99
NA,2022,July,4,185,Agripina Bay,Agripina Bay,57.1048,-156.4585,48,NA,87,87,98
NA,2022,July,4,185,Agripina Bay,Agripina Bay,57.1093,-156.4602,48,NA,85,85,100
NA,2022,July,4,185,Agripina Bay,Agripina Bay,57.1046,-156.4717,48,NA,85,85,100
NA,2022,July,4,185,Agripina Bay,Agripina Bay,57.1046,-156.4717,48,NA,85,85,100
NA,2022,July,4,185,Agripina Bay,Agripina Bay,57.1046,-156.4717,48,NA,86,86,99
NA,2020,July,2,184,Cook Bay,Eastern Kodiak,57.7686,-152.2738,48,NA,92,92,92
NA,2020,July,2,184,Cook Bay,Eastern Kodiak,57.7686,-152.2738,48,NA,92,92,92
NA,2020,July,2,184,Cook Bay,Eastern Kodiak,57.7239,-152.259,48,NA,92,92,92
NA,2020,July,2,184,Cook Bay,Eastern Kodiak,57.7794,-152.2769,48,NA,90,90,94
NA,2023,July,3,184,Kaiugnak Bay,Kaiugnak Bay,57.0558,-153.6505,48,NA,83,83,101
NA,2023,June,29,180,Cook Bay,Eastern Kodiak,57.7689,-152.2752,48,NA,90,90,90
NA,2018,Aug,1,213,Baralof Bay,Shumagin Islands,55.228,-160.5598,49,NA,99,99,114
NA,2018,Aug,1,213,Baralof Bay,Shumagin Islands,55.228,-160.5598,49,NA,96,96,117
NA,2018,Aug,1,213,Baralof Bay,Shumagin Islands,55.2303,-160.5485,49,NA,97,97,116
NA,2018,Aug,1,213,Baralof Bay,Shumagin Islands,55.2303,-160.5485,49,NA,100,100,113
NA,2018,Aug,1,213,Baralof Bay,Shumagin Islands,55.2293,-160.5518,49,NA,97,97,116
NA,2018,Aug,1,213,Baralof Bay,Shumagin Islands,55.2293,-160.5518,49,NA,97,97,116
NA,2018,Aug,1,213,Baralof Bay,Shumagin Islands,55.2293,-160.5518,49,NA,97,97,116
NA,2018,Aug,1,213,Baralof Bay,Shumagin Islands,55.2293,-160.5518,49,NA,98,98,115
NA,2018,Aug,1,213,Baralof Bay,Shumagin Islands,55.2293,-160.5623,49,NA,98,98,115
NA,2018,Aug,1,213,Baralof Bay,Shumagin Islands,55.2293,-160.5623,49,NA,99,99,114
NA,2018,Aug,1,213,Baralof Bay,Shumagin Islands,55.2293,-160.5623,49,NA,97,97,116
NA,2018,Aug,1,213,Baralof Bay,Shumagin Islands,55.2293,-160.5623,49,NA,98,98,115
NA,2018,Aug,1,213,Baralof Bay,Shumagin Islands,55.2293,-160.5623,49,NA,97,97,116
NA,2018,Aug,1,213,Baralof Bay,Shumagin Islands,55.2293,-160.5623,49,NA,97,97,116
NA,2018,Aug,1,213,Baralof Bay,Shumagin Islands,55.2294,-160.5646,49,NA,99,99,114
NA,2018,Aug,1,213,Baralof Bay,Shumagin Islands,55.2294,-160.5646,49,NA,96,96,117
NA,2018,Aug,1,213,Baralof Bay,Shumagin Islands,55.2294,-160.5646,49,NA,97,97,116
NA,2018,Aug,1,213,Baralof Bay,Shumagin Islands,55.2307,-160.5694,49,NA,98,98,115
NA,2018,July,30,211,Falmouth Bay,Shumagin Islands,55.0691,-160.1299,49,NA,98,98,113
NA,2018,July,30,211,Falmouth Bay,Shumagin Islands,55.0694,-160.1137,49,NA,98,98,113
NA,2018,July,30,211,Falmouth Bay,Shumagin Islands,55.0694,-160.1137,49,NA,98,98,113
NA,2018,July,29,210,Falmouth Bay,Shumagin Islands,55.0684,-160.1125,49,NA,97,97,113
NA,2018,July,29,210,Falmouth Bay,Shumagin Islands,55.0639,-160.1164,49,NA,97,97,113
NA,2018,July,29,210,Falmouth Bay,Shumagin Islands,55.0669,-160.1267,49,NA,99,99,111
NA,2020,July,23,205,Baralof Bay,Shumagin Islands,55.2309,-160.5682,49,NA,87,87,118
NA,2020,July,23,205,Baralof Bay,Shumagin Islands,55.2293,-160.5519,49,NA,86,86,119
NA,2020,July,23,205,Baralof Bay,Shumagin Islands,55.2293,-160.5519,49,NA,87,87,118
NA,2020,July,23,205,Baralof Bay,Shumagin Islands,55.2293,-160.5519,49,NA,87,87,118
NA,2020,July,23,205,Baralof Bay,Shumagin Islands,55.2293,-160.5623,49,NA,86,86,119
NA,2020,July,23,205,Baralof Bay,Shumagin Islands,55.2293,-160.5623,49,NA,89,89,116
NA,2020,July,23,205,Baralof Bay,Shumagin Islands,55.2293,-160.5623,49,NA,89,89,116
NA,2020,July,23,205,Baralof Bay,Shumagin Islands,55.2293,-160.5623,49,NA,87,87,118
NA,2020,July,23,205,Baralof Bay,Shumagin Islands,55.2293,-160.5623,49,NA,88,88,117
NA,2020,July,23,205,Baralof Bay,Shumagin Islands,55.2294,-160.5646,49,NA,87,87,118
NA,2020,July,20,202,Sand Point,Shumagin Islands,55.3204,-160.5204,49,NA,86,86,116
NA,2020,July,20,202,Sand Point,Shumagin Islands,55.3202,-160.5241,49,NA,86,86,116
NA,2020,July,20,202,Sand Point,Shumagin Islands,55.3202,-160.5241,49,NA,86,86,116
NA,2020,July,20,202,Sand Point,Shumagin Islands,55.3202,-160.5241,49,NA,86,86,116
NA,2020,July,20,202,Sand Point,Shumagin Islands,55.3202,-160.5241,49,NA,87,87,115
NA,2020,July,20,202,Sand Point,Shumagin Islands,55.3202,-160.5241,49,NA,86,86,116
NA,2020,July,20,202,Sand Point,Shumagin Islands,55.3202,-160.5241,49,NA,87,87,115
NA,2020,July,20,202,Sand Point,Shumagin Islands,55.3202,-160.5241,49,NA,86,86,116
NA,2020,July,20,202,Sand Point,Shumagin Islands,55.3202,-160.5241,49,NA,87,87,115
NA,2020,July,19,201,Falmouth Bay,Shumagin Islands,55.0693,-160.1138,49,NA,86,86,115
NA,2020,July,19,201,Falmouth Bay,Shumagin Islands,55.0693,-160.1138,49,NA,88,88,113
NA,2020,July,19,201,Falmouth Bay,Shumagin Islands,55.0693,-160.1138,49,NA,86,86,115
NA,2020,July,19,201,Falmouth Bay,Shumagin Islands,55.0693,-160.1138,49,NA,88,88,113
NA,2020,July,19,201,Falmouth Bay,Shumagin Islands,55.0693,-160.1138,49,NA,88,88,113
NA,2020,July,19,201,Falmouth Bay,Shumagin Islands,55.0685,-160.1126,49,NA,87,87,114
NA,2020,July,19,201,Falmouth Bay,Shumagin Islands,55.0689,-160.1296,49,NA,88,88,113
NA,2020,July,19,201,Falmouth Bay,Shumagin Islands,55.0689,-160.1296,49,NA,85,85,116
NA,2020,July,19,201,Falmouth Bay,Shumagin Islands,55.0668,-160.1265,49,NA,88,88,113
NA,2020,July,19,201,Falmouth Bay,Shumagin Islands,55.0668,-160.1265,49,NA,88,88,113
NA,2020,July,19,201,Falmouth Bay,Shumagin Islands,55.0668,-160.1265,49,NA,88,88,113
NA,2020,July,19,201,Falmouth Bay,Shumagin Islands,55.0668,-160.1265,49,NA,86,86,115
NA,2020,July,19,201,Falmouth Bay,Shumagin Islands,55.0668,-160.1265,49,NA,86,86,115
NA,2022,July,19,200,Kaiugnak Bay,Kaiugnak Bay,57.0573,-153.7033,49,NA,85,85,115
NA,2022,July,19,200,Sand Point,Shumagin Islands,55.3204,-160.5201,49,NA,86,86,114
NA,2022,July,19,200,Sand Point,Shumagin Islands,55.3204,-160.5201,49,NA,87,87,113
NA,2022,July,19,200,Sand Point,Shumagin Islands,55.3201,-160.524,49,NA,88,88,112
NA,2023,July,19,200,Falmouth Bay,Shumagin Islands,55.0695,-160.114,49,NA,87,87,113
NA,2023,July,19,200,Falmouth Bay,Shumagin Islands,55.0695,-160.114,49,NA,87,87,113
NA,2023,July,19,200,Falmouth Bay,Shumagin Islands,55.0689,-160.1297,49,NA,88,88,112
NA,2021,July,17,198,Sand Point,Shumagin Islands,55.3204,-160.5202,49,NA,84,84,114
NA,2023,July,17,198,Baralof Bay,Shumagin Islands,55.2294,-160.5626,49,NA,88,88,110
NA,2023,July,17,198,Baralof Bay,Shumagin Islands,55.2294,-160.5626,49,NA,86,86,112
NA,2023,July,17,198,Baralof Bay,Shumagin Islands,55.2293,-160.5518,49,NA,86,86,112
NA,2023,July,17,198,Baralof Bay,Shumagin Islands,55.2197,-160.5484,49,NA,85,85,113
NA,2023,July,17,198,Baralof Bay,Shumagin Islands,55.2197,-160.5484,49,NA,84,84,114
NA,2023,July,17,198,Baralof Bay,Shumagin Islands,55.2197,-160.5484,49,NA,88,88,110
NA,2023,July,17,198,Baralof Bay,Shumagin Islands,55.2197,-160.5484,49,NA,85,85,113
NA,2023,July,17,198,Baralof Bay,Shumagin Islands,55.2197,-160.5484,49,NA,85,85,113
NA,2018,July,16,197,Agripina Bay,Agripina Bay,57.1047,-156.4584,49,NA,100,100,97
NA,2018,July,16,197,Agripina Bay,Agripina Bay,57.1047,-156.4584,49,NA,99,99,98
NA,2018,July,16,197,Agripina Bay,Agripina Bay,57.1047,-156.4584,49,NA,95,95,102
NA,2018,July,16,197,Agripina Bay,Agripina Bay,57.1047,-156.4584,49,NA,97,97,100
NA,2018,July,16,197,Agripina Bay,Agripina Bay,57.1047,-156.4584,49,NA,97,97,100
NA,2018,July,16,197,Agripina Bay,Agripina Bay,57.1094,-156.4599,49,NA,98,98,99
NA,2018,July,16,197,Agripina Bay,Agripina Bay,57.1094,-156.4599,49,NA,98,98,99
NA,2018,July,16,197,Agripina Bay,Agripina Bay,57.1071,-156.4565,49,NA,99,99,98
NA,2018,July,16,197,Agripina Bay,Agripina Bay,57.1071,-156.4565,49,NA,96,96,101
NA,2018,July,16,197,Agripina Bay,Agripina Bay,57.104,-156.4766,49,NA,98,98,99
NA,2018,July,16,197,Agripina Bay,Agripina Bay,57.104,-156.4766,49,NA,98,98,99
NA,2018,July,16,197,Agripina Bay,Agripina Bay,57.104,-156.4766,49,NA,96,96,101
NA,2022,July,15,196,Baralof Bay,Shumagin Islands,55.2295,-160.5646,49,NA,87,87,109
NA,2022,July,15,196,Baralof Bay,Shumagin Islands,55.2293,-160.5515,49,NA,88,88,108
NA,2022,July,15,196,Baralof Bay,Shumagin Islands,55.2293,-160.5515,49,NA,85,85,111
NA,2022,July,15,196,Baralof Bay,Shumagin Islands,55.2304,-160.5484,49,NA,87,87,109
NA,2022,July,14,195,Falmouth Bay,Shumagin Islands,55.0692,-160.1136,49,NA,87,87,108
NA,2022,July,14,195,Falmouth Bay,Shumagin Islands,55.0685,-160.1127,49,NA,87,87,108
NA,2018,July,9,190,Kaiugnak Bay,Kaiugnak Bay,57.0708,-153.6749,49,NA,93,93,97
NA,2018,July,9,190,Kaiugnak Bay,Kaiugnak Bay,57.0708,-153.6749,49,NA,92,92,98
NA,2018,July,9,190,Kaiugnak Bay,Kaiugnak Bay,57.0708,-153.6749,49,NA,95,95,95
NA,2018,July,9,190,Kaiugnak Bay,Kaiugnak Bay,57.0708,-153.6749,49,NA,97,97,93
NA,2018,July,9,190,Kaiugnak Bay,Kaiugnak Bay,57.0535,-153.6531,49,NA,93,93,97
NA,2018,July,9,190,Kaiugnak Bay,Kaiugnak Bay,57.0535,-153.6531,49,NA,96,96,94
NA,2020,July,6,188,Agripina Bay,Agripina Bay,57.1092,-156.4602,49,NA,87,87,101
NA,2020,July,6,188,Agripina Bay,Agripina Bay,57.1092,-156.4602,49,NA,85,85,103
NA,2020,July,6,188,Agripina Bay,Agripina Bay,57.1073,-156.4562,49,NA,86,86,102
NA,2020,July,6,188,Agripina Bay,Agripina Bay,57.1073,-156.4562,49,NA,85,85,103
NA,2020,July,6,188,Agripina Bay,Agripina Bay,57.1073,-156.4562,49,NA,88,88,100
NA,2020,July,6,188,Agripina Bay,Agripina Bay,57.1049,-156.4585,49,NA,87,87,101
NA,2020,July,6,188,Agripina Bay,Agripina Bay,57.1049,-156.4585,49,NA,86,86,102
NA,2020,July,6,188,Agripina Bay,Agripina Bay,57.1045,-156.4714,49,NA,88,88,100
NA,2020,July,6,188,Agripina Bay,Agripina Bay,57.1045,-156.4714,49,NA,88,88,100
NA,2020,July,6,188,Agripina Bay,Agripina Bay,57.104,-156.4767,49,NA,86,86,102
NA,2023,July,7,188,Agripina Bay,Agripina Bay,57.1049,-156.4585,49,NA,85,85,103
NA,2021,July,5,186,Agripina Bay,Agripina Bay,57.1045,-156.4714,49,NA,85,85,101
NA,2021,July,5,186,Agripina Bay,Agripina Bay,57.1045,-156.4714,49,NA,87,87,99
NA,2021,July,5,186,Agripina Bay,Agripina Bay,57.104,-156.4767,49,NA,86,86,100
NA,2022,July,4,185,Agripina Bay,Agripina Bay,57.1048,-156.4585,49,NA,85,85,100
NA,2022,July,4,185,Agripina Bay,Agripina Bay,57.1048,-156.4585,49,NA,88,88,97
NA,2022,July,4,185,Agripina Bay,Agripina Bay,57.1048,-156.4585,49,NA,86,86,99
NA,2022,July,4,185,Agripina Bay,Agripina Bay,57.1093,-156.4602,49,NA,86,86,99
NA,2022,July,4,185,Agripina Bay,Agripina Bay,57.1046,-156.4717,49,NA,87,87,98
NA,2022,July,4,185,Agripina Bay,Agripina Bay,57.1046,-156.4717,49,NA,88,88,97
NA,2020,July,2,184,Cook Bay,Eastern Kodiak,57.7686,-152.2738,49,NA,95,95,89
NA,2020,July,2,184,Cook Bay,Eastern Kodiak,57.7794,-152.2769,49,NA,94,94,90
NA,2020,July,2,184,Cook Bay,Eastern Kodiak,57.7794,-152.2769,49,NA,94,94,90
NA,2020,July,2,184,Cook Bay,Eastern Kodiak,57.7794,-152.2769,49,NA,95,95,89
NA,2020,July,2,184,Cook Bay,Eastern Kodiak,57.7794,-152.2769,49,NA,95,95,89
NA,2023,July,3,184,Kaiugnak Bay,Kaiugnak Bay,57.0607,-153.7889,49,NA,86,86,98
NA,2023,June,29,180,Cook Bay,Eastern Kodiak,57.7796,-152.2638,49,NA,92,92,88
NA,2018,Aug,15,227,Agripina Bay,Agripina Bay,57.1041,-156.4766,50,NA,106,106,121
NA,2018,Aug,1,213,Baralof Bay,Shumagin Islands,55.228,-160.5598,50,NA,97,97,116
NA,2018,Aug,1,213,Baralof Bay,Shumagin Islands,55.228,-160.5598,50,NA,101,101,112
NA,2018,Aug,1,213,Baralof Bay,Shumagin Islands,55.228,-160.5598,50,NA,98,98,115
NA,2018,Aug,1,213,Baralof Bay,Shumagin Islands,55.2303,-160.5485,50,NA,99,99,114
NA,2018,Aug,1,213,Baralof Bay,Shumagin Islands,55.2293,-160.5518,50,NA,100,100,113
NA,2018,Aug,1,213,Baralof Bay,Shumagin Islands,55.2293,-160.5518,50,NA,100,100,113
NA,2018,Aug,1,213,Baralof Bay,Shumagin Islands,55.2293,-160.5518,50,NA,100,100,113
NA,2018,Aug,1,213,Baralof Bay,Shumagin Islands,55.2293,-160.5518,50,NA,99,99,114
NA,2018,Aug,1,213,Baralof Bay,Shumagin Islands,55.2293,-160.5623,50,NA,100,100,113
NA,2018,Aug,1,213,Baralof Bay,Shumagin Islands,55.2294,-160.5646,50,NA,100,100,113
NA,2018,Aug,1,213,Baralof Bay,Shumagin Islands,55.2307,-160.5694,50,NA,99,99,114
NA,2018,July,30,211,Falmouth Bay,Shumagin Islands,55.0694,-160.1137,50,NA,98,98,113
NA,2018,July,30,211,Falmouth Bay,Shumagin Islands,55.0694,-160.1137,50,NA,100,100,111
NA,2018,July,29,210,Falmouth Bay,Shumagin Islands,55.0639,-160.1164,50,NA,99,99,111
NA,2018,July,29,210,Falmouth Bay,Shumagin Islands,55.0639,-160.1164,50,NA,99,99,111
NA,2018,July,29,210,Falmouth Bay,Shumagin Islands,55.0669,-160.1267,50,NA,99,99,111
NA,2018,July,29,210,Falmouth Bay,Shumagin Islands,55.0669,-160.1267,50,NA,100,100,110
NA,2018,July,29,210,Falmouth Bay,Shumagin Islands,55.0669,-160.1267,50,NA,99,99,111
NA,2018,July,26,207,Sand Point,Shumagin Islands,55.2535,-160.5241,50,NA,100,100,107
NA,2018,July,26,207,Sand Point,Shumagin Islands,55.2535,-160.5241,50,NA,99,99,108
NA,2020,July,23,205,Baralof Bay,Shumagin Islands,55.2293,-160.5519,50,NA,88,88,117
NA,2020,July,23,205,Baralof Bay,Shumagin Islands,55.2293,-160.5623,50,NA,89,89,116
NA,2023,July,24,205,Sand Point,Shumagin Islands,55.3203,-160.5207,50,NA,87,87,118
NA,2020,July,20,202,Sand Point,Shumagin Islands,55.3202,-160.5241,50,NA,87,87,115
NA,2020,July,20,202,Sand Point,Shumagin Islands,55.3202,-160.5241,50,NA,88,88,114
NA,2020,July,20,202,Sand Point,Shumagin Islands,55.3202,-160.5241,50,NA,89,89,113
NA,2020,July,20,202,Sand Point,Shumagin Islands,55.3202,-160.5241,50,NA,88,88,114
NA,2020,July,19,201,Falmouth Bay,Shumagin Islands,55.0685,-160.1126,50,NA,88,88,113
NA,2020,July,19,201,Falmouth Bay,Shumagin Islands,55.0689,-160.1296,50,NA,87,87,114
NA,2020,July,19,201,Falmouth Bay,Shumagin Islands,55.0668,-160.1265,50,NA,88,88,113
NA,2020,July,19,201,Falmouth Bay,Shumagin Islands,55.0668,-160.1265,50,NA,88,88,113
NA,2020,July,19,201,Falmouth Bay,Shumagin Islands,55.0668,-160.1265,50,NA,87,87,114
NA,2020,July,19,201,Falmouth Bay,Shumagin Islands,55.0668,-160.1265,50,NA,89,89,112
NA,2020,July,19,201,Falmouth Bay,Shumagin Islands,55.0668,-160.1265,50,NA,89,89,112
NA,2020,July,19,201,Falmouth Bay,Shumagin Islands,55.0668,-160.1265,50,NA,89,89,112
NA,2020,July,19,201,Falmouth Bay,Shumagin Islands,55.0668,-160.1265,50,NA,87,87,114
NA,2020,July,19,201,Falmouth Bay,Shumagin Islands,55.0668,-160.1265,50,NA,88,88,113
NA,2020,July,19,201,Falmouth Bay,Shumagin Islands,55.0668,-160.1265,50,NA,89,89,112
NA,2020,July,19,201,Falmouth Bay,Shumagin Islands,55.0668,-160.1265,50,NA,88,88,113
NA,2022,July,19,200,Sand Point,Shumagin Islands,55.3201,-160.524,50,NA,87,87,113
NA,2023,July,19,200,Falmouth Bay,Shumagin Islands,55.0695,-160.114,50,NA,88,88,112
NA,2023,July,19,200,Falmouth Bay,Shumagin Islands,55.0695,-160.114,50,NA,89,89,111
NA,2023,July,17,198,Baralof Bay,Shumagin Islands,55.2294,-160.5626,50,NA,88,88,110
NA,2023,July,17,198,Baralof Bay,Shumagin Islands,55.2294,-160.5626,50,NA,87,87,111
NA,2023,July,17,198,Baralof Bay,Shumagin Islands,55.2293,-160.5518,50,NA,86,86,112
NA,2023,July,17,198,Baralof Bay,Shumagin Islands,55.2293,-160.5518,50,NA,85,85,113
NA,2023,July,17,198,Baralof Bay,Shumagin Islands,55.2293,-160.5518,50,NA,89,89,109
NA,2023,July,17,198,Baralof Bay,Shumagin Islands,55.2197,-160.5484,50,NA,88,88,110
NA,2023,July,17,198,Baralof Bay,Shumagin Islands,55.2197,-160.5484,50,NA,87,87,111
NA,2023,July,17,198,Baralof Bay,Shumagin Islands,55.2197,-160.5484,50,NA,86,86,112
NA,2023,July,17,198,Baralof Bay,Shumagin Islands,55.2197,-160.5484,50,NA,87,87,111
NA,2023,July,17,198,Baralof Bay,Shumagin Islands,55.2197,-160.5484,50,NA,87,87,111
NA,2018,July,16,197,Agripina Bay,Agripina Bay,57.1047,-156.4584,50,NA,100,100,97
NA,2018,July,16,197,Agripina Bay,Agripina Bay,57.1094,-156.4599,50,NA,98,98,99
NA,2018,July,16,197,Agripina Bay,Agripina Bay,57.1094,-156.4599,50,NA,98,98,99
NA,2018,July,16,197,Agripina Bay,Agripina Bay,57.1094,-156.4599,50,NA,100,100,97
NA,2018,July,16,197,Agripina Bay,Agripina Bay,57.1094,-156.4599,50,NA,97,97,100
NA,2018,July,16,197,Agripina Bay,Agripina Bay,57.1094,-156.4599,50,NA,97,97,100
NA,2018,July,16,197,Agripina Bay,Agripina Bay,57.1071,-156.4565,50,NA,98,98,99
NA,2018,July,16,197,Agripina Bay,Agripina Bay,57.1045,-156.4712,50,NA,99,99,98
NA,2018,July,16,197,Agripina Bay,Agripina Bay,57.1045,-156.4712,50,NA,100,100,97
NA,2018,July,16,197,Agripina Bay,Agripina Bay,57.1045,-156.4712,50,NA,97,97,100
NA,2018,July,16,197,Agripina Bay,Agripina Bay,57.1045,-156.4712,50,NA,98,98,99
NA,2018,July,16,197,Agripina Bay,Agripina Bay,57.104,-156.4766,50,NA,100,100,97
NA,2018,July,16,197,Agripina Bay,Agripina Bay,57.104,-156.4766,50,NA,101,101,96
NA,2018,July,16,197,Agripina Bay,Agripina Bay,57.104,-156.4766,50,NA,100,100,97
NA,2022,July,15,196,Baralof Bay,Shumagin Islands,55.2311,-160.5681,50,NA,87,87,109
NA,2022,July,15,196,Baralof Bay,Shumagin Islands,55.2295,-160.5646,50,NA,89,89,107
NA,2022,July,15,196,Baralof Bay,Shumagin Islands,55.2293,-160.5622,50,NA,89,89,107
NA,2022,July,15,196,Baralof Bay,Shumagin Islands,55.2293,-160.5622,50,NA,88,88,108
NA,2022,July,15,196,Baralof Bay,Shumagin Islands,55.2304,-160.5484,50,NA,88,88,108
NA,2022,July,15,196,Baralof Bay,Shumagin Islands,55.2304,-160.5484,50,NA,89,89,107
NA,2022,July,14,195,Falmouth Bay,Shumagin Islands,55.0692,-160.1136,50,NA,89,89,106
NA,2022,July,14,195,Falmouth Bay,Shumagin Islands,55.0685,-160.1127,50,NA,87,87,108
NA,2022,July,14,195,Falmouth Bay,Shumagin Islands,55.0685,-160.1127,50,NA,90,90,105
NA,2022,July,14,195,Falmouth Bay,Shumagin Islands,55.0669,-160.1266,50,NA,89,89,106
NA,2022,July,14,195,Falmouth Bay,Shumagin Islands,55.069,-160.1297,50,NA,88,88,107
NA,2018,July,9,190,Kaiugnak Bay,Kaiugnak Bay,57.0559,-153.6501,50,NA,97,97,93
NA,2018,July,9,190,Kaiugnak Bay,Kaiugnak Bay,57.0708,-153.6749,50,NA,94,94,96
NA,2018,July,9,190,Kaiugnak Bay,Kaiugnak Bay,57.0535,-153.6531,50,NA,95,95,95
NA,2018,July,9,190,Kaiugnak Bay,Kaiugnak Bay,57.0535,-153.6531,50,NA,97,97,93
NA,2018,July,9,190,Kaiugnak Bay,Kaiugnak Bay,57.057,-153.7047,50,NA,94,94,96
NA,2020,July,6,188,Agripina Bay,Agripina Bay,57.1092,-156.4602,50,NA,88,88,100
NA,2020,July,6,188,Agripina Bay,Agripina Bay,57.1092,-156.4602,50,NA,88,88,100
NA,2020,July,6,188,Agripina Bay,Agripina Bay,57.1073,-156.4562,50,NA,89,89,99
NA,2020,July,6,188,Agripina Bay,Agripina Bay,57.1073,-156.4562,50,NA,88,88,100
NA,2020,July,6,188,Agripina Bay,Agripina Bay,57.1049,-156.4585,50,NA,90,90,98
NA,2020,July,6,188,Agripina Bay,Agripina Bay,57.1049,-156.4585,50,NA,87,87,101
NA,2020,July,6,188,Agripina Bay,Agripina Bay,57.1045,-156.4714,50,NA,90,90,98
NA,2020,July,6,188,Agripina Bay,Agripina Bay,57.1045,-156.4714,50,NA,89,89,99
NA,2020,July,6,188,Agripina Bay,Agripina Bay,57.1045,-156.4714,50,NA,90,90,98
NA,2020,July,6,188,Agripina Bay,Agripina Bay,57.1045,-156.4714,50,NA,87,87,101
NA,2023,July,7,188,Agripina Bay,Agripina Bay,57.1049,-156.4585,50,NA,89,89,99
NA,2021,July,5,186,Agripina Bay,Agripina Bay,57.1073,-156.4562,50,NA,84,84,102
NA,2021,July,5,186,Agripina Bay,Agripina Bay,57.104,-156.4767,50,NA,88,88,98
NA,2022,July,4,185,Agripina Bay,Agripina Bay,57.1048,-156.4585,50,NA,87,87,98
NA,2022,July,4,185,Agripina Bay,Agripina Bay,57.1046,-156.4717,50,NA,89,89,96
NA,2022,July,4,185,Agripina Bay,Agripina Bay,57.1042,-156.4766,50,NA,90,90,95
NA,2020,July,2,184,Cook Bay,Eastern Kodiak,57.7239,-152.259,50,NA,93,93,91
NA,2020,July,2,184,Cook Bay,Eastern Kodiak,57.7794,-152.2769,50,NA,96,96,88
NA,2023,July,3,184,Kaiugnak Bay,Kaiugnak Bay,57.0558,-153.6505,50,NA,86,86,98
NA,2018,Aug,1,213,Baralof Bay,Shumagin Islands,55.228,-160.5598,51,NA,99,99,114
NA,2018,Aug,1,213,Baralof Bay,Shumagin Islands,55.228,-160.5598,51,NA,99,99,114
NA,2018,Aug,1,213,Baralof Bay,Shumagin Islands,55.228,-160.5598,51,NA,100,100,113
NA,2018,Aug,1,213,Baralof Bay,Shumagin Islands,55.228,-160.5598,51,NA,99,99,114
NA,2018,Aug,1,213,Baralof Bay,Shumagin Islands,55.2303,-160.5485,51,NA,101,101,112
NA,2018,Aug,1,213,Baralof Bay,Shumagin Islands,55.2303,-160.5485,51,NA,99,99,114
NA,2018,Aug,1,213,Baralof Bay,Shumagin Islands,55.2303,-160.5485,51,NA,101,101,112
NA,2018,Aug,1,213,Baralof Bay,Shumagin Islands,55.2303,-160.5485,51,NA,102,102,111
NA,2018,Aug,1,213,Baralof Bay,Shumagin Islands,55.2293,-160.5518,51,NA,102,102,111
NA,2018,Aug,1,213,Baralof Bay,Shumagin Islands,55.2293,-160.5518,51,NA,101,101,112
NA,2018,Aug,1,213,Baralof Bay,Shumagin Islands,55.2293,-160.5518,51,NA,100,100,113
NA,2018,Aug,1,213,Baralof Bay,Shumagin Islands,55.2293,-160.5518,51,NA,101,101,112
NA,2018,Aug,1,213,Baralof Bay,Shumagin Islands,55.2293,-160.5518,51,NA,102,102,111
NA,2018,Aug,1,213,Baralof Bay,Shumagin Islands,55.2293,-160.5623,51,NA,99,99,114
NA,2018,Aug,1,213,Baralof Bay,Shumagin Islands,55.2293,-160.5623,51,NA,102,102,111
NA,2018,Aug,1,213,Baralof Bay,Shumagin Islands,55.2293,-160.5623,51,NA,99,99,114
NA,2018,Aug,1,213,Baralof Bay,Shumagin Islands,55.2294,-160.5646,51,NA,102,102,111
NA,2018,Aug,1,213,Baralof Bay,Shumagin Islands,55.2294,-160.5646,51,NA,102,102,111
NA,2018,Aug,1,213,Baralof Bay,Shumagin Islands,55.2294,-160.5646,51,NA,101,101,112
NA,2018,Aug,1,213,Baralof Bay,Shumagin Islands,55.2294,-160.5646,51,NA,100,100,113
NA,2018,Aug,1,213,Baralof Bay,Shumagin Islands,55.2307,-160.5694,51,NA,100,100,113
NA,2018,Aug,1,213,Baralof Bay,Shumagin Islands,55.2307,-160.5694,51,NA,102,102,111
NA,2018,Aug,1,213,Baralof Bay,Shumagin Islands,55.2307,-160.5694,51,NA,100,100,113
NA,2018,July,30,211,Falmouth Bay,Shumagin Islands,55.0691,-160.1299,51,NA,102,102,109
NA,2018,July,30,211,Falmouth Bay,Shumagin Islands,55.0694,-160.1137,51,NA,100,100,111
NA,2018,July,30,211,Falmouth Bay,Shumagin Islands,55.0694,-160.1137,51,NA,100,100,111
NA,2018,July,30,211,Falmouth Bay,Shumagin Islands,55.0694,-160.1137,51,NA,101,101,110
NA,2018,July,29,210,Falmouth Bay,Shumagin Islands,55.0639,-160.1164,51,NA,101,101,109
NA,2018,July,29,210,Falmouth Bay,Shumagin Islands,55.0639,-160.1164,51,NA,99,99,111
NA,2018,July,29,210,Falmouth Bay,Shumagin Islands,55.0639,-160.1164,51,NA,101,101,109
NA,2018,July,29,210,Falmouth Bay,Shumagin Islands,55.0639,-160.1164,51,NA,100,100,110
NA,2018,July,29,210,Falmouth Bay,Shumagin Islands,55.0669,-160.1267,51,NA,100,100,110
NA,2018,July,29,210,Falmouth Bay,Shumagin Islands,55.0669,-160.1267,51,NA,99,99,111
NA,2018,July,26,207,Sand Point,Shumagin Islands,55.3204,-160.5207,51,NA,98,98,109
NA,2018,July,26,207,Sand Point,Shumagin Islands,55.3204,-160.5207,51,NA,101,101,106
NA,2018,July,26,207,Sand Point,Shumagin Islands,55.2535,-160.5241,51,NA,98,98,109
NA,2018,July,26,207,Sand Point,Shumagin Islands,55.2535,-160.5241,51,NA,101,101,106
NA,2020,July,23,205,Baralof Bay,Shumagin Islands,55.2309,-160.5682,51,NA,91,91,114
NA,2020,July,23,205,Baralof Bay,Shumagin Islands,55.2309,-160.5682,51,NA,91,91,114
NA,2020,July,23,205,Baralof Bay,Shumagin Islands,55.2309,-160.5682,51,NA,91,91,114
NA,2020,July,23,205,Baralof Bay,Shumagin Islands,55.2304,-160.5484,51,NA,89,89,116
NA,2020,July,23,205,Baralof Bay,Shumagin Islands,55.2304,-160.5484,51,NA,91,91,114
NA,2020,July,23,205,Baralof Bay,Shumagin Islands,55.2293,-160.5623,51,NA,91,91,114
NA,2020,July,23,205,Baralof Bay,Shumagin Islands,55.2293,-160.5623,51,NA,91,91,114
NA,2020,July,23,205,Baralof Bay,Shumagin Islands,55.2293,-160.5623,51,NA,89,89,116
NA,2020,July,23,205,Baralof Bay,Shumagin Islands,55.2293,-160.5623,51,NA,90,90,115
NA,2020,July,23,205,Baralof Bay,Shumagin Islands,55.2293,-160.5623,51,NA,91,91,114
NA,2020,July,23,205,Baralof Bay,Shumagin Islands,55.2293,-160.5623,51,NA,89,89,116
NA,2020,July,23,205,Baralof Bay,Shumagin Islands,55.2293,-160.5623,51,NA,88,88,117
NA,2020,July,23,205,Baralof Bay,Shumagin Islands,55.2293,-160.5623,51,NA,88,88,117
NA,2020,July,23,205,Baralof Bay,Shumagin Islands,55.2293,-160.5623,51,NA,89,89,116
NA,2020,July,23,205,Baralof Bay,Shumagin Islands,55.2293,-160.5623,51,NA,90,90,115
NA,2020,July,23,205,Baralof Bay,Shumagin Islands,55.2293,-160.5623,51,NA,91,91,114
NA,2020,July,23,205,Baralof Bay,Shumagin Islands,55.2293,-160.5623,51,NA,91,91,114
NA,2020,July,23,205,Baralof Bay,Shumagin Islands,55.2293,-160.5623,51,NA,91,91,114
NA,2020,July,23,205,Baralof Bay,Shumagin Islands,55.2294,-160.5646,51,NA,90,90,115
NA,2020,July,20,202,Sand Point,Shumagin Islands,55.3204,-160.5204,51,NA,90,90,112
NA,2020,July,20,202,Sand Point,Shumagin Islands,55.3204,-160.5204,51,NA,88,88,114
NA,2020,July,20,202,Sand Point,Shumagin Islands,55.3202,-160.5241,51,NA,91,91,111
NA,2020,July,20,202,Sand Point,Shumagin Islands,55.3202,-160.5241,51,NA,91,91,111
NA,2020,July,20,202,Sand Point,Shumagin Islands,55.3202,-160.5241,51,NA,88,88,114
NA,2020,July,19,201,Falmouth Bay,Shumagin Islands,55.0693,-160.1138,51,NA,90,90,111
NA,2020,July,19,201,Falmouth Bay,Shumagin Islands,55.0693,-160.1138,51,NA,89,89,112
NA,2020,July,19,201,Falmouth Bay,Shumagin Islands,55.0693,-160.1138,51,NA,88,88,113
NA,2020,July,19,201,Falmouth Bay,Shumagin Islands,55.0685,-160.1126,51,NA,88,88,113
NA,2020,July,19,201,Falmouth Bay,Shumagin Islands,55.0685,-160.1126,51,NA,89,89,112
NA,2020,July,19,201,Falmouth Bay,Shumagin Islands,55.0689,-160.1296,51,NA,90,90,111
NA,2020,July,19,201,Falmouth Bay,Shumagin Islands,55.0689,-160.1296,51,NA,89,89,112
NA,2020,July,19,201,Falmouth Bay,Shumagin Islands,55.0689,-160.1296,51,NA,89,89,112
NA,2020,July,19,201,Falmouth Bay,Shumagin Islands,55.0668,-160.1265,51,NA,89,89,112
NA,2020,July,19,201,Falmouth Bay,Shumagin Islands,55.0668,-160.1265,51,NA,88,88,113
NA,2020,July,19,201,Falmouth Bay,Shumagin Islands,55.0668,-160.1265,51,NA,91,91,110
NA,2020,July,19,201,Falmouth Bay,Shumagin Islands,55.0668,-160.1265,51,NA,89,89,112
NA,2020,July,19,201,Falmouth Bay,Shumagin Islands,55.0668,-160.1265,51,NA,88,88,113
NA,2020,July,19,201,Falmouth Bay,Shumagin Islands,55.0668,-160.1265,51,NA,89,89,112
NA,2020,July,19,201,Falmouth Bay,Shumagin Islands,55.0668,-160.1265,51,NA,91,91,110
NA,2022,July,19,200,Kaiugnak Bay,Kaiugnak Bay,57.0607,-153.7889,51,NA,90,90,110
NA,2023,July,19,200,Falmouth Bay,Shumagin Islands,55.0695,-160.114,51,NA,88,88,112
NA,2023,July,19,200,Falmouth Bay,Shumagin Islands,55.0695,-160.114,51,NA,87,87,113
NA,2023,July,19,200,Falmouth Bay,Shumagin Islands,55.0689,-160.1297,51,NA,90,90,110
NA,2023,July,17,198,Baralof Bay,Shumagin Islands,55.2294,-160.5626,51,NA,88,88,110
NA,2023,July,17,198,Baralof Bay,Shumagin Islands,55.2294,-160.5626,51,NA,89,89,109
NA,2023,July,17,198,Baralof Bay,Shumagin Islands,55.2294,-160.5626,51,NA,88,88,110
NA,2023,July,17,198,Baralof Bay,Shumagin Islands,55.2293,-160.5518,51,NA,87,87,111
NA,2023,July,17,198,Baralof Bay,Shumagin Islands,55.2293,-160.5518,51,NA,91,91,107
NA,2023,July,17,198,Baralof Bay,Shumagin Islands,55.2293,-160.5518,51,NA,87,87,111
NA,2023,July,17,198,Baralof Bay,Shumagin Islands,55.2293,-160.5518,51,NA,88,88,110
NA,2023,July,17,198,Baralof Bay,Shumagin Islands,55.2197,-160.5484,51,NA,88,88,110
NA,2023,July,17,198,Baralof Bay,Shumagin Islands,55.2197,-160.5484,51,NA,88,88,110
NA,2023,July,17,198,Baralof Bay,Shumagin Islands,55.2197,-160.5484,51,NA,87,87,111
NA,2018,July,16,197,Agripina Bay,Agripina Bay,57.1047,-156.4584,51,NA,102,102,95
NA,2018,July,16,197,Agripina Bay,Agripina Bay,57.1094,-156.4599,51,NA,101,101,96
NA,2018,July,16,197,Agripina Bay,Agripina Bay,57.1094,-156.4599,51,NA,98,98,99
NA,2018,July,16,197,Agripina Bay,Agripina Bay,57.1094,-156.4599,51,NA,98,98,99
NA,2018,July,16,197,Agripina Bay,Agripina Bay,57.1071,-156.4565,51,NA,102,102,95
NA,2018,July,16,197,Agripina Bay,Agripina Bay,57.1071,-156.4565,51,NA,102,102,95
NA,2018,July,16,197,Agripina Bay,Agripina Bay,57.1071,-156.4565,51,NA,99,99,98
NA,2018,July,16,197,Agripina Bay,Agripina Bay,57.1071,-156.4565,51,NA,101,101,96
NA,2018,July,16,197,Agripina Bay,Agripina Bay,57.1045,-156.4712,51,NA,99,99,98
NA,2018,July,16,197,Agripina Bay,Agripina Bay,57.1045,-156.4712,51,NA,100,100,97
NA,2018,July,16,197,Agripina Bay,Agripina Bay,57.1045,-156.4712,51,NA,99,99,98
NA,2018,July,16,197,Agripina Bay,Agripina Bay,57.1045,-156.4712,51,NA,102,102,95
NA,2018,July,16,197,Agripina Bay,Agripina Bay,57.1045,-156.4712,51,NA,101,101,96
NA,2018,July,16,197,Agripina Bay,Agripina Bay,57.104,-156.4766,51,NA,100,100,97
NA,2018,July,16,197,Agripina Bay,Agripina Bay,57.104,-156.4766,51,NA,101,101,96
NA,2018,July,16,197,Agripina Bay,Agripina Bay,57.104,-156.4766,51,NA,102,102,95
NA,2022,July,15,196,Baralof Bay,Shumagin Islands,55.2311,-160.5681,51,NA,89,89,107
NA,2022,July,15,196,Baralof Bay,Shumagin Islands,55.2311,-160.5681,51,NA,91,91,105
NA,2022,July,15,196,Baralof Bay,Shumagin Islands,55.2293,-160.5622,51,NA,90,90,106
NA,2022,July,15,196,Baralof Bay,Shumagin Islands,55.2293,-160.5622,51,NA,88,88,108
NA,2022,July,15,196,Baralof Bay,Shumagin Islands,55.2304,-160.5484,51,NA,88,88,108
NA,2022,July,15,196,Baralof Bay,Shumagin Islands,55.2304,-160.5484,51,NA,91,91,105
NA,2022,July,14,195,Falmouth Bay,Shumagin Islands,55.0692,-160.1136,51,NA,89,89,106
NA,2022,July,14,195,Falmouth Bay,Shumagin Islands,55.0692,-160.1136,51,NA,87,87,108
NA,2022,July,14,195,Falmouth Bay,Shumagin Islands,55.0685,-160.1127,51,NA,90,90,105
NA,2018,July,9,190,Kaiugnak Bay,Kaiugnak Bay,57.0733,-153.6708,51,NA,99,99,91
NA,2018,July,9,190,Kaiugnak Bay,Kaiugnak Bay,57.0733,-153.6708,51,NA,99,99,91
NA,2018,July,9,190,Kaiugnak Bay,Kaiugnak Bay,57.0708,-153.6749,51,NA,95,95,95
NA,2018,July,9,190,Kaiugnak Bay,Kaiugnak Bay,57.0708,-153.6749,51,NA,98,98,92
NA,2018,July,9,190,Kaiugnak Bay,Kaiugnak Bay,57.0708,-153.6749,51,NA,97,97,93
NA,2018,July,9,190,Kaiugnak Bay,Kaiugnak Bay,57.0708,-153.6749,51,NA,96,96,94
NA,2018,July,9,190,Kaiugnak Bay,Kaiugnak Bay,57.0535,-153.6531,51,NA,95,95,95
NA,2018,July,9,190,Kaiugnak Bay,Kaiugnak Bay,57.0535,-153.6531,51,NA,99,99,91
NA,2020,July,6,188,Agripina Bay,Agripina Bay,57.1092,-156.4602,51,NA,90,90,98
NA,2020,July,6,188,Agripina Bay,Agripina Bay,57.1049,-156.4585,51,NA,91,91,97
NA,2020,July,6,188,Agripina Bay,Agripina Bay,57.1049,-156.4585,51,NA,89,89,99
NA,2020,July,6,188,Agripina Bay,Agripina Bay,57.1049,-156.4585,51,NA,91,91,97
NA,2020,July,6,188,Agripina Bay,Agripina Bay,57.1045,-156.4714,51,NA,89,89,99
NA,2020,July,6,188,Agripina Bay,Agripina Bay,57.1045,-156.4714,51,NA,90,90,98
NA,2020,July,6,188,Agripina Bay,Agripina Bay,57.1045,-156.4714,51,NA,90,90,98
NA,2020,July,6,188,Agripina Bay,Agripina Bay,57.1045,-156.4714,51,NA,88,88,100
NA,2020,July,6,188,Agripina Bay,Agripina Bay,57.1045,-156.4714,51,NA,91,91,97
NA,2020,July,6,188,Agripina Bay,Agripina Bay,57.104,-156.4767,51,NA,88,88,100
NA,2020,July,6,188,Agripina Bay,Agripina Bay,57.104,-156.4767,51,NA,90,90,98
NA,2020,July,6,188,Agripina Bay,Agripina Bay,57.104,-156.4767,51,NA,89,89,99
NA,2020,July,6,188,Agripina Bay,Agripina Bay,57.104,-156.4767,51,NA,88,88,100
NA,2020,July,6,188,Agripina Bay,Agripina Bay,57.104,-156.4767,51,NA,89,89,99
NA,2020,July,6,188,Agripina Bay,Agripina Bay,57.104,-156.4767,51,NA,91,91,97
NA,2020,July,6,188,Agripina Bay,Agripina Bay,57.104,-156.4767,51,NA,88,88,100
NA,2022,July,4,185,Agripina Bay,Agripina Bay,57.1132,-156.4796,51,NA,92,92,93
NA,2022,July,4,185,Agripina Bay,Agripina Bay,57.1048,-156.4585,51,NA,89,89,96
NA,2022,July,4,185,Agripina Bay,Agripina Bay,57.1048,-156.4585,51,NA,90,90,95
NA,2022,July,4,185,Agripina Bay,Agripina Bay,57.1042,-156.4766,51,NA,89,89,96
NA,2020,July,2,184,Cook Bay,Eastern Kodiak,57.7686,-152.2738,51,NA,95,95,89
NA,2020,July,2,184,Cook Bay,Eastern Kodiak,57.7794,-152.2769,51,NA,96,96,88
NA,2020,July,2,184,Cook Bay,Eastern Kodiak,57.7794,-152.2769,51,NA,98,98,86
NA,2020,July,2,184,Cook Bay,Eastern Kodiak,57.7794,-152.2769,51,NA,95,95,89
NA,2020,July,2,184,Cook Bay,Eastern Kodiak,57.7794,-152.2769,51,NA,95,95,89
NA,2020,July,2,184,Cook Bay,Eastern Kodiak,57.7783,-152.2506,51,NA,94,94,90
NA,2023,July,3,184,Kaiugnak Bay,Kaiugnak Bay,57.0708,-153.6747,51,NA,85,85,99
NA,2018,Aug,15,227,Agripina Bay,Agripina Bay,57.1071,-156.4564,52,NA,105,105,122
NA,2018,Aug,15,227,Agripina Bay,Agripina Bay,57.1093,-156.4602,52,NA,109,109,118
NA,2018,Aug,1,213,Baralof Bay,Shumagin Islands,55.228,-160.5598,52,NA,100,100,113
NA,2018,Aug,1,213,Baralof Bay,Shumagin Islands,55.228,-160.5598,52,NA,101,101,112
NA,2018,Aug,1,213,Baralof Bay,Shumagin Islands,55.2303,-160.5485,52,NA,102,102,111
NA,2018,Aug,1,213,Baralof Bay,Shumagin Islands,55.2303,-160.5485,52,NA,103,103,110
NA,2018,Aug,1,213,Baralof Bay,Shumagin Islands,55.2303,-160.5485,52,NA,101,101,112
NA,2018,Aug,1,213,Baralof Bay,Shumagin Islands,55.2303,-160.5485,52,NA,100,100,113
NA,2018,Aug,1,213,Baralof Bay,Shumagin Islands,55.2293,-160.5518,52,NA,103,103,110
NA,2018,Aug,1,213,Baralof Bay,Shumagin Islands,55.2293,-160.5518,52,NA,103,103,110
NA,2018,Aug,1,213,Baralof Bay,Shumagin Islands,55.2293,-160.5623,52,NA,102,102,111
NA,2018,Aug,1,213,Baralof Bay,Shumagin Islands,55.2293,-160.5623,52,NA,103,103,110
NA,2018,Aug,1,213,Baralof Bay,Shumagin Islands,55.2293,-160.5623,52,NA,101,101,112
NA,2018,Aug,1,213,Baralof Bay,Shumagin Islands,55.2293,-160.5623,52,NA,102,102,111
NA,2018,Aug,1,213,Baralof Bay,Shumagin Islands,55.2294,-160.5646,52,NA,103,103,110
NA,2018,Aug,1,213,Baralof Bay,Shumagin Islands,55.2294,-160.5646,52,NA,102,102,111
NA,2018,Aug,1,213,Baralof Bay,Shumagin Islands,55.2294,-160.5646,52,NA,101,101,112
NA,2018,Aug,1,213,Baralof Bay,Shumagin Islands,55.2294,-160.5646,52,NA,103,103,110
NA,2018,Aug,1,213,Baralof Bay,Shumagin Islands,55.2307,-160.5694,52,NA,103,103,110
NA,2018,Aug,1,213,Baralof Bay,Shumagin Islands,55.2307,-160.5694,52,NA,103,103,110
NA,2018,Aug,1,213,Baralof Bay,Shumagin Islands,55.2307,-160.5694,52,NA,103,103,110
NA,2018,July,30,211,Falmouth Bay,Shumagin Islands,55.0691,-160.1299,52,NA,100,100,111
NA,2018,July,30,211,Falmouth Bay,Shumagin Islands,55.0694,-160.1137,52,NA,102,102,109
NA,2018,July,30,211,Falmouth Bay,Shumagin Islands,55.0694,-160.1137,52,NA,100,100,111
NA,2018,July,30,211,Falmouth Bay,Shumagin Islands,55.0694,-160.1137,52,NA,102,102,109
NA,2018,July,29,210,Falmouth Bay,Shumagin Islands,55.0684,-160.1125,52,NA,103,103,107
NA,2018,July,29,210,Falmouth Bay,Shumagin Islands,55.0639,-160.1164,52,NA,100,100,110
NA,2018,July,29,210,Falmouth Bay,Shumagin Islands,55.0669,-160.1267,52,NA,100,100,110
NA,2018,July,26,207,Sand Point,Shumagin Islands,55.2535,-160.5241,52,NA,101,101,106
NA,2018,July,26,207,Sand Point,Shumagin Islands,55.2535,-160.5241,52,NA,102,102,105
NA,2018,July,26,207,Sand Point,Shumagin Islands,55.2535,-160.5241,52,NA,100,100,107
NA,2018,July,26,207,Sand Point,Shumagin Islands,55.2535,-160.5241,52,NA,102,102,105
NA,2018,July,26,207,Sand Point,Shumagin Islands,55.2535,-160.5241,52,NA,101,101,106
NA,2018,July,26,207,Sand Point,Shumagin Islands,55.2535,-160.5241,52,NA,101,101,106
NA,2020,July,23,205,Baralof Bay,Shumagin Islands,55.2304,-160.5484,52,NA,92,92,113
NA,2020,July,23,205,Baralof Bay,Shumagin Islands,55.2293,-160.5519,52,NA,91,91,114
NA,2020,July,23,205,Baralof Bay,Shumagin Islands,55.2293,-160.5519,52,NA,90,90,115
NA,2020,July,23,205,Baralof Bay,Shumagin Islands,55.2293,-160.5519,52,NA,92,92,113
NA,2020,July,23,205,Baralof Bay,Shumagin Islands,55.2293,-160.5623,52,NA,91,91,114
NA,2020,July,23,205,Baralof Bay,Shumagin Islands,55.2293,-160.5623,52,NA,92,92,113
NA,2020,July,23,205,Baralof Bay,Shumagin Islands,55.2293,-160.5623,52,NA,93,93,112
NA,2020,July,23,205,Baralof Bay,Shumagin Islands,55.2293,-160.5623,52,NA,90,90,115
NA,2020,July,23,205,Baralof Bay,Shumagin Islands,55.2293,-160.5623,52,NA,90,90,115
NA,2020,July,23,205,Baralof Bay,Shumagin Islands,55.2293,-160.5623,52,NA,92,92,113
NA,2020,July,23,205,Baralof Bay,Shumagin Islands,55.2293,-160.5623,52,NA,91,91,114
NA,2020,July,23,205,Baralof Bay,Shumagin Islands,55.2293,-160.5623,52,NA,92,92,113
NA,2020,July,23,205,Baralof Bay,Shumagin Islands,55.2294,-160.5646,52,NA,91,91,114
NA,2023,July,24,205,Sand Point,Shumagin Islands,55.3203,-160.5207,52,NA,93,93,112
NA,2020,July,20,202,Sand Point,Shumagin Islands,55.3204,-160.5204,52,NA,92,92,110
NA,2020,July,20,202,Sand Point,Shumagin Islands,55.3202,-160.5241,52,NA,90,90,112
NA,2020,July,19,201,Falmouth Bay,Shumagin Islands,55.0693,-160.1138,52,NA,90,90,111
NA,2020,July,19,201,Falmouth Bay,Shumagin Islands,55.0693,-160.1138,52,NA,91,91,110
NA,2020,July,19,201,Falmouth Bay,Shumagin Islands,55.0693,-160.1138,52,NA,89,89,112
NA,2020,July,19,201,Falmouth Bay,Shumagin Islands,55.0693,-160.1138,52,NA,90,90,111
NA,2020,July,19,201,Falmouth Bay,Shumagin Islands,55.0685,-160.1126,52,NA,90,90,111
NA,2020,July,19,201,Falmouth Bay,Shumagin Islands,55.0689,-160.1296,52,NA,89,89,112
NA,2020,July,19,201,Falmouth Bay,Shumagin Islands,55.0689,-160.1296,52,NA,91,91,110
NA,2020,July,19,201,Falmouth Bay,Shumagin Islands,55.0668,-160.1265,52,NA,91,91,110
NA,2020,July,19,201,Falmouth Bay,Shumagin Islands,55.0668,-160.1265,52,NA,90,90,111
NA,2020,July,19,201,Falmouth Bay,Shumagin Islands,55.0668,-160.1265,52,NA,90,90,111
NA,2020,July,19,201,Falmouth Bay,Shumagin Islands,55.0668,-160.1265,52,NA,89,89,112
NA,2020,July,19,201,Falmouth Bay,Shumagin Islands,55.0668,-160.1265,52,NA,90,90,111
NA,2020,July,19,201,Falmouth Bay,Shumagin Islands,55.0668,-160.1265,52,NA,90,90,111
NA,2020,July,19,201,Falmouth Bay,Shumagin Islands,55.0668,-160.1265,52,NA,92,92,109
NA,2020,July,19,201,Falmouth Bay,Shumagin Islands,55.0668,-160.1265,52,NA,90,90,111
NA,2020,July,19,201,Falmouth Bay,Shumagin Islands,55.0668,-160.1265,52,NA,90,90,111
NA,2022,July,19,200,Kaiugnak Bay,Kaiugnak Bay,57.0708,-153.6747,52,NA,92,92,108
NA,2022,July,19,200,Sand Point,Shumagin Islands,55.3204,-160.5201,52,NA,91,91,109
NA,2023,July,19,200,Falmouth Bay,Shumagin Islands,55.0695,-160.114,52,NA,89,89,111
NA,2023,July,19,200,Falmouth Bay,Shumagin Islands,55.0689,-160.1297,52,NA,92,92,108
NA,2023,July,19,200,Falmouth Bay,Shumagin Islands,55.0689,-160.1297,52,NA,91,91,109
NA,2021,July,17,198,Sand Point,Shumagin Islands,55.3204,-160.5202,52,NA,88,88,110
NA,2023,July,17,198,Baralof Bay,Shumagin Islands,55.2308,-160.5677,52,NA,92,92,106
NA,2023,July,17,198,Baralof Bay,Shumagin Islands,55.2294,-160.5626,52,NA,89,89,109
NA,2023,July,17,198,Baralof Bay,Shumagin Islands,55.2293,-160.5518,52,NA,91,91,107
NA,2023,July,17,198,Baralof Bay,Shumagin Islands,55.2197,-160.5484,52,NA,90,90,108
NA,2023,July,17,198,Baralof Bay,Shumagin Islands,55.2197,-160.5484,52,NA,89,89,109
NA,2023,July,17,198,Baralof Bay,Shumagin Islands,55.2197,-160.5484,52,NA,89,89,109
NA,2023,July,17,198,Baralof Bay,Shumagin Islands,55.2197,-160.5484,52,NA,90,90,108
NA,2023,July,17,198,Baralof Bay,Shumagin Islands,55.2197,-160.5484,52,NA,88,88,110
NA,2023,July,17,198,Baralof Bay,Shumagin Islands,55.2197,-160.5484,52,NA,90,90,108
NA,2018,July,16,197,Agripina Bay,Agripina Bay,57.1047,-156.4584,52,NA,103,103,94
NA,2018,July,16,197,Agripina Bay,Agripina Bay,57.1047,-156.4584,52,NA,102,102,95
NA,2018,July,16,197,Agripina Bay,Agripina Bay,57.1047,-156.4584,52,NA,103,103,94
NA,2018,July,16,197,Agripina Bay,Agripina Bay,57.1047,-156.4584,52,NA,103,103,94
NA,2018,July,16,197,Agripina Bay,Agripina Bay,57.1047,-156.4584,52,NA,101,101,96
NA,2018,July,16,197,Agripina Bay,Agripina Bay,57.1047,-156.4584,52,NA,101,101,96
NA,2018,July,16,197,Agripina Bay,Agripina Bay,57.1094,-156.4599,52,NA,102,102,95
NA,2018,July,16,197,Agripina Bay,Agripina Bay,57.1094,-156.4599,52,NA,101,101,96
NA,2018,July,16,197,Agripina Bay,Agripina Bay,57.1071,-156.4565,52,NA,100,100,97
NA,2018,July,16,197,Agripina Bay,Agripina Bay,57.1071,-156.4565,52,NA,101,101,96
NA,2018,July,16,197,Agripina Bay,Agripina Bay,57.1071,-156.4565,52,NA,101,101,96
NA,2018,July,16,197,Agripina Bay,Agripina Bay,57.1071,-156.4565,52,NA,102,102,95
NA,2018,July,16,197,Agripina Bay,Agripina Bay,57.1071,-156.4565,52,NA,102,102,95
NA,2018,July,16,197,Agripina Bay,Agripina Bay,57.1071,-156.4565,52,NA,102,102,95
NA,2018,July,16,197,Agripina Bay,Agripina Bay,57.1071,-156.4565,52,NA,100,100,97
NA,2018,July,16,197,Agripina Bay,Agripina Bay,57.1045,-156.4712,52,NA,101,101,96
NA,2018,July,16,197,Agripina Bay,Agripina Bay,57.1045,-156.4712,52,NA,101,101,96
NA,2018,July,16,197,Agripina Bay,Agripina Bay,57.104,-156.4766,52,NA,101,101,96
NA,2022,July,15,196,Baralof Bay,Shumagin Islands,55.2311,-160.5681,52,NA,92,92,104
NA,2022,July,15,196,Baralof Bay,Shumagin Islands,55.2295,-160.5646,52,NA,90,90,106
NA,2022,July,15,196,Baralof Bay,Shumagin Islands,55.2295,-160.5646,52,NA,92,92,104
NA,2022,July,15,196,Baralof Bay,Shumagin Islands,55.2293,-160.5622,52,NA,90,90,106
NA,2022,July,15,196,Baralof Bay,Shumagin Islands,55.2304,-160.5484,52,NA,91,91,105
NA,2022,July,15,196,Baralof Bay,Shumagin Islands,55.2304,-160.5484,52,NA,91,91,105
NA,2022,July,14,195,Falmouth Bay,Shumagin Islands,55.0692,-160.1136,52,NA,89,89,106
NA,2022,July,14,195,Falmouth Bay,Shumagin Islands,55.0692,-160.1136,52,NA,90,90,105
NA,2022,July,14,195,Falmouth Bay,Shumagin Islands,55.069,-160.1297,52,NA,90,90,105
NA,2018,July,9,190,Kaiugnak Bay,Kaiugnak Bay,57.0733,-153.6708,52,NA,96,96,94
NA,2018,July,9,190,Kaiugnak Bay,Kaiugnak Bay,57.0708,-153.6749,52,NA,101,101,89
NA,2018,July,9,190,Kaiugnak Bay,Kaiugnak Bay,57.0708,-153.6749,52,NA,100,100,90
NA,2018,July,9,190,Kaiugnak Bay,Kaiugnak Bay,57.0535,-153.6531,52,NA,101,101,89
NA,2018,July,9,190,Kaiugnak Bay,Kaiugnak Bay,57.0535,-153.6531,52,NA,96,96,94
NA,2020,July,6,188,Agripina Bay,Agripina Bay,57.1073,-156.4562,52,NA,89,89,99
NA,2020,July,6,188,Agripina Bay,Agripina Bay,57.1073,-156.4562,52,NA,91,91,97
NA,2020,July,6,188,Agripina Bay,Agripina Bay,57.1049,-156.4585,52,NA,92,92,96
NA,2020,July,6,188,Agripina Bay,Agripina Bay,57.1049,-156.4585,52,NA,90,90,98
NA,2020,July,6,188,Agripina Bay,Agripina Bay,57.1049,-156.4585,52,NA,91,91,97
NA,2020,July,6,188,Agripina Bay,Agripina Bay,57.1049,-156.4585,52,NA,89,89,99
NA,2020,July,6,188,Agripina Bay,Agripina Bay,57.1049,-156.4585,52,NA,91,91,97
NA,2020,July,6,188,Agripina Bay,Agripina Bay,57.1045,-156.4714,52,NA,90,90,98
NA,2020,July,6,188,Agripina Bay,Agripina Bay,57.1045,-156.4714,52,NA,91,91,97
NA,2020,July,6,188,Agripina Bay,Agripina Bay,57.1045,-156.4714,52,NA,91,91,97
NA,2020,July,6,188,Agripina Bay,Agripina Bay,57.1045,-156.4714,52,NA,89,89,99
NA,2020,July,6,188,Agripina Bay,Agripina Bay,57.1045,-156.4714,52,NA,91,91,97
NA,2020,July,6,188,Agripina Bay,Agripina Bay,57.1045,-156.4714,52,NA,90,90,98
NA,2020,July,6,188,Agripina Bay,Agripina Bay,57.1045,-156.4714,52,NA,92,92,96
NA,2020,July,6,188,Agripina Bay,Agripina Bay,57.1045,-156.4714,52,NA,90,90,98
NA,2020,July,6,188,Agripina Bay,Agripina Bay,57.1045,-156.4714,52,NA,92,92,96
NA,2020,July,6,188,Agripina Bay,Agripina Bay,57.1045,-156.4714,52,NA,91,91,97
NA,2020,July,6,188,Agripina Bay,Agripina Bay,57.1045,-156.4714,52,NA,89,89,99
NA,2020,July,6,188,Agripina Bay,Agripina Bay,57.104,-156.4767,52,NA,90,90,98
NA,2020,July,6,188,Agripina Bay,Agripina Bay,57.104,-156.4767,52,NA,90,90,98
NA,2020,July,6,188,Agripina Bay,Agripina Bay,57.104,-156.4767,52,NA,91,91,97
NA,2021,July,5,186,Agripina Bay,Agripina Bay,57.1073,-156.4562,52,NA,88,88,98
NA,2021,July,5,186,Agripina Bay,Agripina Bay,57.1045,-156.4714,52,NA,89,89,97
NA,2021,July,5,186,Agripina Bay,Agripina Bay,57.104,-156.4767,52,NA,89,89,97
NA,2022,July,4,185,Agripina Bay,Agripina Bay,57.1048,-156.4585,52,NA,91,91,94
NA,2022,July,4,185,Agripina Bay,Agripina Bay,57.1048,-156.4585,52,NA,90,90,95
NA,2022,July,4,185,Agripina Bay,Agripina Bay,57.1048,-156.4585,52,NA,92,92,93
NA,2022,July,4,185,Agripina Bay,Agripina Bay,57.1048,-156.4585,52,NA,91,91,94
NA,2022,July,4,185,Agripina Bay,Agripina Bay,57.1042,-156.4766,52,NA,89,89,96
NA,2022,July,4,185,Agripina Bay,Agripina Bay,57.1042,-156.4766,52,NA,93,93,92
NA,2022,July,4,185,Agripina Bay,Agripina Bay,57.1042,-156.4766,52,NA,91,91,94
NA,2022,July,4,185,Agripina Bay,Agripina Bay,57.1042,-156.4766,52,NA,90,90,95
NA,2022,July,4,185,Agripina Bay,Agripina Bay,57.1042,-156.4766,52,NA,90,90,95
NA,2020,July,2,184,Cook Bay,Eastern Kodiak,57.7686,-152.2738,52,NA,96,96,88
NA,2020,July,2,184,Cook Bay,Eastern Kodiak,57.7239,-152.259,52,NA,96,96,88
NA,2020,July,2,184,Cook Bay,Eastern Kodiak,57.7239,-152.259,52,NA,98,98,86
NA,2020,July,2,184,Cook Bay,Eastern Kodiak,57.7794,-152.2769,52,NA,98,98,86
NA,2020,July,2,184,Cook Bay,Eastern Kodiak,57.7783,-152.2506,52,NA,97,97,87
NA,2020,July,2,184,Cook Bay,Eastern Kodiak,57.7783,-152.2506,52,NA,98,98,86
NA,2020,July,2,184,Cook Bay,Eastern Kodiak,57.7783,-152.2506,52,NA,97,97,87
NA,2023,July,3,184,Kaiugnak Bay,Kaiugnak Bay,57.0708,-153.6747,52,NA,86,86,98
NA,2023,July,3,184,Kaiugnak Bay,Kaiugnak Bay,57.0708,-153.6747,52,NA,86,86,98
NA,2023,June,29,180,Cook Bay,Eastern Kodiak,57.7796,-152.2638,52,NA,98,98,82
NA,2018,Aug,15,227,Agripina Bay,Agripina Bay,57.1071,-156.4564,53,NA,108,108,119
NA,2018,Aug,15,227,Agripina Bay,Agripina Bay,57.1071,-156.4564,53,NA,104,104,123
NA,2018,Aug,15,227,Agripina Bay,Agripina Bay,57.1071,-156.4564,53,NA,109,109,118
NA,2018,Aug,15,227,Agripina Bay,Agripina Bay,57.1093,-156.4602,53,NA,108,108,119
NA,2018,Aug,15,227,Agripina Bay,Agripina Bay,57.1046,-156.4717,53,NA,104,104,123
NA,2018,Aug,15,227,Agripina Bay,Agripina Bay,57.1041,-156.4766,53,NA,106,106,121
NA,2018,Aug,15,227,Agripina Bay,Agripina Bay,57.1041,-156.4766,53,NA,108,108,119
NA,2021,Aug,4,216,Kaiugnak Bay,Kaiugnak Bay,57.0535,-153.6533,53,NA,90,90,126
NA,2021,Aug,4,216,Kaiugnak Bay,Kaiugnak Bay,57.0606,-153.7056,53,NA,94,94,122
NA,2020,Aug,1,214,Kaiugnak Bay,Kaiugnak Bay,57.0572,-153.703,53,NA,94,94,120
NA,2018,Aug,1,213,Baralof Bay,Shumagin Islands,55.228,-160.5598,53,NA,102,102,111
NA,2018,Aug,1,213,Baralof Bay,Shumagin Islands,55.228,-160.5598,53,NA,103,103,110
NA,2018,Aug,1,213,Baralof Bay,Shumagin Islands,55.228,-160.5598,53,NA,105,105,108
NA,2018,Aug,1,213,Baralof Bay,Shumagin Islands,55.228,-160.5598,53,NA,104,104,109
NA,2018,Aug,1,213,Baralof Bay,Shumagin Islands,55.228,-160.5598,53,NA,102,102,111
NA,2018,Aug,1,213,Baralof Bay,Shumagin Islands,55.228,-160.5598,53,NA,104,104,109
NA,2018,Aug,1,213,Baralof Bay,Shumagin Islands,55.2303,-160.5485,53,NA,103,103,110
NA,2018,Aug,1,213,Baralof Bay,Shumagin Islands,55.2293,-160.5518,53,NA,103,103,110
NA,2018,Aug,1,213,Baralof Bay,Shumagin Islands,55.2293,-160.5623,53,NA,104,104,109
NA,2018,Aug,1,213,Baralof Bay,Shumagin Islands,55.2293,-160.5623,53,NA,104,104,109
NA,2018,Aug,1,213,Baralof Bay,Shumagin Islands,55.2294,-160.5646,53,NA,103,103,110
NA,2018,Aug,1,213,Baralof Bay,Shumagin Islands,55.2294,-160.5646,53,NA,102,102,111
NA,2018,Aug,1,213,Baralof Bay,Shumagin Islands,55.2294,-160.5646,53,NA,105,105,108
NA,2018,Aug,1,213,Baralof Bay,Shumagin Islands,55.2294,-160.5646,53,NA,105,105,108
NA,2018,Aug,1,213,Baralof Bay,Shumagin Islands,55.2307,-160.5694,53,NA,105,105,108
NA,2018,Aug,1,213,Baralof Bay,Shumagin Islands,55.2307,-160.5694,53,NA,102,102,111
NA,2018,Aug,1,213,Baralof Bay,Shumagin Islands,55.2307,-160.5694,53,NA,104,104,109
NA,2018,July,30,211,Falmouth Bay,Shumagin Islands,55.0691,-160.1299,53,NA,102,102,109
NA,2018,July,30,211,Falmouth Bay,Shumagin Islands,55.0691,-160.1299,53,NA,103,103,108
NA,2018,July,30,211,Falmouth Bay,Shumagin Islands,55.0694,-160.1137,53,NA,104,104,107
NA,2018,July,29,210,Falmouth Bay,Shumagin Islands,55.0684,-160.1125,53,NA,102,102,108
NA,2018,July,29,210,Falmouth Bay,Shumagin Islands,55.0639,-160.1164,53,NA,103,103,107
NA,2018,July,26,207,Sand Point,Shumagin Islands,55.3204,-160.5207,53,NA,101,101,106
NA,2018,July,26,207,Sand Point,Shumagin Islands,55.2535,-160.5241,53,NA,104,104,103
NA,2018,July,26,207,Sand Point,Shumagin Islands,55.2535,-160.5241,53,NA,102,102,105
NA,2018,July,26,207,Sand Point,Shumagin Islands,55.2535,-160.5241,53,NA,104,104,103
NA,2020,July,23,205,Baralof Bay,Shumagin Islands,55.2309,-160.5682,53,NA,93,93,112
NA,2020,July,23,205,Baralof Bay,Shumagin Islands,55.2304,-160.5484,53,NA,93,93,112
NA,2020,July,23,205,Baralof Bay,Shumagin Islands,55.2293,-160.5519,53,NA,92,92,113
NA,2020,July,23,205,Baralof Bay,Shumagin Islands,55.2293,-160.5623,53,NA,94,94,111
NA,2020,July,23,205,Baralof Bay,Shumagin Islands,55.2293,-160.5623,53,NA,94,94,111
NA,2020,July,23,205,Baralof Bay,Shumagin Islands,55.2293,-160.5623,53,NA,94,94,111
NA,2020,July,23,205,Baralof Bay,Shumagin Islands,55.2294,-160.5646,53,NA,91,91,114
NA,2020,July,23,205,Baralof Bay,Shumagin Islands,55.2294,-160.5646,53,NA,91,91,114
NA,2020,July,20,202,Sand Point,Shumagin Islands,55.3202,-160.5241,53,NA,92,92,110
NA,2020,July,20,202,Sand Point,Shumagin Islands,55.3202,-160.5241,53,NA,91,91,111
NA,2020,July,20,202,Sand Point,Shumagin Islands,55.3202,-160.5241,53,NA,91,91,111
NA,2020,July,19,201,Falmouth Bay,Shumagin Islands,55.0693,-160.1138,53,NA,91,91,110
NA,2020,July,19,201,Falmouth Bay,Shumagin Islands,55.0693,-160.1138,53,NA,91,91,110
NA,2020,July,19,201,Falmouth Bay,Shumagin Islands,55.0689,-160.1296,53,NA,92,92,109
NA,2020,July,19,201,Falmouth Bay,Shumagin Islands,55.0668,-160.1265,53,NA,93,93,108
NA,2020,July,19,201,Falmouth Bay,Shumagin Islands,55.0668,-160.1265,53,NA,93,93,108
NA,2020,July,19,201,Falmouth Bay,Shumagin Islands,55.0668,-160.1265,53,NA,90,90,111
NA,2020,July,19,201,Falmouth Bay,Shumagin Islands,55.0668,-160.1265,53,NA,91,91,110
NA,2020,July,19,201,Falmouth Bay,Shumagin Islands,55.0668,-160.1265,53,NA,93,93,108
NA,2023,July,19,200,Falmouth Bay,Shumagin Islands,55.0695,-160.114,53,NA,92,92,108
NA,2023,July,19,200,Falmouth Bay,Shumagin Islands,55.0695,-160.114,53,NA,92,92,108
NA,2023,July,19,200,Falmouth Bay,Shumagin Islands,55.0695,-160.114,53,NA,92,92,108
NA,2023,July,19,200,Falmouth Bay,Shumagin Islands,55.0689,-160.1297,53,NA,92,92,108
NA,2023,July,19,200,Falmouth Bay,Shumagin Islands,55.0689,-160.1297,53,NA,91,91,109
NA,2023,July,17,198,Baralof Bay,Shumagin Islands,55.2294,-160.5626,53,NA,89,89,109
NA,2023,July,17,198,Baralof Bay,Shumagin Islands,55.2293,-160.5518,53,NA,90,90,108
NA,2023,July,17,198,Baralof Bay,Shumagin Islands,55.2197,-160.5484,53,NA,92,92,106
NA,2023,July,17,198,Baralof Bay,Shumagin Islands,55.2197,-160.5484,53,NA,93,93,105
NA,2018,July,16,197,Agripina Bay,Agripina Bay,57.1047,-156.4584,53,NA,103,103,94
NA,2018,July,16,197,Agripina Bay,Agripina Bay,57.1094,-156.4599,53,NA,103,103,94
NA,2018,July,16,197,Agripina Bay,Agripina Bay,57.1094,-156.4599,53,NA,104,104,93
NA,2018,July,16,197,Agripina Bay,Agripina Bay,57.1071,-156.4565,53,NA,105,105,92
NA,2018,July,16,197,Agripina Bay,Agripina Bay,57.1071,-156.4565,53,NA,104,104,93
NA,2018,July,16,197,Agripina Bay,Agripina Bay,57.104,-156.4766,53,NA,101,101,96
NA,2021,July,15,196,Baralof Bay,Shumagin Islands,55.2303,-160.5486,53,NA,88,88,108
NA,2022,July,15,196,Baralof Bay,Shumagin Islands,55.2295,-160.5646,53,NA,91,91,105
NA,2022,July,15,196,Baralof Bay,Shumagin Islands,55.2293,-160.5622,53,NA,91,91,105
NA,2022,July,15,196,Baralof Bay,Shumagin Islands,55.2293,-160.5515,53,NA,92,92,104
NA,2022,July,15,196,Baralof Bay,Shumagin Islands,55.2304,-160.5484,53,NA,92,92,104
NA,2022,July,14,195,Falmouth Bay,Shumagin Islands,55.0692,-160.1136,53,NA,93,93,102
NA,2022,July,14,195,Falmouth Bay,Shumagin Islands,55.0692,-160.1136,53,NA,92,92,103
NA,2022,July,14,195,Falmouth Bay,Shumagin Islands,55.0685,-160.1127,53,NA,94,94,101
NA,2022,July,14,195,Falmouth Bay,Shumagin Islands,55.0669,-160.1266,53,NA,91,91,104
NA,2018,July,9,190,Kaiugnak Bay,Kaiugnak Bay,57.0733,-153.6708,53,NA,97,97,93
NA,2018,July,9,190,Kaiugnak Bay,Kaiugnak Bay,57.0708,-153.6749,53,NA,97,97,93
NA,2018,July,9,190,Kaiugnak Bay,Kaiugnak Bay,57.0535,-153.6531,53,NA,100,100,90
NA,2020,July,6,188,Agripina Bay,Agripina Bay,57.1092,-156.4602,53,NA,91,91,97
NA,2020,July,6,188,Agripina Bay,Agripina Bay,57.1073,-156.4562,53,NA,91,91,97
NA,2020,July,6,188,Agripina Bay,Agripina Bay,57.1073,-156.4562,53,NA,90,90,98
NA,2020,July,6,188,Agripina Bay,Agripina Bay,57.1073,-156.4562,53,NA,91,91,97
NA,2020,July,6,188,Agripina Bay,Agripina Bay,57.1073,-156.4562,53,NA,90,90,98
NA,2020,July,6,188,Agripina Bay,Agripina Bay,57.1049,-156.4585,53,NA,91,91,97
NA,2020,July,6,188,Agripina Bay,Agripina Bay,57.1049,-156.4585,53,NA,92,92,96
NA,2020,July,6,188,Agripina Bay,Agripina Bay,57.1049,-156.4585,53,NA,94,94,94
NA,2020,July,6,188,Agripina Bay,Agripina Bay,57.1045,-156.4714,53,NA,93,93,95
NA,2020,July,6,188,Agripina Bay,Agripina Bay,57.1045,-156.4714,53,NA,94,94,94
NA,2020,July,6,188,Agripina Bay,Agripina Bay,57.1045,-156.4714,53,NA,91,91,97
NA,2020,July,6,188,Agripina Bay,Agripina Bay,57.1045,-156.4714,53,NA,94,94,94
NA,2020,July,6,188,Agripina Bay,Agripina Bay,57.1045,-156.4714,53,NA,90,90,98
NA,2020,July,6,188,Agripina Bay,Agripina Bay,57.1045,-156.4714,53,NA,93,93,95
NA,2020,July,6,188,Agripina Bay,Agripina Bay,57.1045,-156.4714,53,NA,92,92,96
NA,2020,July,6,188,Agripina Bay,Agripina Bay,57.1045,-156.4714,53,NA,91,91,97
NA,2020,July,6,188,Agripina Bay,Agripina Bay,57.1045,-156.4714,53,NA,92,92,96
NA,2020,July,6,188,Agripina Bay,Agripina Bay,57.1045,-156.4714,53,NA,91,91,97
NA,2020,July,6,188,Agripina Bay,Agripina Bay,57.104,-156.4767,53,NA,93,93,95
NA,2020,July,6,188,Agripina Bay,Agripina Bay,57.104,-156.4767,53,NA,92,92,96
NA,2020,July,6,188,Agripina Bay,Agripina Bay,57.104,-156.4767,53,NA,91,91,97
NA,2020,July,6,188,Agripina Bay,Agripina Bay,57.104,-156.4767,53,NA,92,92,96
NA,2020,July,6,188,Agripina Bay,Agripina Bay,57.104,-156.4767,53,NA,94,94,94
NA,2020,July,6,188,Agripina Bay,Agripina Bay,57.104,-156.4767,53,NA,93,93,95
NA,2021,July,5,186,Agripina Bay,Agripina Bay,57.1045,-156.4714,53,NA,90,90,96
NA,2021,July,5,186,Agripina Bay,Agripina Bay,57.104,-156.4767,53,NA,90,90,96
NA,2021,July,5,186,Agripina Bay,Agripina Bay,57.104,-156.4767,53,NA,89,89,97
NA,2022,July,4,185,Agripina Bay,Agripina Bay,57.1048,-156.4585,53,NA,93,93,92
NA,2022,July,4,185,Agripina Bay,Agripina Bay,57.1046,-156.4717,53,NA,93,93,92
NA,2022,July,4,185,Agripina Bay,Agripina Bay,57.1042,-156.4766,53,NA,91,91,94
NA,2020,July,2,184,Cook Bay,Eastern Kodiak,57.7686,-152.2738,53,NA,100,100,84
NA,2020,July,2,184,Cook Bay,Eastern Kodiak,57.7239,-152.259,53,NA,97,97,87
NA,2020,July,2,184,Cook Bay,Eastern Kodiak,57.7239,-152.259,53,NA,98,98,86
NA,2020,July,2,184,Cook Bay,Eastern Kodiak,57.7794,-152.2769,53,NA,98,98,86
NA,2020,July,2,184,Cook Bay,Eastern Kodiak,57.7794,-152.2769,53,NA,98,98,86
NA,2020,July,2,184,Cook Bay,Eastern Kodiak,57.7794,-152.2769,53,NA,100,100,84
NA,2020,July,2,184,Cook Bay,Eastern Kodiak,57.7794,-152.2769,53,NA,98,98,86
NA,2020,July,2,184,Cook Bay,Eastern Kodiak,57.7794,-152.2769,53,NA,99,99,85
NA,2020,July,2,184,Cook Bay,Eastern Kodiak,57.7794,-152.2769,53,NA,99,99,85
NA,2020,July,2,184,Cook Bay,Eastern Kodiak,57.7783,-152.2506,53,NA,98,98,86
NA,2018,Aug,15,227,Agripina Bay,Agripina Bay,57.1071,-156.4564,54,NA,107,107,120
NA,2018,Aug,15,227,Agripina Bay,Agripina Bay,57.1071,-156.4564,54,NA,109,109,118
NA,2018,Aug,15,227,Agripina Bay,Agripina Bay,57.1046,-156.4717,54,NA,105,105,122
NA,2018,Aug,15,227,Agripina Bay,Agripina Bay,57.1041,-156.4766,54,NA,105,105,122
NA,2021,Aug,4,216,Kaiugnak Bay,Kaiugnak Bay,57.0535,-153.6533,54,NA,92,92,124
NA,2020,Aug,1,214,Kaiugnak Bay,Kaiugnak Bay,57.0709,-153.6748,54,NA,96,96,118
NA,2020,Aug,1,214,Kaiugnak Bay,Kaiugnak Bay,57.0572,-153.703,54,NA,94,94,120
NA,2018,Aug,1,213,Baralof Bay,Shumagin Islands,55.228,-160.5598,54,NA,105,105,108
NA,2018,Aug,1,213,Baralof Bay,Shumagin Islands,55.228,-160.5598,54,NA,105,105,108
NA,2018,Aug,1,213,Baralof Bay,Shumagin Islands,55.228,-160.5598,54,NA,103,103,110
NA,2018,Aug,1,213,Baralof Bay,Shumagin Islands,55.228,-160.5598,54,NA,103,103,110
NA,2018,Aug,1,213,Baralof Bay,Shumagin Islands,55.2303,-160.5485,54,NA,104,104,109
NA,2018,Aug,1,213,Baralof Bay,Shumagin Islands,55.2303,-160.5485,54,NA,103,103,110
NA,2018,Aug,1,213,Baralof Bay,Shumagin Islands,55.2293,-160.5518,54,NA,105,105,108
NA,2018,Aug,1,213,Baralof Bay,Shumagin Islands,55.2293,-160.5518,54,NA,103,103,110
NA,2018,Aug,1,213,Baralof Bay,Shumagin Islands,55.2293,-160.5623,54,NA,103,103,110
NA,2018,Aug,1,213,Baralof Bay,Shumagin Islands,55.2293,-160.5623,54,NA,103,103,110
NA,2018,Aug,1,213,Baralof Bay,Shumagin Islands,55.2293,-160.5623,54,NA,104,104,109
NA,2018,Aug,1,213,Baralof Bay,Shumagin Islands,55.2293,-160.5623,54,NA,103,103,110
NA,2018,Aug,1,213,Baralof Bay,Shumagin Islands,55.2294,-160.5646,54,NA,105,105,108
NA,2018,Aug,1,213,Baralof Bay,Shumagin Islands,55.2294,-160.5646,54,NA,105,105,108
NA,2018,Aug,1,213,Baralof Bay,Shumagin Islands,55.2294,-160.5646,54,NA,106,106,107
NA,2018,Aug,1,213,Baralof Bay,Shumagin Islands,55.2294,-160.5646,54,NA,105,105,108
NA,2018,Aug,1,213,Baralof Bay,Shumagin Islands,55.2294,-160.5646,54,NA,105,105,108
NA,2018,Aug,1,213,Baralof Bay,Shumagin Islands,55.2307,-160.5694,54,NA,103,103,110
NA,2018,Aug,1,213,Baralof Bay,Shumagin Islands,55.2307,-160.5694,54,NA,104,104,109
NA,2018,Aug,1,213,Baralof Bay,Shumagin Islands,55.2307,-160.5694,54,NA,104,104,109
NA,2018,July,30,211,Falmouth Bay,Shumagin Islands,55.0694,-160.1137,54,NA,105,105,106
NA,2018,July,30,211,Falmouth Bay,Shumagin Islands,55.0694,-160.1137,54,NA,106,106,105
NA,2018,July,30,211,Falmouth Bay,Shumagin Islands,55.0694,-160.1137,54,NA,103,103,108
NA,2018,July,29,210,Falmouth Bay,Shumagin Islands,55.0639,-160.1164,54,NA,103,103,107
NA,2018,July,29,210,Falmouth Bay,Shumagin Islands,55.0669,-160.1267,54,NA,103,103,107
NA,2018,July,29,210,Falmouth Bay,Shumagin Islands,55.0669,-160.1267,54,NA,102,102,108
NA,2018,July,26,207,Sand Point,Shumagin Islands,55.3204,-160.5207,54,NA,103,103,104
NA,2018,July,26,207,Sand Point,Shumagin Islands,55.3204,-160.5207,54,NA,105,105,102
NA,2018,July,26,207,Sand Point,Shumagin Islands,55.2535,-160.5241,54,NA,103,103,104
NA,2018,July,26,207,Sand Point,Shumagin Islands,55.2535,-160.5241,54,NA,102,102,105
NA,2020,July,23,205,Baralof Bay,Shumagin Islands,55.2309,-160.5682,54,NA,94,94,111
NA,2020,July,23,205,Baralof Bay,Shumagin Islands,55.2309,-160.5682,54,NA,92,92,113
NA,2020,July,23,205,Baralof Bay,Shumagin Islands,55.2304,-160.5484,54,NA,93,93,112
NA,2020,July,23,205,Baralof Bay,Shumagin Islands,55.2293,-160.5623,54,NA,95,95,110
NA,2020,July,23,205,Baralof Bay,Shumagin Islands,55.2293,-160.5623,54,NA,94,94,111
NA,2020,July,23,205,Baralof Bay,Shumagin Islands,55.2293,-160.5623,54,NA,93,93,112
NA,2020,July,23,205,Baralof Bay,Shumagin Islands,55.2293,-160.5623,54,NA,93,93,112
NA,2020,July,23,205,Baralof Bay,Shumagin Islands,55.2293,-160.5623,54,NA,94,94,111
NA,2020,July,23,205,Baralof Bay,Shumagin Islands,55.2293,-160.5623,54,NA,94,94,111
NA,2020,July,23,205,Baralof Bay,Shumagin Islands,55.2293,-160.5623,54,NA,94,94,111
NA,2020,July,23,205,Baralof Bay,Shumagin Islands,55.2294,-160.5646,54,NA,95,95,110
NA,2020,July,23,205,Baralof Bay,Shumagin Islands,55.2294,-160.5646,54,NA,95,95,110
NA,2020,July,23,205,Baralof Bay,Shumagin Islands,55.2294,-160.5646,54,NA,94,94,111
NA,2020,July,20,202,Sand Point,Shumagin Islands,55.3202,-160.5241,54,NA,92,92,110
NA,2020,July,20,202,Sand Point,Shumagin Islands,55.3202,-160.5241,54,NA,94,94,108
NA,2020,July,19,201,Falmouth Bay,Shumagin Islands,55.0693,-160.1138,54,NA,94,94,107
NA,2020,July,19,201,Falmouth Bay,Shumagin Islands,55.0693,-160.1138,54,NA,93,93,108
NA,2020,July,19,201,Falmouth Bay,Shumagin Islands,55.0693,-160.1138,54,NA,95,95,106
NA,2020,July,19,201,Falmouth Bay,Shumagin Islands,55.0693,-160.1138,54,NA,92,92,109
NA,2020,July,19,201,Falmouth Bay,Shumagin Islands,55.0693,-160.1138,54,NA,94,94,107
NA,2020,July,19,201,Falmouth Bay,Shumagin Islands,55.0693,-160.1138,54,NA,94,94,107
NA,2020,July,19,201,Falmouth Bay,Shumagin Islands,55.0693,-160.1138,54,NA,93,93,108
NA,2020,July,19,201,Falmouth Bay,Shumagin Islands,55.0689,-160.1296,54,NA,93,93,108
NA,2020,July,19,201,Falmouth Bay,Shumagin Islands,55.0668,-160.1265,54,NA,92,92,109
NA,2020,July,19,201,Falmouth Bay,Shumagin Islands,55.0668,-160.1265,54,NA,93,93,108
NA,2020,July,19,201,Falmouth Bay,Shumagin Islands,55.0668,-160.1265,54,NA,95,95,106
NA,2020,July,19,201,Falmouth Bay,Shumagin Islands,55.0668,-160.1265,54,NA,94,94,107
NA,2020,July,19,201,Falmouth Bay,Shumagin Islands,55.0668,-160.1265,54,NA,92,92,109
NA,2022,July,19,200,Sand Point,Shumagin Islands,55.3201,-160.524,54,NA,94,94,106
NA,2023,July,19,200,Falmouth Bay,Shumagin Islands,55.0695,-160.114,54,NA,94,94,106
NA,2023,July,19,200,Falmouth Bay,Shumagin Islands,55.0695,-160.114,54,NA,94,94,106
NA,2023,July,19,200,Falmouth Bay,Shumagin Islands,55.0695,-160.114,54,NA,94,94,106
NA,2023,July,19,200,Falmouth Bay,Shumagin Islands,55.0686,-160.1128,54,NA,94,94,106
NA,2023,July,19,200,Falmouth Bay,Shumagin Islands,55.0689,-160.1297,54,NA,94,94,106
NA,2021,July,17,198,Sand Point,Shumagin Islands,55.3204,-160.5202,54,NA,89,89,109
NA,2023,July,17,198,Baralof Bay,Shumagin Islands,55.2294,-160.5626,54,NA,92,92,106
NA,2023,July,17,198,Baralof Bay,Shumagin Islands,55.2294,-160.5626,54,NA,92,92,106
NA,2023,July,17,198,Baralof Bay,Shumagin Islands,55.2293,-160.5518,54,NA,92,92,106
NA,2023,July,17,198,Baralof Bay,Shumagin Islands,55.2293,-160.5518,54,NA,95,95,103
NA,2023,July,17,198,Baralof Bay,Shumagin Islands,55.2293,-160.5518,54,NA,95,95,103
NA,2023,July,17,198,Baralof Bay,Shumagin Islands,55.2197,-160.5484,54,NA,92,92,106
NA,2023,July,17,198,Baralof Bay,Shumagin Islands,55.2197,-160.5484,54,NA,92,92,106
NA,2018,July,16,197,Agripina Bay,Agripina Bay,57.1047,-156.4584,54,NA,106,106,91
NA,2018,July,16,197,Agripina Bay,Agripina Bay,57.1047,-156.4584,54,NA,103,103,94
NA,2018,July,16,197,Agripina Bay,Agripina Bay,57.1094,-156.4599,54,NA,103,103,94
NA,2018,July,16,197,Agripina Bay,Agripina Bay,57.1094,-156.4599,54,NA,102,102,95
NA,2018,July,16,197,Agripina Bay,Agripina Bay,57.1094,-156.4599,54,NA,104,104,93
NA,2018,July,16,197,Agripina Bay,Agripina Bay,57.1071,-156.4565,54,NA,102,102,95
NA,2018,July,16,197,Agripina Bay,Agripina Bay,57.1071,-156.4565,54,NA,105,105,92
NA,2018,July,16,197,Agripina Bay,Agripina Bay,57.1071,-156.4565,54,NA,104,104,93
NA,2018,July,16,197,Agripina Bay,Agripina Bay,57.1071,-156.4565,54,NA,103,103,94
NA,2022,July,14,195,Falmouth Bay,Shumagin Islands,55.0692,-160.1136,54,NA,91,91,104
NA,2022,July,14,195,Falmouth Bay,Shumagin Islands,55.0692,-160.1136,54,NA,93,93,102
NA,2022,July,14,195,Falmouth Bay,Shumagin Islands,55.069,-160.1297,54,NA,92,92,103
NA,2018,July,9,190,Kaiugnak Bay,Kaiugnak Bay,57.0559,-153.6501,54,NA,103,103,87
NA,2018,July,9,190,Kaiugnak Bay,Kaiugnak Bay,57.0559,-153.6501,54,NA,103,103,87
NA,2018,July,9,190,Kaiugnak Bay,Kaiugnak Bay,57.0708,-153.6749,54,NA,102,102,88
NA,2018,July,9,190,Kaiugnak Bay,Kaiugnak Bay,57.0535,-153.6531,54,NA,104,104,86
NA,2018,July,9,190,Kaiugnak Bay,Kaiugnak Bay,57.0535,-153.6531,54,NA,102,102,88
NA,2018,July,9,190,Kaiugnak Bay,Kaiugnak Bay,57.0606,-153.7086,54,NA,101,101,89
NA,2020,July,6,188,Agripina Bay,Agripina Bay,57.1092,-156.4602,54,NA,94,94,94
NA,2020,July,6,188,Agripina Bay,Agripina Bay,57.1049,-156.4585,54,NA,93,93,95
NA,2020,July,6,188,Agripina Bay,Agripina Bay,57.1045,-156.4714,54,NA,92,92,96
NA,2020,July,6,188,Agripina Bay,Agripina Bay,57.1045,-156.4714,54,NA,94,94,94
NA,2020,July,6,188,Agripina Bay,Agripina Bay,57.1045,-156.4714,54,NA,95,95,93
NA,2020,July,6,188,Agripina Bay,Agripina Bay,57.1045,-156.4714,54,NA,92,92,96
NA,2020,July,6,188,Agripina Bay,Agripina Bay,57.1045,-156.4714,54,NA,93,93,95
NA,2020,July,6,188,Agripina Bay,Agripina Bay,57.1045,-156.4714,54,NA,95,95,93
NA,2020,July,6,188,Agripina Bay,Agripina Bay,57.1045,-156.4714,54,NA,93,93,95
NA,2020,July,6,188,Agripina Bay,Agripina Bay,57.1045,-156.4714,54,NA,95,95,93
NA,2020,July,6,188,Agripina Bay,Agripina Bay,57.1045,-156.4714,54,NA,94,94,94
NA,2020,July,6,188,Agripina Bay,Agripina Bay,57.1045,-156.4714,54,NA,95,95,93
NA,2020,July,6,188,Agripina Bay,Agripina Bay,57.1045,-156.4714,54,NA,92,92,96
NA,2020,July,6,188,Agripina Bay,Agripina Bay,57.104,-156.4767,54,NA,92,92,96
NA,2020,July,6,188,Agripina Bay,Agripina Bay,57.104,-156.4767,54,NA,93,93,95
NA,2020,July,6,188,Agripina Bay,Agripina Bay,57.104,-156.4767,54,NA,92,92,96
NA,2020,July,6,188,Agripina Bay,Agripina Bay,57.104,-156.4767,54,NA,92,92,96
NA,2020,July,6,188,Agripina Bay,Agripina Bay,57.104,-156.4767,54,NA,93,93,95
NA,2020,July,6,188,Agripina Bay,Agripina Bay,57.104,-156.4767,54,NA,93,93,95
NA,2020,July,6,188,Agripina Bay,Agripina Bay,57.104,-156.4767,54,NA,91,91,97
NA,2020,July,6,188,Agripina Bay,Agripina Bay,57.104,-156.4767,54,NA,94,94,94
NA,2022,July,4,185,Agripina Bay,Agripina Bay,57.1048,-156.4585,54,NA,94,94,91
NA,2022,July,4,185,Agripina Bay,Agripina Bay,57.1048,-156.4585,54,NA,95,95,90
NA,2022,July,4,185,Agripina Bay,Agripina Bay,57.1048,-156.4585,54,NA,92,92,93
NA,2022,July,4,185,Agripina Bay,Agripina Bay,57.1093,-156.4602,54,NA,92,92,93
NA,2022,July,4,185,Agripina Bay,Agripina Bay,57.1046,-156.4717,54,NA,94,94,91
NA,2022,July,4,185,Agripina Bay,Agripina Bay,57.1042,-156.4766,54,NA,95,95,90
NA,2020,July,2,184,Cook Bay,Eastern Kodiak,57.7686,-152.2738,54,NA,101,101,83
NA,2020,July,2,184,Cook Bay,Eastern Kodiak,57.7686,-152.2738,54,NA,101,101,83
NA,2020,July,2,184,Cook Bay,Eastern Kodiak,57.7686,-152.2738,54,NA,98,98,86
NA,2020,July,2,184,Cook Bay,Eastern Kodiak,57.7686,-152.2738,54,NA,101,101,83
NA,2020,July,2,184,Cook Bay,Eastern Kodiak,57.7239,-152.259,54,NA,101,101,83
NA,2020,July,2,184,Cook Bay,Eastern Kodiak,57.7239,-152.259,54,NA,101,101,83
NA,2020,July,2,184,Cook Bay,Eastern Kodiak,57.7794,-152.2769,54,NA,101,101,83
NA,2020,July,2,184,Cook Bay,Eastern Kodiak,57.7794,-152.2769,54,NA,100,100,84
NA,2020,July,2,184,Cook Bay,Eastern Kodiak,57.7783,-152.2506,54,NA,99,99,85
NA,2018,Aug,15,227,Agripina Bay,Agripina Bay,57.1048,-156.4586,55,NA,108,108,119
NA,2018,Aug,15,227,Agripina Bay,Agripina Bay,57.1071,-156.4564,55,NA,112,112,115
NA,2018,Aug,15,227,Agripina Bay,Agripina Bay,57.1071,-156.4564,55,NA,109,109,118
NA,2018,Aug,15,227,Agripina Bay,Agripina Bay,57.1071,-156.4564,55,NA,112,112,115
NA,2018,Aug,15,227,Agripina Bay,Agripina Bay,57.1071,-156.4564,55,NA,113,113,114
NA,2018,Aug,15,227,Agripina Bay,Agripina Bay,57.1093,-156.4602,55,NA,109,109,118
NA,2018,Aug,15,227,Agripina Bay,Agripina Bay,57.1041,-156.4766,55,NA,109,109,118
NA,2018,Aug,15,227,Agripina Bay,Agripina Bay,57.1041,-156.4766,55,NA,108,108,119
NA,2021,Aug,4,216,Kaiugnak Bay,Kaiugnak Bay,57.0606,-153.7056,55,NA,96,96,120
NA,2018,Aug,1,213,Baralof Bay,Shumagin Islands,55.228,-160.5598,55,NA,105,105,108
NA,2018,Aug,1,213,Baralof Bay,Shumagin Islands,55.228,-160.5598,55,NA,107,107,106
NA,2018,Aug,1,213,Baralof Bay,Shumagin Islands,55.2303,-160.5485,55,NA,106,106,107
NA,2018,Aug,1,213,Baralof Bay,Shumagin Islands,55.2293,-160.5518,55,NA,105,105,108
NA,2018,Aug,1,213,Baralof Bay,Shumagin Islands,55.2293,-160.5623,55,NA,104,104,109
NA,2018,Aug,1,213,Baralof Bay,Shumagin Islands,55.2293,-160.5623,55,NA,104,104,109
NA,2018,Aug,1,213,Baralof Bay,Shumagin Islands,55.2293,-160.5623,55,NA,105,105,108
NA,2018,Aug,1,213,Baralof Bay,Shumagin Islands,55.2293,-160.5623,55,NA,106,106,107
NA,2018,Aug,1,213,Baralof Bay,Shumagin Islands,55.2294,-160.5646,55,NA,106,106,107
NA,2018,Aug,1,213,Baralof Bay,Shumagin Islands,55.2294,-160.5646,55,NA,105,105,108
NA,2018,Aug,1,213,Baralof Bay,Shumagin Islands,55.2307,-160.5694,55,NA,105,105,108
NA,2018,July,30,211,Falmouth Bay,Shumagin Islands,55.0694,-160.1137,55,NA,105,105,106
NA,2018,July,29,210,Falmouth Bay,Shumagin Islands,55.0639,-160.1164,55,NA,105,105,105
NA,2018,July,29,210,Falmouth Bay,Shumagin Islands,55.0669,-160.1267,55,NA,104,104,106
NA,2018,July,29,210,Falmouth Bay,Shumagin Islands,55.0669,-160.1267,55,NA,106,106,104
NA,2018,July,29,210,Falmouth Bay,Shumagin Islands,55.0669,-160.1267,55,NA,106,106,104
NA,2018,July,26,207,Sand Point,Shumagin Islands,55.3204,-160.5207,55,NA,104,104,103
NA,2018,July,26,207,Sand Point,Shumagin Islands,55.2535,-160.5241,55,NA,104,104,103
NA,2020,July,23,205,Baralof Bay,Shumagin Islands,55.2309,-160.5682,55,NA,95,95,110
NA,2020,July,23,205,Baralof Bay,Shumagin Islands,55.2309,-160.5682,55,NA,95,95,110
NA,2020,July,23,205,Baralof Bay,Shumagin Islands,55.2304,-160.5484,55,NA,96,96,109
NA,2020,July,23,205,Baralof Bay,Shumagin Islands,55.2293,-160.5623,55,NA,94,94,111
NA,2020,July,23,205,Baralof Bay,Shumagin Islands,55.2293,-160.5623,55,NA,96,96,109
NA,2020,July,23,205,Baralof Bay,Shumagin Islands,55.2293,-160.5623,55,NA,96,96,109
NA,2020,July,20,202,Sand Point,Shumagin Islands,55.3204,-160.5204,55,NA,96,96,106
NA,2020,July,20,202,Sand Point,Shumagin Islands,55.3202,-160.5241,55,NA,95,95,107
NA,2020,July,20,202,Sand Point,Shumagin Islands,55.3202,-160.5241,55,NA,94,94,108
NA,2020,July,20,202,Sand Point,Shumagin Islands,55.3202,-160.5241,55,NA,95,95,107
NA,2020,July,19,201,Falmouth Bay,Shumagin Islands,55.0693,-160.1138,55,NA,93,93,108
NA,2020,July,19,201,Falmouth Bay,Shumagin Islands,55.0668,-160.1265,55,NA,95,95,106
NA,2020,July,19,201,Falmouth Bay,Shumagin Islands,55.0668,-160.1265,55,NA,95,95,106
NA,2022,July,19,200,Kaiugnak Bay,Kaiugnak Bay,57.0607,-153.7889,55,NA,93,93,107
NA,2022,July,19,200,Kaiugnak Bay,Kaiugnak Bay,57.0607,-153.7889,55,NA,97,97,103
NA,2022,July,19,200,Kaiugnak Bay,Kaiugnak Bay,57.0708,-153.6747,55,NA,96,96,104
NA,2022,July,19,200,Sand Point,Shumagin Islands,55.3204,-160.5201,55,NA,94,94,106
NA,2023,July,19,200,Falmouth Bay,Shumagin Islands,55.0695,-160.114,55,NA,96,96,104
NA,2023,July,19,200,Falmouth Bay,Shumagin Islands,55.0695,-160.114,55,NA,93,93,107
NA,2023,July,19,200,Falmouth Bay,Shumagin Islands,55.0695,-160.114,55,NA,93,93,107
NA,2023,July,19,200,Falmouth Bay,Shumagin Islands,55.0689,-160.1297,55,NA,94,94,106
NA,2023,July,19,200,Falmouth Bay,Shumagin Islands,55.0689,-160.1297,55,NA,95,95,105
NA,2021,July,17,198,Falmouth Bay,Shumagin Islands,55.0636,-160.1169,55,NA,93,93,105
NA,2023,July,17,198,Baralof Bay,Shumagin Islands,55.2293,-160.5518,55,NA,95,95,103
NA,2018,July,16,197,Agripina Bay,Agripina Bay,57.1132,-156.4796,55,NA,105,105,92
NA,2018,July,16,197,Agripina Bay,Agripina Bay,57.1047,-156.4584,55,NA,106,106,91
NA,2018,July,16,197,Agripina Bay,Agripina Bay,57.1047,-156.4584,55,NA,106,106,91
NA,2018,July,16,197,Agripina Bay,Agripina Bay,57.1094,-156.4599,55,NA,104,104,93
NA,2018,July,16,197,Agripina Bay,Agripina Bay,57.1071,-156.4565,55,NA,107,107,90
NA,2018,July,16,197,Agripina Bay,Agripina Bay,57.1045,-156.4712,55,NA,104,104,93
NA,2018,July,16,197,Agripina Bay,Agripina Bay,57.1045,-156.4712,55,NA,106,106,91
NA,2018,July,16,197,Agripina Bay,Agripina Bay,57.1045,-156.4712,55,NA,104,104,93
NA,2022,July,15,196,Baralof Bay,Shumagin Islands,55.2311,-160.5681,55,NA,94,94,102
NA,2022,July,15,196,Baralof Bay,Shumagin Islands,55.2293,-160.5515,55,NA,96,96,100
NA,2022,July,15,196,Baralof Bay,Shumagin Islands,55.2304,-160.5484,55,NA,93,93,103
NA,2022,July,14,195,Falmouth Bay,Shumagin Islands,55.0692,-160.1136,55,NA,95,95,100
NA,2022,July,14,195,Falmouth Bay,Shumagin Islands,55.0692,-160.1136,55,NA,93,93,102
NA,2022,July,14,195,Falmouth Bay,Shumagin Islands,55.0685,-160.1127,55,NA,93,93,102
NA,2018,July,9,190,Kaiugnak Bay,Kaiugnak Bay,57.0559,-153.6501,55,NA,101,101,89
NA,2018,July,9,190,Kaiugnak Bay,Kaiugnak Bay,57.0708,-153.6749,55,NA,101,101,89
NA,2018,July,9,190,Kaiugnak Bay,Kaiugnak Bay,57.0708,-153.6749,55,NA,102,102,88
NA,2018,July,9,190,Kaiugnak Bay,Kaiugnak Bay,57.0708,-153.6749,55,NA,100,100,90
NA,2018,July,9,190,Kaiugnak Bay,Kaiugnak Bay,57.0708,-153.6749,55,NA,103,103,87
NA,2018,July,9,190,Kaiugnak Bay,Kaiugnak Bay,57.0708,-153.6749,55,NA,104,104,86
NA,2018,July,9,190,Kaiugnak Bay,Kaiugnak Bay,57.0708,-153.6749,55,NA,102,102,88
NA,2018,July,9,190,Kaiugnak Bay,Kaiugnak Bay,57.0708,-153.6749,55,NA,100,100,90
NA,2018,July,9,190,Kaiugnak Bay,Kaiugnak Bay,57.0535,-153.6531,55,NA,102,102,88
NA,2018,July,9,190,Kaiugnak Bay,Kaiugnak Bay,57.057,-153.7047,55,NA,101,101,89
NA,2018,July,9,190,Kaiugnak Bay,Kaiugnak Bay,57.057,-153.7047,55,NA,102,102,88
NA,2020,July,6,188,Agripina Bay,Agripina Bay,57.1092,-156.4602,55,NA,96,96,92
NA,2020,July,6,188,Agripina Bay,Agripina Bay,57.1092,-156.4602,55,NA,95,95,93
NA,2020,July,6,188,Agripina Bay,Agripina Bay,57.1092,-156.4602,55,NA,94,94,94
NA,2020,July,6,188,Agripina Bay,Agripina Bay,57.1073,-156.4562,55,NA,97,97,91
NA,2020,July,6,188,Agripina Bay,Agripina Bay,57.1073,-156.4562,55,NA,93,93,95
NA,2020,July,6,188,Agripina Bay,Agripina Bay,57.1073,-156.4562,55,NA,93,93,95
NA,2020,July,6,188,Agripina Bay,Agripina Bay,57.1049,-156.4585,55,NA,96,96,92
NA,2020,July,6,188,Agripina Bay,Agripina Bay,57.1045,-156.4714,55,NA,94,94,94
NA,2020,July,6,188,Agripina Bay,Agripina Bay,57.1045,-156.4714,55,NA,96,96,92
NA,2020,July,6,188,Agripina Bay,Agripina Bay,57.1045,-156.4714,55,NA,94,94,94
NA,2020,July,6,188,Agripina Bay,Agripina Bay,57.1045,-156.4714,55,NA,94,94,94
NA,2020,July,6,188,Agripina Bay,Agripina Bay,57.1045,-156.4714,55,NA,94,94,94
NA,2020,July,6,188,Agripina Bay,Agripina Bay,57.104,-156.4767,55,NA,94,94,94
NA,2020,July,6,188,Agripina Bay,Agripina Bay,57.104,-156.4767,55,NA,94,94,94
NA,2020,July,6,188,Agripina Bay,Agripina Bay,57.104,-156.4767,55,NA,95,95,93
NA,2020,July,6,188,Agripina Bay,Agripina Bay,57.104,-156.4767,55,NA,93,93,95
NA,2020,July,6,188,Agripina Bay,Agripina Bay,57.104,-156.4767,55,NA,96,96,92
NA,2020,July,6,188,Agripina Bay,Agripina Bay,57.104,-156.4767,55,NA,94,94,94
NA,2020,July,6,188,Agripina Bay,Agripina Bay,57.104,-156.4767,55,NA,94,94,94
NA,2020,July,6,188,Agripina Bay,Agripina Bay,57.104,-156.4767,55,NA,93,93,95
NA,2023,July,7,188,Agripina Bay,Agripina Bay,57.1049,-156.4585,55,NA,95,95,93
NA,2022,July,4,185,Agripina Bay,Agripina Bay,57.1048,-156.4585,55,NA,94,94,91
NA,2022,July,4,185,Agripina Bay,Agripina Bay,57.1046,-156.4717,55,NA,95,95,90
NA,2022,July,4,185,Agripina Bay,Agripina Bay,57.1042,-156.4766,55,NA,94,94,91
NA,2022,July,4,185,Agripina Bay,Agripina Bay,57.1042,-156.4766,55,NA,96,96,89
NA,2022,July,4,185,Agripina Bay,Agripina Bay,57.1042,-156.4766,55,NA,96,96,89
NA,2022,July,4,185,Agripina Bay,Agripina Bay,57.1042,-156.4766,55,NA,97,97,88
NA,2020,July,2,184,Cook Bay,Eastern Kodiak,57.7686,-152.2738,55,NA,99,99,85
NA,2020,July,2,184,Cook Bay,Eastern Kodiak,57.7239,-152.259,55,NA,100,100,84
NA,2020,July,2,184,Cook Bay,Eastern Kodiak,57.7239,-152.259,55,NA,101,101,83
NA,2020,July,2,184,Cook Bay,Eastern Kodiak,57.7239,-152.259,55,NA,103,103,81
NA,2020,July,2,184,Cook Bay,Eastern Kodiak,57.7794,-152.2769,55,NA,100,100,84
NA,2020,July,2,184,Cook Bay,Eastern Kodiak,57.7794,-152.2769,55,NA,102,102,82
NA,2020,July,2,184,Cook Bay,Eastern Kodiak,57.7794,-152.2769,55,NA,102,102,82
NA,2020,July,2,184,Cook Bay,Eastern Kodiak,57.7783,-152.2506,55,NA,102,102,82
NA,2018,Aug,15,227,Agripina Bay,Agripina Bay,57.1071,-156.4564,56,NA,111,111,116
NA,2018,Aug,15,227,Agripina Bay,Agripina Bay,57.1071,-156.4564,56,NA,111,111,116
NA,2018,Aug,15,227,Agripina Bay,Agripina Bay,57.1046,-156.4717,56,NA,111,111,116
NA,2018,Aug,15,227,Agripina Bay,Agripina Bay,57.1041,-156.4766,56,NA,110,110,117
NA,2018,Aug,15,227,Agripina Bay,Agripina Bay,57.1041,-156.4766,56,NA,109,109,118
NA,2021,Aug,4,216,Kaiugnak Bay,Kaiugnak Bay,57.0535,-153.6533,56,NA,98,98,118
NA,2020,Aug,1,214,Kaiugnak Bay,Kaiugnak Bay,57.0709,-153.6748,56,NA,97,97,117
NA,2018,Aug,1,213,Baralof Bay,Shumagin Islands,55.228,-160.5598,56,NA,105,105,108
NA,2018,Aug,1,213,Baralof Bay,Shumagin Islands,55.2303,-160.5485,56,NA,106,106,107
NA,2018,Aug,1,213,Baralof Bay,Shumagin Islands,55.2303,-160.5485,56,NA,106,106,107
NA,2018,Aug,1,213,Baralof Bay,Shumagin Islands,55.2303,-160.5485,56,NA,105,105,108
NA,2018,Aug,1,213,Baralof Bay,Shumagin Islands,55.2303,-160.5485,56,NA,107,107,106
NA,2018,Aug,1,213,Baralof Bay,Shumagin Islands,55.2303,-160.5485,56,NA,107,107,106
NA,2018,Aug,1,213,Baralof Bay,Shumagin Islands,55.2293,-160.5518,56,NA,109,109,104
NA,2018,Aug,1,213,Baralof Bay,Shumagin Islands,55.2294,-160.5646,56,NA,106,106,107
NA,2018,Aug,1,213,Baralof Bay,Shumagin Islands,55.2294,-160.5646,56,NA,109,109,104
NA,2018,Aug,1,213,Baralof Bay,Shumagin Islands,55.2294,-160.5646,56,NA,106,106,107
NA,2018,Aug,1,213,Baralof Bay,Shumagin Islands,55.2294,-160.5646,56,NA,107,107,106
NA,2018,Aug,1,213,Baralof Bay,Shumagin Islands,55.2307,-160.5694,56,NA,107,107,106
NA,2018,July,30,211,Falmouth Bay,Shumagin Islands,55.0694,-160.1137,56,NA,108,108,103
NA,2018,July,30,211,Falmouth Bay,Shumagin Islands,55.0694,-160.1137,56,NA,107,107,104
NA,2018,July,30,211,Falmouth Bay,Shumagin Islands,55.0694,-160.1137,56,NA,107,107,104
NA,2018,July,30,211,Falmouth Bay,Shumagin Islands,55.0694,-160.1137,56,NA,108,108,103
NA,2018,July,30,211,Falmouth Bay,Shumagin Islands,55.0694,-160.1137,56,NA,106,106,105
NA,2018,July,29,210,Falmouth Bay,Shumagin Islands,55.0639,-160.1164,56,NA,107,107,103
NA,2018,July,26,207,Sand Point,Shumagin Islands,55.3204,-160.5207,56,NA,107,107,100
NA,2018,July,26,207,Sand Point,Shumagin Islands,55.3204,-160.5207,56,NA,105,105,102
NA,2018,July,26,207,Sand Point,Shumagin Islands,55.3204,-160.5207,56,NA,107,107,100
NA,2018,July,26,207,Sand Point,Shumagin Islands,55.2535,-160.5241,56,NA,105,105,102
NA,2018,July,26,207,Sand Point,Shumagin Islands,55.2535,-160.5241,56,NA,107,107,100
NA,2018,July,26,207,Sand Point,Shumagin Islands,55.2535,-160.5241,56,NA,106,106,101
NA,2018,July,26,207,Sand Point,Shumagin Islands,55.2535,-160.5241,56,NA,106,106,101
NA,2018,July,26,207,Sand Point,Shumagin Islands,55.2535,-160.5241,56,NA,105,105,102
NA,2020,July,23,205,Baralof Bay,Shumagin Islands,55.2309,-160.5682,56,NA,96,96,109
NA,2020,July,23,205,Baralof Bay,Shumagin Islands,55.2304,-160.5484,56,NA,96,96,109
NA,2020,July,23,205,Baralof Bay,Shumagin Islands,55.2293,-160.5519,56,NA,98,98,107
NA,2020,July,23,205,Baralof Bay,Shumagin Islands,55.2293,-160.5623,56,NA,96,96,109
NA,2020,July,23,205,Baralof Bay,Shumagin Islands,55.2293,-160.5623,56,NA,96,96,109
NA,2020,July,23,205,Baralof Bay,Shumagin Islands,55.2293,-160.5623,56,NA,97,97,108
NA,2020,July,23,205,Baralof Bay,Shumagin Islands,55.2293,-160.5623,56,NA,98,98,107
NA,2020,July,23,205,Baralof Bay,Shumagin Islands,55.2294,-160.5646,56,NA,96,96,109
NA,2020,July,23,205,Baralof Bay,Shumagin Islands,55.2294,-160.5646,56,NA,96,96,109
NA,2020,July,23,205,Baralof Bay,Shumagin Islands,55.2294,-160.5646,56,NA,96,96,109
NA,2020,July,20,202,Sand Point,Shumagin Islands,55.3204,-160.5204,56,NA,95,95,107
NA,2020,July,20,202,Sand Point,Shumagin Islands,55.3204,-160.5204,56,NA,97,97,105
NA,2020,July,19,201,Falmouth Bay,Shumagin Islands,55.0693,-160.1138,56,NA,97,97,104
NA,2020,July,19,201,Falmouth Bay,Shumagin Islands,55.0693,-160.1138,56,NA,96,96,105
NA,2020,July,19,201,Falmouth Bay,Shumagin Islands,55.0693,-160.1138,56,NA,97,97,104
NA,2020,July,19,201,Falmouth Bay,Shumagin Islands,55.0693,-160.1138,56,NA,96,96,105
NA,2020,July,19,201,Falmouth Bay,Shumagin Islands,55.0693,-160.1138,56,NA,96,96,105
NA,2020,July,19,201,Falmouth Bay,Shumagin Islands,55.0693,-160.1138,56,NA,96,96,105
NA,2020,July,19,201,Falmouth Bay,Shumagin Islands,55.0685,-160.1126,56,NA,95,95,106
NA,2020,July,19,201,Falmouth Bay,Shumagin Islands,55.0689,-160.1296,56,NA,97,97,104
NA,2020,July,19,201,Falmouth Bay,Shumagin Islands,55.0689,-160.1296,56,NA,96,96,105
NA,2020,July,19,201,Falmouth Bay,Shumagin Islands,55.0668,-160.1265,56,NA,97,97,104
NA,2020,July,19,201,Falmouth Bay,Shumagin Islands,55.0668,-160.1265,56,NA,97,97,104
NA,2020,July,19,201,Falmouth Bay,Shumagin Islands,55.0668,-160.1265,56,NA,96,96,105
NA,2022,July,19,200,Kaiugnak Bay,Kaiugnak Bay,57.0607,-153.7889,56,NA,98,98,102
NA,2022,July,19,200,Kaiugnak Bay,Kaiugnak Bay,57.0708,-153.6747,56,NA,98,98,102
NA,2022,July,19,200,Kaiugnak Bay,Kaiugnak Bay,57.0536,-153.6529,56,NA,96,96,104
NA,2023,July,19,200,Falmouth Bay,Shumagin Islands,55.0695,-160.114,56,NA,94,94,106
NA,2023,July,19,200,Falmouth Bay,Shumagin Islands,55.0695,-160.114,56,NA,98,98,102
NA,2023,July,19,200,Falmouth Bay,Shumagin Islands,55.0686,-160.1128,56,NA,97,97,103
NA,2023,July,19,200,Falmouth Bay,Shumagin Islands,55.0689,-160.1297,56,NA,95,95,105
NA,2023,July,19,200,Falmouth Bay,Shumagin Islands,55.0689,-160.1297,56,NA,98,98,102
NA,2023,July,19,200,Falmouth Bay,Shumagin Islands,55.0689,-160.1297,56,NA,94,94,106
NA,2018,July,16,197,Agripina Bay,Agripina Bay,57.1047,-156.4584,56,NA,106,106,91
NA,2018,July,16,197,Agripina Bay,Agripina Bay,57.1047,-156.4584,56,NA,108,108,89
NA,2018,July,16,197,Agripina Bay,Agripina Bay,57.1094,-156.4599,56,NA,107,107,90
NA,2018,July,16,197,Agripina Bay,Agripina Bay,57.1094,-156.4599,56,NA,108,108,89
NA,2018,July,16,197,Agripina Bay,Agripina Bay,57.1071,-156.4565,56,NA,108,108,89
NA,2018,July,16,197,Agripina Bay,Agripina Bay,57.1071,-156.4565,56,NA,108,108,89
NA,2018,July,16,197,Agripina Bay,Agripina Bay,57.1071,-156.4565,56,NA,108,108,89
NA,2022,July,15,196,Baralof Bay,Shumagin Islands,55.2295,-160.5646,56,NA,96,96,100
NA,2022,July,14,195,Falmouth Bay,Shumagin Islands,55.0692,-160.1136,56,NA,97,97,98
NA,2022,July,14,195,Falmouth Bay,Shumagin Islands,55.0692,-160.1136,56,NA,93,93,102
NA,2018,July,9,190,Kaiugnak Bay,Kaiugnak Bay,57.0733,-153.6708,56,NA,101,101,89
NA,2018,July,9,190,Kaiugnak Bay,Kaiugnak Bay,57.0708,-153.6749,56,NA,104,104,86
NA,2018,July,9,190,Kaiugnak Bay,Kaiugnak Bay,57.0708,-153.6749,56,NA,101,101,89
NA,2018,July,9,190,Kaiugnak Bay,Kaiugnak Bay,57.0708,-153.6749,56,NA,101,101,89
NA,2018,July,9,190,Kaiugnak Bay,Kaiugnak Bay,57.0708,-153.6749,56,NA,102,102,88
NA,2018,July,9,190,Kaiugnak Bay,Kaiugnak Bay,57.0708,-153.6749,56,NA,102,102,88
NA,2018,July,9,190,Kaiugnak Bay,Kaiugnak Bay,57.0708,-153.6749,56,NA,102,102,88
NA,2020,July,6,188,Agripina Bay,Agripina Bay,57.1073,-156.4562,56,NA,95,95,93
NA,2020,July,6,188,Agripina Bay,Agripina Bay,57.1073,-156.4562,56,NA,97,97,91
NA,2020,July,6,188,Agripina Bay,Agripina Bay,57.1049,-156.4585,56,NA,98,98,90
NA,2020,July,6,188,Agripina Bay,Agripina Bay,57.1049,-156.4585,56,NA,95,95,93
NA,2020,July,6,188,Agripina Bay,Agripina Bay,57.1049,-156.4585,56,NA,97,97,91
NA,2020,July,6,188,Agripina Bay,Agripina Bay,57.1049,-156.4585,56,NA,97,97,91
NA,2020,July,6,188,Agripina Bay,Agripina Bay,57.1049,-156.4585,56,NA,95,95,93
NA,2020,July,6,188,Agripina Bay,Agripina Bay,57.1049,-156.4585,56,NA,97,97,91
NA,2020,July,6,188,Agripina Bay,Agripina Bay,57.1045,-156.4714,56,NA,98,98,90
NA,2020,July,6,188,Agripina Bay,Agripina Bay,57.1045,-156.4714,56,NA,98,98,90
NA,2020,July,6,188,Agripina Bay,Agripina Bay,57.1045,-156.4714,56,NA,98,98,90
NA,2020,July,6,188,Agripina Bay,Agripina Bay,57.1045,-156.4714,56,NA,94,94,94
NA,2020,July,6,188,Agripina Bay,Agripina Bay,57.1045,-156.4714,56,NA,94,94,94
NA,2020,July,6,188,Agripina Bay,Agripina Bay,57.1045,-156.4714,56,NA,96,96,92
NA,2020,July,6,188,Agripina Bay,Agripina Bay,57.104,-156.4767,56,NA,95,95,93
NA,2020,July,6,188,Agripina Bay,Agripina Bay,57.104,-156.4767,56,NA,97,97,91
NA,2020,July,6,188,Agripina Bay,Agripina Bay,57.104,-156.4767,56,NA,95,95,93
NA,2020,July,6,188,Agripina Bay,Agripina Bay,57.104,-156.4767,56,NA,97,97,91
NA,2020,July,6,188,Agripina Bay,Agripina Bay,57.104,-156.4767,56,NA,95,95,93
NA,2021,July,5,186,Agripina Bay,Agripina Bay,57.1073,-156.4562,56,NA,95,95,91
NA,2022,July,4,185,Agripina Bay,Agripina Bay,57.1046,-156.4717,56,NA,98,98,87
NA,2020,July,2,184,Cook Bay,Eastern Kodiak,57.7686,-152.2738,56,NA,101,101,83
NA,2020,July,2,184,Cook Bay,Eastern Kodiak,57.7686,-152.2738,56,NA,101,101,83
NA,2020,July,2,184,Cook Bay,Eastern Kodiak,57.7686,-152.2738,56,NA,104,104,80
NA,2020,July,2,184,Cook Bay,Eastern Kodiak,57.7686,-152.2738,56,NA,102,102,82
NA,2020,July,2,184,Cook Bay,Eastern Kodiak,57.7686,-152.2738,56,NA,104,104,80
NA,2020,July,2,184,Cook Bay,Eastern Kodiak,57.7239,-152.259,56,NA,104,104,80
NA,2020,July,2,184,Cook Bay,Eastern Kodiak,57.7239,-152.259,56,NA,102,102,82
NA,2020,July,2,184,Cook Bay,Eastern Kodiak,57.7794,-152.2769,56,NA,102,102,82
NA,2020,July,2,184,Cook Bay,Eastern Kodiak,57.7794,-152.2769,56,NA,101,101,83
NA,2020,July,2,184,Cook Bay,Eastern Kodiak,57.7794,-152.2769,56,NA,103,103,81
NA,2020,July,2,184,Cook Bay,Eastern Kodiak,57.7794,-152.2769,56,NA,103,103,81
NA,2020,July,2,184,Cook Bay,Eastern Kodiak,57.7794,-152.2769,56,NA,102,102,82
NA,2020,July,2,184,Cook Bay,Eastern Kodiak,57.7794,-152.2769,56,NA,103,103,81
NA,2020,July,2,184,Cook Bay,Eastern Kodiak,57.7794,-152.2769,56,NA,101,101,83
NA,2020,July,2,184,Cook Bay,Eastern Kodiak,57.7783,-152.2506,56,NA,101,101,83
NA,2020,July,2,184,Cook Bay,Eastern Kodiak,57.7783,-152.2506,56,NA,101,101,83
NA,2020,July,2,184,Cook Bay,Eastern Kodiak,57.7783,-152.2506,56,NA,104,104,80
NA,2018,Aug,15,227,Agripina Bay,Agripina Bay,57.1071,-156.4564,57,NA,115,115,112
NA,2018,Aug,15,227,Agripina Bay,Agripina Bay,57.1071,-156.4564,57,NA,112,112,115
NA,2018,Aug,15,227,Agripina Bay,Agripina Bay,57.1071,-156.4564,57,NA,112,112,115
NA,2018,Aug,15,227,Agripina Bay,Agripina Bay,57.1071,-156.4564,57,NA,113,113,114
NA,2018,Aug,15,227,Agripina Bay,Agripina Bay,57.1071,-156.4564,57,NA,115,115,112
NA,2018,Aug,15,227,Agripina Bay,Agripina Bay,57.1071,-156.4564,57,NA,110,110,117
NA,2018,Aug,15,227,Agripina Bay,Agripina Bay,57.1041,-156.4766,57,NA,114,114,113
NA,2021,Aug,4,216,Kaiugnak Bay,Kaiugnak Bay,57.0535,-153.6533,57,NA,99,99,117
NA,2021,Aug,4,216,Kaiugnak Bay,Kaiugnak Bay,57.0535,-153.6533,57,NA,100,100,116
NA,2018,Aug,1,213,Baralof Bay,Shumagin Islands,55.228,-160.5598,57,NA,108,108,105
NA,2018,Aug,1,213,Baralof Bay,Shumagin Islands,55.228,-160.5598,57,NA,108,108,105
NA,2018,Aug,1,213,Baralof Bay,Shumagin Islands,55.228,-160.5598,57,NA,107,107,106
NA,2018,Aug,1,213,Baralof Bay,Shumagin Islands,55.2303,-160.5485,57,NA,109,109,104
NA,2018,Aug,1,213,Baralof Bay,Shumagin Islands,55.2303,-160.5485,57,NA,107,107,106
NA,2018,Aug,1,213,Baralof Bay,Shumagin Islands,55.2303,-160.5485,57,NA,110,110,103
NA,2018,Aug,1,213,Baralof Bay,Shumagin Islands,55.2293,-160.5518,57,NA,110,110,103
NA,2018,Aug,1,213,Baralof Bay,Shumagin Islands,55.2293,-160.5518,57,NA,108,108,105
NA,2018,Aug,1,213,Baralof Bay,Shumagin Islands,55.2293,-160.5623,57,NA,108,108,105
NA,2018,Aug,1,213,Baralof Bay,Shumagin Islands,55.2293,-160.5623,57,NA,108,108,105
NA,2018,Aug,1,213,Baralof Bay,Shumagin Islands,55.2294,-160.5646,57,NA,110,110,103
NA,2018,Aug,1,213,Baralof Bay,Shumagin Islands,55.2294,-160.5646,57,NA,107,107,106
NA,2018,Aug,1,213,Baralof Bay,Shumagin Islands,55.2294,-160.5646,57,NA,108,108,105
NA,2018,Aug,1,213,Baralof Bay,Shumagin Islands,55.2294,-160.5646,57,NA,107,107,106
NA,2018,Aug,1,213,Baralof Bay,Shumagin Islands,55.2307,-160.5694,57,NA,108,108,105
NA,2018,July,30,211,Falmouth Bay,Shumagin Islands,55.0694,-160.1137,57,NA,108,108,103
NA,2018,July,30,211,Falmouth Bay,Shumagin Islands,55.0694,-160.1137,57,NA,108,108,103
NA,2018,July,29,210,Falmouth Bay,Shumagin Islands,55.0639,-160.1164,57,NA,108,108,102
NA,2018,July,29,210,Falmouth Bay,Shumagin Islands,55.0669,-160.1267,57,NA,106,106,104
NA,2018,July,29,210,Falmouth Bay,Shumagin Islands,55.0669,-160.1267,57,NA,108,108,102
NA,2018,July,29,210,Falmouth Bay,Shumagin Islands,55.0669,-160.1267,57,NA,108,108,102
NA,2018,July,26,207,Sand Point,Shumagin Islands,55.3204,-160.5207,57,NA,108,108,99
NA,2018,July,26,207,Sand Point,Shumagin Islands,55.3204,-160.5207,57,NA,108,108,99
NA,2018,July,26,207,Sand Point,Shumagin Islands,55.3204,-160.5207,57,NA,108,108,99
NA,2018,July,26,207,Sand Point,Shumagin Islands,55.3204,-160.5207,57,NA,107,107,100
NA,2018,July,26,207,Sand Point,Shumagin Islands,55.2535,-160.5241,57,NA,109,109,98
NA,2018,July,26,207,Sand Point,Shumagin Islands,55.2535,-160.5241,57,NA,107,107,100
NA,2018,July,26,207,Sand Point,Shumagin Islands,55.2535,-160.5241,57,NA,107,107,100
NA,2018,July,26,207,Sand Point,Shumagin Islands,55.2535,-160.5241,57,NA,106,106,101
NA,2018,July,26,207,Sand Point,Shumagin Islands,55.2535,-160.5241,57,NA,106,106,101
NA,2018,July,26,207,Sand Point,Shumagin Islands,55.2535,-160.5241,57,NA,106,106,101
NA,2020,July,23,205,Baralof Bay,Shumagin Islands,55.2309,-160.5682,57,NA,97,97,108
NA,2020,July,23,205,Baralof Bay,Shumagin Islands,55.2309,-160.5682,57,NA,97,97,108
NA,2020,July,23,205,Baralof Bay,Shumagin Islands,55.2304,-160.5484,57,NA,97,97,108
NA,2020,July,23,205,Baralof Bay,Shumagin Islands,55.2293,-160.5519,57,NA,99,99,106
NA,2020,July,23,205,Baralof Bay,Shumagin Islands,55.2293,-160.5519,57,NA,97,97,108
NA,2020,July,23,205,Baralof Bay,Shumagin Islands,55.2293,-160.5623,57,NA,99,99,106
NA,2020,July,23,205,Baralof Bay,Shumagin Islands,55.2293,-160.5623,57,NA,97,97,108
NA,2020,July,23,205,Baralof Bay,Shumagin Islands,55.2293,-160.5623,57,NA,96,96,109
NA,2020,July,23,205,Baralof Bay,Shumagin Islands,55.2293,-160.5623,57,NA,99,99,106
NA,2020,July,23,205,Baralof Bay,Shumagin Islands,55.2293,-160.5623,57,NA,96,96,109
NA,2020,July,23,205,Baralof Bay,Shumagin Islands,55.2293,-160.5623,57,NA,98,98,107
NA,2020,July,20,202,Sand Point,Shumagin Islands,55.3204,-160.5204,57,NA,99,99,103
NA,2020,July,20,202,Sand Point,Shumagin Islands,55.3204,-160.5204,57,NA,98,98,104
NA,2020,July,20,202,Sand Point,Shumagin Islands,55.3202,-160.5241,57,NA,98,98,104
NA,2020,July,19,201,Falmouth Bay,Shumagin Islands,55.0668,-160.1265,57,NA,97,97,104
NA,2022,July,19,200,Kaiugnak Bay,Kaiugnak Bay,57.0607,-153.7889,57,NA,98,98,102
NA,2022,July,19,200,Kaiugnak Bay,Kaiugnak Bay,57.0708,-153.6747,57,NA,99,99,101
NA,2023,July,19,200,Falmouth Bay,Shumagin Islands,55.0695,-160.114,57,NA,95,95,105
NA,2023,July,19,200,Falmouth Bay,Shumagin Islands,55.0695,-160.114,57,NA,96,96,104
NA,2023,July,19,200,Falmouth Bay,Shumagin Islands,55.0689,-160.1297,57,NA,99,99,101
NA,2023,July,19,200,Falmouth Bay,Shumagin Islands,55.0689,-160.1297,57,NA,98,98,102
NA,2023,July,19,200,Falmouth Bay,Shumagin Islands,55.0669,-160.1267,57,NA,96,96,104
NA,2023,July,19,200,Falmouth Bay,Shumagin Islands,55.0669,-160.1267,57,NA,96,96,104
NA,2023,July,19,200,Falmouth Bay,Shumagin Islands,55.0669,-160.1267,57,NA,96,96,104
NA,2023,July,19,200,Falmouth Bay,Shumagin Islands,55.0669,-160.1267,57,NA,98,98,102
NA,2023,July,17,198,Baralof Bay,Shumagin Islands,55.2293,-160.5518,57,NA,99,99,99
NA,2018,July,16,197,Agripina Bay,Agripina Bay,57.1047,-156.4584,57,NA,109,109,88
NA,2018,July,16,197,Agripina Bay,Agripina Bay,57.1094,-156.4599,57,NA,108,108,89
NA,2022,July,15,196,Baralof Bay,Shumagin Islands,55.2293,-160.5515,57,NA,96,96,100
NA,2022,July,14,195,Falmouth Bay,Shumagin Islands,55.0692,-160.1136,57,NA,99,99,96
NA,2018,July,9,190,Kaiugnak Bay,Kaiugnak Bay,57.0708,-153.6749,57,NA,107,107,83
NA,2018,July,9,190,Kaiugnak Bay,Kaiugnak Bay,57.0708,-153.6749,57,NA,107,107,83
NA,2018,July,9,190,Kaiugnak Bay,Kaiugnak Bay,57.0708,-153.6749,57,NA,105,105,85
NA,2018,July,9,190,Kaiugnak Bay,Kaiugnak Bay,57.0708,-153.6749,57,NA,106,106,84
NA,2018,July,9,190,Kaiugnak Bay,Kaiugnak Bay,57.0606,-153.7086,57,NA,107,107,83
NA,2020,July,6,188,Agripina Bay,Agripina Bay,57.1092,-156.4602,57,NA,98,98,90
NA,2020,July,6,188,Agripina Bay,Agripina Bay,57.1073,-156.4562,57,NA,99,99,89
NA,2020,July,6,188,Agripina Bay,Agripina Bay,57.1073,-156.4562,57,NA,96,96,92
NA,2020,July,6,188,Agripina Bay,Agripina Bay,57.1073,-156.4562,57,NA,97,97,91
NA,2020,July,6,188,Agripina Bay,Agripina Bay,57.1045,-156.4714,57,NA,96,96,92
NA,2020,July,6,188,Agripina Bay,Agripina Bay,57.1045,-156.4714,57,NA,98,98,90
NA,2020,July,6,188,Agripina Bay,Agripina Bay,57.104,-156.4767,57,NA,96,96,92
NA,2020,July,6,188,Agripina Bay,Agripina Bay,57.104,-156.4767,57,NA,98,98,90
NA,2020,July,6,188,Agripina Bay,Agripina Bay,57.104,-156.4767,57,NA,98,98,90
NA,2020,July,6,188,Agripina Bay,Agripina Bay,57.104,-156.4767,57,NA,96,96,92
NA,2022,July,4,185,Agripina Bay,Agripina Bay,57.1042,-156.4766,57,NA,99,99,86
NA,2020,July,2,184,Cook Bay,Eastern Kodiak,57.7686,-152.2738,57,NA,103,103,81
NA,2020,July,2,184,Cook Bay,Eastern Kodiak,57.7239,-152.259,57,NA,103,103,81
NA,2020,July,2,184,Cook Bay,Eastern Kodiak,57.7239,-152.259,57,NA,104,104,80
NA,2020,July,2,184,Cook Bay,Eastern Kodiak,57.7239,-152.259,57,NA,103,103,81
NA,2020,July,2,184,Cook Bay,Eastern Kodiak,57.7239,-152.259,57,NA,106,106,78
NA,2020,July,2,184,Cook Bay,Eastern Kodiak,57.7794,-152.2769,57,NA,105,105,79
NA,2020,July,2,184,Cook Bay,Eastern Kodiak,57.7794,-152.2769,57,NA,105,105,79
NA,2018,Aug,15,227,Agripina Bay,Agripina Bay,57.1048,-156.4586,58,NA,111,111,116
NA,2018,Aug,15,227,Agripina Bay,Agripina Bay,57.1048,-156.4586,58,NA,116,116,111
NA,2018,Aug,15,227,Agripina Bay,Agripina Bay,57.1048,-156.4586,58,NA,117,117,110
NA,2018,Aug,15,227,Agripina Bay,Agripina Bay,57.1071,-156.4564,58,NA,116,116,111
NA,2018,Aug,15,227,Agripina Bay,Agripina Bay,57.1071,-156.4564,58,NA,117,117,110
NA,2018,Aug,15,227,Agripina Bay,Agripina Bay,57.1071,-156.4564,58,NA,111,111,116
NA,2018,Aug,15,227,Agripina Bay,Agripina Bay,57.1041,-156.4766,58,NA,117,117,110
NA,2018,Aug,15,227,Agripina Bay,Agripina Bay,57.1041,-156.4766,58,NA,114,114,113
NA,2019,Aug,7,219,Kaiugnak Bay,Kaiugnak Bay,57.0535,-153.6528,58,NA,104,104,115
NA,2019,Aug,7,219,Kaiugnak Bay,Kaiugnak Bay,57.0535,-153.6528,58,NA,104,104,115
NA,2021,Aug,4,216,Kaiugnak Bay,Kaiugnak Bay,57.0606,-153.7056,58,NA,101,101,115
NA,2021,Aug,4,216,Kaiugnak Bay,Kaiugnak Bay,57.0606,-153.7056,58,NA,98,98,118
NA,2018,Aug,1,213,Baralof Bay,Shumagin Islands,55.2303,-160.5485,58,NA,110,110,103
NA,2018,Aug,1,213,Baralof Bay,Shumagin Islands,55.2303,-160.5485,58,NA,109,109,104
NA,2018,Aug,1,213,Baralof Bay,Shumagin Islands,55.2293,-160.5518,58,NA,110,110,103
NA,2018,Aug,1,213,Baralof Bay,Shumagin Islands,55.2293,-160.5518,58,NA,110,110,103
NA,2018,Aug,1,213,Baralof Bay,Shumagin Islands,55.2294,-160.5646,58,NA,111,111,102
NA,2018,Aug,1,213,Baralof Bay,Shumagin Islands,55.2307,-160.5694,58,NA,109,109,104
NA,2018,Aug,1,213,Baralof Bay,Shumagin Islands,55.2307,-160.5694,58,NA,109,109,104
NA,2018,July,30,211,Falmouth Bay,Shumagin Islands,55.0694,-160.1137,58,NA,110,110,101
NA,2018,July,30,211,Falmouth Bay,Shumagin Islands,55.0694,-160.1137,58,NA,110,110,101
NA,2018,July,29,210,Falmouth Bay,Shumagin Islands,55.0684,-160.1125,58,NA,110,110,100
NA,2018,July,29,210,Falmouth Bay,Shumagin Islands,55.0684,-160.1125,58,NA,108,108,102
NA,2018,July,29,210,Falmouth Bay,Shumagin Islands,55.0669,-160.1267,58,NA,109,109,101
NA,2018,July,29,210,Falmouth Bay,Shumagin Islands,55.0669,-160.1267,58,NA,109,109,101
NA,2018,July,26,207,Sand Point,Shumagin Islands,55.2535,-160.5241,58,NA,110,110,97
NA,2018,July,26,207,Sand Point,Shumagin Islands,55.2535,-160.5241,58,NA,108,108,99
NA,2018,July,26,207,Sand Point,Shumagin Islands,55.2535,-160.5241,58,NA,108,108,99
NA,2018,July,26,207,Sand Point,Shumagin Islands,55.2535,-160.5241,58,NA,108,108,99
NA,2018,July,26,207,Sand Point,Shumagin Islands,55.2535,-160.5241,58,NA,108,108,99
NA,2018,July,26,207,Sand Point,Shumagin Islands,55.2535,-160.5241,58,NA,110,110,97
NA,2018,July,26,207,Sand Point,Shumagin Islands,55.2535,-160.5241,58,NA,110,110,97
NA,2020,July,23,205,Baralof Bay,Shumagin Islands,55.2309,-160.5682,58,NA,100,100,105
NA,2020,July,23,205,Baralof Bay,Shumagin Islands,55.2304,-160.5484,58,NA,98,98,107
NA,2020,July,23,205,Baralof Bay,Shumagin Islands,55.2293,-160.5519,58,NA,100,100,105
NA,2020,July,23,205,Baralof Bay,Shumagin Islands,55.2293,-160.5519,58,NA,98,98,107
NA,2020,July,23,205,Baralof Bay,Shumagin Islands,55.2293,-160.5623,58,NA,98,98,107
NA,2020,July,23,205,Baralof Bay,Shumagin Islands,55.2293,-160.5623,58,NA,100,100,105
NA,2020,July,23,205,Baralof Bay,Shumagin Islands,55.2293,-160.5623,58,NA,99,99,106
NA,2020,July,23,205,Baralof Bay,Shumagin Islands,55.2293,-160.5623,58,NA,99,99,106
NA,2020,July,23,205,Baralof Bay,Shumagin Islands,55.2293,-160.5623,58,NA,98,98,107
NA,2020,July,20,202,Sand Point,Shumagin Islands,55.3204,-160.5204,58,NA,98,98,104
NA,2020,July,20,202,Sand Point,Shumagin Islands,55.3202,-160.5241,58,NA,100,100,102
NA,2020,July,20,202,Sand Point,Shumagin Islands,55.3202,-160.5241,58,NA,100,100,102
NA,2020,July,19,201,Falmouth Bay,Shumagin Islands,55.0693,-160.1138,58,NA,99,99,102
NA,2020,July,19,201,Falmouth Bay,Shumagin Islands,55.0668,-160.1265,58,NA,97,97,104
NA,2022,July,19,200,Kaiugnak Bay,Kaiugnak Bay,57.0607,-153.7889,58,NA,101,101,99
NA,2022,July,19,200,Kaiugnak Bay,Kaiugnak Bay,57.0607,-153.7889,58,NA,98,98,102
NA,2022,July,19,200,Kaiugnak Bay,Kaiugnak Bay,57.0607,-153.7889,58,NA,101,101,99
NA,2022,July,19,200,Kaiugnak Bay,Kaiugnak Bay,57.0607,-153.7889,58,NA,98,98,102
NA,2022,July,19,200,Kaiugnak Bay,Kaiugnak Bay,57.0708,-153.6747,58,NA,99,99,101
NA,2022,July,19,200,Kaiugnak Bay,Kaiugnak Bay,57.0572,-153.6348,58,NA,97,97,103
NA,2023,July,19,200,Falmouth Bay,Shumagin Islands,55.0695,-160.114,58,NA,100,100,100
NA,2023,July,19,200,Falmouth Bay,Shumagin Islands,55.0695,-160.114,58,NA,97,97,103
NA,2023,July,19,200,Falmouth Bay,Shumagin Islands,55.0689,-160.1297,58,NA,100,100,100
NA,2018,July,16,197,Agripina Bay,Agripina Bay,57.1047,-156.4584,58,NA,109,109,88
NA,2018,July,16,197,Agripina Bay,Agripina Bay,57.1047,-156.4584,58,NA,110,110,87
NA,2018,July,16,197,Agripina Bay,Agripina Bay,57.1094,-156.4599,58,NA,108,108,89
NA,2018,July,16,197,Agripina Bay,Agripina Bay,57.1071,-156.4565,58,NA,108,108,89
NA,2018,July,16,197,Agripina Bay,Agripina Bay,57.1071,-156.4565,58,NA,110,110,87
NA,2018,July,16,197,Agripina Bay,Agripina Bay,57.1045,-156.4712,58,NA,111,111,86
NA,2018,July,16,197,Agripina Bay,Agripina Bay,57.1045,-156.4712,58,NA,108,108,89
NA,2018,July,16,197,Agripina Bay,Agripina Bay,57.104,-156.4766,58,NA,111,111,86
NA,2022,July,15,196,Baralof Bay,Shumagin Islands,55.2293,-160.5515,58,NA,100,100,96
NA,2022,July,14,195,Falmouth Bay,Shumagin Islands,55.0692,-160.1136,58,NA,99,99,96
NA,2022,July,14,195,Falmouth Bay,Shumagin Islands,55.0692,-160.1136,58,NA,98,98,97
NA,2022,July,14,195,Falmouth Bay,Shumagin Islands,55.0669,-160.1266,58,NA,99,99,96
NA,2022,July,14,195,Falmouth Bay,Shumagin Islands,55.069,-160.1297,58,NA,100,100,95
NA,2018,July,9,190,Kaiugnak Bay,Kaiugnak Bay,57.0559,-153.6501,58,NA,109,109,81
NA,2018,July,9,190,Kaiugnak Bay,Kaiugnak Bay,57.0733,-153.6708,58,NA,105,105,85
NA,2018,July,9,190,Kaiugnak Bay,Kaiugnak Bay,57.0708,-153.6749,58,NA,108,108,82
NA,2018,July,9,190,Kaiugnak Bay,Kaiugnak Bay,57.0535,-153.6531,58,NA,108,108,82
NA,2018,July,9,190,Kaiugnak Bay,Kaiugnak Bay,57.0535,-153.6531,58,NA,106,106,84
NA,2018,July,9,190,Kaiugnak Bay,Kaiugnak Bay,57.0535,-153.6531,58,NA,104,104,86
NA,2020,July,6,188,Agripina Bay,Agripina Bay,57.1092,-156.4602,58,NA,101,101,87
NA,2020,July,6,188,Agripina Bay,Agripina Bay,57.1092,-156.4602,58,NA,100,100,88
NA,2020,July,6,188,Agripina Bay,Agripina Bay,57.1049,-156.4585,58,NA,99,99,89
NA,2020,July,6,188,Agripina Bay,Agripina Bay,57.1049,-156.4585,58,NA,101,101,87
NA,2020,July,6,188,Agripina Bay,Agripina Bay,57.1049,-156.4585,58,NA,97,97,91
NA,2020,July,6,188,Agripina Bay,Agripina Bay,57.1045,-156.4714,58,NA,99,99,89
NA,2020,July,6,188,Agripina Bay,Agripina Bay,57.1045,-156.4714,58,NA,97,97,91
NA,2020,July,6,188,Agripina Bay,Agripina Bay,57.1045,-156.4714,58,NA,98,98,90
NA,2020,July,6,188,Agripina Bay,Agripina Bay,57.104,-156.4767,58,NA,97,97,91
NA,2020,July,6,188,Agripina Bay,Agripina Bay,57.104,-156.4767,58,NA,97,97,91
NA,2020,July,6,188,Agripina Bay,Agripina Bay,57.104,-156.4767,58,NA,98,98,90
NA,2020,July,6,188,Agripina Bay,Agripina Bay,57.104,-156.4767,58,NA,98,98,90
NA,2020,July,6,188,Agripina Bay,Agripina Bay,57.104,-156.4767,58,NA,99,99,89
NA,2022,July,4,185,Agripina Bay,Agripina Bay,57.1048,-156.4585,58,NA,98,98,87
NA,2022,July,4,185,Agripina Bay,Agripina Bay,57.1042,-156.4766,58,NA,99,99,86
NA,2020,July,2,184,Cook Bay,Eastern Kodiak,57.7686,-152.2738,58,NA,106,106,78
NA,2020,July,2,184,Cook Bay,Eastern Kodiak,57.7686,-152.2738,58,NA,106,106,78
NA,2020,July,2,184,Cook Bay,Eastern Kodiak,57.7686,-152.2738,58,NA,104,104,80
NA,2020,July,2,184,Cook Bay,Eastern Kodiak,57.7686,-152.2738,58,NA,103,103,81
NA,2020,July,2,184,Cook Bay,Eastern Kodiak,57.7686,-152.2738,58,NA,104,104,80
NA,2020,July,2,184,Cook Bay,Eastern Kodiak,57.7686,-152.2738,58,NA,105,105,79
NA,2020,July,2,184,Cook Bay,Eastern Kodiak,57.7686,-152.2738,58,NA,104,104,80
NA,2020,July,2,184,Cook Bay,Eastern Kodiak,57.7686,-152.2738,58,NA,104,104,80
NA,2020,July,2,184,Cook Bay,Eastern Kodiak,57.7239,-152.259,58,NA,103,103,81
NA,2020,July,2,184,Cook Bay,Eastern Kodiak,57.7239,-152.259,58,NA,107,107,77
NA,2020,July,2,184,Cook Bay,Eastern Kodiak,57.7239,-152.259,58,NA,105,105,79
NA,2020,July,2,184,Cook Bay,Eastern Kodiak,57.7239,-152.259,58,NA,105,105,79
NA,2020,July,2,184,Cook Bay,Eastern Kodiak,57.7794,-152.2769,58,NA,103,103,81
NA,2020,July,2,184,Cook Bay,Eastern Kodiak,57.7794,-152.2769,58,NA,104,104,80
NA,2018,Aug,15,227,Agripina Bay,Agripina Bay,57.1048,-156.4586,59,NA,115,115,112
NA,2018,Aug,15,227,Agripina Bay,Agripina Bay,57.1048,-156.4586,59,NA,118,118,109
NA,2018,Aug,15,227,Agripina Bay,Agripina Bay,57.1071,-156.4564,59,NA,113,113,114
NA,2018,Aug,15,227,Agripina Bay,Agripina Bay,57.1071,-156.4564,59,NA,113,113,114
NA,2018,Aug,15,227,Agripina Bay,Agripina Bay,57.1071,-156.4564,59,NA,114,114,113
NA,2018,Aug,15,227,Agripina Bay,Agripina Bay,57.1041,-156.4766,59,NA,114,114,113
NA,2021,Aug,4,216,Kaiugnak Bay,Kaiugnak Bay,57.0535,-153.6533,59,NA,102,102,114
NA,2021,Aug,4,216,Kaiugnak Bay,Kaiugnak Bay,57.0535,-153.6533,59,NA,100,100,116
NA,2018,Aug,1,213,Baralof Bay,Shumagin Islands,55.228,-160.5598,59,NA,112,112,101
NA,2018,Aug,1,213,Baralof Bay,Shumagin Islands,55.2293,-160.5518,59,NA,110,110,103
NA,2018,Aug,1,213,Baralof Bay,Shumagin Islands,55.2293,-160.5518,59,NA,109,109,104
NA,2018,Aug,1,213,Baralof Bay,Shumagin Islands,55.2293,-160.5518,59,NA,112,112,101
NA,2018,Aug,1,213,Baralof Bay,Shumagin Islands,55.2293,-160.5623,59,NA,109,109,104
NA,2018,Aug,1,213,Baralof Bay,Shumagin Islands,55.2294,-160.5646,59,NA,109,109,104
NA,2018,Aug,1,213,Baralof Bay,Shumagin Islands,55.2294,-160.5646,59,NA,111,111,102
NA,2018,Aug,1,213,Baralof Bay,Shumagin Islands,55.2307,-160.5694,59,NA,111,111,102
NA,2018,Aug,1,213,Baralof Bay,Shumagin Islands,55.2307,-160.5694,59,NA,112,112,101
NA,2018,July,30,211,Falmouth Bay,Shumagin Islands,55.0694,-160.1137,59,NA,112,112,99
NA,2018,July,29,210,Falmouth Bay,Shumagin Islands,55.0684,-160.1125,59,NA,111,111,99
NA,2018,July,29,210,Falmouth Bay,Shumagin Islands,55.0639,-160.1164,59,NA,109,109,101
NA,2018,July,26,207,Sand Point,Shumagin Islands,55.3204,-160.5207,59,NA,108,108,99
NA,2018,July,26,207,Sand Point,Shumagin Islands,55.3204,-160.5207,59,NA,109,109,98
NA,2018,July,26,207,Sand Point,Shumagin Islands,55.2535,-160.5241,59,NA,111,111,96
NA,2018,July,26,207,Sand Point,Shumagin Islands,55.2535,-160.5241,59,NA,109,109,98
NA,2018,July,26,207,Sand Point,Shumagin Islands,55.2535,-160.5241,59,NA,109,109,98
NA,2020,July,23,205,Baralof Bay,Shumagin Islands,55.2309,-160.5682,59,NA,101,101,104
NA,2020,July,23,205,Baralof Bay,Shumagin Islands,55.2304,-160.5484,59,NA,102,102,103
NA,2020,July,23,205,Baralof Bay,Shumagin Islands,55.2304,-160.5484,59,NA,102,102,103
NA,2020,July,23,205,Baralof Bay,Shumagin Islands,55.2293,-160.5519,59,NA,99,99,106
NA,2020,July,23,205,Baralof Bay,Shumagin Islands,55.2293,-160.5623,59,NA,101,101,104
NA,2020,July,23,205,Baralof Bay,Shumagin Islands,55.2294,-160.5646,59,NA,101,101,104
NA,2020,July,23,205,Baralof Bay,Shumagin Islands,55.2294,-160.5646,59,NA,100,100,105
NA,2020,July,23,205,Baralof Bay,Shumagin Islands,55.2294,-160.5646,59,NA,100,100,105
NA,2020,July,20,202,Sand Point,Shumagin Islands,55.3204,-160.5204,59,NA,101,101,101
NA,2020,July,19,201,Falmouth Bay,Shumagin Islands,55.0693,-160.1138,59,NA,99,99,102
NA,2022,July,19,200,Kaiugnak Bay,Kaiugnak Bay,57.0573,-153.7033,59,NA,101,101,99
NA,2022,July,19,200,Kaiugnak Bay,Kaiugnak Bay,57.0573,-153.7033,59,NA,102,102,98
NA,2022,July,19,200,Kaiugnak Bay,Kaiugnak Bay,57.0607,-153.7889,59,NA,102,102,98
NA,2022,July,19,200,Kaiugnak Bay,Kaiugnak Bay,57.0607,-153.7889,59,NA,100,100,100
NA,2023,July,19,200,Falmouth Bay,Shumagin Islands,55.0669,-160.1267,59,NA,100,100,100
NA,2018,July,16,197,Agripina Bay,Agripina Bay,57.1047,-156.4584,59,NA,112,112,85
NA,2018,July,16,197,Agripina Bay,Agripina Bay,57.1094,-156.4599,59,NA,110,110,87
NA,2018,July,16,197,Agripina Bay,Agripina Bay,57.1045,-156.4712,59,NA,109,109,88
NA,2018,July,16,197,Agripina Bay,Agripina Bay,57.1045,-156.4712,59,NA,111,111,86
NA,2018,July,16,197,Agripina Bay,Agripina Bay,57.104,-156.4766,59,NA,110,110,87
NA,2018,July,9,190,Kaiugnak Bay,Kaiugnak Bay,57.0559,-153.6501,59,NA,110,110,80
NA,2018,July,9,190,Kaiugnak Bay,Kaiugnak Bay,57.0733,-153.6708,59,NA,108,108,82
NA,2018,July,9,190,Kaiugnak Bay,Kaiugnak Bay,57.0708,-153.6749,59,NA,109,109,81
NA,2018,July,9,190,Kaiugnak Bay,Kaiugnak Bay,57.0708,-153.6749,59,NA,108,108,82
NA,2019,July,7,188,Agripina Bay,Agripina Bay,57.105,-156.4581,59,NA,101,101,87
NA,2020,July,6,188,Agripina Bay,Agripina Bay,57.1092,-156.4602,59,NA,101,101,87
NA,2020,July,6,188,Agripina Bay,Agripina Bay,57.1092,-156.4602,59,NA,102,102,86
NA,2020,July,6,188,Agripina Bay,Agripina Bay,57.1073,-156.4562,59,NA,98,98,90
NA,2020,July,6,188,Agripina Bay,Agripina Bay,57.1045,-156.4714,59,NA,102,102,86
NA,2020,July,6,188,Agripina Bay,Agripina Bay,57.1045,-156.4714,59,NA,99,99,89
NA,2020,July,6,188,Agripina Bay,Agripina Bay,57.104,-156.4767,59,NA,99,99,89
NA,2020,July,6,188,Agripina Bay,Agripina Bay,57.104,-156.4767,59,NA,98,98,90
NA,2020,July,2,184,Cook Bay,Eastern Kodiak,57.7686,-152.2738,59,NA,108,108,76
NA,2020,July,2,184,Cook Bay,Eastern Kodiak,57.7686,-152.2738,59,NA,107,107,77
NA,2020,July,2,184,Cook Bay,Eastern Kodiak,57.7686,-152.2738,59,NA,107,107,77
NA,2020,July,2,184,Cook Bay,Eastern Kodiak,57.7686,-152.2738,59,NA,108,108,76
NA,2020,July,2,184,Cook Bay,Eastern Kodiak,57.7686,-152.2738,59,NA,107,107,77
NA,2020,July,2,184,Cook Bay,Eastern Kodiak,57.7686,-152.2738,59,NA,107,107,77
NA,2020,July,2,184,Cook Bay,Eastern Kodiak,57.7686,-152.2738,59,NA,106,106,78
NA,2020,July,2,184,Cook Bay,Eastern Kodiak,57.7686,-152.2738,59,NA,105,105,79
NA,2020,July,2,184,Cook Bay,Eastern Kodiak,57.7239,-152.259,59,NA,108,108,76
NA,2020,July,2,184,Cook Bay,Eastern Kodiak,57.7794,-152.2769,59,NA,107,107,77
NA,2020,July,2,184,Cook Bay,Eastern Kodiak,57.7794,-152.2769,59,NA,108,108,76
NA,2020,July,2,184,Cook Bay,Eastern Kodiak,57.7794,-152.2769,59,NA,105,105,79
NA,2020,July,2,184,Cook Bay,Eastern Kodiak,57.7783,-152.2506,59,NA,106,106,78
NA,2018,Aug,15,227,Agripina Bay,Agripina Bay,57.1048,-156.4586,60,NA,114,114,113
NA,2018,Aug,15,227,Agripina Bay,Agripina Bay,57.1048,-156.4586,60,NA,116,116,111
NA,2018,Aug,15,227,Agripina Bay,Agripina Bay,57.1048,-156.4586,60,NA,116,116,111
NA,2018,Aug,15,227,Agripina Bay,Agripina Bay,57.1048,-156.4586,60,NA,113,113,114
NA,2018,Aug,15,227,Agripina Bay,Agripina Bay,57.1071,-156.4564,60,NA,119,119,108
NA,2018,Aug,15,227,Agripina Bay,Agripina Bay,57.1071,-156.4564,60,NA,114,114,113
NA,2018,Aug,15,227,Agripina Bay,Agripina Bay,57.1071,-156.4564,60,NA,118,118,109
NA,2018,Aug,15,227,Agripina Bay,Agripina Bay,57.1071,-156.4564,60,NA,119,119,108
NA,2018,Aug,15,227,Agripina Bay,Agripina Bay,57.1071,-156.4564,60,NA,116,116,111
NA,2018,Aug,15,227,Agripina Bay,Agripina Bay,57.1071,-156.4564,60,NA,119,119,108
NA,2018,Aug,15,227,Agripina Bay,Agripina Bay,57.1046,-156.4717,60,NA,114,114,113
NA,2018,Aug,15,227,Agripina Bay,Agripina Bay,57.1041,-156.4766,60,NA,114,114,113
NA,2018,Aug,15,227,Agripina Bay,Agripina Bay,57.1041,-156.4766,60,NA,117,117,110
NA,2018,Aug,15,227,Agripina Bay,Agripina Bay,57.1041,-156.4766,60,NA,115,115,112
NA,2018,Aug,15,227,Agripina Bay,Agripina Bay,57.1041,-156.4766,60,NA,114,114,113
NA,2018,Aug,15,227,Agripina Bay,Agripina Bay,57.1041,-156.4766,60,NA,120,120,107
NA,2021,Aug,4,216,Kaiugnak Bay,Kaiugnak Bay,57.0535,-153.6533,60,NA,101,101,115
NA,2021,Aug,4,216,Kaiugnak Bay,Kaiugnak Bay,57.0535,-153.6533,60,NA,99,99,117
NA,2021,Aug,4,216,Kaiugnak Bay,Kaiugnak Bay,57.0606,-153.7056,60,NA,102,102,114
NA,2021,Aug,4,216,Kaiugnak Bay,Kaiugnak Bay,57.0606,-153.7056,60,NA,101,101,115
NA,2021,Aug,4,216,Kaiugnak Bay,Kaiugnak Bay,57.0606,-153.7056,60,NA,100,100,116
NA,2021,Aug,4,216,Kaiugnak Bay,Kaiugnak Bay,57.0606,-153.7056,60,NA,102,102,114
NA,2020,Aug,1,214,Kaiugnak Bay,Kaiugnak Bay,57.0572,-153.703,60,NA,103,103,111
NA,2018,Aug,1,213,Baralof Bay,Shumagin Islands,55.228,-160.5598,60,NA,114,114,99
NA,2018,Aug,1,213,Baralof Bay,Shumagin Islands,55.2303,-160.5485,60,NA,114,114,99
NA,2018,Aug,1,213,Baralof Bay,Shumagin Islands,55.2303,-160.5485,60,NA,112,112,101
NA,2018,Aug,1,213,Baralof Bay,Shumagin Islands,55.2293,-160.5623,60,NA,113,113,100
NA,2018,Aug,1,213,Baralof Bay,Shumagin Islands,55.2293,-160.5623,60,NA,112,112,101
NA,2018,Aug,1,213,Baralof Bay,Shumagin Islands,55.2294,-160.5646,60,NA,112,112,101
NA,2018,Aug,1,213,Baralof Bay,Shumagin Islands,55.2294,-160.5646,60,NA,113,113,100
NA,2018,Aug,1,213,Baralof Bay,Shumagin Islands,55.2294,-160.5646,60,NA,112,112,101
NA,2018,July,29,210,Falmouth Bay,Shumagin Islands,55.0639,-160.1164,60,NA,112,112,98
NA,2018,July,29,210,Falmouth Bay,Shumagin Islands,55.0669,-160.1267,60,NA,113,113,97
NA,2018,July,29,210,Falmouth Bay,Shumagin Islands,55.0669,-160.1267,60,NA,113,113,97
NA,2018,July,26,207,Sand Point,Shumagin Islands,55.3204,-160.5207,60,NA,111,111,96
NA,2018,July,26,207,Sand Point,Shumagin Islands,55.2535,-160.5241,60,NA,112,112,95
NA,2018,July,26,207,Sand Point,Shumagin Islands,55.2535,-160.5241,60,NA,111,111,96
NA,2018,July,26,207,Sand Point,Shumagin Islands,55.2535,-160.5241,60,NA,111,111,96
NA,2018,July,26,207,Sand Point,Shumagin Islands,55.2535,-160.5241,60,NA,110,110,97
NA,2018,July,26,207,Sand Point,Shumagin Islands,55.2535,-160.5241,60,NA,112,112,95
NA,2020,July,23,205,Baralof Bay,Shumagin Islands,55.2293,-160.5623,60,NA,103,103,102
NA,2020,July,20,202,Sand Point,Shumagin Islands,55.3204,-160.5204,60,NA,102,102,100
NA,2020,July,20,202,Sand Point,Shumagin Islands,55.3202,-160.5241,60,NA,100,100,102
NA,2020,July,20,202,Sand Point,Shumagin Islands,55.3202,-160.5241,60,NA,101,101,101
NA,2022,July,19,200,Kaiugnak Bay,Kaiugnak Bay,57.0573,-153.7033,60,NA,103,103,97
NA,2022,July,19,200,Kaiugnak Bay,Kaiugnak Bay,57.0607,-153.7889,60,NA,100,100,100
NA,2022,July,19,200,Kaiugnak Bay,Kaiugnak Bay,57.0708,-153.6747,60,NA,102,102,98
NA,2022,July,19,200,Kaiugnak Bay,Kaiugnak Bay,57.0708,-153.6747,60,NA,103,103,97
NA,2022,July,19,200,Kaiugnak Bay,Kaiugnak Bay,57.0558,-153.6505,60,NA,102,102,98
NA,2022,July,19,200,Kaiugnak Bay,Kaiugnak Bay,57.0536,-153.6529,60,NA,103,103,97
NA,2022,July,19,200,Kaiugnak Bay,Kaiugnak Bay,57.0536,-153.6529,60,NA,100,100,100
NA,2023,July,19,200,Falmouth Bay,Shumagin Islands,55.0695,-160.114,60,NA,99,99,101
NA,2023,July,19,200,Falmouth Bay,Shumagin Islands,55.0695,-160.114,60,NA,99,99,101
NA,2023,July,19,200,Falmouth Bay,Shumagin Islands,55.0695,-160.114,60,NA,101,101,99
NA,2023,July,19,200,Falmouth Bay,Shumagin Islands,55.0695,-160.114,60,NA,101,101,99
NA,2023,July,19,200,Falmouth Bay,Shumagin Islands,55.0689,-160.1297,60,NA,101,101,99
NA,2018,July,16,197,Agripina Bay,Agripina Bay,57.1094,-156.4599,60,NA,114,114,83
NA,2018,July,16,197,Agripina Bay,Agripina Bay,57.1045,-156.4712,60,NA,111,111,86
NA,2022,July,15,196,Baralof Bay,Shumagin Islands,55.2295,-160.5646,60,NA,103,103,93
NA,2022,July,14,195,Falmouth Bay,Shumagin Islands,55.0692,-160.1136,60,NA,102,102,93
NA,2018,July,9,190,Kaiugnak Bay,Kaiugnak Bay,57.0733,-153.6708,60,NA,106,106,84
NA,2018,July,9,190,Kaiugnak Bay,Kaiugnak Bay,57.0733,-153.6708,60,NA,109,109,81
NA,2018,July,9,190,Kaiugnak Bay,Kaiugnak Bay,57.0733,-153.6708,60,NA,106,106,84
NA,2018,July,9,190,Kaiugnak Bay,Kaiugnak Bay,57.0708,-153.6749,60,NA,109,109,81
NA,2018,July,9,190,Kaiugnak Bay,Kaiugnak Bay,57.0708,-153.6749,60,NA,109,109,81
NA,2018,July,9,190,Kaiugnak Bay,Kaiugnak Bay,57.0708,-153.6749,60,NA,110,110,80
NA,2018,July,9,190,Kaiugnak Bay,Kaiugnak Bay,57.0708,-153.6749,60,NA,108,108,82
NA,2020,July,6,188,Agripina Bay,Agripina Bay,57.1092,-156.4602,60,NA,100,100,88
NA,2020,July,6,188,Agripina Bay,Agripina Bay,57.1073,-156.4562,60,NA,99,99,89
NA,2020,July,6,188,Agripina Bay,Agripina Bay,57.1073,-156.4562,60,NA,102,102,86
NA,2020,July,6,188,Agripina Bay,Agripina Bay,57.1049,-156.4585,60,NA,102,102,86
NA,2020,July,6,188,Agripina Bay,Agripina Bay,57.1049,-156.4585,60,NA,101,101,87
NA,2020,July,6,188,Agripina Bay,Agripina Bay,57.1045,-156.4714,60,NA,102,102,86
NA,2020,July,6,188,Agripina Bay,Agripina Bay,57.104,-156.4767,60,NA,102,102,86
NA,2020,July,2,184,Cook Bay,Eastern Kodiak,57.7686,-152.2738,60,NA,108,108,76
NA,2020,July,2,184,Cook Bay,Eastern Kodiak,57.7686,-152.2738,60,NA,108,108,76
NA,2020,July,2,184,Cook Bay,Eastern Kodiak,57.7686,-152.2738,60,NA,108,108,76
NA,2020,July,2,184,Cook Bay,Eastern Kodiak,57.7686,-152.2738,60,NA,106,106,78
NA,2020,July,2,184,Cook Bay,Eastern Kodiak,57.7686,-152.2738,60,NA,108,108,76
NA,2020,July,2,184,Cook Bay,Eastern Kodiak,57.7686,-152.2738,60,NA,109,109,75
NA,2020,July,2,184,Cook Bay,Eastern Kodiak,57.7239,-152.259,60,NA,108,108,76
NA,2020,July,2,184,Cook Bay,Eastern Kodiak,57.7239,-152.259,60,NA,109,109,75
NA,2020,July,2,184,Cook Bay,Eastern Kodiak,57.7794,-152.2769,60,NA,108,108,76
NA,2020,July,2,184,Cook Bay,Eastern Kodiak,57.7794,-152.2769,60,NA,107,107,77
NA,2020,July,2,184,Cook Bay,Eastern Kodiak,57.7794,-152.2769,60,NA,108,108,76
NA,2020,July,2,184,Cook Bay,Eastern Kodiak,57.7794,-152.2769,60,NA,107,107,77
NA,2018,Aug,15,227,Agripina Bay,Agripina Bay,57.1048,-156.4586,61,NA,119,119,108
NA,2018,Aug,15,227,Agripina Bay,Agripina Bay,57.1048,-156.4586,61,NA,119,119,108
NA,2018,Aug,15,227,Agripina Bay,Agripina Bay,57.1048,-156.4586,61,NA,117,117,110
NA,2018,Aug,15,227,Agripina Bay,Agripina Bay,57.1048,-156.4586,61,NA,116,116,111
NA,2018,Aug,15,227,Agripina Bay,Agripina Bay,57.1048,-156.4586,61,NA,119,119,108
NA,2018,Aug,15,227,Agripina Bay,Agripina Bay,57.1048,-156.4586,61,NA,117,117,110
NA,2018,Aug,15,227,Agripina Bay,Agripina Bay,57.1071,-156.4564,61,NA,120,120,107
NA,2018,Aug,15,227,Agripina Bay,Agripina Bay,57.1071,-156.4564,61,NA,118,118,109
NA,2018,Aug,15,227,Agripina Bay,Agripina Bay,57.1071,-156.4564,61,NA,116,116,111
NA,2018,Aug,15,227,Agripina Bay,Agripina Bay,57.1071,-156.4564,61,NA,118,118,109
NA,2018,Aug,15,227,Agripina Bay,Agripina Bay,57.1071,-156.4564,61,NA,118,118,109
NA,2018,Aug,15,227,Agripina Bay,Agripina Bay,57.1071,-156.4564,61,NA,118,118,109
NA,2018,Aug,15,227,Agripina Bay,Agripina Bay,57.1071,-156.4564,61,NA,116,116,111
NA,2018,Aug,15,227,Agripina Bay,Agripina Bay,57.1046,-156.4717,61,NA,115,115,112
NA,2018,Aug,15,227,Agripina Bay,Agripina Bay,57.1046,-156.4717,61,NA,114,114,113
NA,2018,Aug,15,227,Agripina Bay,Agripina Bay,57.1041,-156.4766,61,NA,116,116,111
NA,2018,Aug,15,227,Agripina Bay,Agripina Bay,57.1041,-156.4766,61,NA,114,114,113
NA,2018,Aug,15,227,Agripina Bay,Agripina Bay,57.1041,-156.4766,61,NA,115,115,112
NA,2018,Aug,15,227,Agripina Bay,Agripina Bay,57.1041,-156.4766,61,NA,116,116,111
NA,2018,Aug,15,227,Agripina Bay,Agripina Bay,57.1041,-156.4766,61,NA,117,117,110
NA,2018,Aug,15,227,Agripina Bay,Agripina Bay,57.1041,-156.4766,61,NA,120,120,107
NA,2018,Aug,15,227,Agripina Bay,Agripina Bay,57.1041,-156.4766,61,NA,115,115,112
NA,2018,Aug,15,227,Agripina Bay,Agripina Bay,57.1041,-156.4766,61,NA,116,116,111
NA,2021,Aug,4,216,Kaiugnak Bay,Kaiugnak Bay,57.0573,-153.6351,61,NA,103,103,113
NA,2021,Aug,4,216,Kaiugnak Bay,Kaiugnak Bay,57.0535,-153.6533,61,NA,101,101,115
NA,2021,Aug,4,216,Kaiugnak Bay,Kaiugnak Bay,57.0535,-153.6533,61,NA,104,104,112
NA,2021,Aug,4,216,Kaiugnak Bay,Kaiugnak Bay,57.0535,-153.6533,61,NA,102,102,114
NA,2021,Aug,4,216,Kaiugnak Bay,Kaiugnak Bay,57.0535,-153.6533,61,NA,101,101,115
NA,2020,Aug,1,214,Kaiugnak Bay,Kaiugnak Bay,57.0536,-153.6532,61,NA,105,105,109
NA,2020,Aug,1,214,Kaiugnak Bay,Kaiugnak Bay,57.0572,-153.703,61,NA,103,103,111
NA,2018,Aug,1,213,Baralof Bay,Shumagin Islands,55.2303,-160.5485,61,NA,114,114,99
NA,2018,Aug,1,213,Baralof Bay,Shumagin Islands,55.2293,-160.5518,61,NA,112,112,101
NA,2018,Aug,1,213,Baralof Bay,Shumagin Islands,55.2294,-160.5646,61,NA,112,112,101
NA,2018,Aug,1,213,Baralof Bay,Shumagin Islands,55.2294,-160.5646,61,NA,113,113,100
NA,2018,Aug,1,213,Baralof Bay,Shumagin Islands,55.2294,-160.5646,61,NA,114,114,99
NA,2018,Aug,1,213,Baralof Bay,Shumagin Islands,55.2294,-160.5646,61,NA,113,113,100
NA,2018,Aug,1,213,Baralof Bay,Shumagin Islands,55.2307,-160.5694,61,NA,112,112,101
NA,2018,July,30,211,Falmouth Bay,Shumagin Islands,55.0694,-160.1137,61,NA,114,114,97
NA,2018,July,30,211,Falmouth Bay,Shumagin Islands,55.0694,-160.1137,61,NA,113,113,98
NA,2018,July,30,211,Falmouth Bay,Shumagin Islands,55.0694,-160.1137,61,NA,112,112,99
NA,2018,July,29,210,Falmouth Bay,Shumagin Islands,55.0684,-160.1125,61,NA,113,113,97
NA,2018,July,29,210,Falmouth Bay,Shumagin Islands,55.0639,-160.1164,61,NA,114,114,96
NA,2018,July,29,210,Falmouth Bay,Shumagin Islands,55.0669,-160.1267,61,NA,113,113,97
NA,2018,July,26,207,Sand Point,Shumagin Islands,55.3204,-160.5207,61,NA,112,112,95
NA,2018,July,26,207,Sand Point,Shumagin Islands,55.3204,-160.5207,61,NA,113,113,94
NA,2018,July,26,207,Sand Point,Shumagin Islands,55.3204,-160.5207,61,NA,111,111,96
NA,2018,July,26,207,Sand Point,Shumagin Islands,55.2535,-160.5241,61,NA,112,112,95
NA,2018,July,26,207,Sand Point,Shumagin Islands,55.2535,-160.5241,61,NA,113,113,94
NA,2018,July,26,207,Sand Point,Shumagin Islands,55.2535,-160.5241,61,NA,111,111,96
NA,2018,July,26,207,Sand Point,Shumagin Islands,55.2535,-160.5241,61,NA,113,113,94
NA,2018,July,26,207,Sand Point,Shumagin Islands,55.2535,-160.5241,61,NA,113,113,94
NA,2018,July,26,207,Sand Point,Shumagin Islands,55.2535,-160.5241,61,NA,112,112,95
NA,2018,July,26,207,Sand Point,Shumagin Islands,55.2535,-160.5241,61,NA,111,111,96
NA,2018,July,26,207,Sand Point,Shumagin Islands,55.2535,-160.5241,61,NA,113,113,94
NA,2020,July,23,205,Baralof Bay,Shumagin Islands,55.2304,-160.5484,61,NA,103,103,102
NA,2020,July,23,205,Baralof Bay,Shumagin Islands,55.2304,-160.5484,61,NA,102,102,103
NA,2020,July,23,205,Baralof Bay,Shumagin Islands,55.2293,-160.5623,61,NA,101,101,104
NA,2020,July,23,205,Baralof Bay,Shumagin Islands,55.2293,-160.5623,61,NA,103,103,102
NA,2020,July,23,205,Baralof Bay,Shumagin Islands,55.2293,-160.5623,61,NA,102,102,103
NA,2020,July,23,205,Baralof Bay,Shumagin Islands,55.2293,-160.5623,61,NA,102,102,103
NA,2020,July,23,205,Baralof Bay,Shumagin Islands,55.2293,-160.5623,61,NA,105,105,100
NA,2020,July,23,205,Baralof Bay,Shumagin Islands,55.2293,-160.5623,61,NA,104,104,101
NA,2020,July,23,205,Baralof Bay,Shumagin Islands,55.2294,-160.5646,61,NA,104,104,101
NA,2020,July,23,205,Baralof Bay,Shumagin Islands,55.2294,-160.5646,61,NA,102,102,103
NA,2020,July,23,205,Baralof Bay,Shumagin Islands,55.2294,-160.5646,61,NA,103,103,102
NA,2020,July,20,202,Sand Point,Shumagin Islands,55.3204,-160.5204,61,NA,102,102,100
NA,2020,July,20,202,Sand Point,Shumagin Islands,55.3204,-160.5204,61,NA,103,103,99
NA,2020,July,20,202,Sand Point,Shumagin Islands,55.3202,-160.5241,61,NA,101,101,101
NA,2022,July,19,200,Kaiugnak Bay,Kaiugnak Bay,57.0607,-153.7889,61,NA,103,103,97
NA,2022,July,19,200,Kaiugnak Bay,Kaiugnak Bay,57.0607,-153.7889,61,NA,102,102,98
NA,2022,July,19,200,Kaiugnak Bay,Kaiugnak Bay,57.0607,-153.7889,61,NA,101,101,99
NA,2022,July,19,200,Kaiugnak Bay,Kaiugnak Bay,57.0607,-153.7889,61,NA,103,103,97
NA,2022,July,19,200,Kaiugnak Bay,Kaiugnak Bay,57.0708,-153.6747,61,NA,102,102,98
NA,2022,July,19,200,Kaiugnak Bay,Kaiugnak Bay,57.0708,-153.6747,61,NA,101,101,99
NA,2022,July,19,200,Kaiugnak Bay,Kaiugnak Bay,57.0708,-153.6747,61,NA,103,103,97
NA,2022,July,19,200,Kaiugnak Bay,Kaiugnak Bay,57.0572,-153.6348,61,NA,104,104,96
NA,2022,July,19,200,Kaiugnak Bay,Kaiugnak Bay,57.0558,-153.6505,61,NA,103,103,97
NA,2022,July,19,200,Kaiugnak Bay,Kaiugnak Bay,57.0558,-153.6505,61,NA,103,103,97
NA,2022,July,19,200,Kaiugnak Bay,Kaiugnak Bay,57.0558,-153.6505,61,NA,101,101,99
NA,2022,July,19,200,Kaiugnak Bay,Kaiugnak Bay,57.0558,-153.6505,61,NA,102,102,98
NA,2022,July,19,200,Kaiugnak Bay,Kaiugnak Bay,57.0536,-153.6529,61,NA,101,101,99
NA,2023,July,19,200,Falmouth Bay,Shumagin Islands,55.0695,-160.114,61,NA,103,103,97
NA,2023,July,19,200,Falmouth Bay,Shumagin Islands,55.0695,-160.114,61,NA,101,101,99
NA,2018,July,16,197,Agripina Bay,Agripina Bay,57.1047,-156.4584,61,NA,112,112,85
NA,2018,July,16,197,Agripina Bay,Agripina Bay,57.1047,-156.4584,61,NA,113,113,84
NA,2018,July,16,197,Agripina Bay,Agripina Bay,57.1094,-156.4599,61,NA,114,114,83
NA,2018,July,16,197,Agripina Bay,Agripina Bay,57.1071,-156.4565,61,NA,115,115,82
NA,2018,July,16,197,Agripina Bay,Agripina Bay,57.1045,-156.4712,61,NA,114,114,83
NA,2022,July,14,195,Falmouth Bay,Shumagin Islands,55.0692,-160.1136,61,NA,102,102,93
NA,2022,July,14,195,Falmouth Bay,Shumagin Islands,55.0669,-160.1266,61,NA,100,100,95
NA,2018,July,9,190,Kaiugnak Bay,Kaiugnak Bay,57.0733,-153.6708,61,NA,112,112,78
NA,2018,July,9,190,Kaiugnak Bay,Kaiugnak Bay,57.0708,-153.6749,61,NA,111,111,79
NA,2020,July,6,188,Agripina Bay,Agripina Bay,57.1092,-156.4602,61,NA,103,103,85
NA,2020,July,6,188,Agripina Bay,Agripina Bay,57.1049,-156.4585,61,NA,103,103,85
NA,2020,July,6,188,Agripina Bay,Agripina Bay,57.1045,-156.4714,61,NA,103,103,85
NA,2020,July,6,188,Agripina Bay,Agripina Bay,57.1045,-156.4714,61,NA,103,103,85
NA,2020,July,6,188,Agripina Bay,Agripina Bay,57.104,-156.4767,61,NA,101,101,87
NA,2020,July,6,188,Agripina Bay,Agripina Bay,57.104,-156.4767,61,NA,102,102,86
NA,2020,July,6,188,Agripina Bay,Agripina Bay,57.104,-156.4767,61,NA,101,101,87
NA,2020,July,6,188,Agripina Bay,Agripina Bay,57.104,-156.4767,61,NA,101,101,87
NA,2020,July,6,188,Agripina Bay,Agripina Bay,57.104,-156.4767,61,NA,101,101,87
NA,2022,July,4,185,Agripina Bay,Agripina Bay,57.1042,-156.4766,61,NA,103,103,82
NA,2020,July,2,184,Cook Bay,Eastern Kodiak,57.7686,-152.2738,61,NA,107,107,77
NA,2020,July,2,184,Cook Bay,Eastern Kodiak,57.7686,-152.2738,61,NA,110,110,74
NA,2020,July,2,184,Cook Bay,Eastern Kodiak,57.7686,-152.2738,61,NA,110,110,74
NA,2020,July,2,184,Cook Bay,Eastern Kodiak,57.7686,-152.2738,61,NA,111,111,73
NA,2020,July,2,184,Cook Bay,Eastern Kodiak,57.7686,-152.2738,61,NA,108,108,76
NA,2020,July,2,184,Cook Bay,Eastern Kodiak,57.7686,-152.2738,61,NA,109,109,75
NA,2020,July,2,184,Cook Bay,Eastern Kodiak,57.7686,-152.2738,61,NA,107,107,77
NA,2020,July,2,184,Cook Bay,Eastern Kodiak,57.7239,-152.259,61,NA,111,111,73
NA,2020,July,2,184,Cook Bay,Eastern Kodiak,57.7239,-152.259,61,NA,111,111,73
NA,2020,July,2,184,Cook Bay,Eastern Kodiak,57.7239,-152.259,61,NA,109,109,75
NA,2020,July,2,184,Cook Bay,Eastern Kodiak,57.7794,-152.2769,61,NA,109,109,75
NA,2020,July,2,184,Cook Bay,Eastern Kodiak,57.7794,-152.2769,61,NA,110,110,74
NA,2020,July,2,184,Cook Bay,Eastern Kodiak,57.7794,-152.2769,61,NA,107,107,77
NA,2020,July,2,184,Cook Bay,Eastern Kodiak,57.7783,-152.2506,61,NA,107,107,77
NA,2020,July,2,184,Cook Bay,Eastern Kodiak,57.7783,-152.2506,61,NA,109,109,75
NA,2020,July,2,184,Cook Bay,Eastern Kodiak,57.7783,-152.2506,61,NA,108,108,76
NA,2018,Aug,15,227,Agripina Bay,Agripina Bay,57.1071,-156.4564,62,NA,116,116,111
NA,2018,Aug,15,227,Agripina Bay,Agripina Bay,57.1071,-156.4564,62,NA,117,117,110
NA,2018,Aug,15,227,Agripina Bay,Agripina Bay,57.1071,-156.4564,62,NA,121,121,106
NA,2018,Aug,15,227,Agripina Bay,Agripina Bay,57.1071,-156.4564,62,NA,121,121,106
NA,2018,Aug,15,227,Agripina Bay,Agripina Bay,57.1071,-156.4564,62,NA,119,119,108
NA,2018,Aug,15,227,Agripina Bay,Agripina Bay,57.1071,-156.4564,62,NA,122,122,105
NA,2018,Aug,15,227,Agripina Bay,Agripina Bay,57.1046,-156.4717,62,NA,118,118,109
NA,2018,Aug,15,227,Agripina Bay,Agripina Bay,57.1041,-156.4766,62,NA,119,119,108
NA,2018,Aug,15,227,Agripina Bay,Agripina Bay,57.1041,-156.4766,62,NA,115,115,112
NA,2018,Aug,15,227,Agripina Bay,Agripina Bay,57.1041,-156.4766,62,NA,121,121,106
NA,2018,Aug,15,227,Agripina Bay,Agripina Bay,57.1041,-156.4766,62,NA,121,121,106
NA,2018,Aug,15,227,Agripina Bay,Agripina Bay,57.1041,-156.4766,62,NA,119,119,108
NA,2018,Aug,15,227,Agripina Bay,Agripina Bay,57.1041,-156.4766,62,NA,121,121,106
NA,2021,Aug,4,216,Kaiugnak Bay,Kaiugnak Bay,57.0535,-153.6533,62,NA,104,104,112
NA,2021,Aug,4,216,Kaiugnak Bay,Kaiugnak Bay,57.0535,-153.6533,62,NA,105,105,111
NA,2021,Aug,4,216,Kaiugnak Bay,Kaiugnak Bay,57.0535,-153.6533,62,NA,102,102,114
NA,2020,Aug,1,214,Kaiugnak Bay,Kaiugnak Bay,57.0573,-153.6351,62,NA,106,106,108
NA,2020,Aug,1,214,Kaiugnak Bay,Kaiugnak Bay,57.0536,-153.6532,62,NA,104,104,110
NA,2020,Aug,1,214,Kaiugnak Bay,Kaiugnak Bay,57.0572,-153.703,62,NA,107,107,107
NA,2020,Aug,1,214,Kaiugnak Bay,Kaiugnak Bay,57.0572,-153.703,62,NA,103,103,111
NA,2020,Aug,1,214,Kaiugnak Bay,Kaiugnak Bay,57.0572,-153.703,62,NA,107,107,107
NA,2020,Aug,1,214,Kaiugnak Bay,Kaiugnak Bay,57.0572,-153.703,62,NA,105,105,109
NA,2020,Aug,1,214,Kaiugnak Bay,Kaiugnak Bay,57.0572,-153.703,62,NA,106,106,108
NA,2020,Aug,1,214,Kaiugnak Bay,Kaiugnak Bay,57.0572,-153.703,62,NA,104,104,110
NA,2018,Aug,1,213,Baralof Bay,Shumagin Islands,55.228,-160.5598,62,NA,115,115,98
NA,2018,Aug,1,213,Baralof Bay,Shumagin Islands,55.228,-160.5598,62,NA,115,115,98
NA,2018,Aug,1,213,Baralof Bay,Shumagin Islands,55.228,-160.5598,62,NA,114,114,99
NA,2018,Aug,1,213,Baralof Bay,Shumagin Islands,55.2293,-160.5518,62,NA,115,115,98
NA,2018,Aug,1,213,Baralof Bay,Shumagin Islands,55.2293,-160.5518,62,NA,114,114,99
NA,2018,Aug,1,213,Baralof Bay,Shumagin Islands,55.2293,-160.5623,62,NA,116,116,97
NA,2018,Aug,1,213,Baralof Bay,Shumagin Islands,55.2294,-160.5646,62,NA,115,115,98
NA,2018,Aug,1,213,Baralof Bay,Shumagin Islands,55.2294,-160.5646,62,NA,115,115,98
NA,2018,Aug,1,213,Baralof Bay,Shumagin Islands,55.2294,-160.5646,62,NA,116,116,97
NA,2018,Aug,1,213,Baralof Bay,Shumagin Islands,55.2307,-160.5694,62,NA,115,115,98
NA,2018,Aug,1,213,Baralof Bay,Shumagin Islands,55.2307,-160.5694,62,NA,114,114,99
NA,2018,July,29,210,Falmouth Bay,Shumagin Islands,55.0684,-160.1125,62,NA,115,115,95
NA,2018,July,29,210,Falmouth Bay,Shumagin Islands,55.0669,-160.1267,62,NA,114,114,96
NA,2018,July,26,207,Sand Point,Shumagin Islands,55.2535,-160.5241,62,NA,112,112,95
NA,2018,July,26,207,Sand Point,Shumagin Islands,55.2535,-160.5241,62,NA,115,115,92
NA,2018,July,26,207,Sand Point,Shumagin Islands,55.2535,-160.5241,62,NA,114,114,93
NA,2020,July,23,205,Baralof Bay,Shumagin Islands,55.2304,-160.5484,62,NA,103,103,102
NA,2020,July,23,205,Baralof Bay,Shumagin Islands,55.2293,-160.5519,62,NA,103,103,102
NA,2020,July,23,205,Baralof Bay,Shumagin Islands,55.2293,-160.5623,62,NA,104,104,101
NA,2020,July,23,205,Baralof Bay,Shumagin Islands,55.2293,-160.5623,62,NA,103,103,102
NA,2020,July,20,202,Sand Point,Shumagin Islands,55.3202,-160.5241,62,NA,105,105,97
NA,2020,July,20,202,Sand Point,Shumagin Islands,55.3202,-160.5241,62,NA,103,103,99
NA,2022,July,19,200,Kaiugnak Bay,Kaiugnak Bay,57.0573,-153.7033,62,NA,104,104,96
NA,2022,July,19,200,Kaiugnak Bay,Kaiugnak Bay,57.0607,-153.7889,62,NA,105,105,95
NA,2022,July,19,200,Kaiugnak Bay,Kaiugnak Bay,57.0708,-153.6747,62,NA,106,106,94
NA,2022,July,19,200,Kaiugnak Bay,Kaiugnak Bay,57.0558,-153.6505,62,NA,105,105,95
NA,2023,July,19,200,Falmouth Bay,Shumagin Islands,55.0695,-160.114,62,NA,102,102,98
NA,2023,July,19,200,Falmouth Bay,Shumagin Islands,55.0689,-160.1297,62,NA,104,104,96
NA,2023,July,19,200,Falmouth Bay,Shumagin Islands,55.0669,-160.1267,62,NA,103,103,97
NA,2018,July,16,197,Agripina Bay,Agripina Bay,57.1047,-156.4584,62,NA,115,115,82
NA,2018,July,16,197,Agripina Bay,Agripina Bay,57.104,-156.4766,62,NA,112,112,85
NA,2020,July,6,188,Agripina Bay,Agripina Bay,57.1092,-156.4602,62,NA,102,102,86
NA,2020,July,6,188,Agripina Bay,Agripina Bay,57.1045,-156.4714,62,NA,104,104,84
NA,2020,July,6,188,Agripina Bay,Agripina Bay,57.104,-156.4767,62,NA,102,102,86
NA,2020,July,6,188,Agripina Bay,Agripina Bay,57.104,-156.4767,62,NA,103,103,85
NA,2020,July,6,188,Agripina Bay,Agripina Bay,57.104,-156.4767,62,NA,104,104,84
NA,2020,July,6,188,Agripina Bay,Agripina Bay,57.104,-156.4767,62,NA,106,106,82
NA,2020,July,2,184,Cook Bay,Eastern Kodiak,57.7686,-152.2738,62,NA,111,111,73
NA,2020,July,2,184,Cook Bay,Eastern Kodiak,57.7686,-152.2738,62,NA,112,112,72
NA,2020,July,2,184,Cook Bay,Eastern Kodiak,57.7686,-152.2738,62,NA,111,111,73
NA,2020,July,2,184,Cook Bay,Eastern Kodiak,57.7686,-152.2738,62,NA,109,109,75
NA,2020,July,2,184,Cook Bay,Eastern Kodiak,57.7239,-152.259,62,NA,108,108,76
NA,2020,July,2,184,Cook Bay,Eastern Kodiak,57.7239,-152.259,62,NA,110,110,74
NA,2020,July,2,184,Cook Bay,Eastern Kodiak,57.7239,-152.259,62,NA,112,112,72
NA,2020,July,2,184,Cook Bay,Eastern Kodiak,57.7794,-152.2769,62,NA,111,111,73
NA,2020,July,2,184,Cook Bay,Eastern Kodiak,57.7794,-152.2769,62,NA,112,112,72
NA,2020,July,2,184,Cook Bay,Eastern Kodiak,57.7794,-152.2769,62,NA,110,110,74
NA,2020,July,2,184,Cook Bay,Eastern Kodiak,57.7794,-152.2769,62,NA,109,109,75
NA,2018,Aug,15,227,Agripina Bay,Agripina Bay,57.1048,-156.4586,63,NA,118,118,109
NA,2018,Aug,15,227,Agripina Bay,Agripina Bay,57.1048,-156.4586,63,NA,120,120,107
NA,2018,Aug,15,227,Agripina Bay,Agripina Bay,57.1048,-156.4586,63,NA,121,121,106
NA,2018,Aug,15,227,Agripina Bay,Agripina Bay,57.1071,-156.4564,63,NA,120,120,107
NA,2018,Aug,15,227,Agripina Bay,Agripina Bay,57.1093,-156.4602,63,NA,122,122,105
NA,2018,Aug,15,227,Agripina Bay,Agripina Bay,57.1041,-156.4766,63,NA,118,118,109
NA,2018,Aug,15,227,Agripina Bay,Agripina Bay,57.1041,-156.4766,63,NA,118,118,109
NA,2018,Aug,15,227,Agripina Bay,Agripina Bay,57.1041,-156.4766,63,NA,123,123,104
NA,2018,Aug,15,227,Agripina Bay,Agripina Bay,57.1041,-156.4766,63,NA,117,117,110
NA,2018,Aug,15,227,Agripina Bay,Agripina Bay,57.1041,-156.4766,63,NA,120,120,107
NA,2018,Aug,15,227,Agripina Bay,Agripina Bay,57.1041,-156.4766,63,NA,122,122,105
NA,2018,Aug,15,227,Agripina Bay,Agripina Bay,57.1041,-156.4766,63,NA,117,117,110
NA,2018,Aug,15,227,Agripina Bay,Agripina Bay,57.1041,-156.4766,63,NA,123,123,104
NA,2019,Aug,7,219,Kaiugnak Bay,Kaiugnak Bay,57.0535,-153.6528,63,NA,108,108,111
NA,2019,Aug,7,219,Kaiugnak Bay,Kaiugnak Bay,57.0535,-153.6528,63,NA,108,108,111
NA,2021,Aug,4,216,Kaiugnak Bay,Kaiugnak Bay,57.056,-153.6502,63,NA,103,103,113
NA,2021,Aug,4,216,Kaiugnak Bay,Kaiugnak Bay,57.0535,-153.6533,63,NA,107,107,109
NA,2021,Aug,4,216,Kaiugnak Bay,Kaiugnak Bay,57.0606,-153.7056,63,NA,105,105,111
NA,2021,Aug,4,216,Kaiugnak Bay,Kaiugnak Bay,57.0606,-153.7056,63,NA,106,106,110
NA,2020,Aug,1,214,Kaiugnak Bay,Kaiugnak Bay,57.0709,-153.6748,63,NA,106,106,108
NA,2020,Aug,1,214,Kaiugnak Bay,Kaiugnak Bay,57.0709,-153.6748,63,NA,105,105,109
NA,2020,Aug,1,214,Kaiugnak Bay,Kaiugnak Bay,57.0536,-153.6532,63,NA,107,107,107
NA,2018,Aug,1,213,Baralof Bay,Shumagin Islands,55.228,-160.5598,63,NA,115,115,98
NA,2018,Aug,1,213,Baralof Bay,Shumagin Islands,55.228,-160.5598,63,NA,115,115,98
NA,2018,Aug,1,213,Baralof Bay,Shumagin Islands,55.2303,-160.5485,63,NA,116,116,97
NA,2018,Aug,1,213,Baralof Bay,Shumagin Islands,55.2293,-160.5518,63,NA,116,116,97
NA,2018,Aug,1,213,Baralof Bay,Shumagin Islands,55.2294,-160.5646,63,NA,117,117,96
NA,2018,Aug,1,213,Baralof Bay,Shumagin Islands,55.2294,-160.5646,63,NA,117,117,96
NA,2018,Aug,1,213,Baralof Bay,Shumagin Islands,55.2294,-160.5646,63,NA,117,117,96
NA,2018,Aug,1,213,Baralof Bay,Shumagin Islands,55.2294,-160.5646,63,NA,116,116,97
NA,2018,Aug,1,213,Baralof Bay,Shumagin Islands,55.2294,-160.5646,63,NA,117,117,96
NA,2018,July,29,210,Falmouth Bay,Shumagin Islands,55.0669,-160.1267,63,NA,115,115,95
NA,2018,July,26,207,Sand Point,Shumagin Islands,55.3204,-160.5207,63,NA,114,114,93
NA,2018,July,26,207,Sand Point,Shumagin Islands,55.3204,-160.5207,63,NA,117,117,90
NA,2018,July,26,207,Sand Point,Shumagin Islands,55.2535,-160.5241,63,NA,115,115,92
NA,2018,July,26,207,Sand Point,Shumagin Islands,55.2535,-160.5241,63,NA,116,116,91
NA,2018,July,26,207,Sand Point,Shumagin Islands,55.2535,-160.5241,63,NA,114,114,93
NA,2020,July,23,205,Baralof Bay,Shumagin Islands,55.2304,-160.5484,63,NA,104,104,101
NA,2020,July,23,205,Baralof Bay,Shumagin Islands,55.2304,-160.5484,63,NA,105,105,100
NA,2020,July,23,205,Baralof Bay,Shumagin Islands,55.2293,-160.5623,63,NA,105,105,100
NA,2023,July,24,205,Sand Point,Shumagin Islands,55.3203,-160.5207,63,NA,105,105,100
NA,2020,July,20,202,Sand Point,Shumagin Islands,55.3204,-160.5204,63,NA,105,105,97
NA,2020,July,20,202,Sand Point,Shumagin Islands,55.3202,-160.5241,63,NA,104,104,98
NA,2020,July,20,202,Sand Point,Shumagin Islands,55.3202,-160.5241,63,NA,106,106,96
NA,2022,July,19,200,Kaiugnak Bay,Kaiugnak Bay,57.0573,-153.7033,63,NA,107,107,93
NA,2022,July,19,200,Kaiugnak Bay,Kaiugnak Bay,57.0607,-153.7889,63,NA,106,106,94
NA,2022,July,19,200,Kaiugnak Bay,Kaiugnak Bay,57.0607,-153.7889,63,NA,107,107,93
NA,2022,July,19,200,Kaiugnak Bay,Kaiugnak Bay,57.0607,-153.7889,63,NA,106,106,94
NA,2022,July,19,200,Kaiugnak Bay,Kaiugnak Bay,57.0708,-153.6747,63,NA,103,103,97
NA,2022,July,19,200,Kaiugnak Bay,Kaiugnak Bay,57.0708,-153.6747,63,NA,104,104,96
NA,2022,July,19,200,Kaiugnak Bay,Kaiugnak Bay,57.0536,-153.6529,63,NA,104,104,96
NA,2022,July,19,200,Sand Point,Shumagin Islands,55.3204,-160.5201,63,NA,104,104,96
NA,2023,July,19,200,Falmouth Bay,Shumagin Islands,55.0689,-160.1297,63,NA,106,106,94
NA,2023,July,19,200,Falmouth Bay,Shumagin Islands,55.0689,-160.1297,63,NA,105,105,95
NA,2023,July,19,200,Falmouth Bay,Shumagin Islands,55.0669,-160.1267,63,NA,104,104,96
NA,2018,July,16,197,Agripina Bay,Agripina Bay,57.1047,-156.4584,63,NA,115,115,82
NA,2018,July,16,197,Agripina Bay,Agripina Bay,57.1094,-156.4599,63,NA,117,117,80
NA,2018,July,9,190,Kaiugnak Bay,Kaiugnak Bay,57.0708,-153.6749,63,NA,111,111,79
NA,2020,July,6,188,Agripina Bay,Agripina Bay,57.1092,-156.4602,63,NA,105,105,83
NA,2020,July,6,188,Agripina Bay,Agripina Bay,57.1045,-156.4714,63,NA,107,107,81
NA,2020,July,6,188,Agripina Bay,Agripina Bay,57.104,-156.4767,63,NA,103,103,85
NA,2020,July,2,184,Cook Bay,Eastern Kodiak,57.7686,-152.2738,63,NA,110,110,74
NA,2020,July,2,184,Cook Bay,Eastern Kodiak,57.7686,-152.2738,63,NA,111,111,73
NA,2020,July,2,184,Cook Bay,Eastern Kodiak,57.7686,-152.2738,63,NA,112,112,72
NA,2020,July,2,184,Cook Bay,Eastern Kodiak,57.7686,-152.2738,63,NA,110,110,74
NA,2020,July,2,184,Cook Bay,Eastern Kodiak,57.7239,-152.259,63,NA,112,112,72
NA,2020,July,2,184,Cook Bay,Eastern Kodiak,57.7239,-152.259,63,NA,112,112,72
NA,2020,July,2,184,Cook Bay,Eastern Kodiak,57.7794,-152.2769,63,NA,112,112,72
NA,2020,July,2,184,Cook Bay,Eastern Kodiak,57.7794,-152.2769,63,NA,111,111,73
NA,2020,July,2,184,Cook Bay,Eastern Kodiak,57.7794,-152.2769,63,NA,111,111,73
NA,2020,July,2,184,Cook Bay,Eastern Kodiak,57.7783,-152.2506,63,NA,110,110,74
NA,2018,Aug,15,227,Agripina Bay,Agripina Bay,57.1048,-156.4586,64,NA,121,121,106
NA,2018,Aug,15,227,Agripina Bay,Agripina Bay,57.1048,-156.4586,64,NA,123,123,104
NA,2018,Aug,15,227,Agripina Bay,Agripina Bay,57.1071,-156.4564,64,NA,120,120,107
NA,2018,Aug,15,227,Agripina Bay,Agripina Bay,57.1071,-156.4564,64,NA,118,118,109
NA,2018,Aug,15,227,Agripina Bay,Agripina Bay,57.1071,-156.4564,64,NA,124,124,103
NA,2018,Aug,15,227,Agripina Bay,Agripina Bay,57.1071,-156.4564,64,NA,119,119,108
NA,2018,Aug,15,227,Agripina Bay,Agripina Bay,57.1071,-156.4564,64,NA,121,121,106
NA,2018,Aug,15,227,Agripina Bay,Agripina Bay,57.1071,-156.4564,64,NA,121,121,106
NA,2018,Aug,15,227,Agripina Bay,Agripina Bay,57.1071,-156.4564,64,NA,123,123,104
NA,2018,Aug,15,227,Agripina Bay,Agripina Bay,57.1071,-156.4564,64,NA,120,120,107
NA,2018,Aug,15,227,Agripina Bay,Agripina Bay,57.1093,-156.4602,64,NA,121,121,106
NA,2018,Aug,15,227,Agripina Bay,Agripina Bay,57.1093,-156.4602,64,NA,121,121,106
NA,2018,Aug,15,227,Agripina Bay,Agripina Bay,57.1041,-156.4766,64,NA,122,122,105
NA,2018,Aug,15,227,Agripina Bay,Agripina Bay,57.1041,-156.4766,64,NA,120,120,107
NA,2018,Aug,15,227,Agripina Bay,Agripina Bay,57.1041,-156.4766,64,NA,119,119,108
NA,2019,Aug,7,219,Kaiugnak Bay,Kaiugnak Bay,57.0571,-153.7032,64,NA,108,108,111
NA,2019,Aug,7,219,Kaiugnak Bay,Kaiugnak Bay,57.0535,-153.6528,64,NA,111,111,108
NA,2019,Aug,7,219,Kaiugnak Bay,Kaiugnak Bay,57.0535,-153.6528,64,NA,110,110,109
NA,2021,Aug,4,216,Kaiugnak Bay,Kaiugnak Bay,57.0535,-153.6533,64,NA,105,105,111
NA,2021,Aug,4,216,Kaiugnak Bay,Kaiugnak Bay,57.0535,-153.6533,64,NA,106,106,110
NA,2020,Aug,1,214,Kaiugnak Bay,Kaiugnak Bay,57.0536,-153.6532,64,NA,108,108,106
NA,2020,Aug,1,214,Kaiugnak Bay,Kaiugnak Bay,57.0536,-153.6532,64,NA,108,108,106
NA,2020,Aug,1,214,Kaiugnak Bay,Kaiugnak Bay,57.056,-153.6603,64,NA,106,106,108
NA,2020,Aug,1,214,Kaiugnak Bay,Kaiugnak Bay,57.0572,-153.703,64,NA,108,108,106
NA,2020,Aug,1,214,Kaiugnak Bay,Kaiugnak Bay,57.0607,-153.7055,64,NA,108,108,106
NA,2018,Aug,1,213,Baralof Bay,Shumagin Islands,55.228,-160.5598,64,NA,119,119,94
NA,2018,Aug,1,213,Baralof Bay,Shumagin Islands,55.2294,-160.5646,64,NA,119,119,94
NA,2018,July,30,211,Falmouth Bay,Shumagin Islands,55.0694,-160.1137,64,NA,115,115,96
NA,2018,July,26,207,Sand Point,Shumagin Islands,55.3204,-160.5207,64,NA,115,115,92
NA,2018,July,26,207,Sand Point,Shumagin Islands,55.3204,-160.5207,64,NA,115,115,92
NA,2018,July,26,207,Sand Point,Shumagin Islands,55.3204,-160.5207,64,NA,115,115,92
NA,2018,July,26,207,Sand Point,Shumagin Islands,55.2535,-160.5241,64,NA,118,118,89
NA,2018,July,26,207,Sand Point,Shumagin Islands,55.2535,-160.5241,64,NA,116,116,91
NA,2018,July,26,207,Sand Point,Shumagin Islands,55.2535,-160.5241,64,NA,117,117,90
NA,2022,July,19,200,Kaiugnak Bay,Kaiugnak Bay,57.0607,-153.7889,64,NA,105,105,95
NA,2022,July,19,200,Kaiugnak Bay,Kaiugnak Bay,57.0607,-153.7889,64,NA,109,109,91
NA,2022,July,19,200,Kaiugnak Bay,Kaiugnak Bay,57.0708,-153.6747,64,NA,108,108,92
NA,2022,July,19,200,Kaiugnak Bay,Kaiugnak Bay,57.0708,-153.6747,64,NA,106,106,94
NA,2022,July,19,200,Kaiugnak Bay,Kaiugnak Bay,57.0558,-153.6505,64,NA,107,107,93
NA,2022,July,19,200,Kaiugnak Bay,Kaiugnak Bay,57.0536,-153.6529,64,NA,108,108,92
NA,2023,July,19,200,Falmouth Bay,Shumagin Islands,55.0689,-160.1297,64,NA,105,105,95
NA,2023,July,19,200,Falmouth Bay,Shumagin Islands,55.0689,-160.1297,64,NA,104,104,96
NA,2023,July,19,200,Falmouth Bay,Shumagin Islands,55.0669,-160.1267,64,NA,107,107,93
NA,2023,July,19,200,Falmouth Bay,Shumagin Islands,55.0669,-160.1267,64,NA,108,108,92
NA,2022,July,14,195,Falmouth Bay,Shumagin Islands,55.0692,-160.1136,64,NA,108,108,87
NA,2018,July,9,190,Kaiugnak Bay,Kaiugnak Bay,57.0708,-153.6749,64,NA,112,112,78
NA,2020,July,6,188,Agripina Bay,Agripina Bay,57.1092,-156.4602,64,NA,105,105,83
NA,2020,July,6,188,Agripina Bay,Agripina Bay,57.1092,-156.4602,64,NA,105,105,83
NA,2020,July,2,184,Cook Bay,Eastern Kodiak,57.7686,-152.2738,64,NA,112,112,72
NA,2020,July,2,184,Cook Bay,Eastern Kodiak,57.7686,-152.2738,64,NA,111,111,73
NA,2020,July,2,184,Cook Bay,Eastern Kodiak,57.7686,-152.2738,64,NA,115,115,69
NA,2020,July,2,184,Cook Bay,Eastern Kodiak,57.7686,-152.2738,64,NA,114,114,70
NA,2020,July,2,184,Cook Bay,Eastern Kodiak,57.7686,-152.2738,64,NA,113,113,71
NA,2020,July,2,184,Cook Bay,Eastern Kodiak,57.7686,-152.2738,64,NA,113,113,71
NA,2020,July,2,184,Cook Bay,Eastern Kodiak,57.7686,-152.2738,64,NA,114,114,70
NA,2020,July,2,184,Cook Bay,Eastern Kodiak,57.7686,-152.2738,64,NA,114,114,70
NA,2020,July,2,184,Cook Bay,Eastern Kodiak,57.7239,-152.259,64,NA,112,112,72
NA,2020,July,2,184,Cook Bay,Eastern Kodiak,57.7794,-152.2769,64,NA,114,114,70
NA,2020,July,2,184,Cook Bay,Eastern Kodiak,57.7794,-152.2769,64,NA,113,113,71
NA,2020,July,2,184,Cook Bay,Eastern Kodiak,57.7794,-152.2769,64,NA,111,111,73
NA,2018,Aug,15,227,Agripina Bay,Agripina Bay,57.1048,-156.4586,65,NA,119,119,108
NA,2018,Aug,15,227,Agripina Bay,Agripina Bay,57.1048,-156.4586,65,NA,124,124,103
NA,2018,Aug,15,227,Agripina Bay,Agripina Bay,57.1071,-156.4564,65,NA,124,124,103
NA,2018,Aug,15,227,Agripina Bay,Agripina Bay,57.1071,-156.4564,65,NA,125,125,102
NA,2018,Aug,15,227,Agripina Bay,Agripina Bay,57.1071,-156.4564,65,NA,124,124,103
NA,2018,Aug,15,227,Agripina Bay,Agripina Bay,57.1071,-156.4564,65,NA,123,123,104
NA,2018,Aug,15,227,Agripina Bay,Agripina Bay,57.1071,-156.4564,65,NA,126,126,101
NA,2018,Aug,15,227,Agripina Bay,Agripina Bay,57.1046,-156.4717,65,NA,120,120,107
NA,2018,Aug,15,227,Agripina Bay,Agripina Bay,57.1041,-156.4766,65,NA,121,121,106
NA,2018,Aug,15,227,Agripina Bay,Agripina Bay,57.1041,-156.4766,65,NA,119,119,108
NA,2018,Aug,15,227,Agripina Bay,Agripina Bay,57.1041,-156.4766,65,NA,122,122,105
NA,2018,Aug,15,227,Agripina Bay,Agripina Bay,57.1041,-156.4766,65,NA,125,125,102
NA,2018,Aug,15,227,Agripina Bay,Agripina Bay,57.1041,-156.4766,65,NA,120,120,107
NA,2018,Aug,15,227,Agripina Bay,Agripina Bay,57.1041,-156.4766,65,NA,121,121,106
NA,2019,Aug,8,220,Kaiugnak Bay,Kaiugnak Bay,57.0559,-153.6502,65,NA,113,113,107
NA,2021,Aug,4,216,Kaiugnak Bay,Kaiugnak Bay,57.0606,-153.7056,65,NA,106,106,110
NA,2021,Aug,4,216,Kaiugnak Bay,Kaiugnak Bay,57.0606,-153.7056,65,NA,109,109,107
NA,2020,Aug,1,214,Kaiugnak Bay,Kaiugnak Bay,57.0709,-153.6748,65,NA,110,110,104
NA,2020,Aug,1,214,Kaiugnak Bay,Kaiugnak Bay,57.0709,-153.6748,65,NA,111,111,103
NA,2020,Aug,1,214,Kaiugnak Bay,Kaiugnak Bay,57.056,-153.6603,65,NA,111,111,103
NA,2020,Aug,1,214,Kaiugnak Bay,Kaiugnak Bay,57.0572,-153.703,65,NA,109,109,105
NA,2020,Aug,1,214,Kaiugnak Bay,Kaiugnak Bay,57.0572,-153.703,65,NA,111,111,103
NA,2020,Aug,1,214,Kaiugnak Bay,Kaiugnak Bay,57.0572,-153.703,65,NA,108,108,106
NA,2018,Aug,1,213,Baralof Bay,Shumagin Islands,55.228,-160.5598,65,NA,117,117,96
NA,2018,Aug,1,213,Baralof Bay,Shumagin Islands,55.2303,-160.5485,65,NA,117,117,96
NA,2018,Aug,1,213,Baralof Bay,Shumagin Islands,55.2303,-160.5485,65,NA,118,118,95
NA,2018,Aug,1,213,Baralof Bay,Shumagin Islands,55.2307,-160.5694,65,NA,118,118,95
NA,2018,Aug,1,213,Baralof Bay,Shumagin Islands,55.2307,-160.5694,65,NA,118,118,95
NA,2018,Aug,1,213,Baralof Bay,Shumagin Islands,55.2307,-160.5694,65,NA,119,119,94
NA,2018,July,29,210,Falmouth Bay,Shumagin Islands,55.0639,-160.1164,65,NA,117,117,93
NA,2018,July,29,210,Falmouth Bay,Shumagin Islands,55.0669,-160.1267,65,NA,118,118,92
NA,2018,July,26,207,Sand Point,Shumagin Islands,55.3204,-160.5207,65,NA,117,117,90
NA,2018,July,26,207,Sand Point,Shumagin Islands,55.3204,-160.5207,65,NA,118,118,89
NA,2018,July,26,207,Sand Point,Shumagin Islands,55.2535,-160.5241,65,NA,117,117,90
NA,2018,July,26,207,Sand Point,Shumagin Islands,55.2535,-160.5241,65,NA,119,119,88
NA,2020,July,23,205,Baralof Bay,Shumagin Islands,55.2293,-160.5519,65,NA,109,109,96
NA,2022,July,19,200,Kaiugnak Bay,Kaiugnak Bay,57.0573,-153.7033,65,NA,107,107,93
NA,2022,July,19,200,Kaiugnak Bay,Kaiugnak Bay,57.0607,-153.7889,65,NA,110,110,90
NA,2022,July,19,200,Kaiugnak Bay,Kaiugnak Bay,57.0607,-153.7889,65,NA,108,108,92
NA,2022,July,19,200,Kaiugnak Bay,Kaiugnak Bay,57.0708,-153.6747,65,NA,108,108,92
NA,2022,July,19,200,Kaiugnak Bay,Kaiugnak Bay,57.0558,-153.6505,65,NA,109,109,91
NA,2022,July,19,200,Kaiugnak Bay,Kaiugnak Bay,57.0558,-153.6505,65,NA,107,107,93
NA,2022,July,19,200,Kaiugnak Bay,Kaiugnak Bay,57.0536,-153.6529,65,NA,108,108,92
NA,2022,July,19,200,Kaiugnak Bay,Kaiugnak Bay,57.0536,-153.6529,65,NA,107,107,93
NA,2022,July,19,200,Kaiugnak Bay,Kaiugnak Bay,57.0536,-153.6529,65,NA,110,110,90
NA,2023,July,19,200,Falmouth Bay,Shumagin Islands,55.0689,-160.1297,65,NA,106,106,94
NA,2018,July,16,197,Agripina Bay,Agripina Bay,57.1071,-156.4565,65,NA,118,118,79
NA,2018,July,16,197,Agripina Bay,Agripina Bay,57.1045,-156.4712,65,NA,117,117,80
NA,2018,July,9,190,Kaiugnak Bay,Kaiugnak Bay,57.0708,-153.6749,65,NA,117,117,73
NA,2020,July,6,188,Agripina Bay,Agripina Bay,57.104,-156.4767,65,NA,107,107,81
NA,2020,July,2,184,Cook Bay,Eastern Kodiak,57.7686,-152.2738,65,NA,115,115,69
NA,2020,July,2,184,Cook Bay,Eastern Kodiak,57.7794,-152.2769,65,NA,113,113,71
NA,2020,July,2,184,Cook Bay,Eastern Kodiak,57.7794,-152.2769,65,NA,116,116,68
NA,2018,Aug,15,227,Agripina Bay,Agripina Bay,57.1048,-156.4586,66,NA,127,127,100
NA,2018,Aug,15,227,Agripina Bay,Agripina Bay,57.1048,-156.4586,66,NA,127,127,100
NA,2018,Aug,15,227,Agripina Bay,Agripina Bay,57.1048,-156.4586,66,NA,123,123,104
NA,2018,Aug,15,227,Agripina Bay,Agripina Bay,57.1048,-156.4586,66,NA,127,127,100
NA,2018,Aug,15,227,Agripina Bay,Agripina Bay,57.1071,-156.4564,66,NA,127,127,100
NA,2018,Aug,15,227,Agripina Bay,Agripina Bay,57.1071,-156.4564,66,NA,123,123,104
NA,2018,Aug,15,227,Agripina Bay,Agripina Bay,57.1071,-156.4564,66,NA,121,121,106
NA,2018,Aug,15,227,Agripina Bay,Agripina Bay,57.1071,-156.4564,66,NA,125,125,102
NA,2018,Aug,15,227,Agripina Bay,Agripina Bay,57.1093,-156.4602,66,NA,121,121,106
NA,2018,Aug,15,227,Agripina Bay,Agripina Bay,57.1093,-156.4602,66,NA,121,121,106
NA,2018,Aug,15,227,Agripina Bay,Agripina Bay,57.1041,-156.4766,66,NA,125,125,102
NA,2018,Aug,15,227,Agripina Bay,Agripina Bay,57.1041,-156.4766,66,NA,123,123,104
NA,2018,Aug,15,227,Agripina Bay,Agripina Bay,57.1041,-156.4766,66,NA,126,126,101
NA,2018,Aug,15,227,Agripina Bay,Agripina Bay,57.1041,-156.4766,66,NA,122,122,105
NA,2019,Aug,7,219,Kaiugnak Bay,Kaiugnak Bay,57.0535,-153.6528,66,NA,112,112,107
NA,2019,Aug,7,219,Kaiugnak Bay,Kaiugnak Bay,57.0535,-153.6528,66,NA,111,111,108
NA,2019,Aug,7,219,Kaiugnak Bay,Kaiugnak Bay,57.0535,-153.6528,66,NA,113,113,106
NA,2019,Aug,7,219,Kaiugnak Bay,Kaiugnak Bay,57.0535,-153.6528,66,NA,113,113,106
NA,2019,Aug,7,219,Kaiugnak Bay,Kaiugnak Bay,57.0535,-153.6528,66,NA,114,114,105
NA,2021,Aug,4,216,Kaiugnak Bay,Kaiugnak Bay,57.0606,-153.7056,66,NA,110,110,106
NA,2020,Aug,1,214,Kaiugnak Bay,Kaiugnak Bay,57.0709,-153.6748,66,NA,109,109,105
NA,2020,Aug,1,214,Kaiugnak Bay,Kaiugnak Bay,57.0536,-153.6532,66,NA,110,110,104
NA,2020,Aug,1,214,Kaiugnak Bay,Kaiugnak Bay,57.0536,-153.6532,66,NA,112,112,102
NA,2020,Aug,1,214,Kaiugnak Bay,Kaiugnak Bay,57.056,-153.6603,66,NA,109,109,105
NA,2020,Aug,1,214,Kaiugnak Bay,Kaiugnak Bay,57.056,-153.6603,66,NA,112,112,102
NA,2020,Aug,1,214,Kaiugnak Bay,Kaiugnak Bay,57.056,-153.6603,66,NA,112,112,102
NA,2020,Aug,1,214,Kaiugnak Bay,Kaiugnak Bay,57.0572,-153.703,66,NA,110,110,104
NA,2020,Aug,1,214,Kaiugnak Bay,Kaiugnak Bay,57.0572,-153.703,66,NA,110,110,104
NA,2020,Aug,1,214,Kaiugnak Bay,Kaiugnak Bay,57.0572,-153.703,66,NA,112,112,102
NA,2020,Aug,1,214,Kaiugnak Bay,Kaiugnak Bay,57.0572,-153.703,66,NA,110,110,104
NA,2020,Aug,1,214,Kaiugnak Bay,Kaiugnak Bay,57.0572,-153.703,66,NA,111,111,103
NA,2020,Aug,1,214,Kaiugnak Bay,Kaiugnak Bay,57.0572,-153.703,66,NA,112,112,102
NA,2018,Aug,1,213,Baralof Bay,Shumagin Islands,55.228,-160.5598,66,NA,121,121,92
NA,2018,Aug,1,213,Baralof Bay,Shumagin Islands,55.2293,-160.5518,66,NA,121,121,92
NA,2018,Aug,1,213,Baralof Bay,Shumagin Islands,55.2293,-160.5623,66,NA,121,121,92
NA,2018,Aug,1,213,Baralof Bay,Shumagin Islands,55.2294,-160.5646,66,NA,121,121,92
NA,2018,Aug,1,213,Baralof Bay,Shumagin Islands,55.2294,-160.5646,66,NA,119,119,94
NA,2018,Aug,1,213,Baralof Bay,Shumagin Islands,55.2307,-160.5694,66,NA,121,121,92
NA,2018,July,30,211,Falmouth Bay,Shumagin Islands,55.0694,-160.1137,66,NA,118,118,93
NA,2018,July,29,210,Falmouth Bay,Shumagin Islands,55.0669,-160.1267,66,NA,121,121,89
NA,2018,July,26,207,Sand Point,Shumagin Islands,55.3204,-160.5207,66,NA,119,119,88
NA,2018,July,26,207,Sand Point,Shumagin Islands,55.3204,-160.5207,66,NA,118,118,89
NA,2018,July,26,207,Sand Point,Shumagin Islands,55.3204,-160.5207,66,NA,117,117,90
NA,2018,July,26,207,Sand Point,Shumagin Islands,55.3204,-160.5207,66,NA,118,118,89
NA,2018,July,26,207,Sand Point,Shumagin Islands,55.3204,-160.5207,66,NA,119,119,88
NA,2018,July,26,207,Sand Point,Shumagin Islands,55.3204,-160.5207,66,NA,120,120,87
NA,2018,July,26,207,Sand Point,Shumagin Islands,55.2535,-160.5241,66,NA,120,120,87
NA,2018,July,26,207,Sand Point,Shumagin Islands,55.2535,-160.5241,66,NA,120,120,87
NA,2018,July,26,207,Sand Point,Shumagin Islands,55.2535,-160.5241,66,NA,119,119,88
NA,2018,July,26,207,Sand Point,Shumagin Islands,55.2535,-160.5241,66,NA,118,118,89
NA,2018,July,26,207,Sand Point,Shumagin Islands,55.2535,-160.5241,66,NA,118,118,89
NA,2018,July,26,207,Sand Point,Shumagin Islands,55.2535,-160.5241,66,NA,119,119,88
NA,2018,July,26,207,Sand Point,Shumagin Islands,55.2535,-160.5241,66,NA,119,119,88
NA,2018,July,26,207,Sand Point,Shumagin Islands,55.2535,-160.5241,66,NA,120,120,87
NA,2020,July,23,205,Baralof Bay,Shumagin Islands,55.2304,-160.5484,66,NA,110,110,95
NA,2022,July,19,200,Kaiugnak Bay,Kaiugnak Bay,57.0573,-153.7033,66,NA,110,110,90
NA,2022,July,19,200,Kaiugnak Bay,Kaiugnak Bay,57.0573,-153.7033,66,NA,111,111,89
NA,2022,July,19,200,Kaiugnak Bay,Kaiugnak Bay,57.0607,-153.7889,66,NA,111,111,89
NA,2022,July,19,200,Kaiugnak Bay,Kaiugnak Bay,57.0607,-153.7889,66,NA,107,107,93
NA,2022,July,19,200,Kaiugnak Bay,Kaiugnak Bay,57.0708,-153.6747,66,NA,111,111,89
NA,2022,July,19,200,Kaiugnak Bay,Kaiugnak Bay,57.0536,-153.6529,66,NA,109,109,91
NA,2022,July,19,200,Sand Point,Shumagin Islands,55.3204,-160.5201,66,NA,110,110,90
NA,2023,July,19,200,Falmouth Bay,Shumagin Islands,55.0695,-160.114,66,NA,109,109,91
NA,2018,July,9,190,Kaiugnak Bay,Kaiugnak Bay,57.057,-153.7047,66,NA,115,115,75
NA,2020,July,6,188,Agripina Bay,Agripina Bay,57.104,-156.4767,66,NA,111,111,77
NA,2020,July,2,184,Cook Bay,Eastern Kodiak,57.7686,-152.2738,66,NA,116,116,68
NA,2020,July,2,184,Cook Bay,Eastern Kodiak,57.7794,-152.2769,66,NA,114,114,70
NA,2020,July,2,184,Cook Bay,Eastern Kodiak,57.7794,-152.2769,66,NA,114,114,70
NA,2018,Aug,15,227,Agripina Bay,Agripina Bay,57.1048,-156.4586,67,NA,123,123,104
NA,2018,Aug,15,227,Agripina Bay,Agripina Bay,57.1048,-156.4586,67,NA,128,128,99
NA,2018,Aug,15,227,Agripina Bay,Agripina Bay,57.1048,-156.4586,67,NA,122,122,105
NA,2018,Aug,15,227,Agripina Bay,Agripina Bay,57.1071,-156.4564,67,NA,127,127,100
NA,2018,Aug,15,227,Agripina Bay,Agripina Bay,57.1071,-156.4564,67,NA,123,123,104
NA,2018,Aug,15,227,Agripina Bay,Agripina Bay,57.1071,-156.4564,67,NA,125,125,102
NA,2018,Aug,15,227,Agripina Bay,Agripina Bay,57.1071,-156.4564,67,NA,124,124,103
NA,2018,Aug,15,227,Agripina Bay,Agripina Bay,57.1093,-156.4602,67,NA,126,126,101
NA,2018,Aug,15,227,Agripina Bay,Agripina Bay,57.1041,-156.4766,67,NA,126,126,101
NA,2018,Aug,15,227,Agripina Bay,Agripina Bay,57.1041,-156.4766,67,NA,128,128,99
NA,2018,Aug,15,227,Agripina Bay,Agripina Bay,57.1041,-156.4766,67,NA,125,125,102
NA,2019,Aug,7,219,Kaiugnak Bay,Kaiugnak Bay,57.0535,-153.6528,67,NA,114,114,105
NA,2021,Aug,4,216,Kaiugnak Bay,Kaiugnak Bay,57.0535,-153.6533,67,NA,111,111,105
NA,2020,Aug,1,214,Kaiugnak Bay,Kaiugnak Bay,57.0709,-153.6748,67,NA,112,112,102
NA,2020,Aug,1,214,Kaiugnak Bay,Kaiugnak Bay,57.0709,-153.6748,67,NA,112,112,102
NA,2020,Aug,1,214,Kaiugnak Bay,Kaiugnak Bay,57.0709,-153.6748,67,NA,113,113,101
NA,2020,Aug,1,214,Kaiugnak Bay,Kaiugnak Bay,57.0709,-153.6748,67,NA,112,112,102
NA,2020,Aug,1,214,Kaiugnak Bay,Kaiugnak Bay,57.0536,-153.6532,67,NA,113,113,101
NA,2020,Aug,1,214,Kaiugnak Bay,Kaiugnak Bay,57.0572,-153.703,67,NA,112,112,102
NA,2020,Aug,1,214,Kaiugnak Bay,Kaiugnak Bay,57.0572,-153.703,67,NA,110,110,104
NA,2020,Aug,1,214,Kaiugnak Bay,Kaiugnak Bay,57.0572,-153.703,67,NA,113,113,101
NA,2018,Aug,1,213,Baralof Bay,Shumagin Islands,55.2293,-160.5623,67,NA,122,122,91
NA,2018,Aug,1,213,Baralof Bay,Shumagin Islands,55.2307,-160.5694,67,NA,121,121,92
NA,2018,Aug,1,213,Baralof Bay,Shumagin Islands,55.2307,-160.5694,67,NA,120,120,93
NA,2018,July,30,211,Falmouth Bay,Shumagin Islands,55.0694,-160.1137,67,NA,120,120,91
NA,2018,July,30,211,Falmouth Bay,Shumagin Islands,55.0694,-160.1137,67,NA,121,121,90
NA,2018,July,26,207,Sand Point,Shumagin Islands,55.3204,-160.5207,67,NA,121,121,86
NA,2018,July,26,207,Sand Point,Shumagin Islands,55.3204,-160.5207,67,NA,122,122,85
NA,2018,July,26,207,Sand Point,Shumagin Islands,55.2535,-160.5241,67,NA,121,121,86
NA,2018,July,26,207,Sand Point,Shumagin Islands,55.2535,-160.5241,67,NA,122,122,85
NA,2022,July,19,200,Kaiugnak Bay,Kaiugnak Bay,57.0607,-153.7889,67,NA,112,112,88
NA,2022,July,19,200,Kaiugnak Bay,Kaiugnak Bay,57.0607,-153.7889,67,NA,111,111,89
NA,2022,July,19,200,Kaiugnak Bay,Kaiugnak Bay,57.0558,-153.6505,67,NA,110,110,90
NA,2023,July,19,200,Falmouth Bay,Shumagin Islands,55.0689,-160.1297,67,NA,108,108,92
NA,2018,July,16,197,Agripina Bay,Agripina Bay,57.1094,-156.4599,67,NA,123,123,74
NA,2022,July,4,185,Agripina Bay,Agripina Bay,57.1048,-156.4585,67,NA,109,109,76
NA,2020,July,2,184,Cook Bay,Eastern Kodiak,57.7783,-152.2506,67,NA,116,116,68
NA,2018,Aug,15,227,Agripina Bay,Agripina Bay,57.1048,-156.4586,68,NA,124,124,103
NA,2018,Aug,15,227,Agripina Bay,Agripina Bay,57.1071,-156.4564,68,NA,125,125,102
NA,2018,Aug,15,227,Agripina Bay,Agripina Bay,57.1093,-156.4602,68,NA,126,126,101
NA,2018,Aug,15,227,Agripina Bay,Agripina Bay,57.1041,-156.4766,68,NA,130,130,97
NA,2019,Aug,7,219,Kaiugnak Bay,Kaiugnak Bay,57.0571,-153.7032,68,NA,117,117,102
NA,2019,Aug,7,219,Kaiugnak Bay,Kaiugnak Bay,57.0535,-153.6528,68,NA,117,117,102
NA,2019,Aug,7,219,Kaiugnak Bay,Kaiugnak Bay,57.0535,-153.6528,68,NA,117,117,102
NA,2019,Aug,7,219,Kaiugnak Bay,Kaiugnak Bay,57.0535,-153.6528,68,NA,116,116,103
NA,2019,Aug,7,219,Kaiugnak Bay,Kaiugnak Bay,57.0535,-153.6528,68,NA,117,117,102
NA,2019,Aug,7,219,Kaiugnak Bay,Kaiugnak Bay,57.0535,-153.6528,68,NA,116,116,103
NA,2021,Aug,4,216,Kaiugnak Bay,Kaiugnak Bay,57.0535,-153.6533,68,NA,110,110,106
NA,2021,Aug,4,216,Kaiugnak Bay,Kaiugnak Bay,57.0606,-153.7056,68,NA,114,114,102
NA,2020,Aug,1,214,Kaiugnak Bay,Kaiugnak Bay,57.0709,-153.6748,68,NA,115,115,99
NA,2020,Aug,1,214,Kaiugnak Bay,Kaiugnak Bay,57.0709,-153.6748,68,NA,114,114,100
NA,2020,Aug,1,214,Kaiugnak Bay,Kaiugnak Bay,57.0536,-153.6532,68,NA,111,111,103
NA,2020,Aug,1,214,Kaiugnak Bay,Kaiugnak Bay,57.0536,-153.6532,68,NA,115,115,99
NA,2020,Aug,1,214,Kaiugnak Bay,Kaiugnak Bay,57.056,-153.6603,68,NA,115,115,99
NA,2020,Aug,1,214,Kaiugnak Bay,Kaiugnak Bay,57.056,-153.6603,68,NA,112,112,102
NA,2020,Aug,1,214,Kaiugnak Bay,Kaiugnak Bay,57.0572,-153.703,68,NA,114,114,100
NA,2020,Aug,1,214,Kaiugnak Bay,Kaiugnak Bay,57.0572,-153.703,68,NA,114,114,100
NA,2020,Aug,1,214,Kaiugnak Bay,Kaiugnak Bay,57.0572,-153.703,68,NA,114,114,100
NA,2020,Aug,1,214,Kaiugnak Bay,Kaiugnak Bay,57.0572,-153.703,68,NA,115,115,99
NA,2020,Aug,1,214,Kaiugnak Bay,Kaiugnak Bay,57.0572,-153.703,68,NA,112,112,102
NA,2020,Aug,1,214,Kaiugnak Bay,Kaiugnak Bay,57.0572,-153.703,68,NA,115,115,99
NA,2020,Aug,1,214,Kaiugnak Bay,Kaiugnak Bay,57.0572,-153.703,68,NA,114,114,100
NA,2020,Aug,1,214,Kaiugnak Bay,Kaiugnak Bay,57.0572,-153.703,68,NA,113,113,101
NA,2020,Aug,1,214,Kaiugnak Bay,Kaiugnak Bay,57.0572,-153.703,68,NA,113,113,101
NA,2018,Aug,1,213,Baralof Bay,Shumagin Islands,55.228,-160.5598,68,NA,124,124,89
NA,2018,Aug,1,213,Baralof Bay,Shumagin Islands,55.2293,-160.5518,68,NA,121,121,92
NA,2018,Aug,1,213,Baralof Bay,Shumagin Islands,55.2293,-160.5623,68,NA,123,123,90
NA,2018,Aug,1,213,Baralof Bay,Shumagin Islands,55.2293,-160.5623,68,NA,124,124,89
NA,2018,Aug,1,213,Baralof Bay,Shumagin Islands,55.2307,-160.5694,68,NA,124,124,89
NA,2018,Aug,1,213,Baralof Bay,Shumagin Islands,55.2307,-160.5694,68,NA,123,123,90
NA,2018,July,30,211,Falmouth Bay,Shumagin Islands,55.0694,-160.1137,68,NA,122,122,89
NA,2018,July,29,210,Falmouth Bay,Shumagin Islands,55.0684,-160.1125,68,NA,123,123,87
NA,2018,July,29,210,Falmouth Bay,Shumagin Islands,55.0669,-160.1267,68,NA,122,122,88
NA,2018,July,29,210,Falmouth Bay,Shumagin Islands,55.0669,-160.1267,68,NA,123,123,87
NA,2018,July,26,207,Sand Point,Shumagin Islands,55.3204,-160.5207,68,NA,122,122,85
NA,2018,July,26,207,Sand Point,Shumagin Islands,55.3204,-160.5207,68,NA,122,122,85
NA,2018,July,26,207,Sand Point,Shumagin Islands,55.3204,-160.5207,68,NA,120,120,87
NA,2018,July,26,207,Sand Point,Shumagin Islands,55.2535,-160.5241,68,NA,121,121,86
NA,2018,July,26,207,Sand Point,Shumagin Islands,55.2535,-160.5241,68,NA,121,121,86
NA,2018,July,26,207,Sand Point,Shumagin Islands,55.2535,-160.5241,68,NA,123,123,84
NA,2018,July,26,207,Sand Point,Shumagin Islands,55.2535,-160.5241,68,NA,123,123,84
NA,2018,July,26,207,Sand Point,Shumagin Islands,55.2535,-160.5241,68,NA,120,120,87
NA,2020,July,23,205,Baralof Bay,Shumagin Islands,55.2293,-160.5519,68,NA,113,113,92
NA,2022,July,19,200,Kaiugnak Bay,Kaiugnak Bay,57.0607,-153.7889,68,NA,110,110,90
NA,2022,July,19,200,Kaiugnak Bay,Kaiugnak Bay,57.0607,-153.7889,68,NA,110,110,90
NA,2022,July,19,200,Kaiugnak Bay,Kaiugnak Bay,57.0558,-153.6505,68,NA,110,110,90
NA,2023,July,19,200,Falmouth Bay,Shumagin Islands,55.0689,-160.1297,68,NA,112,112,88
NA,2023,July,19,200,Falmouth Bay,Shumagin Islands,55.0689,-160.1297,68,NA,109,109,91
NA,2018,July,16,197,Agripina Bay,Agripina Bay,57.1047,-156.4584,68,NA,122,122,75
NA,2018,July,16,197,Agripina Bay,Agripina Bay,57.1071,-156.4565,68,NA,122,122,75
NA,2020,July,6,188,Agripina Bay,Agripina Bay,57.1049,-156.4585,68,NA,114,114,74
NA,2020,July,6,188,Agripina Bay,Agripina Bay,57.1045,-156.4714,68,NA,112,112,76
NA,2020,July,6,188,Agripina Bay,Agripina Bay,57.104,-156.4767,68,NA,114,114,74
NA,2020,July,2,184,Cook Bay,Eastern Kodiak,57.7686,-152.2738,68,NA,117,117,67
NA,2020,July,2,184,Cook Bay,Eastern Kodiak,57.7239,-152.259,68,NA,117,117,67
NA,2020,July,2,184,Cook Bay,Eastern Kodiak,57.7794,-152.2769,68,NA,117,117,67
NA,2018,Aug,15,227,Agripina Bay,Agripina Bay,57.1048,-156.4586,69,NA,130,130,97
NA,2018,Aug,15,227,Agripina Bay,Agripina Bay,57.1048,-156.4586,69,NA,126,126,101
NA,2018,Aug,15,227,Agripina Bay,Agripina Bay,57.1071,-156.4564,69,NA,131,131,96
NA,2018,Aug,15,227,Agripina Bay,Agripina Bay,57.1041,-156.4766,69,NA,127,127,100
NA,2018,Aug,15,227,Agripina Bay,Agripina Bay,57.1041,-156.4766,69,NA,129,129,98
NA,2018,Aug,15,227,Agripina Bay,Agripina Bay,57.1041,-156.4766,69,NA,127,127,100
NA,2019,Aug,7,219,Kaiugnak Bay,Kaiugnak Bay,57.0571,-153.7032,69,NA,115,115,104
NA,2019,Aug,7,219,Kaiugnak Bay,Kaiugnak Bay,57.0535,-153.6528,69,NA,118,118,101
NA,2019,Aug,7,219,Kaiugnak Bay,Kaiugnak Bay,57.0535,-153.6528,69,NA,115,115,104
NA,2019,Aug,7,219,Kaiugnak Bay,Kaiugnak Bay,57.0535,-153.6528,69,NA,115,115,104
NA,2019,Aug,7,219,Kaiugnak Bay,Kaiugnak Bay,57.0535,-153.6528,69,NA,114,114,105
NA,2020,Aug,1,214,Kaiugnak Bay,Kaiugnak Bay,57.0709,-153.6748,69,NA,113,113,101
NA,2020,Aug,1,214,Kaiugnak Bay,Kaiugnak Bay,57.0536,-153.6532,69,NA,115,115,99
NA,2020,Aug,1,214,Kaiugnak Bay,Kaiugnak Bay,57.0536,-153.6532,69,NA,115,115,99
NA,2020,Aug,1,214,Kaiugnak Bay,Kaiugnak Bay,57.056,-153.6603,69,NA,113,113,101
NA,2020,Aug,1,214,Kaiugnak Bay,Kaiugnak Bay,57.0572,-153.703,69,NA,114,114,100
NA,2020,Aug,1,214,Kaiugnak Bay,Kaiugnak Bay,57.0572,-153.703,69,NA,113,113,101
NA,2020,Aug,1,214,Kaiugnak Bay,Kaiugnak Bay,57.0572,-153.703,69,NA,115,115,99
NA,2018,Aug,1,213,Baralof Bay,Shumagin Islands,55.228,-160.5598,69,NA,122,122,91
NA,2018,Aug,1,213,Baralof Bay,Shumagin Islands,55.2293,-160.5518,69,NA,123,123,90
NA,2018,Aug,1,213,Baralof Bay,Shumagin Islands,55.2294,-160.5646,69,NA,126,126,87
NA,2018,July,30,211,Falmouth Bay,Shumagin Islands,55.0694,-160.1137,69,NA,122,122,89
NA,2018,July,30,211,Falmouth Bay,Shumagin Islands,55.0694,-160.1137,69,NA,123,123,88
NA,2018,July,26,207,Sand Point,Shumagin Islands,55.2535,-160.5241,69,NA,125,125,82
NA,2018,July,26,207,Sand Point,Shumagin Islands,55.2535,-160.5241,69,NA,122,122,85
NA,2020,July,23,205,Baralof Bay,Shumagin Islands,55.2293,-160.5519,69,NA,113,113,92
NA,2022,July,19,200,Kaiugnak Bay,Kaiugnak Bay,57.0607,-153.7889,69,NA,113,113,87
NA,2022,July,19,200,Kaiugnak Bay,Kaiugnak Bay,57.0607,-153.7889,69,NA,114,114,86
NA,2022,July,19,200,Kaiugnak Bay,Kaiugnak Bay,57.0708,-153.6747,69,NA,112,112,88
NA,2020,July,2,184,Cook Bay,Eastern Kodiak,57.7794,-152.2769,69,NA,119,119,65
NA,2018,Aug,15,227,Agripina Bay,Agripina Bay,57.1048,-156.4586,70,NA,127,127,100
NA,2018,Aug,15,227,Agripina Bay,Agripina Bay,57.1048,-156.4586,70,NA,127,127,100
NA,2018,Aug,15,227,Agripina Bay,Agripina Bay,57.1071,-156.4564,70,NA,128,128,99
NA,2018,Aug,15,227,Agripina Bay,Agripina Bay,57.1071,-156.4564,70,NA,128,128,99
NA,2018,Aug,15,227,Agripina Bay,Agripina Bay,57.1041,-156.4766,70,NA,126,126,101
NA,2018,Aug,15,227,Agripina Bay,Agripina Bay,57.1041,-156.4766,70,NA,128,128,99
NA,2019,Aug,7,219,Kaiugnak Bay,Kaiugnak Bay,57.0571,-153.7032,70,NA,120,120,99
NA,2019,Aug,7,219,Kaiugnak Bay,Kaiugnak Bay,57.0535,-153.6528,70,NA,120,120,99
NA,2019,Aug,7,219,Kaiugnak Bay,Kaiugnak Bay,57.0535,-153.6528,70,NA,118,118,101
NA,2019,Aug,7,219,Kaiugnak Bay,Kaiugnak Bay,57.0535,-153.6528,70,NA,119,119,100
NA,2020,Aug,1,214,Kaiugnak Bay,Kaiugnak Bay,57.0709,-153.6748,70,NA,114,114,100
NA,2020,Aug,1,214,Kaiugnak Bay,Kaiugnak Bay,57.056,-153.6603,70,NA,115,115,99
NA,2020,Aug,1,214,Kaiugnak Bay,Kaiugnak Bay,57.056,-153.6603,70,NA,115,115,99
NA,2020,Aug,1,214,Kaiugnak Bay,Kaiugnak Bay,57.0572,-153.703,70,NA,114,114,100
NA,2020,Aug,1,214,Kaiugnak Bay,Kaiugnak Bay,57.0572,-153.703,70,NA,117,117,97
NA,2020,Aug,1,214,Kaiugnak Bay,Kaiugnak Bay,57.0572,-153.703,70,NA,117,117,97
NA,2020,Aug,1,214,Kaiugnak Bay,Kaiugnak Bay,57.0572,-153.703,70,NA,117,117,97
NA,2020,Aug,1,214,Kaiugnak Bay,Kaiugnak Bay,57.0572,-153.703,70,NA,118,118,96
NA,2020,Aug,1,214,Kaiugnak Bay,Kaiugnak Bay,57.0572,-153.703,70,NA,118,118,96
NA,2020,Aug,1,214,Kaiugnak Bay,Kaiugnak Bay,57.0572,-153.703,70,NA,114,114,100
NA,2020,Aug,1,214,Kaiugnak Bay,Kaiugnak Bay,57.0572,-153.703,70,NA,116,116,98
NA,2018,Aug,1,213,Baralof Bay,Shumagin Islands,55.228,-160.5598,70,NA,124,124,89
NA,2018,Aug,1,213,Baralof Bay,Shumagin Islands,55.2293,-160.5623,70,NA,127,127,86
NA,2018,Aug,1,213,Baralof Bay,Shumagin Islands,55.2293,-160.5623,70,NA,125,125,88
NA,2018,Aug,1,213,Baralof Bay,Shumagin Islands,55.2294,-160.5646,70,NA,124,124,89
NA,2018,July,29,210,Falmouth Bay,Shumagin Islands,55.0684,-160.1125,70,NA,125,125,85
NA,2018,July,26,207,Sand Point,Shumagin Islands,55.3204,-160.5207,70,NA,124,124,83
NA,2018,July,26,207,Sand Point,Shumagin Islands,55.3204,-160.5207,70,NA,126,126,81
NA,2018,July,26,207,Sand Point,Shumagin Islands,55.2535,-160.5241,70,NA,123,123,84
NA,2018,July,26,207,Sand Point,Shumagin Islands,55.2535,-160.5241,70,NA,123,123,84
NA,2022,July,19,200,Kaiugnak Bay,Kaiugnak Bay,57.0708,-153.6747,70,NA,115,115,85
NA,2022,July,19,200,Kaiugnak Bay,Kaiugnak Bay,57.0708,-153.6747,70,NA,114,114,86
NA,2022,July,19,200,Kaiugnak Bay,Kaiugnak Bay,57.0708,-153.6747,70,NA,113,113,87
NA,2022,July,19,200,Kaiugnak Bay,Kaiugnak Bay,57.0558,-153.6505,70,NA,113,113,87
NA,2022,July,19,200,Kaiugnak Bay,Kaiugnak Bay,57.0558,-153.6505,70,NA,116,116,84
NA,2022,July,19,200,Kaiugnak Bay,Kaiugnak Bay,57.0536,-153.6529,70,NA,116,116,84
NA,2022,July,19,200,Kaiugnak Bay,Kaiugnak Bay,57.0536,-153.6529,70,NA,116,116,84
NA,2022,July,19,200,Kaiugnak Bay,Kaiugnak Bay,57.0536,-153.6529,70,NA,116,116,84
NA,2022,July,19,200,Kaiugnak Bay,Kaiugnak Bay,57.0536,-153.6529,70,NA,113,113,87
NA,2022,July,19,200,Kaiugnak Bay,Kaiugnak Bay,57.0536,-153.6529,70,NA,116,116,84
NA,2022,July,19,200,Kaiugnak Bay,Kaiugnak Bay,57.0536,-153.6529,70,NA,115,115,85
NA,2020,July,2,184,Cook Bay,Eastern Kodiak,57.7794,-152.2769,70,NA,120,120,64
NA,2020,July,2,184,Cook Bay,Eastern Kodiak,57.7794,-152.2769,70,NA,120,120,64
NA,2018,Aug,15,227,Agripina Bay,Agripina Bay,57.1093,-156.4602,71,NA,130,130,97
NA,2018,Aug,15,227,Agripina Bay,Agripina Bay,57.1041,-156.4766,71,NA,131,131,96
NA,2018,Aug,15,227,Agripina Bay,Agripina Bay,57.1041,-156.4766,71,NA,127,127,100
NA,2018,Aug,15,227,Agripina Bay,Agripina Bay,57.1041,-156.4766,71,NA,127,127,100
NA,2018,Aug,15,227,Agripina Bay,Agripina Bay,57.1041,-156.4766,71,NA,130,130,97
NA,2018,Aug,15,227,Agripina Bay,Agripina Bay,57.1041,-156.4766,71,NA,130,130,97
NA,2019,Aug,8,220,Kaiugnak Bay,Kaiugnak Bay,57.0559,-153.6502,71,NA,121,121,99
NA,2019,Aug,7,219,Kaiugnak Bay,Kaiugnak Bay,57.0535,-153.6528,71,NA,119,119,100
NA,2019,Aug,7,219,Kaiugnak Bay,Kaiugnak Bay,57.0535,-153.6528,71,NA,121,121,98
NA,2019,Aug,7,219,Kaiugnak Bay,Kaiugnak Bay,57.0535,-153.6528,71,NA,119,119,100
NA,2019,Aug,7,219,Kaiugnak Bay,Kaiugnak Bay,57.0535,-153.6528,71,NA,119,119,100
NA,2019,Aug,7,219,Kaiugnak Bay,Kaiugnak Bay,57.0535,-153.6528,71,NA,119,119,100
NA,2019,Aug,7,219,Kaiugnak Bay,Kaiugnak Bay,57.0535,-153.6528,71,NA,120,120,99
NA,2020,Aug,1,214,Kaiugnak Bay,Kaiugnak Bay,57.0709,-153.6748,71,NA,116,116,98
NA,2020,Aug,1,214,Kaiugnak Bay,Kaiugnak Bay,57.056,-153.6603,71,NA,116,116,98
NA,2020,Aug,1,214,Kaiugnak Bay,Kaiugnak Bay,57.056,-153.6603,71,NA,117,117,97
NA,2020,Aug,1,214,Kaiugnak Bay,Kaiugnak Bay,57.0572,-153.703,71,NA,116,116,98
NA,2020,Aug,1,214,Kaiugnak Bay,Kaiugnak Bay,57.0572,-153.703,71,NA,118,118,96
NA,2020,Aug,1,214,Kaiugnak Bay,Kaiugnak Bay,57.0572,-153.703,71,NA,117,117,97
NA,2020,Aug,1,214,Kaiugnak Bay,Kaiugnak Bay,57.0572,-153.703,71,NA,119,119,95
NA,2020,Aug,1,214,Kaiugnak Bay,Kaiugnak Bay,57.0607,-153.7055,71,NA,117,117,97
NA,2018,Aug,1,213,Baralof Bay,Shumagin Islands,55.2293,-160.5623,71,NA,128,128,85
NA,2018,Aug,1,213,Baralof Bay,Shumagin Islands,55.2307,-160.5694,71,NA,126,126,87
NA,2018,Aug,1,213,Baralof Bay,Shumagin Islands,55.2307,-160.5694,71,NA,126,126,87
NA,2018,Aug,1,213,Baralof Bay,Shumagin Islands,55.2307,-160.5694,71,NA,128,128,85
NA,2018,July,30,211,Falmouth Bay,Shumagin Islands,55.0694,-160.1137,71,NA,127,127,84
NA,2018,July,30,211,Falmouth Bay,Shumagin Islands,55.0694,-160.1137,71,NA,126,126,85
NA,2018,July,29,210,Falmouth Bay,Shumagin Islands,55.0684,-160.1125,71,NA,124,124,86
NA,2018,July,26,207,Sand Point,Shumagin Islands,55.3204,-160.5207,71,NA,127,127,80
NA,2018,July,26,207,Sand Point,Shumagin Islands,55.2535,-160.5241,71,NA,125,125,82
NA,2022,July,19,200,Kaiugnak Bay,Kaiugnak Bay,57.0607,-153.7889,71,NA,114,114,86
NA,2022,July,19,200,Kaiugnak Bay,Kaiugnak Bay,57.0607,-153.7889,71,NA,115,115,85
NA,2022,July,19,200,Kaiugnak Bay,Kaiugnak Bay,57.0558,-153.6505,71,NA,115,115,85
NA,2022,July,19,200,Kaiugnak Bay,Kaiugnak Bay,57.0536,-153.6529,71,NA,117,117,83
NA,2023,July,19,200,Falmouth Bay,Shumagin Islands,55.0695,-160.114,71,NA,116,116,84
NA,2023,July,19,200,Falmouth Bay,Shumagin Islands,55.0689,-160.1297,71,NA,116,116,84
NA,2018,July,16,197,Agripina Bay,Agripina Bay,57.1047,-156.4584,71,NA,125,125,72
NA,2018,Aug,15,227,Agripina Bay,Agripina Bay,57.1041,-156.4766,72,NA,130,130,97
NA,2018,Aug,15,227,Agripina Bay,Agripina Bay,57.1041,-156.4766,72,NA,135,135,92
NA,2018,Aug,15,227,Agripina Bay,Agripina Bay,57.1041,-156.4766,72,NA,134,134,93
NA,2018,Aug,15,227,Agripina Bay,Agripina Bay,57.1041,-156.4766,72,NA,133,133,94
NA,2019,Aug,7,219,Kaiugnak Bay,Kaiugnak Bay,57.0535,-153.6528,72,NA,118,118,101
NA,2019,Aug,7,219,Kaiugnak Bay,Kaiugnak Bay,57.0535,-153.6528,72,NA,118,118,101
NA,2019,Aug,7,219,Kaiugnak Bay,Kaiugnak Bay,57.0535,-153.6528,72,NA,120,120,99
NA,2019,Aug,7,219,Kaiugnak Bay,Kaiugnak Bay,57.0535,-153.6528,72,NA,122,122,97
NA,2019,Aug,7,219,Kaiugnak Bay,Kaiugnak Bay,57.0535,-153.6528,72,NA,120,120,99
NA,2020,Aug,1,214,Kaiugnak Bay,Kaiugnak Bay,57.0536,-153.6532,72,NA,120,120,94
NA,2020,Aug,1,214,Kaiugnak Bay,Kaiugnak Bay,57.0536,-153.6532,72,NA,117,117,97
NA,2020,Aug,1,214,Kaiugnak Bay,Kaiugnak Bay,57.056,-153.6603,72,NA,118,118,96
NA,2020,Aug,1,214,Kaiugnak Bay,Kaiugnak Bay,57.056,-153.6603,72,NA,119,119,95
NA,2020,Aug,1,214,Kaiugnak Bay,Kaiugnak Bay,57.056,-153.6603,72,NA,119,119,95
NA,2020,Aug,1,214,Kaiugnak Bay,Kaiugnak Bay,57.0572,-153.703,72,NA,119,119,95
NA,2020,Aug,1,214,Kaiugnak Bay,Kaiugnak Bay,57.0572,-153.703,72,NA,120,120,94
NA,2020,Aug,1,214,Kaiugnak Bay,Kaiugnak Bay,57.0572,-153.703,72,NA,118,118,96
NA,2020,Aug,1,214,Kaiugnak Bay,Kaiugnak Bay,57.0572,-153.703,72,NA,121,121,93
NA,2020,Aug,1,214,Kaiugnak Bay,Kaiugnak Bay,57.0607,-153.7055,72,NA,119,119,95
NA,2018,Aug,1,213,Baralof Bay,Shumagin Islands,55.2293,-160.5623,72,NA,129,129,84
NA,2018,Aug,1,213,Baralof Bay,Shumagin Islands,55.2293,-160.5623,72,NA,129,129,84
NA,2018,Aug,1,213,Baralof Bay,Shumagin Islands,55.2293,-160.5623,72,NA,128,128,85
NA,2018,Aug,1,213,Baralof Bay,Shumagin Islands,55.2294,-160.5646,72,NA,129,129,84
NA,2018,Aug,1,213,Baralof Bay,Shumagin Islands,55.2294,-160.5646,72,NA,128,128,85
NA,2018,July,29,210,Falmouth Bay,Shumagin Islands,55.0684,-160.1125,72,NA,127,127,83
NA,2018,July,29,210,Falmouth Bay,Shumagin Islands,55.0669,-160.1267,72,NA,128,128,82
NA,2018,July,26,207,Sand Point,Shumagin Islands,55.3204,-160.5207,72,NA,127,127,80
NA,2018,July,26,207,Sand Point,Shumagin Islands,55.3204,-160.5207,72,NA,127,127,80
NA,2018,July,26,207,Sand Point,Shumagin Islands,55.3523,-160.5274,72,NA,125,125,82
NA,2018,July,26,207,Sand Point,Shumagin Islands,55.3523,-160.5274,72,NA,126,126,81
NA,2022,July,19,200,Kaiugnak Bay,Kaiugnak Bay,57.0573,-153.7033,72,NA,117,117,83
NA,2022,July,19,200,Kaiugnak Bay,Kaiugnak Bay,57.0607,-153.7889,72,NA,115,115,85
NA,2022,July,19,200,Kaiugnak Bay,Kaiugnak Bay,57.0607,-153.7889,72,NA,117,117,83
NA,2022,July,19,200,Kaiugnak Bay,Kaiugnak Bay,57.0708,-153.6747,72,NA,116,116,84
NA,2022,July,19,200,Kaiugnak Bay,Kaiugnak Bay,57.0708,-153.6747,72,NA,118,118,82
NA,2022,July,19,200,Kaiugnak Bay,Kaiugnak Bay,57.0558,-153.6505,72,NA,118,118,82
NA,2022,July,19,200,Kaiugnak Bay,Kaiugnak Bay,57.0536,-153.6529,72,NA,117,117,83
NA,2020,July,2,184,Cook Bay,Eastern Kodiak,57.7794,-152.2769,72,NA,121,121,63
NA,2018,Aug,15,227,Agripina Bay,Agripina Bay,57.1041,-156.4766,73,NA,132,132,95
NA,2018,Aug,15,227,Agripina Bay,Agripina Bay,57.1041,-156.4766,73,NA,134,134,93
NA,2018,Aug,15,227,Agripina Bay,Agripina Bay,57.1041,-156.4766,73,NA,133,133,94
NA,2018,Aug,15,227,Agripina Bay,Agripina Bay,57.1041,-156.4766,73,NA,130,130,97
NA,2018,Aug,15,227,Agripina Bay,Agripina Bay,57.1041,-156.4766,73,NA,131,131,96
NA,2019,Aug,7,219,Kaiugnak Bay,Kaiugnak Bay,57.0571,-153.7032,73,NA,121,121,98
NA,2019,Aug,7,219,Kaiugnak Bay,Kaiugnak Bay,57.0571,-153.7032,73,NA,122,122,97
NA,2020,Aug,1,214,Kaiugnak Bay,Kaiugnak Bay,57.0709,-153.6748,73,NA,121,121,93
NA,2020,Aug,1,214,Kaiugnak Bay,Kaiugnak Bay,57.056,-153.6603,73,NA,120,120,94
NA,2020,Aug,1,214,Kaiugnak Bay,Kaiugnak Bay,57.0572,-153.703,73,NA,122,122,92
NA,2020,Aug,1,214,Kaiugnak Bay,Kaiugnak Bay,57.0572,-153.703,73,NA,119,119,95
NA,2020,Aug,1,214,Kaiugnak Bay,Kaiugnak Bay,57.0572,-153.703,73,NA,118,118,96
NA,2018,Aug,1,213,Baralof Bay,Shumagin Islands,55.228,-160.5598,73,NA,131,131,82
NA,2018,Aug,1,213,Baralof Bay,Shumagin Islands,55.2294,-160.5646,73,NA,130,130,83
NA,2018,Aug,1,213,Baralof Bay,Shumagin Islands,55.2307,-160.5694,73,NA,131,131,82
NA,2018,July,30,211,Falmouth Bay,Shumagin Islands,55.0694,-160.1137,73,NA,128,128,83
NA,2022,July,19,200,Kaiugnak Bay,Kaiugnak Bay,57.0573,-153.7033,73,NA,119,119,81
NA,2022,July,19,200,Kaiugnak Bay,Kaiugnak Bay,57.0558,-153.6505,73,NA,117,117,83
NA,2018,July,9,190,Kaiugnak Bay,Kaiugnak Bay,57.0708,-153.6749,73,NA,126,126,64
NA,2018,July,9,190,Kaiugnak Bay,Kaiugnak Bay,57.057,-153.7047,73,NA,124,124,66
NA,2018,Aug,15,227,Agripina Bay,Agripina Bay,57.1048,-156.4586,74,NA,133,133,94
NA,2018,Aug,15,227,Agripina Bay,Agripina Bay,57.1071,-156.4564,74,NA,137,137,90
NA,2018,Aug,15,227,Agripina Bay,Agripina Bay,57.1071,-156.4564,74,NA,136,136,91
NA,2018,Aug,15,227,Agripina Bay,Agripina Bay,57.1041,-156.4766,74,NA,136,136,91
NA,2019,Aug,7,219,Kaiugnak Bay,Kaiugnak Bay,57.0571,-153.7032,74,NA,125,125,94
NA,2019,Aug,7,219,Kaiugnak Bay,Kaiugnak Bay,57.0571,-153.7032,74,NA,123,123,96
NA,2019,Aug,7,219,Kaiugnak Bay,Kaiugnak Bay,57.0571,-153.7032,74,NA,124,124,95
NA,2019,Aug,7,219,Kaiugnak Bay,Kaiugnak Bay,57.0535,-153.6528,74,NA,124,124,95
NA,2019,Aug,7,219,Kaiugnak Bay,Kaiugnak Bay,57.0535,-153.6528,74,NA,123,123,96
NA,2021,Aug,4,216,Kaiugnak Bay,Kaiugnak Bay,57.0606,-153.7056,74,NA,118,118,98
NA,2020,Aug,1,214,Kaiugnak Bay,Kaiugnak Bay,57.0709,-153.6748,74,NA,123,123,91
NA,2020,Aug,1,214,Kaiugnak Bay,Kaiugnak Bay,57.0573,-153.6351,74,NA,119,119,95
NA,2020,Aug,1,214,Kaiugnak Bay,Kaiugnak Bay,57.0536,-153.6532,74,NA,121,121,93
NA,2020,Aug,1,214,Kaiugnak Bay,Kaiugnak Bay,57.0536,-153.6532,74,NA,121,121,93
NA,2020,Aug,1,214,Kaiugnak Bay,Kaiugnak Bay,57.056,-153.6603,74,NA,119,119,95
NA,2020,Aug,1,214,Kaiugnak Bay,Kaiugnak Bay,57.056,-153.6603,74,NA,123,123,91
NA,2020,Aug,1,214,Kaiugnak Bay,Kaiugnak Bay,57.0572,-153.703,74,NA,120,120,94
NA,2020,Aug,1,214,Kaiugnak Bay,Kaiugnak Bay,57.0572,-153.703,74,NA,122,122,92
NA,2020,Aug,1,214,Kaiugnak Bay,Kaiugnak Bay,57.0607,-153.7055,74,NA,119,119,95
NA,2018,Aug,1,213,Baralof Bay,Shumagin Islands,55.228,-160.5598,74,NA,131,131,82
NA,2018,Aug,1,213,Baralof Bay,Shumagin Islands,55.228,-160.5598,74,NA,130,130,83
NA,2018,Aug,1,213,Baralof Bay,Shumagin Islands,55.2307,-160.5694,74,NA,131,131,82
NA,2018,July,29,210,Falmouth Bay,Shumagin Islands,55.0669,-160.1267,74,NA,129,129,81
NA,2022,July,19,200,Kaiugnak Bay,Kaiugnak Bay,57.0573,-153.7033,74,NA,119,119,81
NA,2022,July,19,200,Kaiugnak Bay,Kaiugnak Bay,57.0573,-153.7033,74,NA,119,119,81
NA,2022,July,19,200,Kaiugnak Bay,Kaiugnak Bay,57.0573,-153.7033,74,NA,120,120,80
NA,2018,July,16,197,Agripina Bay,Agripina Bay,57.1047,-156.4584,74,NA,129,129,68
NA,2018,July,16,197,Agripina Bay,Agripina Bay,57.1047,-156.4584,74,NA,131,131,66
NA,2018,Aug,15,227,Agripina Bay,Agripina Bay,57.1048,-156.4586,75,NA,134,134,93
NA,2018,Aug,15,227,Agripina Bay,Agripina Bay,57.1041,-156.4766,75,NA,137,137,90
NA,2018,Aug,15,227,Agripina Bay,Agripina Bay,57.1041,-156.4766,75,NA,133,133,94
NA,2019,Aug,7,219,Kaiugnak Bay,Kaiugnak Bay,57.0571,-153.7032,75,NA,125,125,94
NA,2019,Aug,7,219,Kaiugnak Bay,Kaiugnak Bay,57.0571,-153.7032,75,NA,122,122,97
NA,2019,Aug,7,219,Kaiugnak Bay,Kaiugnak Bay,57.0535,-153.6528,75,NA,123,123,96
NA,2021,Aug,4,216,Kaiugnak Bay,Kaiugnak Bay,57.0573,-153.6351,75,NA,120,120,96
NA,2020,Aug,1,214,Kaiugnak Bay,Kaiugnak Bay,57.0709,-153.6748,75,NA,122,122,92
NA,2020,Aug,1,214,Kaiugnak Bay,Kaiugnak Bay,57.0709,-153.6748,75,NA,122,122,92
NA,2020,Aug,1,214,Kaiugnak Bay,Kaiugnak Bay,57.0536,-153.6532,75,NA,124,124,90
NA,2020,Aug,1,214,Kaiugnak Bay,Kaiugnak Bay,57.0572,-153.703,75,NA,123,123,91
NA,2020,Aug,1,214,Kaiugnak Bay,Kaiugnak Bay,57.0572,-153.703,75,NA,123,123,91
NA,2020,Aug,1,214,Kaiugnak Bay,Kaiugnak Bay,57.0572,-153.703,75,NA,123,123,91
NA,2020,Aug,1,214,Kaiugnak Bay,Kaiugnak Bay,57.0572,-153.703,75,NA,124,124,90
NA,2020,Aug,1,214,Kaiugnak Bay,Kaiugnak Bay,57.0572,-153.703,75,NA,121,121,93
NA,2020,Aug,1,214,Kaiugnak Bay,Kaiugnak Bay,57.0607,-153.7055,75,NA,124,124,90
NA,2020,Aug,1,214,Kaiugnak Bay,Kaiugnak Bay,57.0607,-153.7055,75,NA,120,120,94
NA,2020,Aug,1,214,Kaiugnak Bay,Kaiugnak Bay,57.0607,-153.7055,75,NA,121,121,93
NA,2020,Aug,1,214,Kaiugnak Bay,Kaiugnak Bay,57.0607,-153.7055,75,NA,124,124,90
NA,2018,Aug,1,213,Baralof Bay,Shumagin Islands,55.228,-160.5598,75,NA,130,130,83
NA,2018,Aug,1,213,Baralof Bay,Shumagin Islands,55.2303,-160.5485,75,NA,133,133,80
NA,2018,Aug,1,213,Baralof Bay,Shumagin Islands,55.2293,-160.5623,75,NA,132,132,81
NA,2018,Aug,1,213,Baralof Bay,Shumagin Islands,55.2294,-160.5646,75,NA,133,133,80
NA,2018,July,26,207,Sand Point,Shumagin Islands,55.3204,-160.5207,75,NA,132,132,75
NA,2018,July,26,207,Sand Point,Shumagin Islands,55.2535,-160.5241,75,NA,129,129,78
NA,2018,July,26,207,Sand Point,Shumagin Islands,55.2535,-160.5241,75,NA,130,130,77
NA,2022,July,19,200,Kaiugnak Bay,Kaiugnak Bay,57.0607,-153.7889,75,NA,122,122,78
NA,2022,July,19,200,Kaiugnak Bay,Kaiugnak Bay,57.0607,-153.7889,75,NA,120,120,80
NA,2022,July,19,200,Kaiugnak Bay,Kaiugnak Bay,57.0708,-153.6747,75,NA,122,122,78
NA,2022,July,19,200,Kaiugnak Bay,Kaiugnak Bay,57.0558,-153.6505,75,NA,119,119,81
NA,2022,July,19,200,Kaiugnak Bay,Kaiugnak Bay,57.0558,-153.6505,75,NA,121,121,79
NA,2022,July,19,200,Kaiugnak Bay,Kaiugnak Bay,57.0558,-153.6505,75,NA,121,121,79
NA,2022,July,19,200,Kaiugnak Bay,Kaiugnak Bay,57.0536,-153.6529,75,NA,119,119,81
NA,2022,July,19,200,Kaiugnak Bay,Kaiugnak Bay,57.0536,-153.6529,75,NA,121,121,79
NA,2018,July,16,197,Agripina Bay,Agripina Bay,57.1047,-156.4584,75,NA,129,129,68
NA,2018,July,16,197,Agripina Bay,Agripina Bay,57.1071,-156.4565,75,NA,130,130,67
NA,2018,Aug,15,227,Agripina Bay,Agripina Bay,57.1048,-156.4586,76,NA,139,139,88
NA,2018,Aug,15,227,Agripina Bay,Agripina Bay,57.1048,-156.4586,76,NA,135,135,92
NA,2018,Aug,15,227,Agripina Bay,Agripina Bay,57.1071,-156.4564,76,NA,137,137,90
NA,2018,Aug,15,227,Agripina Bay,Agripina Bay,57.1071,-156.4564,76,NA,135,135,92
NA,2018,Aug,15,227,Agripina Bay,Agripina Bay,57.1041,-156.4766,76,NA,140,140,87
NA,2018,Aug,15,227,Agripina Bay,Agripina Bay,57.1041,-156.4766,76,NA,137,137,90
NA,2019,Aug,7,219,Kaiugnak Bay,Kaiugnak Bay,57.0535,-153.6528,76,NA,126,126,93
NA,2019,Aug,7,219,Kaiugnak Bay,Kaiugnak Bay,57.0535,-153.6528,76,NA,124,124,95
NA,2019,Aug,7,219,Kaiugnak Bay,Kaiugnak Bay,57.0535,-153.6528,76,NA,125,125,94
NA,2019,Aug,7,219,Kaiugnak Bay,Kaiugnak Bay,57.0535,-153.6528,76,NA,124,124,95
NA,2019,Aug,7,219,Kaiugnak Bay,Kaiugnak Bay,57.0535,-153.6528,76,NA,127,127,92
NA,2019,Aug,7,219,Kaiugnak Bay,Kaiugnak Bay,57.0535,-153.6528,76,NA,126,126,93
NA,2019,Aug,7,219,Kaiugnak Bay,Kaiugnak Bay,57.0535,-153.6528,76,NA,127,127,92
NA,2021,Aug,4,216,Kaiugnak Bay,Kaiugnak Bay,57.0606,-153.7056,76,NA,122,122,94
NA,2020,Aug,1,214,Kaiugnak Bay,Kaiugnak Bay,57.0709,-153.6748,76,NA,125,125,89
NA,2020,Aug,1,214,Kaiugnak Bay,Kaiugnak Bay,57.0709,-153.6748,76,NA,123,123,91
NA,2020,Aug,1,214,Kaiugnak Bay,Kaiugnak Bay,57.0709,-153.6748,76,NA,123,123,91
NA,2020,Aug,1,214,Kaiugnak Bay,Kaiugnak Bay,57.0536,-153.6532,76,NA,125,125,89
NA,2020,Aug,1,214,Kaiugnak Bay,Kaiugnak Bay,57.0572,-153.703,76,NA,126,126,88
NA,2020,Aug,1,214,Kaiugnak Bay,Kaiugnak Bay,57.0572,-153.703,76,NA,123,123,91
NA,2020,Aug,1,214,Kaiugnak Bay,Kaiugnak Bay,57.0572,-153.703,76,NA,124,124,90
NA,2020,Aug,1,214,Kaiugnak Bay,Kaiugnak Bay,57.0607,-153.7055,76,NA,122,122,92
NA,2020,Aug,1,214,Kaiugnak Bay,Kaiugnak Bay,57.0607,-153.7055,76,NA,125,125,89
NA,2018,Aug,1,213,Baralof Bay,Shumagin Islands,55.228,-160.5598,76,NA,132,132,81
NA,2018,Aug,1,213,Baralof Bay,Shumagin Islands,55.2293,-160.5623,76,NA,134,134,79
NA,2018,July,29,210,Falmouth Bay,Shumagin Islands,55.0684,-160.1125,76,NA,134,134,76
NA,2022,July,19,200,Kaiugnak Bay,Kaiugnak Bay,57.0573,-153.7033,76,NA,123,123,77
NA,2022,July,19,200,Kaiugnak Bay,Kaiugnak Bay,57.0607,-153.7889,76,NA,120,120,80
NA,2022,July,19,200,Kaiugnak Bay,Kaiugnak Bay,57.0558,-153.6505,76,NA,120,120,80
NA,2022,July,19,200,Kaiugnak Bay,Kaiugnak Bay,57.0558,-153.6505,76,NA,121,121,79
NA,2022,July,19,200,Kaiugnak Bay,Kaiugnak Bay,57.0536,-153.6529,76,NA,122,122,78
NA,2018,Aug,15,227,Agripina Bay,Agripina Bay,57.1048,-156.4586,77,NA,138,138,89
NA,2018,Aug,15,227,Agripina Bay,Agripina Bay,57.1041,-156.4766,77,NA,138,138,89
NA,2019,Aug,8,220,Kaiugnak Bay,Kaiugnak Bay,57.0559,-153.6502,77,NA,127,127,93
NA,2019,Aug,7,219,Kaiugnak Bay,Kaiugnak Bay,57.0571,-153.7032,77,NA,127,127,92
NA,2019,Aug,7,219,Kaiugnak Bay,Kaiugnak Bay,57.0571,-153.7032,77,NA,126,126,93
NA,2019,Aug,7,219,Kaiugnak Bay,Kaiugnak Bay,57.0535,-153.6528,77,NA,127,127,92
NA,2019,Aug,7,219,Kaiugnak Bay,Kaiugnak Bay,57.0535,-153.6528,77,NA,128,128,91
NA,2020,Aug,1,214,Kaiugnak Bay,Kaiugnak Bay,57.0536,-153.6532,77,NA,127,127,87
NA,2020,Aug,1,214,Kaiugnak Bay,Kaiugnak Bay,57.056,-153.6603,77,NA,125,125,89
NA,2020,Aug,1,214,Kaiugnak Bay,Kaiugnak Bay,57.056,-153.6603,77,NA,127,127,87
NA,2020,Aug,1,214,Kaiugnak Bay,Kaiugnak Bay,57.0572,-153.703,77,NA,123,123,91
NA,2020,Aug,1,214,Kaiugnak Bay,Kaiugnak Bay,57.0572,-153.703,77,NA,126,126,88
NA,2020,Aug,1,214,Kaiugnak Bay,Kaiugnak Bay,57.0607,-153.7055,77,NA,126,126,88
NA,2018,Aug,1,213,Baralof Bay,Shumagin Islands,55.2293,-160.5623,77,NA,136,136,77
NA,2018,Aug,1,213,Baralof Bay,Shumagin Islands,55.2293,-160.5623,77,NA,133,133,80
NA,2018,July,26,207,Sand Point,Shumagin Islands,55.3204,-160.5207,77,NA,132,132,75
NA,2018,July,26,207,Sand Point,Shumagin Islands,55.3204,-160.5207,77,NA,135,135,72
NA,2022,July,19,200,Kaiugnak Bay,Kaiugnak Bay,57.0558,-153.6505,77,NA,124,124,76
NA,2018,Aug,15,227,Agripina Bay,Agripina Bay,57.1048,-156.4586,78,NA,140,140,87
NA,2019,Aug,7,219,Kaiugnak Bay,Kaiugnak Bay,57.0571,-153.7032,78,NA,129,129,90
NA,2019,Aug,7,219,Kaiugnak Bay,Kaiugnak Bay,57.0571,-153.7032,78,NA,126,126,93
NA,2019,Aug,7,219,Kaiugnak Bay,Kaiugnak Bay,57.0535,-153.6528,78,NA,127,127,92
NA,2021,Aug,4,216,Kaiugnak Bay,Kaiugnak Bay,57.0573,-153.6351,78,NA,127,127,89
NA,2021,Aug,4,216,Kaiugnak Bay,Kaiugnak Bay,57.0606,-153.7056,78,NA,124,124,92
NA,2020,Aug,1,214,Kaiugnak Bay,Kaiugnak Bay,57.0573,-153.6351,78,NA,127,127,87
NA,2020,Aug,1,214,Kaiugnak Bay,Kaiugnak Bay,57.0536,-153.6532,78,NA,127,127,87
NA,2020,Aug,1,214,Kaiugnak Bay,Kaiugnak Bay,57.0572,-153.703,78,NA,126,126,88
NA,2020,Aug,1,214,Kaiugnak Bay,Kaiugnak Bay,57.0572,-153.703,78,NA,125,125,89
NA,2018,Aug,1,213,Baralof Bay,Shumagin Islands,55.228,-160.5598,78,NA,134,134,79
NA,2018,Aug,1,213,Baralof Bay,Shumagin Islands,55.2303,-160.5485,78,NA,135,135,78
NA,2018,Aug,1,213,Baralof Bay,Shumagin Islands,55.2293,-160.5623,78,NA,135,135,78
NA,2018,Aug,1,213,Baralof Bay,Shumagin Islands,55.2294,-160.5646,78,NA,134,134,79
NA,2018,Aug,1,213,Baralof Bay,Shumagin Islands,55.2294,-160.5646,78,NA,135,135,78
NA,2018,July,30,211,Falmouth Bay,Shumagin Islands,55.0694,-160.1137,78,NA,136,136,75
NA,2018,July,29,210,Falmouth Bay,Shumagin Islands,55.0669,-160.1267,78,NA,135,135,75
NA,2018,July,26,207,Sand Point,Shumagin Islands,55.2535,-160.5241,78,NA,135,135,72
NA,2018,July,26,207,Sand Point,Shumagin Islands,55.2535,-160.5241,78,NA,134,134,73
NA,2022,July,19,200,Kaiugnak Bay,Kaiugnak Bay,57.0573,-153.7033,78,NA,127,127,73
NA,2022,July,19,200,Kaiugnak Bay,Kaiugnak Bay,57.0558,-153.6505,78,NA,123,123,77
NA,2022,July,19,200,Kaiugnak Bay,Kaiugnak Bay,57.0536,-153.6529,78,NA,126,126,74
NA,2018,Aug,15,227,Agripina Bay,Agripina Bay,57.1048,-156.4586,79,NA,140,140,87
NA,2018,Aug,15,227,Agripina Bay,Agripina Bay,57.1041,-156.4766,79,NA,143,143,84
NA,2019,Aug,7,219,Kaiugnak Bay,Kaiugnak Bay,57.0571,-153.7032,79,NA,128,128,91
NA,2019,Aug,7,219,Kaiugnak Bay,Kaiugnak Bay,57.0535,-153.6528,79,NA,127,127,92
NA,2019,Aug,7,219,Kaiugnak Bay,Kaiugnak Bay,57.0535,-153.6528,79,NA,127,127,92
NA,2020,Aug,1,214,Kaiugnak Bay,Kaiugnak Bay,57.0709,-153.6748,79,NA,126,126,88
NA,2020,Aug,1,214,Kaiugnak Bay,Kaiugnak Bay,57.0536,-153.6532,79,NA,127,127,87
NA,2020,Aug,1,214,Kaiugnak Bay,Kaiugnak Bay,57.0572,-153.703,79,NA,125,125,89
NA,2020,Aug,1,214,Kaiugnak Bay,Kaiugnak Bay,57.0572,-153.703,79,NA,129,129,85
NA,2020,Aug,1,214,Kaiugnak Bay,Kaiugnak Bay,57.0572,-153.703,79,NA,126,126,88
NA,2020,Aug,1,214,Kaiugnak Bay,Kaiugnak Bay,57.0607,-153.7055,79,NA,127,127,87
NA,2018,Aug,1,213,Baralof Bay,Shumagin Islands,55.2294,-160.5646,79,NA,138,138,75
NA,2018,July,29,210,Falmouth Bay,Shumagin Islands,55.0639,-160.1164,79,NA,138,138,72
NA,2018,July,29,210,Falmouth Bay,Shumagin Islands,55.0669,-160.1267,79,NA,136,136,74
NA,2022,July,19,200,Kaiugnak Bay,Kaiugnak Bay,57.0573,-153.7033,79,NA,126,126,74
NA,2022,July,19,200,Kaiugnak Bay,Kaiugnak Bay,57.0607,-153.7889,79,NA,125,125,75
NA,2018,July,16,197,Agripina Bay,Agripina Bay,57.1047,-156.4584,79,NA,138,138,59
NA,2018,Aug,15,227,Agripina Bay,Agripina Bay,57.1041,-156.4766,80,NA,142,142,85
NA,2018,Aug,15,227,Agripina Bay,Agripina Bay,57.1041,-156.4766,80,NA,142,142,85
NA,2019,Aug,7,219,Kaiugnak Bay,Kaiugnak Bay,57.0535,-153.6528,80,NA,130,130,89
NA,2021,Aug,4,216,Kaiugnak Bay,Kaiugnak Bay,57.0535,-153.6533,80,NA,129,129,87
NA,2020,Aug,1,214,Kaiugnak Bay,Kaiugnak Bay,57.0709,-153.6748,80,NA,128,128,86
NA,2020,Aug,1,214,Kaiugnak Bay,Kaiugnak Bay,57.0536,-153.6532,80,NA,129,129,85
NA,2020,Aug,1,214,Kaiugnak Bay,Kaiugnak Bay,57.0536,-153.6532,80,NA,127,127,87
NA,2020,Aug,1,214,Kaiugnak Bay,Kaiugnak Bay,57.0536,-153.6532,80,NA,131,131,83
NA,2020,Aug,1,214,Kaiugnak Bay,Kaiugnak Bay,57.0572,-153.703,80,NA,129,129,85
NA,2020,Aug,1,214,Kaiugnak Bay,Kaiugnak Bay,57.0572,-153.703,80,NA,131,131,83
NA,2020,Aug,1,214,Kaiugnak Bay,Kaiugnak Bay,57.0607,-153.7055,80,NA,129,129,85
NA,2018,Aug,1,213,Baralof Bay,Shumagin Islands,55.2293,-160.5623,80,NA,140,140,73
NA,2018,Aug,1,213,Baralof Bay,Shumagin Islands,55.2293,-160.5623,80,NA,137,137,76
NA,2018,Aug,1,213,Baralof Bay,Shumagin Islands,55.2307,-160.5694,80,NA,139,139,74
NA,2018,Aug,1,213,Baralof Bay,Shumagin Islands,55.2307,-160.5694,80,NA,139,139,74
NA,2018,July,29,210,Falmouth Bay,Shumagin Islands,55.0669,-160.1267,80,NA,137,137,73
NA,2022,July,19,200,Kaiugnak Bay,Kaiugnak Bay,57.0607,-153.7889,80,NA,126,126,74
NA,2022,July,19,200,Kaiugnak Bay,Kaiugnak Bay,57.0607,-153.7889,80,NA,129,129,71
NA,2022,July,19,200,Kaiugnak Bay,Kaiugnak Bay,57.0572,-153.6348,80,NA,125,125,75
NA,2022,July,19,200,Kaiugnak Bay,Kaiugnak Bay,57.0558,-153.6505,80,NA,126,126,74
NA,2019,July,7,188,Agripina Bay,Agripina Bay,57.105,-156.4581,80,NA,126,126,62
NA,2018,Aug,15,227,Agripina Bay,Agripina Bay,57.1048,-156.4586,81,NA,144,144,83
NA,2019,Aug,8,220,Kaiugnak Bay,Kaiugnak Bay,57.0559,-153.6502,81,NA,134,134,86
NA,2019,Aug,7,219,Kaiugnak Bay,Kaiugnak Bay,57.0571,-153.7032,81,NA,131,131,88
NA,2021,Aug,4,216,Kaiugnak Bay,Kaiugnak Bay,57.0535,-153.6533,81,NA,128,128,88
NA,2020,Aug,1,214,Kaiugnak Bay,Kaiugnak Bay,57.0572,-153.703,81,NA,130,130,84
NA,2018,Aug,1,213,Baralof Bay,Shumagin Islands,55.2303,-160.5485,81,NA,138,138,75
NA,2018,Aug,1,213,Baralof Bay,Shumagin Islands,55.2293,-160.5623,81,NA,140,140,73
NA,2018,Aug,1,213,Baralof Bay,Shumagin Islands,55.2294,-160.5646,81,NA,139,139,74
NA,2018,Aug,1,213,Baralof Bay,Shumagin Islands,55.2294,-160.5646,81,NA,140,140,73
NA,2018,Aug,1,213,Baralof Bay,Shumagin Islands,55.2307,-160.5694,81,NA,138,138,75
NA,2018,July,29,210,Falmouth Bay,Shumagin Islands,55.0639,-160.1164,81,NA,140,140,70
NA,2018,July,26,207,Sand Point,Shumagin Islands,55.2535,-160.5241,81,NA,137,137,70
NA,2022,July,19,200,Kaiugnak Bay,Kaiugnak Bay,57.0607,-153.7889,81,NA,128,128,72
NA,2022,July,19,200,Kaiugnak Bay,Kaiugnak Bay,57.0572,-153.6348,81,NA,130,130,70
NA,2022,July,19,200,Kaiugnak Bay,Kaiugnak Bay,57.0572,-153.6348,81,NA,128,128,72
NA,2022,July,19,200,Kaiugnak Bay,Kaiugnak Bay,57.0558,-153.6505,81,NA,127,127,73
NA,2018,Aug,15,227,Agripina Bay,Agripina Bay,57.1048,-156.4586,82,NA,147,147,80
NA,2018,Aug,15,227,Agripina Bay,Agripina Bay,57.1071,-156.4564,82,NA,144,144,83
NA,2018,Aug,15,227,Agripina Bay,Agripina Bay,57.1041,-156.4766,82,NA,142,142,85
NA,2020,Aug,1,214,Kaiugnak Bay,Kaiugnak Bay,57.0536,-153.6532,82,NA,131,131,83
NA,2020,Aug,1,214,Kaiugnak Bay,Kaiugnak Bay,57.0536,-153.6532,82,NA,133,133,81
NA,2020,Aug,1,214,Kaiugnak Bay,Kaiugnak Bay,57.0607,-153.7055,82,NA,132,132,82
NA,2020,Aug,1,214,Kaiugnak Bay,Kaiugnak Bay,57.0607,-153.7055,82,NA,130,130,84
NA,2018,July,26,207,Sand Point,Shumagin Islands,55.3204,-160.5207,82,NA,142,142,65
NA,2022,July,19,200,Kaiugnak Bay,Kaiugnak Bay,57.0607,-153.7889,82,NA,130,130,70
NA,2022,July,19,200,Kaiugnak Bay,Kaiugnak Bay,57.0558,-153.6505,82,NA,130,130,70
NA,2020,Aug,1,214,Kaiugnak Bay,Kaiugnak Bay,57.0572,-153.703,83,NA,131,131,83
NA,2020,Aug,1,214,Kaiugnak Bay,Kaiugnak Bay,57.0572,-153.703,83,NA,134,134,80
NA,2020,Aug,1,214,Kaiugnak Bay,Kaiugnak Bay,57.0607,-153.7055,83,NA,134,134,80
NA,2018,Aug,1,213,Baralof Bay,Shumagin Islands,55.2293,-160.5518,83,NA,140,140,73
NA,2018,July,30,211,Falmouth Bay,Shumagin Islands,55.0694,-160.1137,83,NA,142,142,69
NA,2018,Aug,15,227,Agripina Bay,Agripina Bay,57.1041,-156.4766,84,NA,149,149,78
NA,2019,Aug,7,219,Kaiugnak Bay,Kaiugnak Bay,57.0535,-153.6528,84,NA,137,137,82
NA,2019,Aug,7,219,Kaiugnak Bay,Kaiugnak Bay,57.0535,-153.6528,84,NA,134,134,85
NA,2019,Aug,7,219,Kaiugnak Bay,Kaiugnak Bay,57.0535,-153.6528,84,NA,134,134,85
NA,2020,Aug,1,214,Kaiugnak Bay,Kaiugnak Bay,57.0573,-153.6351,84,NA,136,136,78
NA,2020,Aug,1,214,Kaiugnak Bay,Kaiugnak Bay,57.0572,-153.703,84,NA,135,135,79
NA,2020,Aug,1,214,Kaiugnak Bay,Kaiugnak Bay,57.0607,-153.7055,84,NA,133,133,81
NA,2022,July,19,200,Kaiugnak Bay,Kaiugnak Bay,57.0708,-153.6747,84,NA,133,133,67
NA,2022,July,19,200,Kaiugnak Bay,Kaiugnak Bay,57.0558,-153.6505,84,NA,134,134,66
NA,2019,Aug,7,219,Kaiugnak Bay,Kaiugnak Bay,57.0571,-153.7032,85,NA,136,136,83
NA,2021,Aug,4,216,Kaiugnak Bay,Kaiugnak Bay,57.0535,-153.6533,85,NA,135,135,81
NA,2021,Aug,4,216,Kaiugnak Bay,Kaiugnak Bay,57.0535,-153.6533,85,NA,133,133,83
NA,2020,Aug,1,214,Kaiugnak Bay,Kaiugnak Bay,57.056,-153.6603,85,NA,134,134,80
NA,2020,Aug,1,214,Kaiugnak Bay,Kaiugnak Bay,57.056,-153.6603,85,NA,134,134,80
NA,2018,July,29,210,Falmouth Bay,Shumagin Islands,55.0639,-160.1164,85,NA,144,144,66
NA,2022,July,19,200,Kaiugnak Bay,Kaiugnak Bay,57.0572,-153.6348,85,NA,137,137,63
NA,2022,July,19,200,Kaiugnak Bay,Kaiugnak Bay,57.0558,-153.6505,85,NA,135,135,65
NA,2020,Aug,1,214,Kaiugnak Bay,Kaiugnak Bay,57.0572,-153.703,86,NA,138,138,76
NA,2020,Aug,1,214,Kaiugnak Bay,Kaiugnak Bay,57.0607,-153.7055,86,NA,139,139,75
NA,2018,Aug,1,213,Baralof Bay,Shumagin Islands,55.2293,-160.5623,86,NA,148,148,65
NA,2018,July,29,210,Falmouth Bay,Shumagin Islands,55.0684,-160.1125,86,NA,145,145,65
NA,2022,July,19,200,Kaiugnak Bay,Kaiugnak Bay,57.0558,-153.6505,86,NA,137,137,63
NA,2020,Aug,1,214,Kaiugnak Bay,Kaiugnak Bay,57.0709,-153.6748,87,NA,136,136,78
NA,2020,Aug,1,214,Kaiugnak Bay,Kaiugnak Bay,57.0573,-153.6351,87,NA,138,138,76
NA,2022,July,19,200,Kaiugnak Bay,Kaiugnak Bay,57.0573,-153.7033,87,NA,136,136,64
NA,2022,July,19,200,Kaiugnak Bay,Kaiugnak Bay,57.0708,-153.6747,87,NA,136,136,64
NA,2019,Aug,7,219,Kaiugnak Bay,Kaiugnak Bay,57.0535,-153.6528,88,NA,144,144,75
NA,2020,Aug,1,214,Kaiugnak Bay,Kaiugnak Bay,57.056,-153.6603,88,NA,138,138,76
NA,2020,Aug,1,214,Kaiugnak Bay,Kaiugnak Bay,57.0572,-153.703,88,NA,138,138,76
NA,2020,Aug,1,214,Kaiugnak Bay,Kaiugnak Bay,57.0572,-153.703,88,NA,138,138,76
NA,2018,July,30,211,Falmouth Bay,Shumagin Islands,55.0694,-160.1137,88,NA,147,147,64
NA,2022,July,19,200,Kaiugnak Bay,Kaiugnak Bay,57.0558,-153.6505,88,NA,139,139,61
NA,2020,Aug,1,214,Kaiugnak Bay,Kaiugnak Bay,57.056,-153.6603,89,NA,139,139,75
NA,2020,Aug,1,214,Kaiugnak Bay,Kaiugnak Bay,57.0572,-153.703,89,NA,140,140,74
NA,2018,July,26,207,Sand Point,Shumagin Islands,55.3204,-160.5207,89,NA,151,151,56
NA,2020,Aug,1,214,Kaiugnak Bay,Kaiugnak Bay,57.056,-153.6603,90,NA,140,140,74
NA,2022,July,19,200,Kaiugnak Bay,Kaiugnak Bay,57.0558,-153.6505,90,NA,143,143,57
NA,2022,July,19,200,Kaiugnak Bay,Kaiugnak Bay,57.0558,-153.6505,90,NA,140,140,60
NA,2018,Aug,1,213,Baralof Bay,Shumagin Islands,55.2303,-160.5485,91,NA,151,151,62
NA,2022,July,19,200,Kaiugnak Bay,Kaiugnak Bay,57.0708,-153.6747,91,NA,140,140,60
NA,2022,July,19,200,Kaiugnak Bay,Kaiugnak Bay,57.0558,-153.6505,91,NA,145,145,55
NA,2019,Aug,8,220,Kaiugnak Bay,Kaiugnak Bay,57.0559,-153.6502,92,NA,148,148,72
NA,2018,July,30,211,Falmouth Bay,Shumagin Islands,55.0694,-160.1137,92,NA,152,152,59
NA,2020,Aug,1,214,Kaiugnak Bay,Kaiugnak Bay,57.0607,-153.7055,93,NA,143,143,71
NA,2018,Aug,1,213,Baralof Bay,Shumagin Islands,55.2307,-160.5694,93,NA,155,155,58
NA,2018,July,30,211,Falmouth Bay,Shumagin Islands,55.0691,-160.1299,93,NA,156,156,55
NA,2022,July,19,200,Kaiugnak Bay,Kaiugnak Bay,57.0573,-153.7033,93,NA,147,147,53
NA,2018,July,30,211,Falmouth Bay,Shumagin Islands,55.0694,-160.1137,94,NA,157,157,54
NA,2022,July,19,200,Kaiugnak Bay,Kaiugnak Bay,57.0607,-153.7889,94,NA,144,144,56
NA,2020,Aug,1,214,Kaiugnak Bay,Kaiugnak Bay,57.056,-153.6603,95,NA,147,147,67
NA,2023,July,15,196,Anton Larsen Bay,Eastern Kodiak,57.87825,-152.64772,87,NA,142,142,54
NA,2018,July,15,196,Anton Larsen Bay,Eastern Kodiak,57.87825,-152.64772,86,NA,154,154,42
NA,2023,July,17,198,Anton Larsen Bay,Eastern Kodiak,57.87825,-152.64772,85,NA,141,141,57
NA,2023,July,17,198,Anton Larsen Bay,Eastern Kodiak,57.87825,-152.64772,82,NA,136,136,62
NA,2023,July,17,198,Anton Larsen Bay,Eastern Kodiak,57.87825,-152.64772,80,NA,134,134,64
NA,2023,July,17,198,Anton Larsen Bay,Eastern Kodiak,57.87825,-152.64772,80,NA,138,138,60
NA,2018,July,15,196,Anton Larsen Bay,Eastern Kodiak,57.87825,-152.64772,78,NA,141,141,55
NA,2023,July,15,196,Anton Larsen Bay,Eastern Kodiak,57.87825,-152.64772,78,NA,134,134,62
NA,2023,July,15,196,Anton Larsen Bay,Eastern Kodiak,57.87825,-152.64772,77,NA,134,134,62
NA,2023,July,17,198,Anton Larsen Bay,Eastern Kodiak,57.87825,-152.64772,77,NA,130,130,68
NA,2023,July,17,198,Anton Larsen Bay,Eastern Kodiak,57.87825,-152.64772,77,NA,134,134,64
NA,2023,July,17,198,Anton Larsen Bay,Eastern Kodiak,57.87825,-152.64772,74,NA,128,128,70
NA,2018,July,15,196,Anton Larsen Bay,Eastern Kodiak,57.87825,-152.64772,68,NA,128,128,68
NA,2018,July,15,196,Anton Larsen Bay,Eastern Kodiak,57.87825,-152.64772,64,NA,124,124,72
NA,2018,July,15,196,Anton Larsen Bay,Eastern Kodiak,57.87825,-152.64772,59,NA,118,118,78
NA,2022,July,15,196,Cook Bay,Eastern Kodiak,57.77713,-152.25227,62,NA,114,114,82
NA,2021,July,10,191,Anton Larsen Bay,Eastern Kodiak,57.882,-152.62572,84,NA,137,137,54
NA,2022,July,13,194,Anton Larsen Bay,Eastern Kodiak,57.882,-152.62572,83,NA,138,138,56
NA,2021,July,10,191,Anton Larsen Bay,Eastern Kodiak,57.882,-152.62572,81,NA,134,134,57
NA,2022,July,13,194,Anton Larsen Bay,Eastern Kodiak,57.882,-152.62572,78,NA,132,132,62
NA,2022,July,13,194,Anton Larsen Bay,Eastern Kodiak,57.882,-152.62572,78,NA,133,133,61
NA,2022,July,13,194,Anton Larsen Bay,Eastern Kodiak,57.882,-152.62572,78,NA,132,132,62
NA,2022,July,13,194,Anton Larsen Bay,Eastern Kodiak,57.882,-152.62572,77,NA,131,131,63
NA,2022,July,13,194,Anton Larsen Bay,Eastern Kodiak,57.882,-152.62572,77,NA,131,131,63
NA,2022,July,13,194,Anton Larsen Bay,Eastern Kodiak,57.882,-152.62572,77,NA,132,132,62
NA,2022,July,13,194,Anton Larsen Bay,Eastern Kodiak,57.882,-152.62572,76,NA,129,129,65
NA,2022,July,13,194,Anton Larsen Bay,Eastern Kodiak,57.882,-152.62572,76,NA,130,130,64
NA,2022,July,13,194,Anton Larsen Bay,Eastern Kodiak,57.882,-152.62572,76,NA,128,128,66
NA,2022,July,13,194,Anton Larsen Bay,Eastern Kodiak,57.882,-152.62572,76,NA,130,130,64
NA,2022,July,13,194,Anton Larsen Bay,Eastern Kodiak,57.882,-152.62572,76,NA,129,129,65
NA,2023,July,15,196,Anton Larsen Bay,Eastern Kodiak,57.882,-152.62572,76,NA,130,130,66
NA,2022,July,13,194,Anton Larsen Bay,Eastern Kodiak,57.882,-152.62572,75,NA,130,130,64
NA,2022,July,13,194,Anton Larsen Bay,Eastern Kodiak,57.882,-152.62572,75,NA,129,129,65
NA,2022,July,13,194,Anton Larsen Bay,Eastern Kodiak,57.882,-152.62572,75,NA,129,129,65
NA,2022,July,13,194,Anton Larsen Bay,Eastern Kodiak,57.882,-152.62572,75,NA,129,129,65
NA,2022,July,13,194,Anton Larsen Bay,Eastern Kodiak,57.882,-152.62572,75,NA,129,129,65
NA,2022,July,13,194,Anton Larsen Bay,Eastern Kodiak,57.882,-152.62572,74,NA,128,128,66
NA,2022,July,13,194,Anton Larsen Bay,Eastern Kodiak,57.882,-152.62572,74,NA,126,126,68
NA,2022,July,13,194,Anton Larsen Bay,Eastern Kodiak,57.882,-152.62572,74,NA,128,128,66
NA,2022,July,13,194,Anton Larsen Bay,Eastern Kodiak,57.882,-152.62572,74,NA,127,127,67
NA,2022,July,13,194,Anton Larsen Bay,Eastern Kodiak,57.882,-152.62572,74,NA,127,127,67
NA,2022,July,13,194,Anton Larsen Bay,Eastern Kodiak,57.882,-152.62572,74,NA,127,127,67
NA,2022,July,13,194,Anton Larsen Bay,Eastern Kodiak,57.882,-152.62572,73,NA,125,125,69
NA,2022,July,13,194,Anton Larsen Bay,Eastern Kodiak,57.882,-152.62572,73,NA,126,126,68
NA,2022,July,13,194,Anton Larsen Bay,Eastern Kodiak,57.882,-152.62572,73,NA,128,128,66
NA,2022,July,13,194,Anton Larsen Bay,Eastern Kodiak,57.882,-152.62572,73,NA,128,128,66
NA,2022,July,13,194,Anton Larsen Bay,Eastern Kodiak,57.882,-152.62572,72,NA,127,127,67
NA,2022,July,13,194,Anton Larsen Bay,Eastern Kodiak,57.882,-152.62572,72,NA,124,124,70
NA,2022,July,13,194,Anton Larsen Bay,Eastern Kodiak,57.882,-152.62572,72,NA,123,123,71
NA,2022,July,13,194,Anton Larsen Bay,Eastern Kodiak,57.882,-152.62572,72,NA,124,124,70
NA,2022,July,13,194,Anton Larsen Bay,Eastern Kodiak,57.882,-152.62572,72,NA,127,127,67
NA,2022,July,13,194,Anton Larsen Bay,Eastern Kodiak,57.882,-152.62572,72,NA,125,125,69
NA,2022,July,13,194,Anton Larsen Bay,Eastern Kodiak,57.882,-152.62572,72,NA,127,127,67
NA,2022,July,13,194,Anton Larsen Bay,Eastern Kodiak,57.882,-152.62572,71,NA,125,125,69
NA,2022,July,13,194,Anton Larsen Bay,Eastern Kodiak,57.882,-152.62572,71,NA,123,123,71
NA,2022,July,13,194,Anton Larsen Bay,Eastern Kodiak,57.882,-152.62572,71,NA,122,122,72
NA,2022,July,13,194,Anton Larsen Bay,Eastern Kodiak,57.882,-152.62572,71,NA,123,123,71
NA,2022,July,13,194,Anton Larsen Bay,Eastern Kodiak,57.882,-152.62572,71,NA,124,124,70
NA,2022,July,13,194,Anton Larsen Bay,Eastern Kodiak,57.882,-152.62572,70,NA,120,120,74
NA,2022,July,13,194,Anton Larsen Bay,Eastern Kodiak,57.882,-152.62572,70,NA,124,124,70
NA,2022,July,13,194,Anton Larsen Bay,Eastern Kodiak,57.882,-152.62572,70,NA,121,121,73
NA,2022,July,13,194,Anton Larsen Bay,Eastern Kodiak,57.882,-152.62572,70,NA,121,121,73
NA,2022,July,13,194,Anton Larsen Bay,Eastern Kodiak,57.882,-152.62572,70,NA,125,125,69
NA,2022,July,13,194,Anton Larsen Bay,Eastern Kodiak,57.882,-152.62572,70,NA,121,121,73
NA,2022,July,13,194,Anton Larsen Bay,Eastern Kodiak,57.882,-152.62572,70,NA,123,123,71
NA,2022,July,13,194,Anton Larsen Bay,Eastern Kodiak,57.882,-152.62572,70,NA,122,122,72
NA,2021,July,9,190,Anton Larsen Bay,Eastern Kodiak,57.882,-152.62572,69,NA,119,119,71
NA,2022,July,13,194,Anton Larsen Bay,Eastern Kodiak,57.882,-152.62572,69,NA,122,122,72
NA,2022,July,13,194,Anton Larsen Bay,Eastern Kodiak,57.882,-152.62572,69,NA,121,121,73
NA,2022,July,13,194,Anton Larsen Bay,Eastern Kodiak,57.882,-152.62572,69,NA,123,123,71
NA,2022,July,13,194,Anton Larsen Bay,Eastern Kodiak,57.882,-152.62572,69,NA,123,123,71
NA,2022,July,13,194,Anton Larsen Bay,Eastern Kodiak,57.882,-152.62572,69,NA,123,123,71
NA,2022,July,13,194,Anton Larsen Bay,Eastern Kodiak,57.882,-152.62572,69,NA,121,121,73
NA,2022,July,13,194,Anton Larsen Bay,Eastern Kodiak,57.882,-152.62572,69,NA,121,121,73
NA,2022,July,13,194,Anton Larsen Bay,Eastern Kodiak,57.882,-152.62572,69,NA,123,123,71
NA,2022,July,13,194,Anton Larsen Bay,Eastern Kodiak,57.882,-152.62572,68,NA,120,120,74
NA,2022,July,13,194,Anton Larsen Bay,Eastern Kodiak,57.882,-152.62572,68,NA,119,119,75
NA,2022,July,13,194,Anton Larsen Bay,Eastern Kodiak,57.882,-152.62572,68,NA,118,118,76
NA,2022,July,13,194,Anton Larsen Bay,Eastern Kodiak,57.882,-152.62572,68,NA,121,121,73
NA,2022,July,13,194,Anton Larsen Bay,Eastern Kodiak,57.882,-152.62572,68,NA,118,118,76
NA,2022,July,13,194,Anton Larsen Bay,Eastern Kodiak,57.882,-152.62572,68,NA,120,120,74
NA,2022,July,13,194,Anton Larsen Bay,Eastern Kodiak,57.882,-152.62572,68,NA,122,122,72
NA,2022,July,13,194,Anton Larsen Bay,Eastern Kodiak,57.882,-152.62572,68,NA,121,121,73
NA,2022,July,13,194,Anton Larsen Bay,Eastern Kodiak,57.882,-152.62572,68,NA,119,119,75
NA,2022,July,13,194,Anton Larsen Bay,Eastern Kodiak,57.882,-152.62572,68,NA,121,121,73
NA,2022,July,13,194,Anton Larsen Bay,Eastern Kodiak,57.882,-152.62572,68,NA,120,120,74
NA,2018,July,15,196,Anton Larsen Bay,Eastern Kodiak,57.882,-152.62572,67,NA,129,129,67
NA,2022,July,13,194,Anton Larsen Bay,Eastern Kodiak,57.882,-152.62572,67,NA,117,117,77
NA,2022,July,13,194,Anton Larsen Bay,Eastern Kodiak,57.882,-152.62572,67,NA,118,118,76
NA,2022,July,13,194,Anton Larsen Bay,Eastern Kodiak,57.882,-152.62572,67,NA,117,117,77
NA,2018,July,15,196,Anton Larsen Bay,Eastern Kodiak,57.882,-152.62572,66,NA,127,127,69
NA,2022,July,13,194,Anton Larsen Bay,Eastern Kodiak,57.882,-152.62572,66,NA,119,119,75
NA,2022,July,13,194,Anton Larsen Bay,Eastern Kodiak,57.882,-152.62572,66,NA,116,116,78
NA,2022,July,13,194,Anton Larsen Bay,Eastern Kodiak,57.882,-152.62572,66,NA,116,116,78
NA,2022,July,13,194,Anton Larsen Bay,Eastern Kodiak,57.882,-152.62572,66,NA,116,116,78
NA,2022,July,13,194,Anton Larsen Bay,Eastern Kodiak,57.882,-152.62572,66,NA,119,119,75
NA,2022,July,13,194,Anton Larsen Bay,Eastern Kodiak,57.882,-152.62572,66,NA,116,116,78
NA,2022,July,13,194,Anton Larsen Bay,Eastern Kodiak,57.882,-152.62572,66,NA,118,118,76
NA,2019,July,13,194,Anton Larsen Bay,Eastern Kodiak,57.882,-152.62572,65,NA,115,115,79
NA,2022,July,13,194,Anton Larsen Bay,Eastern Kodiak,57.882,-152.62572,65,NA,116,116,78
NA,2022,July,13,194,Anton Larsen Bay,Eastern Kodiak,57.882,-152.62572,65,NA,117,117,77
NA,2022,July,13,194,Anton Larsen Bay,Eastern Kodiak,57.882,-152.62572,65,NA,115,115,79
NA,2022,July,13,194,Anton Larsen Bay,Eastern Kodiak,57.882,-152.62572,65,NA,115,115,79
NA,2022,July,13,194,Anton Larsen Bay,Eastern Kodiak,57.882,-152.62572,65,NA,115,115,79
NA,2022,July,13,194,Anton Larsen Bay,Eastern Kodiak,57.882,-152.62572,65,NA,115,115,79
NA,2022,July,13,194,Anton Larsen Bay,Eastern Kodiak,57.882,-152.62572,65,NA,115,115,79
NA,2022,July,13,194,Anton Larsen Bay,Eastern Kodiak,57.882,-152.62572,65,NA,115,115,79
NA,2022,July,13,194,Anton Larsen Bay,Eastern Kodiak,57.882,-152.62572,65,NA,116,116,78
NA,2022,July,13,194,Anton Larsen Bay,Eastern Kodiak,57.882,-152.62572,65,NA,117,117,77
NA,2022,July,13,194,Anton Larsen Bay,Eastern Kodiak,57.882,-152.62572,65,NA,116,116,78
NA,2022,July,13,194,Anton Larsen Bay,Eastern Kodiak,57.882,-152.62572,65,NA,116,116,78
NA,2022,July,13,194,Anton Larsen Bay,Eastern Kodiak,57.882,-152.62572,64,NA,113,113,81
NA,2022,July,13,194,Anton Larsen Bay,Eastern Kodiak,57.882,-152.62572,64,NA,117,117,77
NA,2022,July,13,194,Anton Larsen Bay,Eastern Kodiak,57.882,-152.62572,64,NA,114,114,80
NA,2022,July,13,194,Anton Larsen Bay,Eastern Kodiak,57.882,-152.62572,64,NA,116,116,78
NA,2022,July,13,194,Anton Larsen Bay,Eastern Kodiak,57.882,-152.62572,64,NA,115,115,79
NA,2022,July,13,194,Anton Larsen Bay,Eastern Kodiak,57.882,-152.62572,64,NA,114,114,80
NA,2022,July,13,194,Anton Larsen Bay,Eastern Kodiak,57.882,-152.62572,64,NA,116,116,78
NA,2022,July,13,194,Anton Larsen Bay,Eastern Kodiak,57.882,-152.62572,64,NA,113,113,81
NA,2022,July,13,194,Anton Larsen Bay,Eastern Kodiak,57.882,-152.62572,64,NA,114,114,80
NA,2018,July,15,196,Anton Larsen Bay,Eastern Kodiak,57.882,-152.62572,63,NA,123,123,73
NA,2019,July,13,194,Anton Larsen Bay,Eastern Kodiak,57.882,-152.62572,62,NA,112,112,82
NA,2022,July,13,194,Anton Larsen Bay,Eastern Kodiak,57.882,-152.62572,62,NA,112,112,82
NA,2022,July,13,194,Anton Larsen Bay,Eastern Kodiak,57.882,-152.62572,62,NA,112,112,82
NA,2022,July,13,194,Anton Larsen Bay,Eastern Kodiak,57.882,-152.62572,62,NA,111,111,83
NA,2022,July,13,194,Anton Larsen Bay,Eastern Kodiak,57.882,-152.62572,62,NA,113,113,81
NA,2022,July,13,194,Anton Larsen Bay,Eastern Kodiak,57.882,-152.62572,62,NA,114,114,80
NA,2018,July,15,196,Anton Larsen Bay,Eastern Kodiak,57.882,-152.62572,61,NA,122,122,74
NA,2022,July,13,194,Anton Larsen Bay,Eastern Kodiak,57.882,-152.62572,61,NA,109,109,85
NA,2022,July,13,194,Anton Larsen Bay,Eastern Kodiak,57.882,-152.62572,61,NA,110,110,84
NA,2019,July,13,194,Anton Larsen Bay,Eastern Kodiak,57.882,-152.62572,60,NA,111,111,83
NA,2022,July,13,194,Anton Larsen Bay,Eastern Kodiak,57.882,-152.62572,60,NA,108,108,86
NA,2022,July,13,194,Anton Larsen Bay,Eastern Kodiak,57.882,-152.62572,60,NA,110,110,84
NA,2022,July,13,194,Anton Larsen Bay,Eastern Kodiak,57.882,-152.62572,60,NA,112,112,82
NA,2019,July,13,194,Anton Larsen Bay,Eastern Kodiak,57.882,-152.62572,59,NA,109,109,85
NA,2022,July,13,194,Anton Larsen Bay,Eastern Kodiak,57.882,-152.62572,59,NA,109,109,85
NA,2022,July,13,194,Anton Larsen Bay,Eastern Kodiak,57.882,-152.62572,59,NA,106,106,88
NA,2023,July,15,196,Anton Larsen Bay,Eastern Kodiak,57.882,-152.62572,59,NA,110,110,86
NA,2022,July,13,194,Anton Larsen Bay,Eastern Kodiak,57.882,-152.62572,58,NA,106,106,88
NA,2022,July,13,194,Anton Larsen Bay,Eastern Kodiak,57.882,-152.62572,58,NA,106,106,88
NA,2022,July,13,194,Anton Larsen Bay,Eastern Kodiak,57.882,-152.62572,58,NA,109,109,85
NA,2022,July,13,194,Anton Larsen Bay,Eastern Kodiak,57.882,-152.62572,56,NA,105,105,89
NA,2022,July,13,194,Anton Larsen Bay,Eastern Kodiak,57.882,-152.62572,56,NA,106,106,88
NA,2022,July,13,194,Anton Larsen Bay,Eastern Kodiak,57.882,-152.62572,55,NA,103,103,91
NA,2022,July,13,194,Anton Larsen Bay,Eastern Kodiak,57.882,-152.62572,55,NA,102,102,92
NA,2022,July,13,194,Anton Larsen Bay,Eastern Kodiak,57.882,-152.62572,55,NA,104,104,90
NA,2022,July,13,194,Anton Larsen Bay,Eastern Kodiak,57.882,-152.62572,55,NA,101,101,93
NA,2018,July,15,196,Anton Larsen Bay,Eastern Kodiak,57.882,-152.62572,53,NA,111,111,85
NA,2022,July,13,194,Anton Larsen Bay,Eastern Kodiak,57.882,-152.62572,53,NA,100,100,94
NA,2022,July,13,194,Anton Larsen Bay,Eastern Kodiak,57.882,-152.62572,52,NA,101,101,93
NA,2022,July,13,194,Anton Larsen Bay,Eastern Kodiak,57.882,-152.62572,52,NA,97,97,97
NA,2022,July,13,194,Anton Larsen Bay,Eastern Kodiak,57.882,-152.62572,52,NA,100,100,94
NA,2019,July,13,194,Anton Larsen Bay,Eastern Kodiak,57.882,-152.62572,51,NA,99,99,95
NA,2019,July,13,194,Anton Larsen Bay,Eastern Kodiak,57.882,-152.62572,51,NA,97,97,97
NA,2022,July,13,194,Anton Larsen Bay,Eastern Kodiak,57.882,-152.62572,51,NA,99,99,95
NA,2022,July,13,194,Anton Larsen Bay,Eastern Kodiak,57.882,-152.62572,51,NA,99,99,95
NA,2022,July,13,194,Anton Larsen Bay,Eastern Kodiak,57.882,-152.62572,51,NA,97,97,97
NA,2022,July,13,194,Anton Larsen Bay,Eastern Kodiak,57.882,-152.62572,51,NA,96,96,98
NA,2019,July,13,194,Anton Larsen Bay,Eastern Kodiak,57.882,-152.62572,50,NA,98,98,96
NA,2019,July,13,194,Anton Larsen Bay,Eastern Kodiak,57.882,-152.62572,50,NA,98,98,96
NA,2022,July,13,194,Anton Larsen Bay,Eastern Kodiak,57.882,-152.62572,50,NA,94,94,100
NA,2022,July,13,194,Anton Larsen Bay,Eastern Kodiak,57.882,-152.62572,50,NA,95,95,99
NA,2022,July,13,194,Anton Larsen Bay,Eastern Kodiak,57.882,-152.62572,49,NA,95,95,99
NA,2021,July,10,191,Anton Larsen Bay,Eastern Kodiak,57.882,-152.62572,48,NA,90,90,101
NA,2022,July,13,194,Anton Larsen Bay,Eastern Kodiak,57.882,-152.62572,48,NA,94,94,100
NA,2022,July,13,194,Anton Larsen Bay,Eastern Kodiak,57.882,-152.62572,48,NA,95,95,99
NA,2019,July,13,194,Anton Larsen Bay,Eastern Kodiak,57.882,-152.62572,47,NA,94,94,100
NA,2019,July,13,194,Anton Larsen Bay,Eastern Kodiak,57.882,-152.62572,46,NA,92,92,102
NA,2022,July,13,194,Anton Larsen Bay,Eastern Kodiak,57.882,-152.62572,46,NA,89,89,105
NA,2022,July,13,194,Anton Larsen Bay,Eastern Kodiak,57.882,-152.62572,46,NA,93,93,101
NA,2022,July,13,194,Anton Larsen Bay,Eastern Kodiak,57.882,-152.62572,46,NA,91,91,103
NA,2018,July,15,196,Anton Larsen Bay,Eastern Kodiak,57.882,-152.62572,45,NA,98,98,98
NA,2022,July,12,193,Anton Larsen Bay,Eastern Kodiak,57.882,-152.62572,45,NA,90,90,103
NA,2022,July,13,194,Anton Larsen Bay,Eastern Kodiak,57.882,-152.62572,45,NA,89,89,105
NA,2022,July,13,194,Anton Larsen Bay,Eastern Kodiak,57.882,-152.62572,45,NA,92,92,102
NA,2022,July,13,194,Anton Larsen Bay,Eastern Kodiak,57.882,-152.62572,45,NA,92,92,102
NA,2022,July,13,194,Anton Larsen Bay,Eastern Kodiak,57.882,-152.62572,45,NA,92,92,102
NA,2022,July,13,194,Anton Larsen Bay,Eastern Kodiak,57.882,-152.62572,45,NA,89,89,105
NA,2018,July,15,196,Anton Larsen Bay,Eastern Kodiak,57.882,-152.62572,44,NA,98,98,98
NA,2022,July,13,194,Anton Larsen Bay,Eastern Kodiak,57.882,-152.62572,44,NA,88,88,106
NA,2022,July,13,194,Anton Larsen Bay,Eastern Kodiak,57.882,-152.62572,44,NA,90,90,104
NA,2022,July,13,194,Anton Larsen Bay,Eastern Kodiak,57.882,-152.62572,44,NA,88,88,106
NA,2022,July,13,194,Anton Larsen Bay,Eastern Kodiak,57.882,-152.62572,44,NA,88,88,106
NA,2021,July,9,190,Anton Larsen Bay,Eastern Kodiak,57.882,-152.62572,43,NA,85,85,105
NA,2022,July,13,194,Anton Larsen Bay,Eastern Kodiak,57.882,-152.62572,43,NA,88,88,106
NA,2022,July,13,194,Anton Larsen Bay,Eastern Kodiak,57.882,-152.62572,43,NA,89,89,105
NA,2022,July,12,193,Anton Larsen Bay,Eastern Kodiak,57.882,-152.62572,42,NA,87,87,106
NA,2022,July,13,194,Anton Larsen Bay,Eastern Kodiak,57.882,-152.62572,42,NA,86,86,108
NA,2022,July,13,194,Anton Larsen Bay,Eastern Kodiak,57.882,-152.62572,40,NA,82,82,112
NA,2019,July,13,194,Anton Larsen Bay,Eastern Kodiak,57.882,-152.62572,39,NA,82,82,112
NA,2022,July,12,193,Anton Larsen Bay,Eastern Kodiak,57.882,-152.62572,39,NA,85,85,108
NA,2022,July,13,194,Anton Larsen Bay,Eastern Kodiak,57.882,-152.62572,39,NA,84,84,110
NA,2022,July,13,194,Anton Larsen Bay,Eastern Kodiak,57.882,-152.62572,39,NA,84,84,110
NA,2022,July,13,194,Anton Larsen Bay,Eastern Kodiak,57.882,-152.62572,38,NA,79,79,115
NA,2022,July,13,194,Anton Larsen Bay,Eastern Kodiak,57.882,-152.62572,38,NA,79,79,115
NA,2022,July,13,194,Anton Larsen Bay,Eastern Kodiak,57.882,-152.62572,38,NA,79,79,115
NA,2021,July,10,191,Anton Larsen Bay,Eastern Kodiak,57.882,-152.62572,36,NA,75,75,116
NA,2022,July,13,194,Anton Larsen Bay,Eastern Kodiak,57.882,-152.62572,36,NA,81,81,113
NA,2022,July,13,194,Anton Larsen Bay,Eastern Kodiak,57.882,-152.62572,35,NA,75,75,119
NA,2022,July,13,194,Anton Larsen Bay,Eastern Kodiak,57.882,-152.62572,35,NA,77,77,117
NA,2022,July,13,194,Anton Larsen Bay,Eastern Kodiak,57.882,-152.62572,35,NA,77,77,117
NA,2023,July,17,198,Anton Larsen Bay,Eastern Kodiak,57.882,-152.62572,32,NA,71,71,127
NA,2022,July,16,197,Cook Bay,Eastern Kodiak,57.782,-152.24778,84,NA,142,142,55
NA,2022,July,17,198,Cook Bay,Eastern Kodiak,57.782,-152.24778,81,NA,138,138,60
NA,2022,July,16,197,Cook Bay,Eastern Kodiak,57.782,-152.24778,80,NA,134,134,63
NA,2022,July,17,198,Cook Bay,Eastern Kodiak,57.782,-152.24778,80,NA,134,134,64
NA,2022,July,17,198,Cook Bay,Eastern Kodiak,57.782,-152.24778,78,NA,135,135,63
NA,2022,July,17,198,Cook Bay,Eastern Kodiak,57.782,-152.24778,78,NA,133,133,65
NA,2022,July,17,198,Cook Bay,Eastern Kodiak,57.782,-152.24778,78,NA,132,132,66
NA,2022,July,17,198,Cook Bay,Eastern Kodiak,57.782,-152.24778,77,NA,133,133,65
NA,2022,July,16,197,Cook Bay,Eastern Kodiak,57.782,-152.24778,76,NA,132,132,65
NA,2022,July,17,198,Cook Bay,Eastern Kodiak,57.782,-152.24778,76,NA,130,130,68
NA,2022,July,17,198,Cook Bay,Eastern Kodiak,57.782,-152.24778,75,NA,130,130,68
NA,2022,July,17,198,Cook Bay,Eastern Kodiak,57.782,-152.24778,74,NA,129,129,69
NA,2022,July,17,198,Cook Bay,Eastern Kodiak,57.782,-152.24778,74,NA,129,129,69
NA,2022,July,17,198,Cook Bay,Eastern Kodiak,57.782,-152.24778,74,NA,127,127,71
NA,2022,July,17,198,Cook Bay,Eastern Kodiak,57.782,-152.24778,74,NA,130,130,68
NA,2022,July,17,198,Cook Bay,Eastern Kodiak,57.782,-152.24778,74,NA,128,128,70
NA,2022,July,17,198,Cook Bay,Eastern Kodiak,57.782,-152.24778,74,NA,126,126,72
NA,2022,July,17,198,Cook Bay,Eastern Kodiak,57.782,-152.24778,74,NA,128,128,70
NA,2022,July,17,198,Cook Bay,Eastern Kodiak,57.782,-152.24778,74,NA,128,128,70
NA,2022,July,17,198,Cook Bay,Eastern Kodiak,57.782,-152.24778,73,NA,127,127,71
NA,2022,July,17,198,Cook Bay,Eastern Kodiak,57.782,-152.24778,72,NA,125,125,73
NA,2022,July,17,198,Cook Bay,Eastern Kodiak,57.782,-152.24778,72,NA,124,124,74
NA,2022,July,17,198,Cook Bay,Eastern Kodiak,57.782,-152.24778,71,NA,125,125,73
NA,2022,July,17,198,Cook Bay,Eastern Kodiak,57.782,-152.24778,71,NA,123,123,75
NA,2022,July,17,198,Cook Bay,Eastern Kodiak,57.782,-152.24778,70,NA,123,123,75
NA,2022,July,17,198,Cook Bay,Eastern Kodiak,57.782,-152.24778,69,NA,122,122,76
NA,2022,July,17,198,Cook Bay,Eastern Kodiak,57.782,-152.24778,69,NA,124,124,74
NA,2022,July,17,198,Cook Bay,Eastern Kodiak,57.782,-152.24778,69,NA,123,123,75
NA,2021,July,15,196,Cook Bay,Eastern Kodiak,57.782,-152.24778,68,NA,116,116,80
NA,2022,July,16,197,Cook Bay,Eastern Kodiak,57.782,-152.24778,67,NA,121,121,76
NA,2022,July,17,198,Cook Bay,Eastern Kodiak,57.782,-152.24778,67,NA,122,122,76
NA,2022,July,17,198,Cook Bay,Eastern Kodiak,57.782,-152.24778,67,NA,119,119,79
NA,2022,July,17,198,Cook Bay,Eastern Kodiak,57.782,-152.24778,67,NA,118,118,80
NA,2022,July,16,197,Cook Bay,Eastern Kodiak,57.782,-152.24778,66,NA,119,119,78
NA,2022,July,17,198,Cook Bay,Eastern Kodiak,57.782,-152.24778,66,NA,120,120,78
NA,2022,July,17,198,Cook Bay,Eastern Kodiak,57.782,-152.24778,66,NA,119,119,79
NA,2022,July,17,198,Cook Bay,Eastern Kodiak,57.782,-152.24778,66,NA,118,118,80
NA,2022,July,17,198,Cook Bay,Eastern Kodiak,57.782,-152.24778,66,NA,119,119,79
NA,2021,July,15,196,Cook Bay,Eastern Kodiak,57.782,-152.24778,65,NA,113,113,83
NA,2022,July,16,197,Cook Bay,Eastern Kodiak,57.782,-152.24778,65,NA,118,118,79
NA,2022,July,16,197,Cook Bay,Eastern Kodiak,57.782,-152.24778,65,NA,116,116,81
NA,2022,July,17,198,Cook Bay,Eastern Kodiak,57.782,-152.24778,65,NA,115,115,83
NA,2022,July,17,198,Cook Bay,Eastern Kodiak,57.782,-152.24778,65,NA,115,115,83
NA,2021,July,15,196,Cook Bay,Eastern Kodiak,57.782,-152.24778,64,NA,114,114,82
NA,2022,July,17,198,Cook Bay,Eastern Kodiak,57.782,-152.24778,64,NA,115,115,83
NA,2022,July,17,198,Cook Bay,Eastern Kodiak,57.782,-152.24778,64,NA,116,116,82
NA,2022,July,17,198,Cook Bay,Eastern Kodiak,57.782,-152.24778,64,NA,114,114,84
NA,2022,July,17,198,Cook Bay,Eastern Kodiak,57.782,-152.24778,63,NA,115,115,83
NA,2022,July,17,198,Cook Bay,Eastern Kodiak,57.782,-152.24778,63,NA,115,115,83
NA,2022,July,17,198,Cook Bay,Eastern Kodiak,57.782,-152.24778,63,NA,113,113,85
NA,2021,July,15,196,Cook Bay,Eastern Kodiak,57.782,-152.24778,62,NA,111,111,85
NA,2022,July,17,198,Cook Bay,Eastern Kodiak,57.782,-152.24778,62,NA,114,114,84
NA,2022,July,17,198,Cook Bay,Eastern Kodiak,57.782,-152.24778,62,NA,115,115,83
NA,2022,July,17,198,Cook Bay,Eastern Kodiak,57.782,-152.24778,62,NA,112,112,86
NA,2022,July,17,198,Cook Bay,Eastern Kodiak,57.782,-152.24778,62,NA,114,114,84
NA,2022,July,17,198,Cook Bay,Eastern Kodiak,57.782,-152.24778,62,NA,113,113,85
NA,2022,July,17,198,Cook Bay,Eastern Kodiak,57.782,-152.24778,62,NA,114,114,84
NA,2021,July,14,195,Cook Bay,Eastern Kodiak,57.782,-152.24778,61,NA,107,107,88
NA,2021,July,14,195,Cook Bay,Eastern Kodiak,57.782,-152.24778,61,NA,107,107,88
NA,2022,July,17,198,Cook Bay,Eastern Kodiak,57.782,-152.24778,61,NA,111,111,87
NA,2022,July,17,198,Cook Bay,Eastern Kodiak,57.782,-152.24778,61,NA,111,111,87
NA,2022,July,16,197,Cook Bay,Eastern Kodiak,57.782,-152.24778,60,NA,112,112,85
NA,2022,July,17,198,Cook Bay,Eastern Kodiak,57.782,-152.24778,60,NA,108,108,90
NA,2022,July,17,198,Cook Bay,Eastern Kodiak,57.782,-152.24778,60,NA,111,111,87
NA,2021,July,14,195,Cook Bay,Eastern Kodiak,57.782,-152.24778,59,NA,108,108,87
NA,2021,July,15,196,Cook Bay,Eastern Kodiak,57.782,-152.24778,59,NA,106,106,90
NA,2021,July,15,196,Cook Bay,Eastern Kodiak,57.782,-152.24778,59,NA,106,106,90
NA,2022,July,17,198,Cook Bay,Eastern Kodiak,57.782,-152.24778,59,NA,110,110,88
NA,2022,July,17,198,Cook Bay,Eastern Kodiak,57.782,-152.24778,59,NA,110,110,88
NA,2022,July,17,198,Cook Bay,Eastern Kodiak,57.782,-152.24778,59,NA,107,107,91
NA,2022,July,16,197,Cook Bay,Eastern Kodiak,57.782,-152.24778,58,NA,107,107,90
NA,2021,July,14,195,Cook Bay,Eastern Kodiak,57.782,-152.24778,57,NA,103,103,92
NA,2021,July,14,195,Cook Bay,Eastern Kodiak,57.782,-152.24778,57,NA,105,105,90
NA,2022,July,16,197,Cook Bay,Eastern Kodiak,57.782,-152.24778,57,NA,105,105,92
NA,2022,July,17,198,Cook Bay,Eastern Kodiak,57.782,-152.24778,57,NA,105,105,93
NA,2022,July,17,198,Cook Bay,Eastern Kodiak,57.782,-152.24778,56,NA,107,107,91
NA,2022,July,17,198,Cook Bay,Eastern Kodiak,57.782,-152.24778,56,NA,106,106,92
NA,2022,July,17,198,Cook Bay,Eastern Kodiak,57.782,-152.24778,56,NA,105,105,93
NA,2021,July,14,195,Cook Bay,Eastern Kodiak,57.782,-152.24778,55,NA,101,101,94
NA,2021,July,14,195,Cook Bay,Eastern Kodiak,57.782,-152.24778,54,NA,99,99,96
NA,2021,July,14,195,Cook Bay,Eastern Kodiak,57.782,-152.24778,54,NA,99,99,96
NA,2021,July,14,195,Cook Bay,Eastern Kodiak,57.782,-152.24778,54,NA,101,101,94
NA,2021,July,15,196,Cook Bay,Eastern Kodiak,57.782,-152.24778,54,NA,102,102,94
NA,2022,July,16,197,Cook Bay,Eastern Kodiak,57.782,-152.24778,54,NA,100,100,97
NA,2022,July,17,198,Cook Bay,Eastern Kodiak,57.782,-152.24778,54,NA,103,103,95
NA,2023,July,16,197,Cook Bay,Eastern Kodiak,57.782,-152.24778,53,NA,98,98,99
NA,2021,July,15,196,Cook Bay,Eastern Kodiak,57.782,-152.24778,52,NA,96,96,100
NA,2022,July,17,198,Cook Bay,Eastern Kodiak,57.782,-152.24778,52,NA,99,99,99
NA,2022,July,17,198,Cook Bay,Eastern Kodiak,57.782,-152.24778,52,NA,101,101,97
NA,2023,July,14,195,Cook Bay,Eastern Kodiak,57.782,-152.24778,52,NA,97,97,98
NA,2021,July,14,195,Cook Bay,Eastern Kodiak,57.782,-152.24778,51,NA,96,96,99
NA,2023,July,14,195,Cook Bay,Eastern Kodiak,57.782,-152.24778,50,NA,95,95,100
NA,2021,July,14,195,Cook Bay,Eastern Kodiak,57.782,-152.24778,49,NA,94,94,101
NA,2021,July,14,195,Cook Bay,Eastern Kodiak,57.782,-152.24778,47,NA,89,89,106
NA,2021,July,15,196,Cook Bay,Eastern Kodiak,57.782,-152.24778,44,NA,88,88,108
NA,2023,July,16,197,Cook Bay,Eastern Kodiak,57.782,-152.24778,42,NA,86,86,111
NA,2021,July,10,191,Anton Larsen Bay,Eastern Kodiak,57.87812,-152.63642,93,NA,152,152,39
NA,2021,July,9,190,Anton Larsen Bay,Eastern Kodiak,57.87812,-152.63642,85,NA,140,140,50
NA,2021,July,9,190,Anton Larsen Bay,Eastern Kodiak,57.87812,-152.63642,84,NA,138,138,52
NA,2023,July,15,196,Anton Larsen Bay,Eastern Kodiak,57.87812,-152.63642,77,NA,134,134,62
NA,2021,July,9,190,Anton Larsen Bay,Eastern Kodiak,57.87812,-152.63642,76,NA,128,128,62
NA,2021,July,9,190,Anton Larsen Bay,Eastern Kodiak,57.87812,-152.63642,72,NA,123,123,67
NA,2021,July,9,190,Anton Larsen Bay,Eastern Kodiak,57.87812,-152.63642,71,NA,122,122,68
NA,2018,July,15,196,Anton Larsen Bay,Eastern Kodiak,57.87812,-152.63642,70,NA,131,131,65
NA,2023,July,17,198,Anton Larsen Bay,Eastern Kodiak,57.87812,-152.63642,65,NA,117,117,81
NA,2021,July,9,190,Anton Larsen Bay,Eastern Kodiak,57.87812,-152.63642,64,NA,111,111,79
NA,2021,July,9,190,Anton Larsen Bay,Eastern Kodiak,57.87812,-152.63642,63,NA,110,110,80
NA,2021,July,9,190,Anton Larsen Bay,Eastern Kodiak,57.87812,-152.63642,62,NA,111,111,79
NA,2023,July,17,198,Anton Larsen Bay,Eastern Kodiak,57.87812,-152.63642,61,NA,112,112,86
NA,2021,July,10,191,Anton Larsen Bay,Eastern Kodiak,57.87812,-152.63642,60,NA,108,108,83
NA,2023,July,17,198,Anton Larsen Bay,Eastern Kodiak,57.87812,-152.63642,60,NA,107,107,91
NA,2023,July,17,198,Anton Larsen Bay,Eastern Kodiak,57.87812,-152.63642,60,NA,110,110,88
NA,2023,July,17,198,Anton Larsen Bay,Eastern Kodiak,57.87812,-152.63642,58,NA,107,107,91
NA,2022,July,13,194,Anton Larsen Bay,Eastern Kodiak,57.87812,-152.63642,54,NA,101,101,93
NA,2023,July,17,198,Anton Larsen Bay,Eastern Kodiak,57.87812,-152.63642,53,NA,99,99,99
NA,2021,July,9,190,Anton Larsen Bay,Eastern Kodiak,57.87812,-152.63642,51,NA,94,94,96
NA,2021,July,9,190,Anton Larsen Bay,Eastern Kodiak,57.87812,-152.63642,50,NA,94,94,96
NA,2023,July,17,198,Anton Larsen Bay,Eastern Kodiak,57.87812,-152.63642,49,NA,94,94,104
NA,2023,July,15,196,Anton Larsen Bay,Eastern Kodiak,57.87812,-152.63642,47,NA,91,91,105
NA,2023,July,17,198,Anton Larsen Bay,Eastern Kodiak,57.87812,-152.63642,47,NA,94,94,104
NA,2022,July,14,195,Anton Larsen Bay,Eastern Kodiak,57.87812,-152.63642,46,NA,94,94,101
NA,2023,July,17,198,Anton Larsen Bay,Eastern Kodiak,57.87812,-152.63642,45,NA,89,89,109
NA,2023,July,17,198,Anton Larsen Bay,Eastern Kodiak,57.87812,-152.63642,45,NA,88,88,110
NA,2023,July,17,198,Anton Larsen Bay,Eastern Kodiak,57.87812,-152.63642,45,NA,91,91,107
NA,2021,July,10,191,Anton Larsen Bay,Eastern Kodiak,57.87812,-152.63642,44,NA,87,87,104
NA,2023,July,17,198,Anton Larsen Bay,Eastern Kodiak,57.87812,-152.63642,44,NA,88,88,110
NA,2023,July,17,198,Anton Larsen Bay,Eastern Kodiak,57.87812,-152.63642,43,NA,87,87,111
NA,2023,July,17,198,Anton Larsen Bay,Eastern Kodiak,57.87812,-152.63642,43,NA,88,88,110
NA,2021,July,9,190,Anton Larsen Bay,Eastern Kodiak,57.87812,-152.63642,41,NA,84,84,106
NA,2023,July,17,198,Anton Larsen Bay,Eastern Kodiak,57.87812,-152.63642,40,NA,83,83,115
NA,2023,July,17,198,Anton Larsen Bay,Eastern Kodiak,57.87812,-152.63642,39,NA,83,83,115
NA,2023,July,15,196,Anton Larsen Bay,Eastern Kodiak,57.87812,-152.63642,38,NA,79,79,117
NA,2021,July,9,190,Anton Larsen Bay,Eastern Kodiak,57.87812,-152.63642,37,NA,79,79,111
NA,2022,July,13,194,Anton Larsen Bay,Eastern Kodiak,57.87812,-152.63642,37,NA,80,80,114
NA,2022,July,13,194,Anton Larsen Bay,Eastern Kodiak,57.87812,-152.63642,36,NA,78,78,116
NA,2022,July,14,195,Anton Larsen Bay,Eastern Kodiak,57.87812,-152.63642,36,NA,81,81,114
NA,2022,July,13,194,Anton Larsen Bay,Eastern Kodiak,57.87812,-152.63642,34,NA,75,75,119
NA,2023,July,17,198,Anton Larsen Bay,Eastern Kodiak,57.87812,-152.63642,33,NA,76,76,122
NA,2022,July,13,194,Anton Larsen Bay,Eastern Kodiak,57.86153,-152.6404,75,NA,129,129,65
NA,2023,July,15,196,Anton Larsen Bay,Eastern Kodiak,57.86153,-152.6404,75,NA,127,127,69
NA,2022,July,13,194,Anton Larsen Bay,Eastern Kodiak,57.86153,-152.6404,73,NA,127,127,67
NA,2022,July,13,194,Anton Larsen Bay,Eastern Kodiak,57.86153,-152.6404,71,NA,124,124,70
NA,2022,July,13,194,Anton Larsen Bay,Eastern Kodiak,57.86153,-152.6404,71,NA,122,122,72
NA,2022,July,13,194,Anton Larsen Bay,Eastern Kodiak,57.86153,-152.6404,71,NA,125,125,69
NA,2022,July,13,194,Anton Larsen Bay,Eastern Kodiak,57.86153,-152.6404,70,NA,122,122,72
NA,2022,July,13,194,Anton Larsen Bay,Eastern Kodiak,57.86153,-152.6404,70,NA,124,124,70
NA,2022,July,13,194,Anton Larsen Bay,Eastern Kodiak,57.86153,-152.6404,70,NA,125,125,69
NA,2022,July,13,194,Anton Larsen Bay,Eastern Kodiak,57.86153,-152.6404,70,NA,124,124,70
NA,2022,July,13,194,Anton Larsen Bay,Eastern Kodiak,57.86153,-152.6404,65,NA,118,118,76
NA,2022,July,13,194,Anton Larsen Bay,Eastern Kodiak,57.86153,-152.6404,65,NA,118,118,76
NA,2022,July,13,194,Anton Larsen Bay,Eastern Kodiak,57.86153,-152.6404,65,NA,115,115,79
NA,2022,July,13,194,Anton Larsen Bay,Eastern Kodiak,57.86153,-152.6404,64,NA,114,114,80
NA,2022,July,13,194,Anton Larsen Bay,Eastern Kodiak,57.86153,-152.6404,64,NA,115,115,79
NA,2022,July,14,195,Anton Larsen Bay,Eastern Kodiak,57.86153,-152.6404,63,NA,114,114,81
NA,2022,July,13,194,Anton Larsen Bay,Eastern Kodiak,57.86153,-152.6404,62,NA,114,114,80
NA,2022,July,13,194,Anton Larsen Bay,Eastern Kodiak,57.86153,-152.6404,60,NA,109,109,85
NA,2022,July,13,194,Anton Larsen Bay,Eastern Kodiak,57.86153,-152.6404,60,NA,108,108,86
NA,2022,July,13,194,Anton Larsen Bay,Eastern Kodiak,57.86153,-152.6404,60,NA,111,111,83
NA,2022,July,13,194,Anton Larsen Bay,Eastern Kodiak,57.86153,-152.6404,60,NA,110,110,84
NA,2022,July,13,194,Anton Larsen Bay,Eastern Kodiak,57.86153,-152.6404,59,NA,108,108,86
NA,2022,July,13,194,Anton Larsen Bay,Eastern Kodiak,57.86153,-152.6404,57,NA,107,107,87
NA,2022,July,13,194,Anton Larsen Bay,Eastern Kodiak,57.86153,-152.6404,57,NA,107,107,87
NA,2022,July,13,194,Anton Larsen Bay,Eastern Kodiak,57.86153,-152.6404,57,NA,107,107,87
NA,2022,July,13,194,Anton Larsen Bay,Eastern Kodiak,57.86153,-152.6404,57,NA,105,105,89
NA,2022,July,13,194,Anton Larsen Bay,Eastern Kodiak,57.86153,-152.6404,56,NA,105,105,89
NA,2022,July,13,194,Anton Larsen Bay,Eastern Kodiak,57.86153,-152.6404,56,NA,106,106,88
NA,2022,July,13,194,Anton Larsen Bay,Eastern Kodiak,57.86153,-152.6404,56,NA,103,103,91
NA,2022,July,13,194,Anton Larsen Bay,Eastern Kodiak,57.86153,-152.6404,56,NA,102,102,92
NA,2023,July,15,196,Anton Larsen Bay,Eastern Kodiak,57.86153,-152.6404,56,NA,102,102,94
NA,2022,July,13,194,Anton Larsen Bay,Eastern Kodiak,57.86153,-152.6404,55,NA,104,104,90
NA,2022,July,13,194,Anton Larsen Bay,Eastern Kodiak,57.86153,-152.6404,55,NA,103,103,91
NA,2022,July,13,194,Anton Larsen Bay,Eastern Kodiak,57.86153,-152.6404,54,NA,100,100,94
NA,2022,July,13,194,Anton Larsen Bay,Eastern Kodiak,57.86153,-152.6404,54,NA,100,100,94
NA,2023,July,15,196,Anton Larsen Bay,Eastern Kodiak,57.86153,-152.6404,53,NA,101,101,95
NA,2022,July,13,194,Anton Larsen Bay,Eastern Kodiak,57.86153,-152.6404,52,NA,99,99,95
NA,2022,July,13,194,Anton Larsen Bay,Eastern Kodiak,57.86153,-152.6404,52,NA,100,100,94
NA,2022,July,13,194,Anton Larsen Bay,Eastern Kodiak,57.86153,-152.6404,52,NA,98,98,96
NA,2021,July,9,190,Anton Larsen Bay,Eastern Kodiak,57.86153,-152.6404,51,NA,95,95,95
NA,2021,July,9,190,Anton Larsen Bay,Eastern Kodiak,57.86153,-152.6404,51,NA,93,93,97
NA,2022,July,13,194,Anton Larsen Bay,Eastern Kodiak,57.86153,-152.6404,51,NA,97,97,97
NA,2022,July,13,194,Anton Larsen Bay,Eastern Kodiak,57.86153,-152.6404,51,NA,98,98,96
NA,2022,July,13,194,Anton Larsen Bay,Eastern Kodiak,57.86153,-152.6404,51,NA,96,96,98
NA,2022,July,13,194,Anton Larsen Bay,Eastern Kodiak,57.86153,-152.6404,50,NA,96,96,98
NA,2022,July,13,194,Anton Larsen Bay,Eastern Kodiak,57.86153,-152.6404,50,NA,97,97,97
NA,2022,July,13,194,Anton Larsen Bay,Eastern Kodiak,57.86153,-152.6404,50,NA,96,96,98
NA,2022,July,13,194,Anton Larsen Bay,Eastern Kodiak,57.86153,-152.6404,50,NA,98,98,96
NA,2022,July,13,194,Anton Larsen Bay,Eastern Kodiak,57.86153,-152.6404,49,NA,94,94,100
NA,2022,July,13,194,Anton Larsen Bay,Eastern Kodiak,57.86153,-152.6404,49,NA,93,93,101
NA,2022,July,13,194,Anton Larsen Bay,Eastern Kodiak,57.86153,-152.6404,49,NA,97,97,97
NA,2022,July,13,194,Anton Larsen Bay,Eastern Kodiak,57.86153,-152.6404,49,NA,96,96,98
NA,2022,July,13,194,Anton Larsen Bay,Eastern Kodiak,57.86153,-152.6404,48,NA,96,96,98
NA,2022,July,13,194,Anton Larsen Bay,Eastern Kodiak,57.86153,-152.6404,48,NA,96,96,98
NA,2022,July,13,194,Anton Larsen Bay,Eastern Kodiak,57.86153,-152.6404,48,NA,95,95,99
NA,2022,July,13,194,Anton Larsen Bay,Eastern Kodiak,57.86153,-152.6404,48,NA,95,95,99
NA,2022,July,13,194,Anton Larsen Bay,Eastern Kodiak,57.86153,-152.6404,48,NA,92,92,102
NA,2021,July,9,190,Anton Larsen Bay,Eastern Kodiak,57.86153,-152.6404,47,NA,91,91,99
NA,2021,July,9,190,Anton Larsen Bay,Eastern Kodiak,57.86153,-152.6404,47,NA,89,89,101
NA,2022,July,13,194,Anton Larsen Bay,Eastern Kodiak,57.86153,-152.6404,47,NA,90,90,104
NA,2022,July,13,194,Anton Larsen Bay,Eastern Kodiak,57.86153,-152.6404,47,NA,92,92,102
NA,2022,July,13,194,Anton Larsen Bay,Eastern Kodiak,57.86153,-152.6404,47,NA,92,92,102
NA,2022,July,13,194,Anton Larsen Bay,Eastern Kodiak,57.86153,-152.6404,47,NA,95,95,99
NA,2022,July,13,194,Anton Larsen Bay,Eastern Kodiak,57.86153,-152.6404,47,NA,93,93,101
NA,2021,July,9,190,Anton Larsen Bay,Eastern Kodiak,57.86153,-152.6404,46,NA,90,90,100
NA,2022,July,13,194,Anton Larsen Bay,Eastern Kodiak,57.86153,-152.6404,46,NA,90,90,104
NA,2022,July,13,194,Anton Larsen Bay,Eastern Kodiak,57.86153,-152.6404,46,NA,93,93,101
NA,2022,July,13,194,Anton Larsen Bay,Eastern Kodiak,57.86153,-152.6404,46,NA,90,90,104
NA,2022,July,13,194,Anton Larsen Bay,Eastern Kodiak,57.86153,-152.6404,46,NA,90,90,104
NA,2022,July,13,194,Anton Larsen Bay,Eastern Kodiak,57.86153,-152.6404,45,NA,92,92,102
NA,2022,July,13,194,Anton Larsen Bay,Eastern Kodiak,57.86153,-152.6404,45,NA,90,90,104
NA,2022,July,13,194,Anton Larsen Bay,Eastern Kodiak,57.86153,-152.6404,45,NA,89,89,105
NA,2022,July,13,194,Anton Larsen Bay,Eastern Kodiak,57.86153,-152.6404,45,NA,91,91,103
NA,2022,July,13,194,Anton Larsen Bay,Eastern Kodiak,57.86153,-152.6404,45,NA,88,88,106
NA,2022,July,13,194,Anton Larsen Bay,Eastern Kodiak,57.86153,-152.6404,45,NA,89,89,105
NA,2023,July,15,196,Anton Larsen Bay,Eastern Kodiak,57.86153,-152.6404,45,NA,87,87,109
NA,2023,July,15,196,Anton Larsen Bay,Eastern Kodiak,57.86153,-152.6404,45,NA,91,91,105
NA,2023,July,15,196,Anton Larsen Bay,Eastern Kodiak,57.86153,-152.6404,45,NA,89,89,107
NA,2021,July,10,191,Anton Larsen Bay,Eastern Kodiak,57.86153,-152.6404,44,NA,87,87,104
NA,2021,July,10,191,Anton Larsen Bay,Eastern Kodiak,57.86153,-152.6404,44,NA,85,85,106
NA,2022,July,13,194,Anton Larsen Bay,Eastern Kodiak,57.86153,-152.6404,44,NA,89,89,105
NA,2022,July,13,194,Anton Larsen Bay,Eastern Kodiak,57.86153,-152.6404,44,NA,90,90,104
NA,2022,July,13,194,Anton Larsen Bay,Eastern Kodiak,57.86153,-152.6404,44,NA,87,87,107
NA,2022,July,13,194,Anton Larsen Bay,Eastern Kodiak,57.86153,-152.6404,44,NA,88,88,106
NA,2022,July,13,194,Anton Larsen Bay,Eastern Kodiak,57.86153,-152.6404,44,NA,91,91,103
NA,2021,July,9,190,Anton Larsen Bay,Eastern Kodiak,57.86153,-152.6404,43,NA,84,84,106
NA,2022,July,13,194,Anton Larsen Bay,Eastern Kodiak,57.86153,-152.6404,43,NA,87,87,107
NA,2022,July,13,194,Anton Larsen Bay,Eastern Kodiak,57.86153,-152.6404,43,NA,87,87,107
NA,2021,July,9,190,Anton Larsen Bay,Eastern Kodiak,57.86153,-152.6404,42,NA,84,84,106
NA,2022,July,13,194,Anton Larsen Bay,Eastern Kodiak,57.86153,-152.6404,42,NA,85,85,109
NA,2022,July,13,194,Anton Larsen Bay,Eastern Kodiak,57.86153,-152.6404,42,NA,87,87,107
NA,2022,July,13,194,Anton Larsen Bay,Eastern Kodiak,57.86153,-152.6404,42,NA,87,87,107
NA,2022,July,13,194,Anton Larsen Bay,Eastern Kodiak,57.86153,-152.6404,42,NA,86,86,108
NA,2022,July,13,194,Anton Larsen Bay,Eastern Kodiak,57.86153,-152.6404,42,NA,86,86,108
NA,2023,July,15,196,Anton Larsen Bay,Eastern Kodiak,57.86153,-152.6404,42,NA,86,86,110
NA,2021,July,9,190,Anton Larsen Bay,Eastern Kodiak,57.86153,-152.6404,41,NA,81,81,109
NA,2022,July,13,194,Anton Larsen Bay,Eastern Kodiak,57.86153,-152.6404,41,NA,83,83,111
NA,2022,July,13,194,Anton Larsen Bay,Eastern Kodiak,57.86153,-152.6404,41,NA,87,87,107
NA,2022,July,13,194,Anton Larsen Bay,Eastern Kodiak,57.86153,-152.6404,41,NA,86,86,108
NA,2022,July,13,194,Anton Larsen Bay,Eastern Kodiak,57.86153,-152.6404,41,NA,86,86,108
NA,2022,July,13,194,Anton Larsen Bay,Eastern Kodiak,57.86153,-152.6404,41,NA,87,87,107
NA,2022,July,13,194,Anton Larsen Bay,Eastern Kodiak,57.86153,-152.6404,41,NA,83,83,111
NA,2022,July,13,194,Anton Larsen Bay,Eastern Kodiak,57.86153,-152.6404,40,NA,84,84,110
NA,2022,July,13,194,Anton Larsen Bay,Eastern Kodiak,57.86153,-152.6404,40,NA,84,84,110
NA,2022,July,13,194,Anton Larsen Bay,Eastern Kodiak,57.86153,-152.6404,40,NA,83,83,111
NA,2022,July,13,194,Anton Larsen Bay,Eastern Kodiak,57.86153,-152.6404,40,NA,86,86,108
NA,2022,July,13,194,Anton Larsen Bay,Eastern Kodiak,57.86153,-152.6404,40,NA,83,83,111
NA,2022,July,13,194,Anton Larsen Bay,Eastern Kodiak,57.86153,-152.6404,40,NA,84,84,110
NA,2022,July,13,194,Anton Larsen Bay,Eastern Kodiak,57.86153,-152.6404,40,NA,82,82,112
NA,2022,July,13,194,Anton Larsen Bay,Eastern Kodiak,57.86153,-152.6404,40,NA,84,84,110
NA,2023,July,15,196,Anton Larsen Bay,Eastern Kodiak,57.86153,-152.6404,40,NA,82,82,114
NA,2023,July,15,196,Anton Larsen Bay,Eastern Kodiak,57.86153,-152.6404,40,NA,81,81,115
NA,2021,July,9,190,Anton Larsen Bay,Eastern Kodiak,57.86153,-152.6404,39,NA,80,80,110
NA,2021,July,10,191,Anton Larsen Bay,Eastern Kodiak,57.86153,-152.6404,39,NA,80,80,111
NA,2021,July,10,191,Anton Larsen Bay,Eastern Kodiak,57.86153,-152.6404,39,NA,82,82,109
NA,2022,July,13,194,Anton Larsen Bay,Eastern Kodiak,57.86153,-152.6404,39,NA,80,80,114
NA,2022,July,13,194,Anton Larsen Bay,Eastern Kodiak,57.86153,-152.6404,39,NA,81,81,113
NA,2022,July,13,194,Anton Larsen Bay,Eastern Kodiak,57.86153,-152.6404,39,NA,83,83,111
NA,2023,July,15,196,Anton Larsen Bay,Eastern Kodiak,57.86153,-152.6404,39,NA,82,82,114
NA,2021,July,9,190,Anton Larsen Bay,Eastern Kodiak,57.86153,-152.6404,38,NA,79,79,111
NA,2021,July,9,190,Anton Larsen Bay,Eastern Kodiak,57.86153,-152.6404,38,NA,76,76,114
NA,2021,July,10,191,Anton Larsen Bay,Eastern Kodiak,57.86153,-152.6404,38,NA,80,80,111
NA,2022,July,13,194,Anton Larsen Bay,Eastern Kodiak,57.86153,-152.6404,37,NA,82,82,112
NA,2022,July,13,194,Anton Larsen Bay,Eastern Kodiak,57.86153,-152.6404,36,NA,79,79,115
NA,2023,July,15,196,Anton Larsen Bay,Eastern Kodiak,57.86153,-152.6404,36,NA,81,81,115
NA,2021,July,10,191,Anton Larsen Bay,Eastern Kodiak,57.86153,-152.6404,35,NA,75,75,116
NA,2022,July,13,194,Anton Larsen Bay,Eastern Kodiak,57.86153,-152.6404,35,NA,76,76,118
NA,2022,July,13,194,Anton Larsen Bay,Eastern Kodiak,57.86153,-152.6404,35,NA,77,77,117
NA,2022,July,13,194,Anton Larsen Bay,Eastern Kodiak,57.86153,-152.6404,35,NA,77,77,117
NA,2022,July,13,194,Anton Larsen Bay,Eastern Kodiak,57.86153,-152.6404,35,NA,75,75,119
NA,2022,July,13,194,Anton Larsen Bay,Eastern Kodiak,57.86153,-152.6404,34,NA,77,77,117
NA,2021,July,9,190,Anton Larsen Bay,Eastern Kodiak,57.86153,-152.6404,33,NA,72,72,118
NA,2022,July,13,194,Anton Larsen Bay,Eastern Kodiak,57.86153,-152.6404,33,NA,74,74,120
NA,2020,July,2,184,Cook Bay,Eastern Kodiak,57.76907,-152.27667,68,NA,119,119,65
NA,2020,July,2,184,Cook Bay,Eastern Kodiak,57.76907,-152.27667,66,NA,117,117,67
NA,2020,July,2,184,Cook Bay,Eastern Kodiak,57.76907,-152.27667,65,NA,113,113,71
NA,2020,July,2,184,Cook Bay,Eastern Kodiak,57.76907,-152.27667,64,NA,114,114,70
NA,2020,July,2,184,Cook Bay,Eastern Kodiak,57.76907,-152.27667,64,NA,112,112,72
NA,2020,July,2,184,Cook Bay,Eastern Kodiak,57.76907,-152.27667,64,NA,113,113,71
NA,2020,July,2,184,Cook Bay,Eastern Kodiak,57.76907,-152.27667,64,NA,112,112,72
NA,2020,July,2,184,Cook Bay,Eastern Kodiak,57.76907,-152.27667,64,NA,111,111,73
NA,2020,July,2,184,Cook Bay,Eastern Kodiak,57.76907,-152.27667,64,NA,112,112,72
NA,2020,July,2,184,Cook Bay,Eastern Kodiak,57.76907,-152.27667,64,NA,111,111,73
NA,2020,July,2,184,Cook Bay,Eastern Kodiak,57.76907,-152.27667,64,NA,113,113,71
NA,2020,July,2,184,Cook Bay,Eastern Kodiak,57.76907,-152.27667,63,NA,113,113,71
NA,2020,July,2,184,Cook Bay,Eastern Kodiak,57.76907,-152.27667,63,NA,112,112,72
NA,2020,July,2,184,Cook Bay,Eastern Kodiak,57.76907,-152.27667,63,NA,111,111,73
NA,2020,July,2,184,Cook Bay,Eastern Kodiak,57.76907,-152.27667,63,NA,113,113,71
NA,2020,July,2,184,Cook Bay,Eastern Kodiak,57.76907,-152.27667,62,NA,108,108,76
NA,2020,July,2,184,Cook Bay,Eastern Kodiak,57.76907,-152.27667,62,NA,110,110,74
NA,2020,July,2,184,Cook Bay,Eastern Kodiak,57.76907,-152.27667,62,NA,109,109,75
NA,2020,July,2,184,Cook Bay,Eastern Kodiak,57.76907,-152.27667,62,NA,112,112,72
NA,2020,July,2,184,Cook Bay,Eastern Kodiak,57.76907,-152.27667,61,NA,109,109,75
NA,2020,July,2,184,Cook Bay,Eastern Kodiak,57.76907,-152.27667,61,NA,108,108,76
NA,2020,July,2,184,Cook Bay,Eastern Kodiak,57.76907,-152.27667,61,NA,111,111,73
NA,2020,July,2,184,Cook Bay,Eastern Kodiak,57.76907,-152.27667,61,NA,107,107,77
NA,2020,July,2,184,Cook Bay,Eastern Kodiak,57.76907,-152.27667,61,NA,110,110,74
NA,2020,July,2,184,Cook Bay,Eastern Kodiak,57.76907,-152.27667,61,NA,109,109,75
NA,2020,July,2,184,Cook Bay,Eastern Kodiak,57.76907,-152.27667,61,NA,110,110,74
NA,2020,July,2,184,Cook Bay,Eastern Kodiak,57.76907,-152.27667,60,NA,109,109,75
NA,2020,July,2,184,Cook Bay,Eastern Kodiak,57.76907,-152.27667,60,NA,107,107,77
NA,2020,July,2,184,Cook Bay,Eastern Kodiak,57.76907,-152.27667,60,NA,106,106,78
NA,2020,July,2,184,Cook Bay,Eastern Kodiak,57.76907,-152.27667,60,NA,107,107,77
NA,2020,July,2,184,Cook Bay,Eastern Kodiak,57.76907,-152.27667,60,NA,107,107,77
NA,2020,July,2,184,Cook Bay,Eastern Kodiak,57.76907,-152.27667,60,NA,109,109,75
NA,2020,July,2,184,Cook Bay,Eastern Kodiak,57.76907,-152.27667,59,NA,107,107,77
NA,2020,July,2,184,Cook Bay,Eastern Kodiak,57.76907,-152.27667,59,NA,107,107,77
NA,2020,July,2,184,Cook Bay,Eastern Kodiak,57.76907,-152.27667,59,NA,107,107,77
NA,2020,July,2,184,Cook Bay,Eastern Kodiak,57.76907,-152.27667,59,NA,105,105,79
NA,2020,July,2,184,Cook Bay,Eastern Kodiak,57.76907,-152.27667,59,NA,107,107,77
NA,2020,July,2,184,Cook Bay,Eastern Kodiak,57.76907,-152.27667,59,NA,106,106,78
NA,2020,July,2,184,Cook Bay,Eastern Kodiak,57.76907,-152.27667,59,NA,107,107,77
NA,2020,July,2,184,Cook Bay,Eastern Kodiak,57.76907,-152.27667,59,NA,108,108,76
NA,2020,July,2,184,Cook Bay,Eastern Kodiak,57.76907,-152.27667,58,NA,105,105,79
NA,2020,July,2,184,Cook Bay,Eastern Kodiak,57.76907,-152.27667,58,NA,105,105,79
NA,2020,July,2,184,Cook Bay,Eastern Kodiak,57.76907,-152.27667,58,NA,106,106,78
NA,2020,July,2,184,Cook Bay,Eastern Kodiak,57.76907,-152.27667,58,NA,107,107,77
NA,2020,July,2,184,Cook Bay,Eastern Kodiak,57.76907,-152.27667,58,NA,106,106,78
NA,2020,July,2,184,Cook Bay,Eastern Kodiak,57.76907,-152.27667,58,NA,106,106,78
NA,2020,July,2,184,Cook Bay,Eastern Kodiak,57.76907,-152.27667,58,NA,107,107,77
NA,2020,July,2,184,Cook Bay,Eastern Kodiak,57.76907,-152.27667,58,NA,104,104,80
NA,2020,July,2,184,Cook Bay,Eastern Kodiak,57.76907,-152.27667,57,NA,103,103,81
NA,2020,July,2,184,Cook Bay,Eastern Kodiak,57.76907,-152.27667,56,NA,103,103,81
NA,2020,July,2,184,Cook Bay,Eastern Kodiak,57.76907,-152.27667,56,NA,100,100,84
NA,2020,July,2,184,Cook Bay,Eastern Kodiak,57.76907,-152.27667,56,NA,101,101,83
NA,2020,July,2,184,Cook Bay,Eastern Kodiak,57.76907,-152.27667,56,NA,100,100,84
NA,2020,July,2,184,Cook Bay,Eastern Kodiak,57.76907,-152.27667,56,NA,102,102,82
NA,2020,July,2,184,Cook Bay,Eastern Kodiak,57.76907,-152.27667,55,NA,99,99,85
NA,2020,July,2,184,Cook Bay,Eastern Kodiak,57.76907,-152.27667,54,NA,101,101,83
NA,2020,July,2,184,Cook Bay,Eastern Kodiak,57.76907,-152.27667,54,NA,98,98,86
NA,2020,July,2,184,Cook Bay,Eastern Kodiak,57.76907,-152.27667,54,NA,101,101,83
NA,2020,July,2,184,Cook Bay,Eastern Kodiak,57.76907,-152.27667,54,NA,101,101,83
NA,2020,July,2,184,Cook Bay,Eastern Kodiak,57.76907,-152.27667,53,NA,98,98,86
NA,2020,July,2,184,Cook Bay,Eastern Kodiak,57.76907,-152.27667,52,NA,97,97,87
NA,2020,July,2,184,Cook Bay,Eastern Kodiak,57.76907,-152.27667,51,NA,98,98,86
NA,2023,July,16,197,Cook Bay,Eastern Kodiak,57.76907,-152.27667,51,NA,99,99,98
NA,2023,July,16,197,Cook Bay,Eastern Kodiak,57.76907,-152.27667,50,NA,96,96,101
NA,2023,July,16,197,Cook Bay,Eastern Kodiak,57.76907,-152.27667,50,NA,95,95,102
NA,2020,July,2,184,Cook Bay,Eastern Kodiak,57.76907,-152.27667,49,NA,95,95,89
NA,2020,July,2,184,Cook Bay,Eastern Kodiak,57.76907,-152.27667,48,NA,92,92,92
NA,2020,July,2,184,Cook Bay,Eastern Kodiak,57.76907,-152.27667,48,NA,94,94,90
NA,2020,July,2,184,Cook Bay,Eastern Kodiak,57.76907,-152.27667,47,NA,93,93,91
NA,2020,July,2,184,Cook Bay,Eastern Kodiak,57.76907,-152.27667,45,NA,86,86,98
NA,2020,July,2,184,Cook Bay,Eastern Kodiak,57.76907,-152.27667,44,NA,89,89,95
NA,2023,July,16,197,Cook Bay,Eastern Kodiak,57.76907,-152.27667,42,NA,88,88,109
NA,2023,July,16,197,Cook Bay,Eastern Kodiak,57.76907,-152.27667,41,NA,82,82,115
NA,2022,July,15,196,Cook Bay,Eastern Kodiak,57.77927,-152.26307,73,NA,129,129,67
NA,2020,July,2,184,Cook Bay,Eastern Kodiak,57.77927,-152.26307,72,NA,124,124,60
NA,2020,July,2,184,Cook Bay,Eastern Kodiak,57.77927,-152.26307,70,NA,119,119,65
NA,2020,July,2,184,Cook Bay,Eastern Kodiak,57.77927,-152.26307,70,NA,121,121,63
NA,2020,July,2,184,Cook Bay,Eastern Kodiak,57.77927,-152.26307,69,NA,117,117,67
NA,2022,July,15,196,Cook Bay,Eastern Kodiak,57.77927,-152.26307,69,NA,120,120,76
NA,2020,July,2,184,Cook Bay,Eastern Kodiak,57.77927,-152.26307,68,NA,118,118,66
NA,2020,July,2,184,Cook Bay,Eastern Kodiak,57.77927,-152.26307,66,NA,116,116,68
NA,2020,July,2,184,Cook Bay,Eastern Kodiak,57.77927,-152.26307,66,NA,116,116,68
NA,2020,July,2,184,Cook Bay,Eastern Kodiak,57.77927,-152.26307,65,NA,113,113,71
NA,2022,July,15,196,Cook Bay,Eastern Kodiak,57.77927,-152.26307,65,NA,114,114,82
NA,2022,July,15,196,Cook Bay,Eastern Kodiak,57.77927,-152.26307,65,NA,116,116,80
NA,2022,July,15,196,Cook Bay,Eastern Kodiak,57.77927,-152.26307,65,NA,118,118,78
NA,2020,July,2,184,Cook Bay,Eastern Kodiak,57.77927,-152.26307,64,NA,114,114,70
NA,2020,July,2,184,Cook Bay,Eastern Kodiak,57.77927,-152.26307,64,NA,114,114,70
NA,2020,July,2,184,Cook Bay,Eastern Kodiak,57.77927,-152.26307,64,NA,113,113,71
NA,2022,July,15,196,Cook Bay,Eastern Kodiak,57.77927,-152.26307,64,NA,114,114,82
NA,2022,July,15,196,Cook Bay,Eastern Kodiak,57.77927,-152.26307,64,NA,115,115,81
NA,2023,July,14,195,Cook Bay,Eastern Kodiak,57.77927,-152.26307,64,NA,116,116,79
NA,2020,July,2,184,Cook Bay,Eastern Kodiak,57.77927,-152.26307,63,NA,110,110,74
NA,2020,July,2,184,Cook Bay,Eastern Kodiak,57.77927,-152.26307,63,NA,112,112,72
NA,2020,July,2,184,Cook Bay,Eastern Kodiak,57.77927,-152.26307,63,NA,113,113,71
NA,2021,July,14,195,Cook Bay,Eastern Kodiak,57.77927,-152.26307,63,NA,110,110,85
NA,2020,July,2,184,Cook Bay,Eastern Kodiak,57.77927,-152.26307,62,NA,109,109,75
NA,2020,July,2,184,Cook Bay,Eastern Kodiak,57.77927,-152.26307,62,NA,108,108,76
NA,2020,July,2,184,Cook Bay,Eastern Kodiak,57.77927,-152.26307,62,NA,110,110,74
NA,2022,July,15,196,Cook Bay,Eastern Kodiak,57.77927,-152.26307,62,NA,115,115,81
NA,2022,July,15,196,Cook Bay,Eastern Kodiak,57.77927,-152.26307,62,NA,112,112,84
NA,2023,July,14,195,Cook Bay,Eastern Kodiak,57.77927,-152.26307,62,NA,112,112,83
NA,2020,July,2,184,Cook Bay,Eastern Kodiak,57.77927,-152.26307,61,NA,108,108,76
NA,2020,July,2,184,Cook Bay,Eastern Kodiak,57.77927,-152.26307,61,NA,110,110,74
NA,2020,July,2,184,Cook Bay,Eastern Kodiak,57.77927,-152.26307,61,NA,110,110,74
NA,2022,July,15,196,Cook Bay,Eastern Kodiak,57.77927,-152.26307,61,NA,111,111,85
NA,2022,July,15,196,Cook Bay,Eastern Kodiak,57.77927,-152.26307,61,NA,110,110,86
NA,2020,July,2,184,Cook Bay,Eastern Kodiak,57.77927,-152.26307,60,NA,110,110,74
NA,2020,July,2,184,Cook Bay,Eastern Kodiak,57.77927,-152.26307,60,NA,107,107,77
NA,2020,July,2,184,Cook Bay,Eastern Kodiak,57.77927,-152.26307,60,NA,108,108,76
NA,2022,July,15,196,Cook Bay,Eastern Kodiak,57.77927,-152.26307,60,NA,108,108,88
NA,2023,July,14,195,Cook Bay,Eastern Kodiak,57.77927,-152.26307,60,NA,107,107,88
NA,2023,July,14,195,Cook Bay,Eastern Kodiak,57.77927,-152.26307,60,NA,108,108,87
NA,2020,July,2,184,Cook Bay,Eastern Kodiak,57.77927,-152.26307,59,NA,107,107,77
NA,2020,July,2,184,Cook Bay,Eastern Kodiak,57.77927,-152.26307,59,NA,106,106,78
NA,2021,July,14,195,Cook Bay,Eastern Kodiak,57.77927,-152.26307,59,NA,107,107,88
NA,2022,July,15,196,Cook Bay,Eastern Kodiak,57.77927,-152.26307,59,NA,107,107,89
NA,2022,July,15,196,Cook Bay,Eastern Kodiak,57.77927,-152.26307,59,NA,107,107,89
NA,2020,July,2,184,Cook Bay,Eastern Kodiak,57.77927,-152.26307,58,NA,103,103,81
NA,2022,July,15,196,Cook Bay,Eastern Kodiak,57.77927,-152.26307,58,NA,107,107,89
NA,2022,July,15,196,Cook Bay,Eastern Kodiak,57.77927,-152.26307,58,NA,109,109,87
NA,2022,July,15,196,Cook Bay,Eastern Kodiak,57.77927,-152.26307,58,NA,109,109,87
NA,2023,July,14,195,Cook Bay,Eastern Kodiak,57.77927,-152.26307,58,NA,107,107,88
NA,2020,July,2,184,Cook Bay,Eastern Kodiak,57.77927,-152.26307,57,NA,102,102,82
NA,2021,July,14,195,Cook Bay,Eastern Kodiak,57.77927,-152.26307,57,NA,104,104,91
NA,2021,July,14,195,Cook Bay,Eastern Kodiak,57.77927,-152.26307,57,NA,103,103,92
NA,2022,July,15,196,Cook Bay,Eastern Kodiak,57.77927,-152.26307,57,NA,105,105,91
NA,2022,July,15,196,Cook Bay,Eastern Kodiak,57.77927,-152.26307,57,NA,107,107,89
NA,2023,July,14,195,Cook Bay,Eastern Kodiak,57.77927,-152.26307,57,NA,103,103,92
NA,2023,July,14,195,Cook Bay,Eastern Kodiak,57.77927,-152.26307,57,NA,104,104,91
NA,2020,July,2,184,Cook Bay,Eastern Kodiak,57.77927,-152.26307,56,NA,100,100,84
NA,2020,July,2,184,Cook Bay,Eastern Kodiak,57.77927,-152.26307,56,NA,101,101,83
NA,2020,July,2,184,Cook Bay,Eastern Kodiak,57.77927,-152.26307,56,NA,103,103,81
NA,2020,July,2,184,Cook Bay,Eastern Kodiak,57.77927,-152.26307,56,NA,104,104,80
NA,2020,July,2,184,Cook Bay,Eastern Kodiak,57.77927,-152.26307,56,NA,104,104,80
NA,2020,July,2,184,Cook Bay,Eastern Kodiak,57.77927,-152.26307,56,NA,100,100,84
NA,2022,July,15,196,Cook Bay,Eastern Kodiak,57.77927,-152.26307,56,NA,103,103,93
NA,2023,July,14,195,Cook Bay,Eastern Kodiak,57.77927,-152.26307,56,NA,106,106,89
NA,2023,July,14,195,Cook Bay,Eastern Kodiak,57.77927,-152.26307,56,NA,106,106,89
NA,2020,July,2,184,Cook Bay,Eastern Kodiak,57.77927,-152.26307,55,NA,99,99,85
NA,2020,July,2,184,Cook Bay,Eastern Kodiak,57.77927,-152.26307,55,NA,102,102,82
NA,2020,July,2,184,Cook Bay,Eastern Kodiak,57.77927,-152.26307,55,NA,102,102,82
NA,2022,July,15,196,Cook Bay,Eastern Kodiak,57.77927,-152.26307,55,NA,103,103,93
NA,2022,July,15,196,Cook Bay,Eastern Kodiak,57.77927,-152.26307,55,NA,105,105,91
NA,2022,July,15,196,Cook Bay,Eastern Kodiak,57.77927,-152.26307,55,NA,101,101,95
NA,2022,July,15,196,Cook Bay,Eastern Kodiak,57.77927,-152.26307,55,NA,105,105,91
NA,2022,July,15,196,Cook Bay,Eastern Kodiak,57.77927,-152.26307,55,NA,103,103,93
NA,2022,July,15,196,Cook Bay,Eastern Kodiak,57.77927,-152.26307,55,NA,103,103,93
NA,2022,July,15,196,Cook Bay,Eastern Kodiak,57.77927,-152.26307,55,NA,102,102,94
NA,2023,July,14,195,Cook Bay,Eastern Kodiak,57.77927,-152.26307,55,NA,101,101,94
NA,2023,July,14,195,Cook Bay,Eastern Kodiak,57.77927,-152.26307,55,NA,101,101,94
NA,2023,July,14,195,Cook Bay,Eastern Kodiak,57.77927,-152.26307,55,NA,102,102,93
NA,2020,July,2,184,Cook Bay,Eastern Kodiak,57.77927,-152.26307,54,NA,101,101,83
NA,2020,July,2,184,Cook Bay,Eastern Kodiak,57.77927,-152.26307,54,NA,99,99,85
NA,2021,July,14,195,Cook Bay,Eastern Kodiak,57.77927,-152.26307,54,NA,101,101,94
NA,2021,July,14,195,Cook Bay,Eastern Kodiak,57.77927,-152.26307,54,NA,100,100,95
NA,2022,July,15,196,Cook Bay,Eastern Kodiak,57.77927,-152.26307,54,NA,102,102,94
NA,2022,July,15,196,Cook Bay,Eastern Kodiak,57.77927,-152.26307,54,NA,100,100,96
NA,2022,July,15,196,Cook Bay,Eastern Kodiak,57.77927,-152.26307,54,NA,100,100,96
NA,2023,July,14,195,Cook Bay,Eastern Kodiak,57.77927,-152.26307,54,NA,102,102,93
NA,2020,July,2,184,Cook Bay,Eastern Kodiak,57.77927,-152.26307,53,NA,99,99,85
NA,2020,July,2,184,Cook Bay,Eastern Kodiak,57.77927,-152.26307,53,NA,100,100,84
NA,2020,July,2,184,Cook Bay,Eastern Kodiak,57.77927,-152.26307,53,NA,97,97,87
NA,2020,July,2,184,Cook Bay,Eastern Kodiak,57.77927,-152.26307,53,NA,99,99,85
NA,2020,July,2,184,Cook Bay,Eastern Kodiak,57.77927,-152.26307,53,NA,99,99,85
NA,2020,July,2,184,Cook Bay,Eastern Kodiak,57.77927,-152.26307,53,NA,99,99,85
NA,2021,July,14,195,Cook Bay,Eastern Kodiak,57.77927,-152.26307,53,NA,99,99,96
NA,2021,July,14,195,Cook Bay,Eastern Kodiak,57.77927,-152.26307,53,NA,97,97,98
NA,2022,July,15,196,Cook Bay,Eastern Kodiak,57.77927,-152.26307,53,NA,103,103,93
NA,2022,July,15,196,Cook Bay,Eastern Kodiak,57.77927,-152.26307,53,NA,101,101,95
NA,2022,July,15,196,Cook Bay,Eastern Kodiak,57.77927,-152.26307,53,NA,102,102,94
NA,2022,July,15,196,Cook Bay,Eastern Kodiak,57.77927,-152.26307,53,NA,102,102,94
NA,2023,July,14,195,Cook Bay,Eastern Kodiak,57.77927,-152.26307,53,NA,103,103,92
NA,2023,July,14,195,Cook Bay,Eastern Kodiak,57.77927,-152.26307,53,NA,101,101,94
NA,2020,July,2,184,Cook Bay,Eastern Kodiak,57.77927,-152.26307,52,NA,99,99,85
NA,2021,July,14,195,Cook Bay,Eastern Kodiak,57.77927,-152.26307,52,NA,99,99,96
NA,2021,July,14,195,Cook Bay,Eastern Kodiak,57.77927,-152.26307,52,NA,97,97,98
NA,2021,July,14,195,Cook Bay,Eastern Kodiak,57.77927,-152.26307,52,NA,95,95,100
NA,2021,July,14,195,Cook Bay,Eastern Kodiak,57.77927,-152.26307,52,NA,97,97,98
NA,2022,July,15,196,Cook Bay,Eastern Kodiak,57.77927,-152.26307,52,NA,97,97,99
NA,2023,July,14,195,Cook Bay,Eastern Kodiak,57.77927,-152.26307,52,NA,100,100,95
NA,2020,July,2,184,Cook Bay,Eastern Kodiak,57.77927,-152.26307,51,NA,96,96,88
NA,2020,July,2,184,Cook Bay,Eastern Kodiak,57.77927,-152.26307,51,NA,97,97,87
NA,2020,July,2,184,Cook Bay,Eastern Kodiak,57.77927,-152.26307,51,NA,96,96,88
NA,2020,July,2,184,Cook Bay,Eastern Kodiak,57.77927,-152.26307,51,NA,94,94,90
NA,2021,July,14,195,Cook Bay,Eastern Kodiak,57.77927,-152.26307,51,NA,96,96,99
NA,2021,July,14,195,Cook Bay,Eastern Kodiak,57.77927,-152.26307,51,NA,96,96,99
NA,2021,July,14,195,Cook Bay,Eastern Kodiak,57.77927,-152.26307,51,NA,97,97,98
NA,2022,July,15,196,Cook Bay,Eastern Kodiak,57.77927,-152.26307,51,NA,96,96,100
NA,2022,July,15,196,Cook Bay,Eastern Kodiak,57.77927,-152.26307,51,NA,96,96,100
NA,2022,July,15,196,Cook Bay,Eastern Kodiak,57.77927,-152.26307,51,NA,97,97,99
NA,2023,July,14,195,Cook Bay,Eastern Kodiak,57.77927,-152.26307,51,NA,97,97,98
NA,2021,July,14,195,Cook Bay,Eastern Kodiak,57.77927,-152.26307,50,NA,93,93,102
NA,2021,July,14,195,Cook Bay,Eastern Kodiak,57.77927,-152.26307,50,NA,94,94,101
NA,2021,July,14,195,Cook Bay,Eastern Kodiak,57.77927,-152.26307,50,NA,94,94,101
NA,2021,July,14,195,Cook Bay,Eastern Kodiak,57.77927,-152.26307,50,NA,95,95,100
NA,2021,July,14,195,Cook Bay,Eastern Kodiak,57.77927,-152.26307,50,NA,94,94,101
NA,2022,July,15,196,Cook Bay,Eastern Kodiak,57.77927,-152.26307,50,NA,95,95,101
NA,2022,July,15,196,Cook Bay,Eastern Kodiak,57.77927,-152.26307,50,NA,96,96,100
NA,2022,July,15,196,Cook Bay,Eastern Kodiak,57.77927,-152.26307,50,NA,95,95,101
NA,2022,July,15,196,Cook Bay,Eastern Kodiak,57.77927,-152.26307,50,NA,98,98,98
NA,2022,July,15,196,Cook Bay,Eastern Kodiak,57.77927,-152.26307,50,NA,99,99,97
NA,2022,July,15,196,Cook Bay,Eastern Kodiak,57.77927,-152.26307,50,NA,97,97,99
NA,2023,July,14,195,Cook Bay,Eastern Kodiak,57.77927,-152.26307,50,NA,95,95,100
NA,2023,July,14,195,Cook Bay,Eastern Kodiak,57.77927,-152.26307,50,NA,94,94,101
NA,2020,July,2,184,Cook Bay,Eastern Kodiak,57.77927,-152.26307,49,NA,92,92,92
NA,2020,July,2,184,Cook Bay,Eastern Kodiak,57.77927,-152.26307,49,NA,91,91,93
NA,2020,July,2,184,Cook Bay,Eastern Kodiak,57.77927,-152.26307,49,NA,93,93,91
NA,2020,July,2,184,Cook Bay,Eastern Kodiak,57.77927,-152.26307,49,NA,92,92,92
NA,2021,July,14,195,Cook Bay,Eastern Kodiak,57.77927,-152.26307,49,NA,94,94,101
NA,2021,July,14,195,Cook Bay,Eastern Kodiak,57.77927,-152.26307,49,NA,94,94,101
NA,2021,July,14,195,Cook Bay,Eastern Kodiak,57.77927,-152.26307,49,NA,94,94,101
NA,2022,July,15,196,Cook Bay,Eastern Kodiak,57.77927,-152.26307,49,NA,96,96,100
NA,2022,July,15,196,Cook Bay,Eastern Kodiak,57.77927,-152.26307,49,NA,97,97,99
NA,2023,July,14,195,Cook Bay,Eastern Kodiak,57.77927,-152.26307,49,NA,95,95,100
NA,2023,July,14,195,Cook Bay,Eastern Kodiak,57.77927,-152.26307,49,NA,95,95,100
NA,2023,July,14,195,Cook Bay,Eastern Kodiak,57.77927,-152.26307,49,NA,95,95,100
NA,2020,July,2,184,Cook Bay,Eastern Kodiak,57.77927,-152.26307,48,NA,93,93,91
NA,2021,July,14,195,Cook Bay,Eastern Kodiak,57.77927,-152.26307,48,NA,90,90,105
NA,2022,July,15,196,Cook Bay,Eastern Kodiak,57.77927,-152.26307,48,NA,93,93,103
NA,2020,July,2,184,Cook Bay,Eastern Kodiak,57.77927,-152.26307,47,NA,90,90,94
NA,2020,July,2,184,Cook Bay,Eastern Kodiak,57.77927,-152.26307,47,NA,93,93,91
NA,2021,July,14,195,Cook Bay,Eastern Kodiak,57.77927,-152.26307,47,NA,90,90,105
NA,2022,July,15,196,Cook Bay,Eastern Kodiak,57.77927,-152.26307,47,NA,91,91,105
NA,2022,July,15,196,Cook Bay,Eastern Kodiak,57.77927,-152.26307,47,NA,91,91,105
NA,2022,July,15,196,Cook Bay,Eastern Kodiak,57.77927,-152.26307,47,NA,91,91,105
NA,2022,July,15,196,Cook Bay,Eastern Kodiak,57.77927,-152.26307,46,NA,93,93,103
NA,2023,July,14,195,Cook Bay,Eastern Kodiak,57.77927,-152.26307,46,NA,89,89,106
NA,2023,July,14,195,Cook Bay,Eastern Kodiak,57.77927,-152.26307,46,NA,91,91,104
NA,2023,July,14,195,Cook Bay,Eastern Kodiak,57.77927,-152.26307,46,NA,90,90,105
NA,2023,July,14,195,Cook Bay,Eastern Kodiak,57.77927,-152.26307,46,NA,91,91,104
NA,2021,July,14,195,Cook Bay,Eastern Kodiak,57.77927,-152.26307,45,NA,89,89,106
NA,2021,July,14,195,Cook Bay,Eastern Kodiak,57.77927,-152.26307,45,NA,89,89,106
NA,2022,July,15,196,Cook Bay,Eastern Kodiak,57.77927,-152.26307,45,NA,88,88,108
NA,2022,July,15,196,Cook Bay,Eastern Kodiak,57.77927,-152.26307,45,NA,92,92,104
NA,2022,July,15,196,Cook Bay,Eastern Kodiak,57.77927,-152.26307,45,NA,90,90,106
NA,2023,July,14,195,Cook Bay,Eastern Kodiak,57.77927,-152.26307,45,NA,87,87,108
NA,2023,July,14,195,Cook Bay,Eastern Kodiak,57.77927,-152.26307,45,NA,90,90,105
NA,2021,July,14,195,Cook Bay,Eastern Kodiak,57.77927,-152.26307,44,NA,87,87,108
NA,2021,July,14,195,Cook Bay,Eastern Kodiak,57.77927,-152.26307,44,NA,88,88,107
NA,2022,July,15,196,Cook Bay,Eastern Kodiak,57.77927,-152.26307,44,NA,87,87,109
NA,2023,July,14,195,Cook Bay,Eastern Kodiak,57.77927,-152.26307,44,NA,86,86,109
NA,2021,July,14,195,Cook Bay,Eastern Kodiak,57.77927,-152.26307,43,NA,86,86,109
NA,2023,July,14,195,Cook Bay,Eastern Kodiak,57.77927,-152.26307,43,NA,89,89,106
NA,2023,July,14,195,Cook Bay,Eastern Kodiak,57.77927,-152.26307,43,NA,87,87,108
NA,2021,July,14,195,Cook Bay,Eastern Kodiak,57.77927,-152.26307,42,NA,82,82,113
NA,2023,July,14,195,Cook Bay,Eastern Kodiak,57.77927,-152.26307,42,NA,88,88,107
NA,2023,July,14,195,Cook Bay,Eastern Kodiak,57.77927,-152.26307,42,NA,87,87,108
NA,2023,July,14,195,Cook Bay,Eastern Kodiak,57.77927,-152.26307,42,NA,86,86,109
NA,2021,July,14,195,Cook Bay,Eastern Kodiak,57.77927,-152.26307,41,NA,82,82,113
NA,2021,July,14,195,Cook Bay,Eastern Kodiak,57.77927,-152.26307,41,NA,84,84,111
NA,2021,July,14,195,Cook Bay,Eastern Kodiak,57.77927,-152.26307,41,NA,85,85,110
NA,2023,July,14,195,Cook Bay,Eastern Kodiak,57.77927,-152.26307,40,NA,81,81,114
NA,2023,July,14,195,Cook Bay,Eastern Kodiak,57.77927,-152.26307,40,NA,84,84,111
NA,2023,July,14,195,Cook Bay,Eastern Kodiak,57.77927,-152.26307,40,NA,81,81,114
NA,2023,July,14,195,Cook Bay,Eastern Kodiak,57.77927,-152.26307,40,NA,83,83,112
NA,2021,July,14,195,Cook Bay,Eastern Kodiak,57.77927,-152.26307,38,NA,77,77,118
NA,2021,July,14,195,Cook Bay,Eastern Kodiak,57.77927,-152.26307,38,NA,78,78,117
NA,2023,July,14,195,Cook Bay,Eastern Kodiak,57.77927,-152.26307,38,NA,82,82,113
NA,2023,July,14,195,Cook Bay,Eastern Kodiak,57.77927,-152.26307,37,NA,81,81,114
NA,2021,July,11,192,Anton Larsen Bay,Eastern Kodiak,57.88538,-152.63903,43,NA,85,85,107
NA,2022,July,15,196,Cook Bay,Eastern Kodiak,57.77462,-152.25735,76,NA,128,128,68
NA,2022,July,15,196,Cook Bay,Eastern Kodiak,57.77462,-152.25735,75,NA,129,129,67
NA,2022,July,15,196,Cook Bay,Eastern Kodiak,57.77462,-152.25735,72,NA,127,127,69
NA,2022,July,15,196,Cook Bay,Eastern Kodiak,57.77462,-152.25735,70,NA,123,123,73
NA,2022,July,15,196,Cook Bay,Eastern Kodiak,57.77462,-152.25735,69,NA,120,120,76
NA,2020,July,2,184,Cook Bay,Eastern Kodiak,57.77462,-152.25735,68,NA,119,119,65
NA,2021,July,14,195,Cook Bay,Eastern Kodiak,57.77462,-152.25735,66,NA,114,114,81
NA,2022,July,15,196,Cook Bay,Eastern Kodiak,57.77462,-152.25735,66,NA,117,117,79
NA,2021,July,14,195,Cook Bay,Eastern Kodiak,57.77462,-152.25735,65,NA,113,113,82
NA,2021,July,15,196,Cook Bay,Eastern Kodiak,57.77462,-152.25735,65,NA,114,114,82
NA,2020,July,2,184,Cook Bay,Eastern Kodiak,57.77462,-152.25735,64,NA,114,114,70
NA,2020,July,2,184,Cook Bay,Eastern Kodiak,57.77462,-152.25735,63,NA,111,111,73
NA,2020,July,2,184,Cook Bay,Eastern Kodiak,57.77462,-152.25735,63,NA,112,112,72
NA,2020,July,2,184,Cook Bay,Eastern Kodiak,57.77462,-152.25735,62,NA,110,110,74
NA,2020,July,2,184,Cook Bay,Eastern Kodiak,57.77462,-152.25735,62,NA,111,111,73
NA,2020,July,2,184,Cook Bay,Eastern Kodiak,57.77462,-152.25735,62,NA,112,112,72
NA,2021,July,14,195,Cook Bay,Eastern Kodiak,57.77462,-152.25735,62,NA,111,111,84
NA,2021,July,14,195,Cook Bay,Eastern Kodiak,57.77462,-152.25735,62,NA,110,110,85
NA,2021,July,15,196,Cook Bay,Eastern Kodiak,57.77462,-152.25735,62,NA,112,112,84
NA,2020,July,2,184,Cook Bay,Eastern Kodiak,57.77462,-152.25735,61,NA,109,109,75
NA,2020,July,2,184,Cook Bay,Eastern Kodiak,57.77462,-152.25735,61,NA,108,108,76
NA,2020,July,2,184,Cook Bay,Eastern Kodiak,57.77462,-152.25735,61,NA,110,110,74
NA,2020,July,2,184,Cook Bay,Eastern Kodiak,57.77462,-152.25735,60,NA,106,106,78
NA,2020,July,2,184,Cook Bay,Eastern Kodiak,57.77462,-152.25735,60,NA,109,109,75
NA,2020,July,2,184,Cook Bay,Eastern Kodiak,57.77462,-152.25735,59,NA,108,108,76
NA,2021,July,14,195,Cook Bay,Eastern Kodiak,57.77462,-152.25735,59,NA,105,105,90
NA,2020,July,2,184,Cook Bay,Eastern Kodiak,57.77462,-152.25735,58,NA,104,104,80
NA,2020,July,2,184,Cook Bay,Eastern Kodiak,57.77462,-152.25735,58,NA,105,105,79
NA,2020,July,2,184,Cook Bay,Eastern Kodiak,57.77462,-152.25735,58,NA,105,105,79
NA,2021,July,15,196,Cook Bay,Eastern Kodiak,57.77462,-152.25735,58,NA,105,105,91
NA,2023,July,14,195,Cook Bay,Eastern Kodiak,57.77462,-152.25735,58,NA,105,105,90
NA,2023,July,14,195,Cook Bay,Eastern Kodiak,57.77462,-152.25735,58,NA,105,105,90
NA,2023,July,14,195,Cook Bay,Eastern Kodiak,57.77462,-152.25735,58,NA,108,108,87
NA,2023,July,14,195,Cook Bay,Eastern Kodiak,57.77462,-152.25735,58,NA,105,105,90
NA,2020,July,2,184,Cook Bay,Eastern Kodiak,57.77462,-152.25735,57,NA,103,103,81
NA,2020,July,2,184,Cook Bay,Eastern Kodiak,57.77462,-152.25735,57,NA,106,106,78
NA,2020,July,2,184,Cook Bay,Eastern Kodiak,57.77462,-152.25735,57,NA,103,103,81
NA,2020,July,2,184,Cook Bay,Eastern Kodiak,57.77462,-152.25735,57,NA,104,104,80
NA,2023,July,14,195,Cook Bay,Eastern Kodiak,57.77462,-152.25735,57,NA,107,107,88
NA,2023,July,14,195,Cook Bay,Eastern Kodiak,57.77462,-152.25735,57,NA,107,107,88
NA,2023,July,14,195,Cook Bay,Eastern Kodiak,57.77462,-152.25735,57,NA,104,104,91
NA,2020,July,2,184,Cook Bay,Eastern Kodiak,57.77462,-152.25735,56,NA,101,101,83
NA,2020,July,2,184,Cook Bay,Eastern Kodiak,57.77462,-152.25735,56,NA,103,103,81
NA,2021,July,14,195,Cook Bay,Eastern Kodiak,57.77462,-152.25735,56,NA,102,102,93
NA,2021,July,14,195,Cook Bay,Eastern Kodiak,57.77462,-152.25735,56,NA,101,101,94
NA,2021,July,14,195,Cook Bay,Eastern Kodiak,57.77462,-152.25735,56,NA,103,103,92
NA,2020,July,2,184,Cook Bay,Eastern Kodiak,57.77462,-152.25735,55,NA,100,100,84
NA,2020,July,2,184,Cook Bay,Eastern Kodiak,57.77462,-152.25735,55,NA,103,103,81
NA,2020,July,2,184,Cook Bay,Eastern Kodiak,57.77462,-152.25735,55,NA,103,103,81
NA,2021,July,14,195,Cook Bay,Eastern Kodiak,57.77462,-152.25735,55,NA,101,101,94
NA,2021,July,14,195,Cook Bay,Eastern Kodiak,57.77462,-152.25735,55,NA,101,101,94
NA,2021,July,14,195,Cook Bay,Eastern Kodiak,57.77462,-152.25735,55,NA,102,102,93
NA,2023,July,14,195,Cook Bay,Eastern Kodiak,57.77462,-152.25735,55,NA,104,104,91
NA,2023,July,14,195,Cook Bay,Eastern Kodiak,57.77462,-152.25735,55,NA,102,102,93
NA,2023,July,14,195,Cook Bay,Eastern Kodiak,57.77462,-152.25735,55,NA,101,101,94
NA,2023,July,14,195,Cook Bay,Eastern Kodiak,57.77462,-152.25735,55,NA,104,104,91
NA,2023,July,14,195,Cook Bay,Eastern Kodiak,57.77462,-152.25735,55,NA,103,103,92
NA,2023,July,14,195,Cook Bay,Eastern Kodiak,57.77462,-152.25735,55,NA,102,102,93
NA,2023,July,14,195,Cook Bay,Eastern Kodiak,57.77462,-152.25735,55,NA,105,105,90
NA,2023,July,14,195,Cook Bay,Eastern Kodiak,57.77462,-152.25735,55,NA,105,105,90
NA,2020,July,2,184,Cook Bay,Eastern Kodiak,57.77462,-152.25735,54,NA,100,100,84
NA,2020,July,2,184,Cook Bay,Eastern Kodiak,57.77462,-152.25735,54,NA,98,98,86
NA,2021,July,14,195,Cook Bay,Eastern Kodiak,57.77462,-152.25735,54,NA,99,99,96
NA,2021,July,14,195,Cook Bay,Eastern Kodiak,57.77462,-152.25735,54,NA,100,100,95
NA,2021,July,14,195,Cook Bay,Eastern Kodiak,57.77462,-152.25735,54,NA,100,100,95
NA,2021,July,14,195,Cook Bay,Eastern Kodiak,57.77462,-152.25735,54,NA,100,100,95
NA,2023,July,14,195,Cook Bay,Eastern Kodiak,57.77462,-152.25735,54,NA,100,100,95
NA,2023,July,14,195,Cook Bay,Eastern Kodiak,57.77462,-152.25735,54,NA,100,100,95
NA,2023,July,14,195,Cook Bay,Eastern Kodiak,57.77462,-152.25735,54,NA,101,101,94
NA,2023,July,14,195,Cook Bay,Eastern Kodiak,57.77462,-152.25735,54,NA,102,102,93
NA,2023,July,14,195,Cook Bay,Eastern Kodiak,57.77462,-152.25735,54,NA,103,103,92
NA,2020,July,2,184,Cook Bay,Eastern Kodiak,57.77462,-152.25735,53,NA,100,100,84
NA,2020,July,2,184,Cook Bay,Eastern Kodiak,57.77462,-152.25735,53,NA,100,100,84
NA,2021,July,14,195,Cook Bay,Eastern Kodiak,57.77462,-152.25735,53,NA,99,99,96
NA,2023,July,14,195,Cook Bay,Eastern Kodiak,57.77462,-152.25735,53,NA,100,100,95
NA,2023,July,14,195,Cook Bay,Eastern Kodiak,57.77462,-152.25735,53,NA,100,100,95
NA,2023,July,14,195,Cook Bay,Eastern Kodiak,57.77462,-152.25735,53,NA,100,100,95
NA,2023,July,14,195,Cook Bay,Eastern Kodiak,57.77462,-152.25735,53,NA,98,98,97
NA,2023,July,14,195,Cook Bay,Eastern Kodiak,57.77462,-152.25735,53,NA,99,99,96
NA,2020,July,2,184,Cook Bay,Eastern Kodiak,57.77462,-152.25735,52,NA,96,96,88
NA,2020,July,2,184,Cook Bay,Eastern Kodiak,57.77462,-152.25735,52,NA,96,96,88
NA,2021,July,14,195,Cook Bay,Eastern Kodiak,57.77462,-152.25735,52,NA,97,97,98
NA,2021,July,14,195,Cook Bay,Eastern Kodiak,57.77462,-152.25735,52,NA,98,98,97
NA,2021,July,14,195,Cook Bay,Eastern Kodiak,57.77462,-152.25735,52,NA,97,97,98
NA,2021,July,14,195,Cook Bay,Eastern Kodiak,57.77462,-152.25735,52,NA,99,99,96
NA,2021,July,14,195,Cook Bay,Eastern Kodiak,57.77462,-152.25735,52,NA,96,96,99
NA,2023,July,14,195,Cook Bay,Eastern Kodiak,57.77462,-152.25735,52,NA,98,98,97
NA,2023,July,14,195,Cook Bay,Eastern Kodiak,57.77462,-152.25735,52,NA,98,98,97
NA,2023,July,14,195,Cook Bay,Eastern Kodiak,57.77462,-152.25735,52,NA,97,97,98
NA,2023,July,14,195,Cook Bay,Eastern Kodiak,57.77462,-152.25735,52,NA,97,97,98
NA,2023,July,14,195,Cook Bay,Eastern Kodiak,57.77462,-152.25735,52,NA,100,100,95
NA,2023,July,14,195,Cook Bay,Eastern Kodiak,57.77462,-152.25735,52,NA,100,100,95
NA,2023,July,14,195,Cook Bay,Eastern Kodiak,57.77462,-152.25735,52,NA,100,100,95
NA,2023,July,14,195,Cook Bay,Eastern Kodiak,57.77462,-152.25735,52,NA,99,99,96
NA,2021,July,14,195,Cook Bay,Eastern Kodiak,57.77462,-152.25735,51,NA,97,97,98
NA,2023,July,14,195,Cook Bay,Eastern Kodiak,57.77462,-152.25735,51,NA,96,96,99
NA,2023,July,14,195,Cook Bay,Eastern Kodiak,57.77462,-152.25735,51,NA,99,99,96
NA,2020,July,2,184,Cook Bay,Eastern Kodiak,57.77462,-152.25735,50,NA,97,97,87
NA,2021,July,14,195,Cook Bay,Eastern Kodiak,57.77462,-152.25735,50,NA,96,96,99
NA,2021,July,14,195,Cook Bay,Eastern Kodiak,57.77462,-152.25735,50,NA,93,93,102
NA,2023,July,14,195,Cook Bay,Eastern Kodiak,57.77462,-152.25735,50,NA,98,98,97
NA,2023,July,14,195,Cook Bay,Eastern Kodiak,57.77462,-152.25735,50,NA,94,94,101
NA,2023,July,14,195,Cook Bay,Eastern Kodiak,57.77462,-152.25735,50,NA,94,94,101
NA,2023,July,14,195,Cook Bay,Eastern Kodiak,57.77462,-152.25735,50,NA,94,94,101
NA,2023,July,14,195,Cook Bay,Eastern Kodiak,57.77462,-152.25735,50,NA,96,96,99
NA,2023,July,14,195,Cook Bay,Eastern Kodiak,57.77462,-152.25735,50,NA,95,95,100
NA,2021,July,14,195,Cook Bay,Eastern Kodiak,57.77462,-152.25735,49,NA,94,94,101
NA,2021,July,15,196,Cook Bay,Eastern Kodiak,57.77462,-152.25735,49,NA,92,92,104
NA,2023,July,14,195,Cook Bay,Eastern Kodiak,57.77462,-152.25735,49,NA,97,97,98
NA,2023,July,14,195,Cook Bay,Eastern Kodiak,57.77462,-152.25735,49,NA,96,96,99
NA,2023,July,14,195,Cook Bay,Eastern Kodiak,57.77462,-152.25735,49,NA,93,93,102
NA,2023,July,14,195,Cook Bay,Eastern Kodiak,57.77462,-152.25735,49,NA,92,92,103
NA,2020,July,2,184,Cook Bay,Eastern Kodiak,57.77462,-152.25735,48,NA,91,91,93
NA,2021,July,14,195,Cook Bay,Eastern Kodiak,57.77462,-152.25735,48,NA,93,93,102
NA,2023,July,14,195,Cook Bay,Eastern Kodiak,57.77462,-152.25735,48,NA,95,95,100
NA,2023,July,14,195,Cook Bay,Eastern Kodiak,57.77462,-152.25735,48,NA,93,93,102
NA,2023,July,14,195,Cook Bay,Eastern Kodiak,57.77462,-152.25735,48,NA,92,92,103
NA,2021,July,14,195,Cook Bay,Eastern Kodiak,57.77462,-152.25735,47,NA,91,91,104
NA,2021,July,14,195,Cook Bay,Eastern Kodiak,57.77462,-152.25735,47,NA,89,89,106
NA,2021,July,15,196,Cook Bay,Eastern Kodiak,57.77462,-152.25735,47,NA,90,90,106
NA,2023,July,14,195,Cook Bay,Eastern Kodiak,57.77462,-152.25735,47,NA,93,93,102
NA,2023,July,14,195,Cook Bay,Eastern Kodiak,57.77462,-152.25735,46,NA,93,93,102
NA,2023,July,14,195,Cook Bay,Eastern Kodiak,57.77462,-152.25735,46,NA,90,90,105
NA,2020,July,2,184,Cook Bay,Eastern Kodiak,57.77462,-152.25735,45,NA,86,86,98
NA,2021,July,14,195,Cook Bay,Eastern Kodiak,57.77462,-152.25735,45,NA,87,87,108
NA,2021,July,14,195,Cook Bay,Eastern Kodiak,57.77462,-152.25735,45,NA,86,86,109
NA,2021,July,14,195,Cook Bay,Eastern Kodiak,57.77462,-152.25735,45,NA,90,90,105
NA,2021,July,14,195,Cook Bay,Eastern Kodiak,57.77462,-152.25735,45,NA,88,88,107
NA,2023,July,14,195,Cook Bay,Eastern Kodiak,57.77462,-152.25735,45,NA,90,90,105
NA,2023,July,14,195,Cook Bay,Eastern Kodiak,57.77462,-152.25735,45,NA,92,92,103
NA,2023,July,14,195,Cook Bay,Eastern Kodiak,57.77462,-152.25735,45,NA,87,87,108
NA,2021,July,14,195,Cook Bay,Eastern Kodiak,57.77462,-152.25735,44,NA,87,87,108
NA,2021,July,14,195,Cook Bay,Eastern Kodiak,57.77462,-152.25735,44,NA,87,87,108
NA,2023,July,14,195,Cook Bay,Eastern Kodiak,57.77462,-152.25735,44,NA,89,89,106
NA,2023,July,14,195,Cook Bay,Eastern Kodiak,57.77462,-152.25735,44,NA,86,86,109
NA,2023,July,14,195,Cook Bay,Eastern Kodiak,57.77462,-152.25735,44,NA,87,87,108
NA,2021,July,14,195,Cook Bay,Eastern Kodiak,57.77462,-152.25735,43,NA,84,84,111
NA,2021,July,15,196,Cook Bay,Eastern Kodiak,57.77462,-152.25735,43,NA,84,84,112
NA,2023,July,14,195,Cook Bay,Eastern Kodiak,57.77462,-152.25735,43,NA,89,89,106
NA,2023,July,14,195,Cook Bay,Eastern Kodiak,57.77462,-152.25735,43,NA,87,87,108
NA,2023,July,14,195,Cook Bay,Eastern Kodiak,57.77462,-152.25735,43,NA,89,89,106
NA,2023,July,14,195,Cook Bay,Eastern Kodiak,57.77462,-152.25735,43,NA,89,89,106
NA,2023,July,14,195,Cook Bay,Eastern Kodiak,57.77462,-152.25735,43,NA,85,85,110
NA,2021,July,14,195,Cook Bay,Eastern Kodiak,57.77462,-152.25735,42,NA,84,84,111
NA,2023,July,14,195,Cook Bay,Eastern Kodiak,57.77462,-152.25735,42,NA,86,86,109
NA,2023,July,14,195,Cook Bay,Eastern Kodiak,57.77462,-152.25735,42,NA,88,88,107
NA,2023,July,14,195,Cook Bay,Eastern Kodiak,57.77462,-152.25735,42,NA,83,83,112
NA,2023,July,14,195,Cook Bay,Eastern Kodiak,57.77462,-152.25735,42,NA,84,84,111
NA,2023,July,14,195,Cook Bay,Eastern Kodiak,57.77462,-152.25735,42,NA,83,83,112
NA,2023,July,14,195,Cook Bay,Eastern Kodiak,57.77462,-152.25735,42,NA,84,84,111
NA,2021,July,15,196,Cook Bay,Eastern Kodiak,57.77462,-152.25735,41,NA,81,81,115
NA,2023,July,14,195,Cook Bay,Eastern Kodiak,57.77462,-152.25735,41,NA,84,84,111
NA,2023,July,14,195,Cook Bay,Eastern Kodiak,57.77462,-152.25735,41,NA,84,84,111
NA,2023,July,14,195,Cook Bay,Eastern Kodiak,57.77462,-152.25735,41,NA,86,86,109
NA,2021,July,14,195,Cook Bay,Eastern Kodiak,57.77462,-152.25735,40,NA,81,81,114
NA,2021,July,14,195,Cook Bay,Eastern Kodiak,57.77462,-152.25735,40,NA,82,82,113
NA,2023,July,14,195,Cook Bay,Eastern Kodiak,57.77462,-152.25735,40,NA,83,83,112
NA,2023,July,14,195,Cook Bay,Eastern Kodiak,57.77462,-152.25735,40,NA,82,82,113
NA,2023,July,14,195,Cook Bay,Eastern Kodiak,57.77462,-152.25735,40,NA,82,82,113
NA,2023,July,14,195,Cook Bay,Eastern Kodiak,57.77462,-152.25735,40,NA,81,81,114
NA,2023,July,14,195,Cook Bay,Eastern Kodiak,57.77462,-152.25735,40,NA,84,84,111
NA,2021,July,15,196,Cook Bay,Eastern Kodiak,57.77462,-152.25735,39,NA,81,81,115
NA,2023,July,14,195,Cook Bay,Eastern Kodiak,57.77462,-152.25735,39,NA,82,82,113
NA,2023,July,14,195,Cook Bay,Eastern Kodiak,57.77462,-152.25735,39,NA,79,79,116
NA,2023,July,14,195,Cook Bay,Eastern Kodiak,57.77462,-152.25735,37,NA,78,78,117
NA,2023,July,14,195,Cook Bay,Eastern Kodiak,57.77462,-152.25735,36,NA,79,79,116
NA,2023,July,14,195,Cook Bay,Eastern Kodiak,57.77462,-152.25735,34,NA,78,78,117
NA,2023,July,14,195,Cook Bay,Eastern Kodiak,57.77462,-152.25735,34,NA,76,76,119
NA,2023,July,14,195,Cook Bay,Eastern Kodiak,57.77462,-152.25735,34,NA,76,76,119
NA,2023,July,14,195,Cook Bay,Eastern Kodiak,57.77462,-152.25735,33,NA,73,73,122
NA,2020,July,2,184,Cook Bay,Eastern Kodiak,57.77958,-152.00429,67,NA,116,116,68
NA,2020,July,2,184,Cook Bay,Eastern Kodiak,57.77958,-152.00429,63,NA,110,110,74
NA,2020,July,2,184,Cook Bay,Eastern Kodiak,57.77958,-152.00429,54,NA,98,98,86
NA,2020,July,2,184,Cook Bay,Eastern Kodiak,57.77958,-152.00429,52,NA,96,96,88
NA,2020,July,2,184,Cook Bay,Eastern Kodiak,57.77958,-152.00429,52,NA,99,99,85
NA,2020,July,2,184,Cook Bay,Eastern Kodiak,57.77958,-152.00429,52,NA,96,96,88
NA,2020,July,2,184,Cook Bay,Eastern Kodiak,57.77958,-152.00429,51,NA,94,94,90
NA,2023,July,14,195,Cook Bay,Eastern Kodiak,57.77958,-152.00429,51,NA,100,100,95
NA,2023,July,14,195,Cook Bay,Eastern Kodiak,57.77958,-152.00429,50,NA,98,98,97
NA,2023,July,14,195,Cook Bay,Eastern Kodiak,57.77958,-152.00429,42,NA,84,84,111
NA,2023,July,14,195,Cook Bay,Eastern Kodiak,57.77958,-152.00429,41,NA,85,85,110
NA,2021,July,14,195,Cook Bay,Eastern Kodiak,57.77958,-152.00429,40,NA,83,83,112
NA,2023,July,14,195,Cook Bay,Eastern Kodiak,57.77958,-152.00429,39,NA,84,84,111
NA,2021,July,10,191,Anton Larsen Bay,Eastern Kodiak,57.88288,-152.62508,71,NA,122,122,69
NA,2022,July,14,195,Anton Larsen Bay,Eastern Kodiak,57.88288,-152.62508,68,NA,122,122,73
NA,2021,July,10,191,Anton Larsen Bay,Eastern Kodiak,57.88288,-152.62508,67,NA,118,118,73
NA,2022,July,13,194,Anton Larsen Bay,Eastern Kodiak,57.88288,-152.62508,67,NA,117,117,77
NA,2023,July,17,198,Anton Larsen Bay,Eastern Kodiak,57.88288,-152.62508,58,NA,105,105,93
NA,2023,July,15,196,Anton Larsen Bay,Eastern Kodiak,57.88288,-152.62508,57,NA,108,108,88
NA,2021,July,9,190,Anton Larsen Bay,Eastern Kodiak,57.88288,-152.62508,56,NA,102,102,88
NA,2021,July,9,190,Anton Larsen Bay,Eastern Kodiak,57.88288,-152.62508,53,NA,97,97,93
NA,2021,July,9,190,Anton Larsen Bay,Eastern Kodiak,57.88288,-152.62508,52,NA,98,98,92
NA,2023,July,15,196,Anton Larsen Bay,Eastern Kodiak,57.88288,-152.62508,52,NA,101,101,95
NA,2023,July,17,198,Anton Larsen Bay,Eastern Kodiak,57.88288,-152.62508,45,NA,92,92,106
NA,2021,July,9,190,Anton Larsen Bay,Eastern Kodiak,57.88288,-152.62508,44,NA,85,85,105
NA,2023,July,15,196,Anton Larsen Bay,Eastern Kodiak,57.88288,-152.62508,44,NA,88,88,108
NA,2023,July,17,198,Anton Larsen Bay,Eastern Kodiak,57.88288,-152.62508,44,NA,89,89,109
NA,2023,July,15,196,Anton Larsen Bay,Eastern Kodiak,57.88288,-152.62508,43,NA,88,88,108
NA,2021,July,9,190,Anton Larsen Bay,Eastern Kodiak,57.88288,-152.62508,42,NA,84,84,106
NA,2023,July,17,198,Anton Larsen Bay,Eastern Kodiak,57.88288,-152.62508,42,NA,87,87,111
NA,2021,July,9,190,Anton Larsen Bay,Eastern Kodiak,57.88288,-152.62508,41,NA,81,81,109
NA,2021,July,9,190,Anton Larsen Bay,Eastern Kodiak,57.88288,-152.62508,41,NA,80,80,110
NA,2021,July,9,190,Anton Larsen Bay,Eastern Kodiak,57.88288,-152.62508,41,NA,81,81,109
NA,2021,July,10,191,Anton Larsen Bay,Eastern Kodiak,57.88288,-152.62508,41,NA,81,81,110
NA,2023,July,15,196,Anton Larsen Bay,Eastern Kodiak,57.88288,-152.62508,41,NA,82,82,114
NA,2021,July,9,190,Anton Larsen Bay,Eastern Kodiak,57.88288,-152.62508,40,NA,80,80,110
NA,2021,July,10,191,Anton Larsen Bay,Eastern Kodiak,57.88288,-152.62508,40,NA,81,81,110
NA,2021,July,9,190,Anton Larsen Bay,Eastern Kodiak,57.88288,-152.62508,39,NA,79,79,111
NA,2021,July,9,190,Anton Larsen Bay,Eastern Kodiak,57.88288,-152.62508,39,NA,82,82,108
NA,2021,July,9,190,Anton Larsen Bay,Eastern Kodiak,57.88288,-152.62508,37,NA,76,76,114
NA,2021,July,10,191,Anton Larsen Bay,Eastern Kodiak,57.88288,-152.62508,37,NA,77,77,114
NA,2022,July,13,194,Anton Larsen Bay,Eastern Kodiak,57.88288,-152.62508,37,NA,81,81,113
NA,2023,July,15,196,Anton Larsen Bay,Eastern Kodiak,57.88288,-152.62508,37,NA,78,78,118
NA,2023,July,17,198,Anton Larsen Bay,Eastern Kodiak,57.88288,-152.62508,37,NA,80,80,118
NA,2021,July,9,190,Anton Larsen Bay,Eastern Kodiak,57.88288,-152.62508,32,NA,69,69,121
NA,2018,July,17,198,Cook Bay,Eastern Kodiak,57.76952,-152.27667,77,NA,140,140,58
NA,2018,July,17,198,Cook Bay,Eastern Kodiak,57.76952,-152.27667,76,NA,139,139,59
NA,2018,July,17,198,Cook Bay,Eastern Kodiak,57.76952,-152.27667,75,NA,140,140,58
NA,2018,July,17,198,Cook Bay,Eastern Kodiak,57.76952,-152.27667,75,NA,138,138,60
NA,2018,July,17,198,Cook Bay,Eastern Kodiak,57.76952,-152.27667,72,NA,136,136,62
NA,2018,July,17,198,Cook Bay,Eastern Kodiak,57.76952,-152.27667,72,NA,135,135,63
NA,2022,July,15,196,Cook Bay,Eastern Kodiak,57.76952,-152.27667,72,NA,125,125,71
NA,2022,July,15,196,Cook Bay,Eastern Kodiak,57.76952,-152.27667,71,NA,124,124,72
NA,2018,July,17,198,Cook Bay,Eastern Kodiak,57.76952,-152.27667,70,NA,134,134,64
NA,2018,July,17,198,Cook Bay,Eastern Kodiak,57.76952,-152.27667,70,NA,133,133,65
NA,2018,July,17,198,Cook Bay,Eastern Kodiak,57.76952,-152.27667,70,NA,132,132,66
NA,2018,July,17,198,Cook Bay,Eastern Kodiak,57.76952,-152.27667,70,NA,130,130,68
NA,2018,July,17,198,Cook Bay,Eastern Kodiak,57.76952,-152.27667,70,NA,133,133,65
NA,2018,July,17,198,Cook Bay,Eastern Kodiak,57.76952,-152.27667,70,NA,131,131,67
NA,2018,July,17,198,Cook Bay,Eastern Kodiak,57.76952,-152.27667,70,NA,130,130,68
NA,2022,July,15,196,Cook Bay,Eastern Kodiak,57.76952,-152.27667,70,NA,123,123,73
NA,2022,July,15,196,Cook Bay,Eastern Kodiak,57.76952,-152.27667,70,NA,121,121,75
NA,2018,July,17,198,Cook Bay,Eastern Kodiak,57.76952,-152.27667,69,NA,130,130,68
NA,2018,July,17,198,Cook Bay,Eastern Kodiak,57.76952,-152.27667,69,NA,131,131,67
NA,2018,July,17,198,Cook Bay,Eastern Kodiak,57.76952,-152.27667,69,NA,129,129,69
NA,2018,July,17,198,Cook Bay,Eastern Kodiak,57.76952,-152.27667,68,NA,131,131,67
NA,2022,July,15,196,Cook Bay,Eastern Kodiak,57.76952,-152.27667,68,NA,119,119,77
NA,2018,July,17,198,Cook Bay,Eastern Kodiak,57.76952,-152.27667,67,NA,129,129,69
NA,2022,July,15,196,Cook Bay,Eastern Kodiak,57.76952,-152.27667,67,NA,120,120,76
NA,2018,July,17,198,Cook Bay,Eastern Kodiak,57.76952,-152.27667,66,NA,127,127,71
NA,2018,July,17,198,Cook Bay,Eastern Kodiak,57.76952,-152.27667,66,NA,127,127,71
NA,2018,July,17,198,Cook Bay,Eastern Kodiak,57.76952,-152.27667,65,NA,124,124,74
NA,2018,July,17,198,Cook Bay,Eastern Kodiak,57.76952,-152.27667,65,NA,126,126,72
NA,2018,July,17,198,Cook Bay,Eastern Kodiak,57.76952,-152.27667,65,NA,125,125,73
NA,2018,July,17,198,Cook Bay,Eastern Kodiak,57.76952,-152.27667,65,NA,124,124,74
NA,2018,July,17,198,Cook Bay,Eastern Kodiak,57.76952,-152.27667,65,NA,126,126,72
NA,2022,July,15,196,Cook Bay,Eastern Kodiak,57.76952,-152.27667,65,NA,118,118,78
NA,2022,July,15,196,Cook Bay,Eastern Kodiak,57.76952,-152.27667,65,NA,118,118,78
NA,2022,July,15,196,Cook Bay,Eastern Kodiak,57.76952,-152.27667,65,NA,116,116,80
NA,2018,July,17,198,Cook Bay,Eastern Kodiak,57.76952,-152.27667,63,NA,123,123,75
NA,2022,July,15,196,Cook Bay,Eastern Kodiak,57.76952,-152.27667,63,NA,113,113,83
NA,2022,July,15,196,Cook Bay,Eastern Kodiak,57.76952,-152.27667,63,NA,115,115,81
NA,2018,July,17,198,Cook Bay,Eastern Kodiak,57.76952,-152.27667,62,NA,122,122,76
NA,2018,July,17,198,Cook Bay,Eastern Kodiak,57.76952,-152.27667,62,NA,121,121,77
NA,2022,July,15,196,Cook Bay,Eastern Kodiak,57.76952,-152.27667,62,NA,113,113,83
NA,2022,July,15,196,Cook Bay,Eastern Kodiak,57.76952,-152.27667,61,NA,112,112,84
NA,2022,July,15,196,Cook Bay,Eastern Kodiak,57.76952,-152.27667,61,NA,109,109,87
NA,2022,July,15,196,Cook Bay,Eastern Kodiak,57.76952,-152.27667,61,NA,110,110,86
NA,2023,July,16,197,Cook Bay,Eastern Kodiak,57.76952,-152.27667,61,NA,111,111,86
NA,2018,July,17,198,Cook Bay,Eastern Kodiak,57.76952,-152.27667,60,NA,118,118,80
NA,2018,July,17,198,Cook Bay,Eastern Kodiak,57.76952,-152.27667,60,NA,121,121,77
NA,2018,July,17,198,Cook Bay,Eastern Kodiak,57.76952,-152.27667,60,NA,120,120,78
NA,2018,July,17,198,Cook Bay,Eastern Kodiak,57.76952,-152.27667,60,NA,121,121,77
NA,2018,July,17,198,Cook Bay,Eastern Kodiak,57.76952,-152.27667,60,NA,118,118,80
NA,2022,July,15,196,Cook Bay,Eastern Kodiak,57.76952,-152.27667,60,NA,112,112,84
NA,2022,July,15,196,Cook Bay,Eastern Kodiak,57.76952,-152.27667,60,NA,109,109,87
NA,2022,July,15,196,Cook Bay,Eastern Kodiak,57.76952,-152.27667,60,NA,110,110,86
NA,2022,July,15,196,Cook Bay,Eastern Kodiak,57.76952,-152.27667,60,NA,112,112,84
NA,2022,July,15,196,Cook Bay,Eastern Kodiak,57.76952,-152.27667,60,NA,109,109,87
NA,2023,July,16,197,Cook Bay,Eastern Kodiak,57.76952,-152.27667,60,NA,109,109,88
NA,2018,July,17,198,Cook Bay,Eastern Kodiak,57.76952,-152.27667,59,NA,117,117,81
NA,2022,July,15,196,Cook Bay,Eastern Kodiak,57.76952,-152.27667,59,NA,109,109,87
NA,2018,July,17,198,Cook Bay,Eastern Kodiak,57.76952,-152.27667,58,NA,118,118,80
NA,2018,July,17,198,Cook Bay,Eastern Kodiak,57.76952,-152.27667,58,NA,116,116,82
NA,2018,July,17,198,Cook Bay,Eastern Kodiak,57.76952,-152.27667,57,NA,114,114,84
NA,2023,July,16,197,Cook Bay,Eastern Kodiak,57.76952,-152.27667,57,NA,106,106,91
NA,2018,July,17,198,Cook Bay,Eastern Kodiak,57.76952,-152.27667,56,NA,116,116,82
NA,2018,July,17,198,Cook Bay,Eastern Kodiak,57.76952,-152.27667,56,NA,113,113,85
NA,2018,July,17,198,Cook Bay,Eastern Kodiak,57.76952,-152.27667,56,NA,113,113,85
NA,2023,July,16,197,Cook Bay,Eastern Kodiak,57.76952,-152.27667,56,NA,106,106,91
NA,2018,July,17,198,Cook Bay,Eastern Kodiak,57.76952,-152.27667,55,NA,114,114,84
NA,2018,July,17,198,Cook Bay,Eastern Kodiak,57.76952,-152.27667,55,NA,111,111,87
NA,2018,July,17,198,Cook Bay,Eastern Kodiak,57.76952,-152.27667,55,NA,111,111,87
NA,2018,July,17,198,Cook Bay,Eastern Kodiak,57.76952,-152.27667,55,NA,113,113,85
NA,2018,July,17,198,Cook Bay,Eastern Kodiak,57.76952,-152.27667,55,NA,112,112,86
NA,2018,July,17,198,Cook Bay,Eastern Kodiak,57.76952,-152.27667,55,NA,113,113,85
NA,2018,July,17,198,Cook Bay,Eastern Kodiak,57.76952,-152.27667,55,NA,113,113,85
NA,2018,July,17,198,Cook Bay,Eastern Kodiak,57.76952,-152.27667,55,NA,111,111,87
NA,2018,July,17,198,Cook Bay,Eastern Kodiak,57.76952,-152.27667,55,NA,111,111,87
NA,2022,July,15,196,Cook Bay,Eastern Kodiak,57.76952,-152.27667,55,NA,104,104,92
NA,2022,July,15,196,Cook Bay,Eastern Kodiak,57.76952,-152.27667,55,NA,105,105,91
NA,2022,July,15,196,Cook Bay,Eastern Kodiak,57.76952,-152.27667,55,NA,104,104,92
NA,2023,July,16,197,Cook Bay,Eastern Kodiak,57.76952,-152.27667,55,NA,101,101,96
NA,2023,July,16,197,Cook Bay,Eastern Kodiak,57.76952,-152.27667,55,NA,101,101,96
NA,2018,July,17,198,Cook Bay,Eastern Kodiak,57.76952,-152.27667,53,NA,110,110,88
NA,2023,July,16,197,Cook Bay,Eastern Kodiak,57.76952,-152.27667,53,NA,103,103,94
NA,2018,July,17,198,Cook Bay,Eastern Kodiak,57.76952,-152.27667,52,NA,109,109,89
NA,2023,July,16,197,Cook Bay,Eastern Kodiak,57.76952,-152.27667,52,NA,97,97,100
NA,2023,July,16,197,Cook Bay,Eastern Kodiak,57.76952,-152.27667,51,NA,96,96,101
NA,2018,July,17,198,Cook Bay,Eastern Kodiak,57.76952,-152.27667,50,NA,108,108,90
NA,2021,July,15,196,Cook Bay,Eastern Kodiak,57.76952,-152.27667,50,NA,94,94,102
NA,2023,July,16,197,Cook Bay,Eastern Kodiak,57.76952,-152.27667,50,NA,96,96,101
NA,2018,July,17,198,Cook Bay,Eastern Kodiak,57.76952,-152.27667,49,NA,106,106,92
NA,2018,July,17,198,Cook Bay,Eastern Kodiak,57.76952,-152.27667,49,NA,106,106,92
NA,2018,July,17,198,Cook Bay,Eastern Kodiak,57.76952,-152.27667,48,NA,103,103,95
NA,2023,July,16,197,Cook Bay,Eastern Kodiak,57.76952,-152.27667,48,NA,94,94,103
NA,2023,July,16,197,Cook Bay,Eastern Kodiak,57.76952,-152.27667,47,NA,94,94,103
NA,2023,July,16,197,Cook Bay,Eastern Kodiak,57.76952,-152.27667,47,NA,94,94,103
NA,2023,July,16,197,Cook Bay,Eastern Kodiak,57.76952,-152.27667,46,NA,94,94,103
NA,2018,July,17,198,Cook Bay,Eastern Kodiak,57.76952,-152.27667,45,NA,100,100,98
NA,2023,July,16,197,Cook Bay,Eastern Kodiak,57.76952,-152.27667,45,NA,88,88,109
NA,2023,July,16,197,Cook Bay,Eastern Kodiak,57.76952,-152.27667,44,NA,87,87,110
NA,2023,July,16,197,Cook Bay,Eastern Kodiak,57.76952,-152.27667,43,NA,86,86,111
NA,2023,July,16,197,Cook Bay,Eastern Kodiak,57.76952,-152.27667,43,NA,86,86,111
NA,2023,July,16,197,Cook Bay,Eastern Kodiak,57.76952,-152.27667,42,NA,88,88,109
NA,2023,July,16,197,Cook Bay,Eastern Kodiak,57.76952,-152.27667,40,NA,83,83,114
NA,2023,July,16,197,Cook Bay,Eastern Kodiak,57.76952,-152.27667,40,NA,84,84,113
NA,2023,July,16,197,Cook Bay,Eastern Kodiak,57.76952,-152.27667,40,NA,83,83,114
NA,2023,July,16,197,Cook Bay,Eastern Kodiak,57.76952,-152.27667,39,NA,83,83,114
NA,2023,July,16,197,Cook Bay,Eastern Kodiak,57.76952,-152.27667,38,NA,81,81,116
NA,2023,July,16,197,Cook Bay,Eastern Kodiak,57.76952,-152.27667,38,NA,83,83,114
NA,2023,July,16,197,Cook Bay,Eastern Kodiak,57.76952,-152.27667,38,NA,84,84,113
NA,2023,July,16,197,Cook Bay,Eastern Kodiak,57.76952,-152.27667,38,NA,80,80,117
NA,2023,July,16,197,Cook Bay,Eastern Kodiak,57.76952,-152.27667,37,NA,79,79,118
NA,2023,July,16,197,Cook Bay,Eastern Kodiak,57.76952,-152.27667,32,NA,72,72,125
NA,2018,July,16,197,Cook Bay,Eastern Kodiak,57.77552,-152.25595,78,NA,143,143,54
NA,2018,July,16,197,Cook Bay,Eastern Kodiak,57.77552,-152.25595,75,NA,139,139,58
NA,2018,July,16,197,Cook Bay,Eastern Kodiak,57.77552,-152.25595,74,NA,137,137,60
NA,2022,July,15,196,Cook Bay,Eastern Kodiak,57.77552,-152.25595,72,NA,126,126,70
NA,2022,July,16,197,Cook Bay,Eastern Kodiak,57.77552,-152.25595,72,NA,125,125,72
NA,2018,July,16,197,Cook Bay,Eastern Kodiak,57.77552,-152.25595,71,NA,133,133,64
NA,2022,July,16,197,Cook Bay,Eastern Kodiak,57.77552,-152.25595,71,NA,122,122,75
NA,2018,July,16,197,Cook Bay,Eastern Kodiak,57.77552,-152.25595,70,NA,130,130,67
NA,2018,July,16,197,Cook Bay,Eastern Kodiak,57.77552,-152.25595,70,NA,131,131,66
NA,2022,July,16,197,Cook Bay,Eastern Kodiak,57.77552,-152.25595,70,NA,123,123,74
NA,2018,July,16,197,Cook Bay,Eastern Kodiak,57.77552,-152.25595,69,NA,132,132,65
NA,2018,July,16,197,Cook Bay,Eastern Kodiak,57.77552,-152.25595,69,NA,132,132,65
NA,2018,July,16,197,Cook Bay,Eastern Kodiak,57.77552,-152.25595,69,NA,131,131,66
NA,2018,July,16,197,Cook Bay,Eastern Kodiak,57.77552,-152.25595,68,NA,131,131,66
NA,2018,July,16,197,Cook Bay,Eastern Kodiak,57.77552,-152.25595,68,NA,127,127,70
NA,2018,July,16,197,Cook Bay,Eastern Kodiak,57.77552,-152.25595,68,NA,130,130,67
NA,2018,July,16,197,Cook Bay,Eastern Kodiak,57.77552,-152.25595,68,NA,128,128,69
NA,2018,July,16,197,Cook Bay,Eastern Kodiak,57.77552,-152.25595,68,NA,131,131,66
NA,2018,July,16,197,Cook Bay,Eastern Kodiak,57.77552,-152.25595,68,NA,129,129,68
NA,2018,July,16,197,Cook Bay,Eastern Kodiak,57.77552,-152.25595,68,NA,129,129,68
NA,2022,July,16,197,Cook Bay,Eastern Kodiak,57.77552,-152.25595,68,NA,120,120,77
NA,2022,July,16,197,Cook Bay,Eastern Kodiak,57.77552,-152.25595,68,NA,120,120,77
NA,2018,July,16,197,Cook Bay,Eastern Kodiak,57.77552,-152.25595,67,NA,128,128,69
NA,2018,July,16,197,Cook Bay,Eastern Kodiak,57.77552,-152.25595,67,NA,130,130,67
NA,2022,July,15,196,Cook Bay,Eastern Kodiak,57.77552,-152.25595,67,NA,121,121,75
NA,2022,July,15,196,Cook Bay,Eastern Kodiak,57.77552,-152.25595,67,NA,117,117,79
NA,2018,July,16,197,Cook Bay,Eastern Kodiak,57.77552,-152.25595,66,NA,127,127,70
NA,2018,July,16,197,Cook Bay,Eastern Kodiak,57.77552,-152.25595,66,NA,127,127,70
NA,2018,July,16,197,Cook Bay,Eastern Kodiak,57.77552,-152.25595,66,NA,127,127,70
NA,2022,July,16,197,Cook Bay,Eastern Kodiak,57.77552,-152.25595,66,NA,118,118,79
NA,2018,July,16,197,Cook Bay,Eastern Kodiak,57.77552,-152.25595,65,NA,125,125,72
NA,2018,July,16,197,Cook Bay,Eastern Kodiak,57.77552,-152.25595,65,NA,126,126,71
NA,2018,July,16,197,Cook Bay,Eastern Kodiak,57.77552,-152.25595,65,NA,127,127,70
NA,2022,July,15,196,Cook Bay,Eastern Kodiak,57.77552,-152.25595,65,NA,117,117,79
NA,2018,July,16,197,Cook Bay,Eastern Kodiak,57.77552,-152.25595,64,NA,123,123,74
NA,2022,July,16,197,Cook Bay,Eastern Kodiak,57.77552,-152.25595,64,NA,113,113,84
NA,2018,July,16,197,Cook Bay,Eastern Kodiak,57.77552,-152.25595,63,NA,121,121,76
NA,2018,July,16,197,Cook Bay,Eastern Kodiak,57.77552,-152.25595,63,NA,125,125,72
NA,2018,July,16,197,Cook Bay,Eastern Kodiak,57.77552,-152.25595,63,NA,125,125,72
NA,2018,July,16,197,Cook Bay,Eastern Kodiak,57.77552,-152.25595,63,NA,121,121,76
NA,2018,July,16,197,Cook Bay,Eastern Kodiak,57.77552,-152.25595,62,NA,123,123,74
NA,2018,July,16,197,Cook Bay,Eastern Kodiak,57.77552,-152.25595,62,NA,119,119,78
NA,2018,July,16,197,Cook Bay,Eastern Kodiak,57.77552,-152.25595,62,NA,121,121,76
NA,2022,July,15,196,Cook Bay,Eastern Kodiak,57.77552,-152.25595,62,NA,114,114,82
NA,2022,July,16,197,Cook Bay,Eastern Kodiak,57.77552,-152.25595,62,NA,111,111,86
NA,2022,July,16,197,Cook Bay,Eastern Kodiak,57.77552,-152.25595,62,NA,112,112,85
NA,2018,July,16,197,Cook Bay,Eastern Kodiak,57.77552,-152.25595,61,NA,121,121,76
NA,2018,July,16,197,Cook Bay,Eastern Kodiak,57.77552,-152.25595,61,NA,119,119,78
NA,2018,July,16,197,Cook Bay,Eastern Kodiak,57.77552,-152.25595,61,NA,120,120,77
NA,2018,July,16,197,Cook Bay,Eastern Kodiak,57.77552,-152.25595,61,NA,121,121,76
NA,2018,July,16,197,Cook Bay,Eastern Kodiak,57.77552,-152.25595,61,NA,119,119,78
NA,2022,July,16,197,Cook Bay,Eastern Kodiak,57.77552,-152.25595,61,NA,111,111,86
NA,2022,July,15,196,Cook Bay,Eastern Kodiak,57.77552,-152.25595,60,NA,110,110,86
NA,2018,July,16,197,Cook Bay,Eastern Kodiak,57.77552,-152.25595,59,NA,116,116,81
NA,2022,July,16,197,Cook Bay,Eastern Kodiak,57.77552,-152.25595,59,NA,109,109,88
NA,2022,July,16,197,Cook Bay,Eastern Kodiak,57.77552,-152.25595,59,NA,110,110,87
NA,2018,July,16,197,Cook Bay,Eastern Kodiak,57.77552,-152.25595,58,NA,118,118,79
NA,2022,July,16,197,Cook Bay,Eastern Kodiak,57.77552,-152.25595,58,NA,109,109,88
NA,2022,July,16,197,Cook Bay,Eastern Kodiak,57.77552,-152.25595,58,NA,108,108,89
NA,2018,July,16,197,Cook Bay,Eastern Kodiak,57.77552,-152.25595,57,NA,113,113,84
NA,2018,July,16,197,Cook Bay,Eastern Kodiak,57.77552,-152.25595,57,NA,116,116,81
NA,2022,July,16,197,Cook Bay,Eastern Kodiak,57.77552,-152.25595,57,NA,108,108,89
NA,2022,July,16,197,Cook Bay,Eastern Kodiak,57.77552,-152.25595,57,NA,105,105,92
NA,2018,July,16,197,Cook Bay,Eastern Kodiak,57.77552,-152.25595,56,NA,115,115,82
NA,2022,July,16,197,Cook Bay,Eastern Kodiak,57.77552,-152.25595,56,NA,105,105,92
NA,2018,July,16,197,Cook Bay,Eastern Kodiak,57.77552,-152.25595,55,NA,113,113,84
NA,2018,July,16,197,Cook Bay,Eastern Kodiak,57.77552,-152.25595,55,NA,112,112,85
NA,2018,July,16,197,Cook Bay,Eastern Kodiak,57.77552,-152.25595,55,NA,111,111,86
NA,2018,July,16,197,Cook Bay,Eastern Kodiak,57.77552,-152.25595,55,NA,113,113,84
NA,2022,July,16,197,Cook Bay,Eastern Kodiak,57.77552,-152.25595,55,NA,106,106,91
NA,2022,July,16,197,Cook Bay,Eastern Kodiak,57.77552,-152.25595,54,NA,100,100,97
NA,2022,July,16,197,Cook Bay,Eastern Kodiak,57.77552,-152.25595,54,NA,101,101,96
NA,2022,July,16,197,Cook Bay,Eastern Kodiak,57.77552,-152.25595,54,NA,101,101,96
NA,2022,July,16,197,Cook Bay,Eastern Kodiak,57.77552,-152.25595,54,NA,104,104,93
NA,2022,July,16,197,Cook Bay,Eastern Kodiak,57.77552,-152.25595,53,NA,102,102,95
NA,2022,July,16,197,Cook Bay,Eastern Kodiak,57.77552,-152.25595,53,NA,100,100,97
NA,2018,July,16,197,Cook Bay,Eastern Kodiak,57.77552,-152.25595,52,NA,109,109,88
NA,2018,July,16,197,Cook Bay,Eastern Kodiak,57.77552,-152.25595,52,NA,107,107,90
NA,2018,July,16,197,Cook Bay,Eastern Kodiak,57.77552,-152.25595,52,NA,109,109,88
NA,2022,July,16,197,Cook Bay,Eastern Kodiak,57.77552,-152.25595,52,NA,101,101,96
NA,2021,July,14,195,Cook Bay,Eastern Kodiak,57.77552,-152.25595,51,NA,97,97,98
NA,2022,July,16,197,Cook Bay,Eastern Kodiak,57.77552,-152.25595,51,NA,97,97,100
NA,2022,July,16,197,Cook Bay,Eastern Kodiak,57.77552,-152.25595,51,NA,100,100,97
NA,2022,July,16,197,Cook Bay,Eastern Kodiak,57.77552,-152.25595,50,NA,95,95,102
NA,2022,July,16,197,Cook Bay,Eastern Kodiak,57.77552,-152.25595,48,NA,95,95,102
NA,2018,July,16,197,Cook Bay,Eastern Kodiak,57.77552,-152.25595,47,NA,102,102,95
NA,2022,July,16,197,Cook Bay,Eastern Kodiak,57.77552,-152.25595,47,NA,94,94,103
NA,2021,July,14,195,Cook Bay,Eastern Kodiak,57.77552,-152.25595,45,NA,90,90,105
NA,2021,July,14,195,Cook Bay,Eastern Kodiak,57.77552,-152.25595,38,NA,79,79,116
NA,2023,July,15,196,Anton Larsen Bay,Eastern Kodiak,57.8705,-152.64752,62,NA,113,113,83
NA,2021,July,10,191,Anton Larsen Bay,Eastern Kodiak,57.8705,-152.64752,48,NA,92,92,99
NA,2021,July,9,190,Anton Larsen Bay,Eastern Kodiak,57.8705,-152.64752,46,NA,90,90,100
NA,2023,July,15,196,Anton Larsen Bay,Eastern Kodiak,57.8705,-152.64752,46,NA,92,92,104
NA,2021,July,10,191,Anton Larsen Bay,Eastern Kodiak,57.8705,-152.64752,36,NA,75,75,116
NA,2021,July,9,190,Anton Larsen Bay,Eastern Kodiak,57.8705,-152.64752,33,NA,71,71,119
NA,2018,July,18,199,Anton Larsen Bay,Eastern Kodiak,57.88017,-152.64703,95,NA,165,165,34
NA,2018,July,18,199,Anton Larsen Bay,Eastern Kodiak,57.88017,-152.64703,95,NA,164,164,35
NA,2021,July,10,191,Anton Larsen Bay,Eastern Kodiak,57.88017,-152.64703,95,NA,155,155,36
NA,2021,July,10,191,Anton Larsen Bay,Eastern Kodiak,57.88017,-152.64703,95,NA,152,152,39
NA,2021,July,10,191,Anton Larsen Bay,Eastern Kodiak,57.88017,-152.64703,95,NA,155,155,36
NA,2021,July,10,191,Anton Larsen Bay,Eastern Kodiak,57.88017,-152.64703,95,NA,154,154,37
NA,2021,July,11,192,Anton Larsen Bay,Eastern Kodiak,57.88017,-152.64703,95,NA,153,153,39
NA,2018,July,18,199,Anton Larsen Bay,Eastern Kodiak,57.88017,-152.64703,94,NA,165,165,34
NA,2018,July,18,199,Anton Larsen Bay,Eastern Kodiak,57.88017,-152.64703,94,NA,164,164,35
NA,2021,July,10,191,Anton Larsen Bay,Eastern Kodiak,57.88017,-152.64703,94,NA,149,149,42
NA,2021,July,11,192,Anton Larsen Bay,Eastern Kodiak,57.88017,-152.64703,94,NA,151,151,41
NA,2021,July,11,192,Anton Larsen Bay,Eastern Kodiak,57.88017,-152.64703,94,NA,152,152,40
NA,2021,July,11,192,Anton Larsen Bay,Eastern Kodiak,57.88017,-152.64703,94,NA,152,152,40
NA,2021,July,11,192,Anton Larsen Bay,Eastern Kodiak,57.88017,-152.64703,94,NA,153,153,39
NA,2018,July,18,199,Anton Larsen Bay,Eastern Kodiak,57.88017,-152.64703,93,NA,163,163,36
NA,2021,July,10,191,Anton Larsen Bay,Eastern Kodiak,57.88017,-152.64703,93,NA,150,150,41
NA,2021,July,10,191,Anton Larsen Bay,Eastern Kodiak,57.88017,-152.64703,93,NA,153,153,38
NA,2021,July,10,191,Anton Larsen Bay,Eastern Kodiak,57.88017,-152.64703,93,NA,151,151,40
NA,2021,July,10,191,Anton Larsen Bay,Eastern Kodiak,57.88017,-152.64703,93,NA,150,150,41
NA,2021,July,10,191,Anton Larsen Bay,Eastern Kodiak,57.88017,-152.64703,93,NA,149,149,42
NA,2021,July,10,191,Anton Larsen Bay,Eastern Kodiak,57.88017,-152.64703,93,NA,150,150,41
NA,2021,July,10,191,Anton Larsen Bay,Eastern Kodiak,57.88017,-152.64703,93,NA,152,152,39
NA,2021,July,11,192,Anton Larsen Bay,Eastern Kodiak,57.88017,-152.64703,93,NA,148,148,44
NA,2021,July,11,192,Anton Larsen Bay,Eastern Kodiak,57.88017,-152.64703,93,NA,150,150,42
NA,2021,July,11,192,Anton Larsen Bay,Eastern Kodiak,57.88017,-152.64703,93,NA,149,149,43
NA,2021,July,11,192,Anton Larsen Bay,Eastern Kodiak,57.88017,-152.64703,93,NA,152,152,40
NA,2018,July,15,196,Anton Larsen Bay,Eastern Kodiak,57.88017,-152.64703,92,NA,160,160,36
NA,2018,July,18,199,Anton Larsen Bay,Eastern Kodiak,57.88017,-152.64703,92,NA,160,160,39
NA,2018,July,18,199,Anton Larsen Bay,Eastern Kodiak,57.88017,-152.64703,92,NA,163,163,36
NA,2018,July,18,199,Anton Larsen Bay,Eastern Kodiak,57.88017,-152.64703,91,NA,159,159,40
NA,2018,July,18,199,Anton Larsen Bay,Eastern Kodiak,57.88017,-152.64703,91,NA,160,160,39
NA,2021,July,11,192,Anton Larsen Bay,Eastern Kodiak,57.88017,-152.64703,91,NA,146,146,46
NA,2018,July,18,199,Anton Larsen Bay,Eastern Kodiak,57.88017,-152.64703,90,NA,159,159,40
NA,2018,July,18,199,Anton Larsen Bay,Eastern Kodiak,57.88017,-152.64703,90,NA,157,157,42
NA,2018,July,18,199,Anton Larsen Bay,Eastern Kodiak,57.88017,-152.64703,90,NA,159,159,40
NA,2021,July,11,192,Anton Larsen Bay,Eastern Kodiak,57.88017,-152.64703,90,NA,146,146,46
NA,2021,July,11,192,Anton Larsen Bay,Eastern Kodiak,57.88017,-152.64703,90,NA,147,147,45
NA,2021,July,10,191,Anton Larsen Bay,Eastern Kodiak,57.88017,-152.64703,89,NA,143,143,48
NA,2021,July,11,192,Anton Larsen Bay,Eastern Kodiak,57.88017,-152.64703,89,NA,145,145,47
NA,2021,July,11,192,Anton Larsen Bay,Eastern Kodiak,57.88017,-152.64703,89,NA,143,143,49
NA,2018,July,18,199,Anton Larsen Bay,Eastern Kodiak,57.88017,-152.64703,88,NA,156,156,43
NA,2021,July,11,192,Anton Larsen Bay,Eastern Kodiak,57.88017,-152.64703,88,NA,142,142,50
NA,2021,July,11,192,Anton Larsen Bay,Eastern Kodiak,57.88017,-152.64703,88,NA,143,143,49
NA,2021,July,11,192,Anton Larsen Bay,Eastern Kodiak,57.88017,-152.64703,88,NA,142,142,50
NA,2018,July,18,199,Anton Larsen Bay,Eastern Kodiak,57.88017,-152.64703,87,NA,155,155,44
NA,2018,July,18,199,Anton Larsen Bay,Eastern Kodiak,57.88017,-152.64703,87,NA,154,154,45
NA,2021,July,10,191,Anton Larsen Bay,Eastern Kodiak,57.88017,-152.64703,86,NA,142,142,49
NA,2021,July,10,191,Anton Larsen Bay,Eastern Kodiak,57.88017,-152.64703,86,NA,142,142,49
NA,2021,July,10,191,Anton Larsen Bay,Eastern Kodiak,57.88017,-152.64703,86,NA,140,140,51
NA,2021,July,10,191,Anton Larsen Bay,Eastern Kodiak,57.88017,-152.64703,86,NA,142,142,49
NA,2021,July,11,192,Anton Larsen Bay,Eastern Kodiak,57.88017,-152.64703,86,NA,139,139,53
NA,2021,July,11,192,Anton Larsen Bay,Eastern Kodiak,57.88017,-152.64703,86,NA,139,139,53
NA,2021,July,11,192,Anton Larsen Bay,Eastern Kodiak,57.88017,-152.64703,86,NA,139,139,53
NA,2021,July,11,192,Anton Larsen Bay,Eastern Kodiak,57.88017,-152.64703,86,NA,142,142,50
NA,2018,July,18,199,Anton Larsen Bay,Eastern Kodiak,57.88017,-152.64703,85,NA,150,150,49
NA,2018,July,18,199,Anton Larsen Bay,Eastern Kodiak,57.88017,-152.64703,85,NA,154,154,45
NA,2021,July,10,191,Anton Larsen Bay,Eastern Kodiak,57.88017,-152.64703,85,NA,138,138,53
NA,2021,July,10,191,Anton Larsen Bay,Eastern Kodiak,57.88017,-152.64703,85,NA,138,138,53
NA,2021,July,11,192,Anton Larsen Bay,Eastern Kodiak,57.88017,-152.64703,85,NA,139,139,53
NA,2021,July,11,192,Anton Larsen Bay,Eastern Kodiak,57.88017,-152.64703,85,NA,140,140,52
NA,2021,July,11,192,Anton Larsen Bay,Eastern Kodiak,57.88017,-152.64703,85,NA,141,141,51
NA,2021,July,11,192,Anton Larsen Bay,Eastern Kodiak,57.88017,-152.64703,85,NA,139,139,53
NA,2018,July,18,199,Anton Larsen Bay,Eastern Kodiak,57.88017,-152.64703,84,NA,149,149,50
NA,2018,July,18,199,Anton Larsen Bay,Eastern Kodiak,57.88017,-152.64703,84,NA,150,150,49
NA,2021,July,10,191,Anton Larsen Bay,Eastern Kodiak,57.88017,-152.64703,84,NA,139,139,52
NA,2021,July,11,192,Anton Larsen Bay,Eastern Kodiak,57.88017,-152.64703,84,NA,138,138,54
NA,2021,July,11,192,Anton Larsen Bay,Eastern Kodiak,57.88017,-152.64703,84,NA,139,139,53
NA,2021,July,11,192,Anton Larsen Bay,Eastern Kodiak,57.88017,-152.64703,84,NA,141,141,51
NA,2021,July,11,192,Anton Larsen Bay,Eastern Kodiak,57.88017,-152.64703,83,NA,137,137,55
NA,2018,July,18,199,Anton Larsen Bay,Eastern Kodiak,57.88017,-152.64703,82,NA,147,147,52
NA,2018,July,18,199,Anton Larsen Bay,Eastern Kodiak,57.88017,-152.64703,82,NA,146,146,53
NA,2021,July,10,191,Anton Larsen Bay,Eastern Kodiak,57.88017,-152.64703,82,NA,135,135,56
NA,2018,July,15,196,Anton Larsen Bay,Eastern Kodiak,57.88017,-152.64703,81,NA,144,144,52
NA,2018,July,18,199,Anton Larsen Bay,Eastern Kodiak,57.88017,-152.64703,81,NA,147,147,52
NA,2018,July,18,199,Anton Larsen Bay,Eastern Kodiak,57.88017,-152.64703,81,NA,148,148,51
NA,2018,July,18,199,Anton Larsen Bay,Eastern Kodiak,57.88017,-152.64703,81,NA,148,148,51
NA,2021,July,10,191,Anton Larsen Bay,Eastern Kodiak,57.88017,-152.64703,81,NA,135,135,56
NA,2021,July,11,192,Anton Larsen Bay,Eastern Kodiak,57.88017,-152.64703,81,NA,134,134,58
NA,2021,July,11,192,Anton Larsen Bay,Eastern Kodiak,57.88017,-152.64703,81,NA,133,133,59
NA,2021,July,11,192,Anton Larsen Bay,Eastern Kodiak,57.88017,-152.64703,81,NA,135,135,57
NA,2021,July,11,192,Anton Larsen Bay,Eastern Kodiak,57.88017,-152.64703,81,NA,135,135,57
NA,2021,July,11,192,Anton Larsen Bay,Eastern Kodiak,57.88017,-152.64703,81,NA,135,135,57
NA,2018,July,15,196,Anton Larsen Bay,Eastern Kodiak,57.88017,-152.64703,80,NA,146,146,50
NA,2018,July,15,196,Anton Larsen Bay,Eastern Kodiak,57.88017,-152.64703,80,NA,144,144,52
NA,2018,July,18,199,Anton Larsen Bay,Eastern Kodiak,57.88017,-152.64703,80,NA,147,147,52
NA,2018,July,18,199,Anton Larsen Bay,Eastern Kodiak,57.88017,-152.64703,80,NA,143,143,56
NA,2018,July,18,199,Anton Larsen Bay,Eastern Kodiak,57.88017,-152.64703,80,NA,146,146,53
NA,2018,July,18,199,Anton Larsen Bay,Eastern Kodiak,57.88017,-152.64703,80,NA,143,143,56
NA,2021,July,11,192,Anton Larsen Bay,Eastern Kodiak,57.88017,-152.64703,80,NA,131,131,61
NA,2022,July,13,194,Anton Larsen Bay,Eastern Kodiak,57.88017,-152.64703,80,NA,137,137,57
NA,2021,July,11,192,Anton Larsen Bay,Eastern Kodiak,57.88017,-152.64703,79,NA,133,133,59
NA,2021,July,11,192,Anton Larsen Bay,Eastern Kodiak,57.88017,-152.64703,79,NA,133,133,59
NA,2021,July,11,192,Anton Larsen Bay,Eastern Kodiak,57.88017,-152.64703,79,NA,131,131,61
NA,2021,July,11,192,Anton Larsen Bay,Eastern Kodiak,57.88017,-152.64703,79,NA,133,133,59
NA,2021,July,11,192,Anton Larsen Bay,Eastern Kodiak,57.88017,-152.64703,79,NA,134,134,58
NA,2018,July,15,196,Anton Larsen Bay,Eastern Kodiak,57.88017,-152.64703,78,NA,143,143,53
NA,2018,July,15,196,Anton Larsen Bay,Eastern Kodiak,57.88017,-152.64703,78,NA,144,144,52
NA,2018,July,15,196,Anton Larsen Bay,Eastern Kodiak,57.88017,-152.64703,78,NA,143,143,53
NA,2018,July,18,199,Anton Larsen Bay,Eastern Kodiak,57.88017,-152.64703,78,NA,143,143,56
NA,2018,July,18,199,Anton Larsen Bay,Eastern Kodiak,57.88017,-152.64703,78,NA,143,143,56
NA,2018,July,18,199,Anton Larsen Bay,Eastern Kodiak,57.88017,-152.64703,78,NA,141,141,58
NA,2021,July,11,192,Anton Larsen Bay,Eastern Kodiak,57.88017,-152.64703,78,NA,129,129,63
NA,2021,July,11,192,Anton Larsen Bay,Eastern Kodiak,57.88017,-152.64703,78,NA,132,132,60
NA,2018,July,15,196,Anton Larsen Bay,Eastern Kodiak,57.88017,-152.64703,77,NA,142,142,54
NA,2021,July,11,192,Anton Larsen Bay,Eastern Kodiak,57.88017,-152.64703,77,NA,130,130,62
NA,2021,July,11,192,Anton Larsen Bay,Eastern Kodiak,57.88017,-152.64703,76,NA,126,126,66
NA,2021,July,11,192,Anton Larsen Bay,Eastern Kodiak,57.88017,-152.64703,76,NA,129,129,63
NA,2018,July,15,196,Anton Larsen Bay,Eastern Kodiak,57.88017,-152.64703,75,NA,138,138,58
NA,2018,July,15,196,Anton Larsen Bay,Eastern Kodiak,57.88017,-152.64703,75,NA,137,137,59
NA,2018,July,18,199,Anton Larsen Bay,Eastern Kodiak,57.88017,-152.64703,75,NA,138,138,61
NA,2018,July,18,199,Anton Larsen Bay,Eastern Kodiak,57.88017,-152.64703,75,NA,141,141,58
NA,2018,July,18,199,Anton Larsen Bay,Eastern Kodiak,57.88017,-152.64703,75,NA,138,138,61
NA,2018,July,18,199,Anton Larsen Bay,Eastern Kodiak,57.88017,-152.64703,75,NA,138,138,61
NA,2021,July,11,192,Anton Larsen Bay,Eastern Kodiak,57.88017,-152.64703,75,NA,127,127,65
NA,2022,July,13,194,Anton Larsen Bay,Eastern Kodiak,57.88017,-152.64703,75,NA,131,131,63
NA,2022,July,13,194,Anton Larsen Bay,Eastern Kodiak,57.88017,-152.64703,75,NA,131,131,63
NA,2018,July,18,199,Anton Larsen Bay,Eastern Kodiak,57.88017,-152.64703,74,NA,138,138,61
NA,2021,July,11,192,Anton Larsen Bay,Eastern Kodiak,57.88017,-152.64703,74,NA,126,126,66
NA,2022,July,13,194,Anton Larsen Bay,Eastern Kodiak,57.88017,-152.64703,74,NA,127,127,67
NA,2022,July,13,194,Anton Larsen Bay,Eastern Kodiak,57.88017,-152.64703,74,NA,128,128,66
NA,2018,July,15,196,Anton Larsen Bay,Eastern Kodiak,57.88017,-152.64703,73,NA,134,134,62
NA,2018,July,18,199,Anton Larsen Bay,Eastern Kodiak,57.88017,-152.64703,72,NA,134,134,65
NA,2018,July,18,199,Anton Larsen Bay,Eastern Kodiak,57.88017,-152.64703,72,NA,137,137,62
NA,2018,July,18,199,Anton Larsen Bay,Eastern Kodiak,57.88017,-152.64703,72,NA,137,137,62
NA,2018,July,18,199,Anton Larsen Bay,Eastern Kodiak,57.88017,-152.64703,72,NA,133,133,66
NA,2021,July,10,191,Anton Larsen Bay,Eastern Kodiak,57.88017,-152.64703,72,NA,122,122,69
NA,2021,July,11,192,Anton Larsen Bay,Eastern Kodiak,57.88017,-152.64703,72,NA,121,121,71
NA,2022,July,13,194,Anton Larsen Bay,Eastern Kodiak,57.88017,-152.64703,72,NA,126,126,68
NA,2018,July,15,196,Anton Larsen Bay,Eastern Kodiak,57.88017,-152.64703,71,NA,135,135,61
NA,2018,July,18,199,Anton Larsen Bay,Eastern Kodiak,57.88017,-152.64703,71,NA,132,132,67
NA,2021,July,10,191,Anton Larsen Bay,Eastern Kodiak,57.88017,-152.64703,71,NA,123,123,68
NA,2022,July,13,194,Anton Larsen Bay,Eastern Kodiak,57.88017,-152.64703,71,NA,123,123,71
NA,2018,July,15,196,Anton Larsen Bay,Eastern Kodiak,57.88017,-152.64703,70,NA,130,130,66
NA,2018,July,15,196,Anton Larsen Bay,Eastern Kodiak,57.88017,-152.64703,70,NA,133,133,63
NA,2018,July,15,196,Anton Larsen Bay,Eastern Kodiak,57.88017,-152.64703,70,NA,131,131,65
NA,2018,July,15,196,Anton Larsen Bay,Eastern Kodiak,57.88017,-152.64703,70,NA,130,130,66
NA,2018,July,18,199,Anton Larsen Bay,Eastern Kodiak,57.88017,-152.64703,70,NA,133,133,66
NA,2018,July,18,199,Anton Larsen Bay,Eastern Kodiak,57.88017,-152.64703,70,NA,134,134,65
NA,2018,July,18,199,Anton Larsen Bay,Eastern Kodiak,57.88017,-152.64703,70,NA,132,132,67
NA,2018,July,18,199,Anton Larsen Bay,Eastern Kodiak,57.88017,-152.64703,70,NA,131,131,68
NA,2018,July,18,199,Anton Larsen Bay,Eastern Kodiak,57.88017,-152.64703,70,NA,132,132,67
NA,2018,July,18,199,Anton Larsen Bay,Eastern Kodiak,57.88017,-152.64703,70,NA,130,130,69
NA,2022,July,13,194,Anton Larsen Bay,Eastern Kodiak,57.88017,-152.64703,70,NA,121,121,73
NA,2022,July,13,194,Anton Larsen Bay,Eastern Kodiak,57.88017,-152.64703,70,NA,121,121,73
NA,2022,July,13,194,Anton Larsen Bay,Eastern Kodiak,57.88017,-152.64703,70,NA,123,123,71
NA,2022,July,13,194,Anton Larsen Bay,Eastern Kodiak,57.88017,-152.64703,70,NA,122,122,72
NA,2018,July,18,199,Anton Larsen Bay,Eastern Kodiak,57.88017,-152.64703,69,NA,132,132,67
NA,2018,July,18,199,Anton Larsen Bay,Eastern Kodiak,57.88017,-152.64703,69,NA,130,130,69
NA,2018,July,18,199,Anton Larsen Bay,Eastern Kodiak,57.88017,-152.64703,69,NA,129,129,70
NA,2018,July,18,199,Anton Larsen Bay,Eastern Kodiak,57.88017,-152.64703,69,NA,129,129,70
NA,2018,July,18,199,Anton Larsen Bay,Eastern Kodiak,57.88017,-152.64703,69,NA,129,129,70
NA,2018,July,18,199,Anton Larsen Bay,Eastern Kodiak,57.88017,-152.64703,69,NA,132,132,67
NA,2021,July,11,192,Anton Larsen Bay,Eastern Kodiak,57.88017,-152.64703,69,NA,119,119,73
NA,2018,July,18,199,Anton Larsen Bay,Eastern Kodiak,57.88017,-152.64703,68,NA,128,128,71
NA,2018,July,18,199,Anton Larsen Bay,Eastern Kodiak,57.88017,-152.64703,68,NA,128,128,71
NA,2018,July,18,199,Anton Larsen Bay,Eastern Kodiak,57.88017,-152.64703,68,NA,130,130,69
NA,2018,July,15,196,Anton Larsen Bay,Eastern Kodiak,57.88017,-152.64703,67,NA,126,126,70
NA,2018,July,15,196,Anton Larsen Bay,Eastern Kodiak,57.88017,-152.64703,67,NA,129,129,67
NA,2018,July,15,196,Anton Larsen Bay,Eastern Kodiak,57.88017,-152.64703,67,NA,127,127,69
NA,2018,July,15,196,Anton Larsen Bay,Eastern Kodiak,57.88017,-152.64703,67,NA,129,129,67
NA,2018,July,18,199,Anton Larsen Bay,Eastern Kodiak,57.88017,-152.64703,67,NA,126,126,73
NA,2018,July,15,196,Anton Larsen Bay,Eastern Kodiak,57.88017,-152.64703,66,NA,127,127,69
NA,2018,July,15,196,Anton Larsen Bay,Eastern Kodiak,57.88017,-152.64703,66,NA,127,127,69
NA,2018,July,18,199,Anton Larsen Bay,Eastern Kodiak,57.88017,-152.64703,66,NA,127,127,72
NA,2018,July,18,199,Anton Larsen Bay,Eastern Kodiak,57.88017,-152.64703,66,NA,126,126,73
NA,2022,July,13,194,Anton Larsen Bay,Eastern Kodiak,57.88017,-152.64703,66,NA,115,115,79
NA,2018,July,15,196,Anton Larsen Bay,Eastern Kodiak,57.88017,-152.64703,65,NA,125,125,71
NA,2018,July,15,196,Anton Larsen Bay,Eastern Kodiak,57.88017,-152.64703,65,NA,127,127,69
NA,2018,July,18,199,Anton Larsen Bay,Eastern Kodiak,57.88017,-152.64703,65,NA,126,126,73
NA,2018,July,18,199,Anton Larsen Bay,Eastern Kodiak,57.88017,-152.64703,65,NA,127,127,72
NA,2018,July,18,199,Anton Larsen Bay,Eastern Kodiak,57.88017,-152.64703,65,NA,127,127,72
NA,2021,July,10,191,Anton Larsen Bay,Eastern Kodiak,57.88017,-152.64703,65,NA,115,115,76
NA,2021,July,11,192,Anton Larsen Bay,Eastern Kodiak,57.88017,-152.64703,65,NA,114,114,78
NA,2022,July,13,194,Anton Larsen Bay,Eastern Kodiak,57.88017,-152.64703,65,NA,114,114,80
NA,2018,July,15,196,Anton Larsen Bay,Eastern Kodiak,57.88017,-152.64703,64,NA,125,125,71
NA,2018,July,15,196,Anton Larsen Bay,Eastern Kodiak,57.88017,-152.64703,64,NA,122,122,74
NA,2018,July,15,196,Anton Larsen Bay,Eastern Kodiak,57.88017,-152.64703,64,NA,122,122,74
NA,2018,July,15,196,Anton Larsen Bay,Eastern Kodiak,57.88017,-152.64703,64,NA,126,126,70
NA,2018,July,18,199,Anton Larsen Bay,Eastern Kodiak,57.88017,-152.64703,64,NA,124,124,75
NA,2022,July,13,194,Anton Larsen Bay,Eastern Kodiak,57.88017,-152.64703,64,NA,113,113,81
NA,2018,July,15,196,Anton Larsen Bay,Eastern Kodiak,57.88017,-152.64703,63,NA,122,122,74
NA,2021,July,10,191,Anton Larsen Bay,Eastern Kodiak,57.88017,-152.64703,63,NA,110,110,81
NA,2021,July,10,191,Anton Larsen Bay,Eastern Kodiak,57.88017,-152.64703,63,NA,109,109,82
NA,2021,July,11,192,Anton Larsen Bay,Eastern Kodiak,57.88017,-152.64703,63,NA,111,111,81
NA,2022,July,13,194,Anton Larsen Bay,Eastern Kodiak,57.88017,-152.64703,63,NA,115,115,79
NA,2022,July,13,194,Anton Larsen Bay,Eastern Kodiak,57.88017,-152.64703,63,NA,112,112,82
NA,2018,July,15,196,Anton Larsen Bay,Eastern Kodiak,57.88017,-152.64703,62,NA,120,120,76
NA,2018,July,15,196,Anton Larsen Bay,Eastern Kodiak,57.88017,-152.64703,62,NA,123,123,73
NA,2018,July,18,199,Anton Larsen Bay,Eastern Kodiak,57.88017,-152.64703,62,NA,120,120,79
NA,2018,July,18,199,Anton Larsen Bay,Eastern Kodiak,57.88017,-152.64703,62,NA,124,124,75
NA,2018,July,15,196,Anton Larsen Bay,Eastern Kodiak,57.88017,-152.64703,61,NA,121,121,75
NA,2018,July,15,196,Anton Larsen Bay,Eastern Kodiak,57.88017,-152.64703,61,NA,119,119,77
NA,2021,July,10,191,Anton Larsen Bay,Eastern Kodiak,57.88017,-152.64703,61,NA,109,109,82
NA,2021,July,10,191,Anton Larsen Bay,Eastern Kodiak,57.88017,-152.64703,61,NA,110,110,81
NA,2022,July,13,194,Anton Larsen Bay,Eastern Kodiak,57.88017,-152.64703,61,NA,109,109,85
NA,2018,July,15,196,Anton Larsen Bay,Eastern Kodiak,57.88017,-152.64703,60,NA,117,117,79
NA,2018,July,15,196,Anton Larsen Bay,Eastern Kodiak,57.88017,-152.64703,60,NA,118,118,78
NA,2018,July,15,196,Anton Larsen Bay,Eastern Kodiak,57.88017,-152.64703,60,NA,117,117,79
NA,2018,July,15,196,Anton Larsen Bay,Eastern Kodiak,57.88017,-152.64703,60,NA,120,120,76
NA,2018,July,15,196,Anton Larsen Bay,Eastern Kodiak,57.88017,-152.64703,60,NA,118,118,78
NA,2018,July,18,199,Anton Larsen Bay,Eastern Kodiak,57.88017,-152.64703,60,NA,119,119,80
NA,2018,July,15,196,Anton Larsen Bay,Eastern Kodiak,57.88017,-152.64703,59,NA,118,118,78
NA,2018,July,15,196,Anton Larsen Bay,Eastern Kodiak,57.88017,-152.64703,59,NA,118,118,78
NA,2018,July,15,196,Anton Larsen Bay,Eastern Kodiak,57.88017,-152.64703,58,NA,115,115,81
NA,2018,July,18,199,Anton Larsen Bay,Eastern Kodiak,57.88017,-152.64703,57,NA,117,117,82
NA,2021,July,10,191,Anton Larsen Bay,Eastern Kodiak,57.88017,-152.64703,56,NA,103,103,88
NA,2022,July,13,194,Anton Larsen Bay,Eastern Kodiak,57.88017,-152.64703,56,NA,105,105,89
NA,2022,July,13,194,Anton Larsen Bay,Eastern Kodiak,57.88017,-152.64703,56,NA,104,104,90
NA,2022,July,13,194,Anton Larsen Bay,Eastern Kodiak,57.88017,-152.64703,55,NA,103,103,91
NA,2018,July,15,196,Anton Larsen Bay,Eastern Kodiak,57.88017,-152.64703,54,NA,110,110,86
NA,2018,July,18,199,Anton Larsen Bay,Eastern Kodiak,57.88017,-152.64703,54,NA,113,113,86
NA,2021,July,11,192,Anton Larsen Bay,Eastern Kodiak,57.88017,-152.64703,54,NA,100,100,92
NA,2022,July,13,194,Anton Larsen Bay,Eastern Kodiak,57.88017,-152.64703,54,NA,101,101,93
NA,2018,July,15,196,Anton Larsen Bay,Eastern Kodiak,57.88017,-152.64703,53,NA,108,108,88
NA,2021,July,11,192,Anton Larsen Bay,Eastern Kodiak,57.88017,-152.64703,52,NA,96,96,96
NA,2018,July,15,196,Anton Larsen Bay,Eastern Kodiak,57.88017,-152.64703,49,NA,103,103,93
NA,2021,July,11,192,Anton Larsen Bay,Eastern Kodiak,57.88017,-152.64703,48,NA,90,90,102
NA,2022,July,13,194,Anton Larsen Bay,Eastern Kodiak,57.88017,-152.64703,48,NA,93,93,101
NA,2018,July,15,196,Anton Larsen Bay,Eastern Kodiak,57.88017,-152.64703,47,NA,100,100,96
NA,2021,July,10,191,Anton Larsen Bay,Eastern Kodiak,57.88017,-152.64703,44,NA,84,84,107
NA,2022,July,13,194,Anton Larsen Bay,Eastern Kodiak,57.88017,-152.64703,40,NA,82,82,112
