date,temp
1998-03-21,5.446988888888889
1998-03-22,5.417328125
1998-03-23,5.539135416666666
1998-03-24,5.715515625
1998-03-25,5.681328125
1998-03-26,5.674161458333334
1998-03-27,5.670635416666666
1998-03-28,5.792901041666667
1998-03-29,5.6259427083333335
1998-03-30,5.642520833333333
1998-03-31,5.568828125
1998-04-01,5.572713541666666
1998-04-02,5.55865625
1998-04-03,5.478875
1998-04-04,5.563380208333333
1998-04-05,5.649411458333334
1998-04-06,5.720614583333333
1998-04-07,5.706359375
1998-04-08,5.694859375
1998-04-09,5.742583333333333
1998-04-10,6.040479166666667
1998-04-11,6.170921875
1998-04-12,6.228177083333334
1998-04-13,6.0484479166666665
1998-04-14,5.9148177083333335
1998-04-15,5.815265625
1998-04-16,5.74865625
1998-04-17,5.660833333333334
1998-04-18,5.686760416666667
1998-04-19,5.740286458333333
1998-04-20,5.786213541666666
1998-04-21,5.974953125
1998-04-22,6.06521875
1998-04-23,6.081380208333333
1998-04-24,6.128130208333333
1998-04-25,6.2268333333333334
1998-04-26,6.1610989583333335
1998-04-27,6.078671875
1998-04-28,6.003776041666667
1998-04-29,5.939208333333333
1998-04-30,5.988307291666667
1998-05-01,6.048041666666666
1998-05-02,6.14771875
1998-05-03,6.148135416666666
1998-05-04,6.371734375
1998-05-05,6.489098958333333
1998-05-06,6.516484375
1998-05-07,6.546833333333334
1998-05-08,6.402328125
1998-05-09,6.240182291666667
1998-05-10,6.398036458333333
1998-05-11,6.4878229166666666
1998-05-12,6.598833333333333
1998-05-13,6.66671875
1998-05-14,6.715739583333334
1998-05-15,6.725911458333333
1998-05-16,6.485276041666666
1998-05-17,6.608557291666667
1998-05-18,6.58809375
1998-05-19,6.689729166666667
1998-05-20,6.650453125
1998-05-21,6.79203125
1998-05-22,6.9789375
1998-05-23,6.9851197916666665
1998-05-24,7.073625
1998-05-25,7.087078125
1998-05-26,7.092307291666667
1998-05-27,7.17921875
1998-05-28,7.099729166666667
1998-05-29,7.166067708333333
1998-05-30,7.2299375
1998-05-31,7.355645833333333
1998-06-01,7.183625
1998-06-02,7.301276041666667
1998-06-03,7.346515625
1998-06-04,7.200177083333333
1998-06-05,7.055505208333333
1998-06-06,7.204369791666666
1998-06-07,6.975041666666667
1998-06-08,6.890390625
1998-06-09,6.9221562500000005
1998-06-10,7.170078125
1998-06-11,7.216130208333333
1998-06-12,7.1866666666666665
1998-06-13,7.186255208333334
1998-06-14,7.129869791666667
1998-06-15,7.242880208333333
1998-06-16,7.222192708333333
1998-06-17,7.175046875
1998-06-18,7.121859375
1998-06-19,7.228255208333334
1998-06-20,7.2257291666666665
1998-06-21,7.288338541666667
1998-06-22,7.233677083333333
1998-06-23,7.19696875
1998-06-24,7.103744791666666
1998-06-25,7.08715625
1998-06-26,7.1120729166666665
1998-06-27,7.209307291666667
1998-06-28,7.321072916666667
1998-06-29,7.218703125
1998-06-30,7.241197916666667
1998-07-01,7.259494791666667
1998-07-02,7.24621875
1998-07-03,7.3384583333333335
1998-07-04,7.4282916666666665
1998-07-05,7.449510416666667
1998-07-06,7.497359375
1998-07-07,7.490776041666667
1998-07-08,7.52840625
1998-07-09,7.517036458333333
1998-07-10,7.520010416666667
1998-07-11,7.551098958333333
1998-07-12,7.585671875
1998-07-13,7.6097447916666665
1998-07-14,7.520369791666667
1998-07-15,7.4424375
1998-07-16,7.427260416666667
1998-07-17,7.421729166666666
1998-07-18,7.388286458333333
1998-07-19,7.679354166666666
1998-07-20,7.775744791666667
1998-07-21,8.075895833333334
1998-07-22,7.955135416666667
1998-07-23,7.860427083333334
1998-07-24,7.805338541666667
1998-07-25,7.812348958333334
1998-07-26,7.645921875
1998-07-27,7.6869427083333335
1998-07-28,7.661875
1998-07-29,7.717713541666667
1998-07-30,7.804385416666666
1998-07-31,7.9751770833333335
1998-08-01,7.759619791666666
1998-08-02,7.998515625
1998-08-03,7.949848958333333
1998-08-04,8.041385416666667
1998-08-05,7.944635416666666
1998-08-06,7.887416666666667
1998-08-07,7.996104166666667
1998-08-08,8.431052083333332
1998-08-09,8.895234375
1998-08-10,8.895614583333334
1998-08-11,8.721322916666667
1998-08-12,8.454625
1998-08-13,8.634520833333333
1998-08-14,8.62621875
1998-08-15,8.459682291666667
1998-08-16,8.299046875
1998-08-17,8.352369791666666
1998-08-18,8.281401041666667
1998-08-19,8.456182291666666
1998-08-20,8.599520833333333
1998-08-21,8.420677083333333
1998-08-22,8.660953125
1998-08-23,8.827083333333333
1998-08-24,8.775994791666667
1998-08-25,8.757723958333333
1998-08-26,8.753494791666666
1998-08-27,8.601619791666666
1998-08-28,8.544296875
1998-08-29,8.9956875
1998-08-30,9.40684375
1998-08-31,9.855203125
1998-09-01,10.631473958333334
1998-09-02,10.03375
1998-09-03,10.117151041666666
1998-09-04,10.036854166666666
1998-09-05,10.123796875
1998-09-06,10.062895833333334
1998-09-07,9.827796875
1998-09-08,9.475177083333334
1998-09-09,10.0708125
1998-09-10,10.28565625
1998-09-11,10.355401041666667
1998-09-12,10.014041666666667
1998-09-13,9.802447916666667
1998-09-14,9.890609375
1998-09-15,9.960666666666667
1998-09-16,10.269192708333334
1998-09-17,10.070255208333334
1998-09-18,10.049953125
1998-09-19,10.252614583333333
1998-09-20,10.203380208333334
1998-09-21,9.902734375
1998-09-22,10.118140625
1998-09-23,10.365026041666667
1998-09-24,10.372036458333334
1998-09-25,10.348723958333334
1998-09-26,10.045145833333333
1998-09-27,9.863989583333334
1998-09-28,9.755005208333333
1998-09-29,9.884890625
1998-09-30,9.955380208333333
1998-10-01,9.889130208333333
1998-10-02,9.65515625
1998-10-03,9.454729166666667
1998-10-04,9.617291666666667
1998-10-05,10.117328125
1998-10-06,10.223166666666666
1998-10-07,10.035921875
1998-10-08,9.820963541666666
1998-10-09,9.883739583333334
1998-10-10,9.873651041666667
1998-10-11,9.749572916666667
1998-10-12,9.784755208333333
1998-10-13,9.896807291666667
1998-10-14,9.710942708333333
1998-10-15,9.804953125
1998-10-16,10.321166666666667
1998-10-17,10.127755208333333
1998-10-18,10.020708333333333
1998-10-19,9.909567708333332
1998-10-20,9.756322916666667
1998-10-21,9.840020833333334
1998-10-22,9.780489583333333
1998-10-23,9.845822916666666
1998-10-24,9.936744791666667
1998-10-25,9.863354166666667
1998-10-26,9.898989583333334
1998-10-27,9.87871875
1998-10-28,9.907958333333333
1998-10-29,9.867885416666667
1998-10-30,9.909489583333333
1998-10-31,9.912890625
1998-11-01,9.715734375
1998-11-02,9.7466875
1998-11-03,9.871984375
1998-11-04,9.869171875
1998-11-05,9.663026041666667
1998-11-06,9.614567708333334
1998-11-07,9.612192708333334
1998-11-08,9.581791666666666
1998-11-09,9.60203125
1998-11-10,9.512489583333334
1998-11-11,9.556947916666667
1998-11-12,9.490583333333333
1998-11-13,9.534145833333334
1998-11-14,9.453744791666667
1998-11-15,9.295140625
1998-11-16,9.320723958333334
1998-11-17,9.403286458333334
1998-11-18,8.9316875
1998-11-19,8.873703125
1998-11-20,8.818244791666666
1998-11-21,8.830869791666666
1998-11-22,8.892880208333333
1998-11-23,8.9604375
1998-11-24,9.026
1998-11-25,9.115322916666667
1998-11-26,8.950359375
1998-11-27,8.762536458333333
1998-11-28,8.137953125
1998-11-29,7.924885416666666
1998-11-30,8.05696875
1998-12-01,8.274344086021506
1998-12-02,8.176286738351255
1998-12-03,8.078229390681004
1998-12-04,7.980172043010753
1998-12-05,7.882114695340502
1998-12-06,7.784057347670251
1998-12-07,7.686
1998-12-08,7.636767543859649
1998-12-09,7.587535087719298
1998-12-10,7.538302631578947
1998-12-11,7.489070175438597
1998-12-12,7.439837719298246
1998-12-13,7.3906052631578945
1998-12-14,7.341372807017544
1998-12-15,7.292140350877193
1998-12-16,7.242907894736842
1998-12-17,7.193675438596491
1998-12-18,7.14444298245614
1998-12-19,7.095210526315789
1998-12-20,7.045978070175439
1998-12-21,6.996745614035087
1998-12-22,6.947513157894737
1998-12-23,6.898280701754386
1998-12-24,6.849048245614035
1998-12-25,6.799815789473684
1998-12-26,6.750583333333333
1998-12-27,6.701350877192983
1998-12-28,6.652118421052632
1998-12-29,6.60288596491228
1998-12-30,6.55365350877193
1998-12-31,6.504421052631579
1999-01-01,6.455188596491228
1999-01-02,6.405956140350877
1999-01-03,6.356723684210526
1999-01-04,6.307491228070175
1999-01-05,6.258258771929825
1999-01-06,6.209026315789473
1999-01-07,6.159793859649123
1999-01-08,6.110561403508772
1999-01-09,6.061328947368421
1999-01-10,6.01209649122807
1999-01-11,5.962864035087719
1999-01-12,5.913631578947369
1999-01-13,5.864399122807018
1999-01-14,5.815166666666666
1999-01-15,5.765934210526316
1999-01-16,5.716701754385965
1999-01-17,5.667469298245614
1999-01-18,5.618236842105263
1999-01-19,5.569004385964912
1999-01-20,5.519771929824561
1999-01-21,5.470539473684211
1999-01-22,5.42130701754386
1999-01-23,5.372074561403508
1999-01-24,5.322842105263158
1999-01-25,5.2736096491228075
1999-01-26,5.224377192982455
1999-01-27,5.175144736842105
1999-01-28,5.125912280701755
1999-01-29,5.0766798245614035
1999-01-30,5.027447368421052
1999-01-31,4.978214912280702
1999-02-01,4.928982456140351
1999-02-02,4.87975
1999-02-03,4.830517543859649
1999-02-04,4.781285087719298
1999-02-05,4.732052631578947
1999-02-06,4.6828201754385965
1999-02-07,4.633587719298246
1999-02-08,4.584355263157894
1999-02-09,4.535122807017544
1999-02-10,4.4858903508771935
1999-02-11,4.436657894736841
1999-02-12,4.387425438596491
1999-02-13,4.338192982456141
1999-02-14,4.288960526315789
1999-02-15,4.239728070175438
1999-02-16,4.190495614035088
1999-02-17,4.141263157894737
1999-02-18,4.0920307017543855
1999-02-19,4.042798245614035
1999-02-20,3.9935657894736845
1999-02-21,3.9443333333333332
1999-02-22,3.942333333333333
1999-02-23,3.9403333333333332
1999-02-24,3.9383333333333335
1999-02-25,3.9363333333333332
1999-02-26,3.934333333333333
1999-02-27,3.9323333333333332
1999-02-28,3.9303333333333335
1999-03-01,3.9283333333333332
1999-03-02,3.926333333333333
1999-03-03,3.9243333333333332
1999-03-04,3.922333333333333
1999-03-05,3.9203333333333332
1999-03-06,3.918333333333333
1999-03-07,3.9163333333333332
1999-03-08,3.9143333333333334
1999-03-09,3.912333333333333
1999-03-10,3.910333333333333
1999-03-11,3.908333333333333
1999-03-12,3.9063333333333334
1999-03-13,3.904333333333333
1999-03-14,3.8802857142857143
1999-03-15,3.856238095238095
1999-03-16,3.832190476190476
1999-03-17,3.8081428571428573
1999-03-18,3.7840952380952384
1999-03-19,3.760047619047619
1999-03-20,3.736
1999-03-21,3.748818181818182
1999-03-22,3.761636363636364
1999-03-23,3.7744545454545455
1999-03-24,3.7872727272727276
1999-03-25,3.800090909090909
1999-03-26,3.812909090909091
1999-03-27,3.825727272727273
1999-03-28,3.8385454545454545
1999-03-29,3.8513636363636365
1999-03-30,3.864181818181818
1999-03-31,3.877
1999-04-01,3.889818181818182
1999-04-02,3.9026363636363635
1999-04-03,3.9154545454545455
1999-04-04,3.928272727272727
1999-04-05,3.941090909090909
1999-04-06,3.953909090909091
1999-04-07,3.9667272727272724
1999-04-08,3.9795454545454545
1999-04-09,3.992363636363636
1999-04-10,4.005181818181818
1999-04-11,4.018
1999-04-12,4.007444444444444
1999-04-13,3.9968888888888885
1999-04-14,3.986333333333333
1999-04-15,3.9766666666666666
1999-04-16,3.967
1999-04-17,3.9573333333333336
1999-04-18,3.98512962962963
1999-04-19,4.012925925925926
1999-04-20,4.0407222222222225
1999-04-21,4.068518518518519
1999-04-22,4.096314814814815
1999-04-23,4.1241111111111115
1999-04-24,4.151907407407408
1999-04-25,4.179703703703704
1999-04-26,4.2075
1999-04-27,4.235296296296296
1999-04-28,4.263092592592592
1999-04-29,4.2908888888888885
1999-04-30,4.318685185185185
1999-05-01,4.346481481481481
1999-05-02,4.3742777777777775
1999-05-03,4.402074074074074
1999-05-04,4.42987037037037
1999-05-05,4.4576666666666664
1999-05-06,4.464666666666667
1999-05-07,4.471666666666667
1999-05-08,4.478666666666667
1999-05-09,4.582416666666667
1999-05-10,4.686166666666667
1999-05-11,4.789916666666667
1999-05-12,4.893666666666666
1999-05-13,4.9196481481481475
1999-05-14,4.94562962962963
1999-05-15,4.971611111111111
1999-05-16,4.997592592592592
1999-05-17,5.023574074074074
1999-05-18,5.049555555555555
1999-05-19,5.075537037037037
1999-05-20,5.101518518518518
1999-05-21,5.1274999999999995
1999-05-22,5.1534814814814816
1999-05-23,5.179462962962963
1999-05-24,5.205444444444444
1999-05-25,5.231425925925926
1999-05-26,5.257407407407407
1999-05-27,5.283388888888888
1999-05-28,5.30937037037037
1999-05-29,5.3353518518518515
1999-05-30,5.361333333333333
1999-05-31,5.387314814814815
1999-06-01,5.413296296296296
1999-06-02,5.439277777777778
1999-06-03,5.465259259259259
1999-06-04,5.49124074074074
1999-06-05,5.517222222222222
1999-06-06,5.543203703703703
1999-06-07,5.569185185185185
1999-06-08,5.595166666666667
1999-06-09,5.621148148148148
1999-06-10,5.64712962962963
1999-06-11,5.673111111111111
1999-06-12,5.699092592592592
1999-06-13,5.725074074074074
1999-06-14,5.751055555555555
1999-06-15,5.7770370370370365
1999-06-16,5.803018518518519
1999-06-17,5.829
1999-06-18,5.832022222222222
1999-06-19,5.835044444444444
1999-06-20,5.838066666666666
1999-06-21,5.841088888888889
1999-06-22,5.844111111111111
1999-06-23,5.847133333333333
1999-06-24,5.850155555555555
1999-06-25,5.853177777777778
1999-06-26,5.8562
1999-06-27,5.859222222222222
1999-06-28,5.862244444444444
1999-06-29,5.865266666666667
1999-06-30,5.868288888888889
1999-07-01,5.871311111111111
1999-07-02,5.874333333333333
1999-07-03,5.877355555555556
1999-07-04,5.8803777777777775
1999-07-05,5.8834
1999-07-06,5.8864222222222224
1999-07-07,5.889444444444445
1999-07-08,5.8924666666666665
1999-07-09,5.895488888888889
1999-07-10,5.8985111111111115
1999-07-11,5.901533333333334
1999-07-12,5.904555555555556
1999-07-13,5.907577777777778
1999-07-14,5.9106000000000005
1999-07-15,5.913622222222223
1999-07-16,5.916644444444445
1999-07-17,5.919666666666667
1999-07-18,5.959777777777778
1999-07-19,5.999888888888889
1999-07-20,6.04
1999-07-21,6.080111111111112
1999-07-22,6.120222222222223
1999-07-23,6.160333333333334
1999-07-24,6.200444444444445
1999-07-25,6.240555555555556
1999-07-26,6.280666666666667
1999-07-27,6.320777777777778
1999-07-28,6.360888888888889
1999-07-29,6.401000000000001
1999-07-30,6.441111111111112
1999-07-31,6.481222222222223
1999-08-01,6.521333333333334
1999-08-02,6.561444444444445
1999-08-03,6.601555555555556
1999-08-04,6.641666666666667
1999-08-05,6.681777777777778
1999-08-06,6.7218888888888895
1999-08-07,6.7620000000000005
1999-08-08,6.802111111111111
1999-08-09,6.842222222222222
1999-08-10,6.882333333333333
1999-08-11,6.922444444444444
1999-08-12,6.962555555555555
1999-08-13,7.002666666666666
1999-08-14,7.042777777777777
1999-08-15,7.082888888888889
1999-08-16,7.123
1999-08-17,7.163111111111111
1999-08-18,7.203222222222222
1999-08-19,7.243333333333333
1999-08-20,7.283444444444445
1999-08-21,7.323555555555556
1999-08-22,7.363666666666667
1999-08-23,7.403777777777778
1999-08-24,7.443888888888889
1999-08-25,7.484
1999-08-26,7.499666666666667
1999-08-27,7.515333333333333
1999-08-28,7.531000000000001
1999-08-29,7.581612612612613
1999-08-30,7.632225225225226
1999-08-31,7.682837837837838
1999-09-01,7.733450450450451
1999-09-02,7.784063063063064
1999-09-03,7.834675675675676
1999-09-04,7.885288288288288
1999-09-05,7.935900900900902
1999-09-06,7.986513513513514
1999-09-07,8.037126126126127
1999-09-08,8.08773873873874
1999-09-09,8.138351351351352
1999-09-10,8.188963963963964
1999-09-11,8.239576576576576
1999-09-12,8.290189189189189
1999-09-13,8.340801801801803
1999-09-14,8.391414414414415
1999-09-15,8.442027027027027
1999-09-16,8.49263963963964
1999-09-17,8.543252252252252
1999-09-18,8.593864864864864
1999-09-19,8.644477477477478
1999-09-20,8.69509009009009
1999-09-21,8.745702702702703
1999-09-22,8.796315315315315
1999-09-23,8.846927927927927
1999-09-24,8.89754054054054
1999-09-25,8.948153153153154
1999-09-26,8.998765765765766
1999-09-27,9.049378378378378
1999-09-28,9.09999099099099
1999-09-29,9.150603603603603
1999-09-30,9.201216216216215
1999-10-01,9.25182882882883
1999-10-02,9.302441441441442
1999-10-03,9.353054054054054
1999-10-04,9.403666666666666
1999-10-05,9.50211111111111
1999-10-06,9.600555555555555
1999-10-07,9.699
1999-10-08,9.677
1999-10-09,9.655
1999-10-10,9.633
1999-10-11,9.588066666666666
1999-10-12,9.543133333333332
1999-10-13,9.498199999999999
1999-10-14,9.453266666666666
1999-10-15,9.408333333333333
1999-10-16,9.363399999999999
1999-10-17,9.318466666666666
1999-10-18,9.273533333333333
1999-10-19,9.2286
1999-10-20,9.183666666666666
1999-10-21,9.138733333333333
1999-10-22,9.0938
1999-10-23,9.048866666666665
1999-10-24,9.003933333333332
1999-10-25,8.959
1999-10-26,8.914066666666667
1999-10-27,8.869133333333332
1999-10-28,8.8242
1999-10-29,8.779266666666667
1999-10-30,8.734333333333332
1999-10-31,8.6894
1999-11-01,8.644466666666666
1999-11-02,8.599533333333333
1999-11-03,8.554599999999999
1999-11-04,8.509666666666666
1999-11-05,8.464733333333333
1999-11-06,8.419799999999999
1999-11-07,8.374866666666666
1999-11-08,8.329933333333333
1999-11-09,8.285
1999-11-10,8.240066666666666
1999-11-11,8.195133333333333
1999-11-12,8.1502
1999-11-13,8.105266666666665
1999-11-14,8.060333333333332
1999-11-15,8.0154
1999-11-16,7.970466666666666
1999-11-17,7.925533333333333
1999-11-18,7.880599999999999
1999-11-19,7.835666666666667
1999-11-20,7.790733333333333
1999-11-21,7.745799999999999
1999-11-22,7.700866666666666
1999-11-23,7.655933333333333
1999-11-24,7.610999999999999
1999-11-25,7.566066666666666
1999-11-26,7.521133333333333
1999-11-27,7.4761999999999995
1999-11-28,7.431266666666666
1999-11-29,7.386333333333333
1999-11-30,7.218999999999999
1999-12-01,7.051666666666667
1999-12-02,6.884333333333333
1999-12-03,7.036333333333333
1999-12-04,6.9987916666666665
1999-12-05,6.96125
1999-12-06,7.105
1999-12-07,7.035
1999-12-08,6.9275
1999-12-09,6.675
1999-12-10,6.6275
1999-12-11,6.70875
1999-12-12,6.5600000000000005
1999-12-13,6.51125
1999-12-14,6.3675
1999-12-15,6.5975
1999-12-16,6.745
1999-12-17,6.4025
1999-12-18,6.17375
1999-12-19,5.8725000000000005
1999-12-20,5.845
1999-12-21,5.795
1999-12-22,5.8575
1999-12-23,6.005
1999-12-24,6.115
1999-12-25,5.87125
1999-12-26,6.31375
1999-12-27,6.35125
1999-12-28,6.1975
1999-12-29,6.40625
1999-12-30,6.01375
1999-12-31,5.875
2000-01-01,5.6625
2000-01-02,5.48125
2000-01-03,5.6075
2000-01-04,5.51125
2000-01-05,5.26875
2000-01-06,5.38
2000-01-07,5.30375
2000-01-08,5.095
2000-01-09,4.88375
2000-01-10,5.0075
2000-01-11,4.91375
2000-01-12,4.44875
2000-01-13,4.7325
2000-01-14,4.66625
2000-01-15,4.8475
2000-01-16,4.43125
2000-01-17,4.00625
2000-01-18,4.32
2000-01-19,4.58125
2000-01-20,4.6025
2000-01-21,4.4
2000-01-22,4.36125
2000-01-23,4.39875
2000-01-24,4.34
2000-01-25,4.38625
2000-01-26,4.40625
2000-01-27,4.295
2000-01-28,4.41625
2000-01-29,4.36625
2000-01-30,4.34375
2000-01-31,3.91
2000-02-01,3.895
2000-02-02,4.075
2000-02-03,4.62625
2000-02-04,4.61
2000-02-05,4.57125
2000-02-06,4.64
2000-02-07,4.51625
2000-02-08,4.6525
2000-02-09,4.6575
2000-02-10,4.58875
2000-02-11,4.42
2000-02-12,4.70125
2000-02-13,4.65625
2000-02-14,4.495
2000-02-15,4.52
2000-02-16,4.5925
2000-02-17,4.4975000000000005
2000-02-18,4.42625
2000-02-19,4.23875
2000-02-20,4.20875
2000-02-21,4.105
2000-02-22,4.1525
2000-02-23,4.2025
2000-02-24,4.265
2000-02-25,4.39375
2000-02-26,4.485
2000-02-27,4.4325
2000-02-28,4.305
2000-02-29,4.2475
2000-03-01,4.29
2000-03-02,4.295
2000-03-03,4.285
2000-03-04,4.2212499999999995
2000-03-05,4.14375
2000-03-06,4.17375
2000-03-07,4.279999999999999
2000-03-08,4.46125
2000-03-09,4.53875
2000-03-10,4.52625
2000-03-11,4.51
2000-03-12,4.49375
2000-03-13,4.6275
2000-03-14,4.5075
2000-03-15,4.4475
2000-03-16,4.32375
2000-03-17,4.39375
2000-03-18,4.38
2000-03-19,4.4125
2000-03-20,4.41875
2000-03-21,4.44625
2000-03-22,4.525
2000-03-23,4.6825
2000-03-24,4.7
2000-03-25,4.58
2000-03-26,4.5287500000000005
2000-03-27,4.5024999999999995
2000-03-28,4.44375
2000-03-29,4.46
2000-03-30,4.52875
2000-03-31,4.52375
2000-04-01,4.5649999999999995
2000-04-02,4.6325
2000-04-03,4.5575
2000-04-04,4.6325
2000-04-05,4.55375
2000-04-06,4.66875
2000-04-07,4.69125
2000-04-08,4.7212499999999995
2000-04-09,4.74375
2000-04-10,4.78375
2000-04-11,4.67125
2000-04-12,4.68
2000-04-13,4.66875
2000-04-14,4.75375
2000-04-15,4.85375
2000-04-16,4.85625
2000-04-17,4.8075
2000-04-18,4.765
2000-04-19,4.765
2000-04-20,4.7675
2000-04-21,4.7875
2000-04-22,4.8275
2000-04-23,4.81875
2000-04-24,4.87125
2000-04-25,4.828749999999999
2000-04-26,4.8950000000000005
2000-04-27,4.965
2000-04-28,5.03375
2000-04-29,5.015
2000-04-30,5.035
2000-05-01,5.07875
2000-05-02,4.99875
2000-05-03,5.195
2000-05-04,5.05625
2000-05-05,5.08875
2000-05-06,5.28875
2000-05-07,5.1187499999999995
2000-05-08,5.1825
2000-05-09,5.2575
2000-05-10,5.34375
2000-05-11,5.40375
2000-05-12,5.35375
2000-05-13,5.3025
2000-05-14,5.2
2000-05-15,5.3175
2000-05-16,5.4662500000000005
2000-05-17,5.28625
2000-05-18,5.3575
2000-05-19,5.305
2000-05-20,5.33625
2000-05-21,5.37375
2000-05-22,5.39875
2000-05-23,5.37125
2000-05-24,5.5525
2000-05-25,5.6325
2000-05-26,5.56875
2000-05-27,5.59625
2000-05-28,5.8875
2000-05-29,5.585
2000-05-30,5.60625
2000-05-31,5.75625
2000-06-01,5.655
2000-06-02,5.5525
2000-06-03,5.7387500000000005
2000-06-04,5.52125
2000-06-05,5.6274999999999995
2000-06-06,5.609999999999999
2000-06-07,5.60625
2000-06-08,5.665
2000-06-09,5.935
2000-06-10,5.94125
2000-06-11,5.7975
2000-06-12,5.635
2000-06-13,5.654999999999999
2000-06-14,5.81375
2000-06-15,5.95375
2000-06-16,5.93125
2000-06-17,5.76625
2000-06-18,5.8275
2000-06-19,6.14375
2000-06-20,6.485
2000-06-21,6.145
2000-06-22,6.24375
2000-06-23,6.16
2000-06-24,6.12125
2000-06-25,6.02625
2000-06-26,6.12
2000-06-27,6.2825
2000-06-28,6.345
2000-06-29,6.2875
2000-06-30,6.41875
2000-07-01,6.30625
2000-07-02,6.37
2000-07-03,6.605
2000-07-04,6.57
2000-07-05,6.2775
2000-07-06,6.155
2000-07-07,6.32875
2000-07-08,6.12375
2000-07-09,5.9775
2000-07-10,6.05125
2000-07-11,6.1225
2000-07-12,6.13125
2000-07-13,6.1475
2000-07-14,6.3375
2000-07-15,6.4487499999999995
2000-07-16,6.575
2000-07-17,6.46875
2000-07-18,6.5625
2000-07-19,6.44125
2000-07-20,6.36
2000-07-21,6.49875
2000-07-22,6.8
2000-07-23,7.275
2000-07-24,6.82125
2000-07-25,6.50875
2000-07-26,6.54625
2000-07-27,6.445
2000-07-28,6.6175
2000-07-29,6.735
2000-07-30,6.79
2000-07-31,6.55625
2000-08-01,6.38625
2000-08-02,6.72125
2000-08-03,7.33
2000-08-04,6.9275
2000-08-05,6.62
2000-08-06,6.27125
2000-08-07,6.8375
2000-08-08,6.6
2000-08-09,6.6125
2000-08-10,6.89625
2000-08-11,7.4
2000-08-12,7.155
2000-08-13,6.6875
2000-08-14,6.685
2000-08-15,6.76625
2000-08-16,6.9975000000000005
2000-08-17,7.546250000000001
2000-08-18,7.1
2000-08-19,7.2575
2000-08-20,7.17125
2000-08-21,7.19125
2000-08-22,7.26125
2000-08-23,7.0675
2000-08-24,7.11125
2000-08-25,7.26625
2000-08-26,6.94625
2000-08-27,7.095
2000-08-28,7.1475
2000-08-29,7.16375
2000-08-30,7.03125
2000-08-31,6.90125
2000-09-01,7.185
2000-09-02,7.83125
2000-09-03,7.8549999999999995
2000-09-04,7.918749999999999
2000-09-05,7.4575000000000005
2000-09-06,7.77625
2000-09-07,7.5725
2000-09-08,7.98
2000-09-09,8.07375
2000-09-10,7.695
2000-09-11,7.97
2000-09-12,8.055
2000-09-13,7.755
2000-09-14,7.945
2000-09-15,8.04875
2000-09-16,8.3725
2000-09-17,8.68625
2000-09-18,8.855
2000-09-19,8.8125
2000-09-20,9.2575
2000-09-21,9.00875
2000-09-22,9.12125
2000-09-23,8.94
2000-09-24,8.71625
2000-09-25,8.83375
2000-09-26,8.790000000000001
2000-09-27,8.97625
2000-09-28,8.73
2000-09-29,8.93
2000-09-30,8.53625
2000-10-01,8.3475
2000-10-02,8.2875
2000-10-03,8.38375
2000-10-04,8.66125
2000-10-05,8.83375
2000-10-06,9.14125
2000-10-07,9.08375
2000-10-08,9.05
2000-10-09,9.71125
2000-10-10,9.22875
2000-10-11,9.35125
2000-10-12,9.3
2000-10-13,9.377500000000001
2000-10-14,9.65
2000-10-15,9.57875
2000-10-16,9.44125
2000-10-17,9.14875
2000-10-18,8.88875
2000-10-19,9.0475
2000-10-20,8.879999999999999
2000-10-21,8.79625
2000-10-22,8.77625
2000-10-23,8.87125
2000-10-24,8.90625
2000-10-25,9.065
2000-10-26,9.07
2000-10-27,9.025
2000-10-28,8.9975
2000-10-29,9.02
2000-10-30,9.08625
2000-10-31,8.92875
2000-11-01,8.76125
2000-11-02,8.8
2000-11-03,8.8525
2000-11-04,8.8125
2000-11-05,8.6625
2000-11-06,8.776250000000001
2000-11-07,8.515
2000-11-08,8.713750000000001
2000-11-09,8.615
2000-11-10,8.78375
2000-11-11,8.49625
2000-11-12,8.6575
2000-11-13,8.64375
2000-11-14,8.40875
2000-11-15,8.23
2000-11-16,8.215
2000-11-17,8.34875
2000-11-18,8.24375
2000-11-19,8.10625
2000-11-20,8.16
2000-11-21,8.10875
2000-11-22,7.895
2000-11-23,7.985
2000-11-24,7.92
2000-11-25,7.87125
2000-11-26,7.82625
2000-11-27,7.8475
2000-11-28,7.8175
2000-11-29,7.72125
2000-11-30,7.86
2000-12-01,7.818125
2000-12-02,7.77625
2000-12-03,7.734375
2000-12-04,7.6925
2000-12-05,7.407500000000001
2000-12-06,7.24
2000-12-07,7.3875
2000-12-08,7.60125
2000-12-09,7.6675
2000-12-10,7.59125
2000-12-11,7.43875
2000-12-12,7.51375
2000-12-13,7.50375
2000-12-14,7.55375
2000-12-15,7.60125
2000-12-16,7.62375
2000-12-17,7.525
2000-12-18,7.1225000000000005
2000-12-19,7.23125
2000-12-20,7.1587499999999995
2000-12-21,6.9225
2000-12-22,6.925
2000-12-23,7.06625
2000-12-24,7
2000-12-25,6.86375
2000-12-26,6.92125
2000-12-27,6.82625
2000-12-28,6.8725000000000005
2000-12-29,6.75125
2000-12-30,6.83
2000-12-31,6.79
2001-01-01,6.86125
2001-01-02,6.905
2001-01-03,7.1575
2001-01-04,7.09375
2001-01-05,6.890000000000001
2001-01-06,6.66375
2001-01-07,6.58375
2001-01-08,6.475
2001-01-09,6.4625
2001-01-10,6.55875
2001-01-11,6.6925
2001-01-12,6.6537500000000005
2001-01-13,6.35375
2001-01-14,6.15
2001-01-15,6.21125
2001-01-16,6.2875
2001-01-17,6.328749999999999
2001-01-18,6.32375
2001-01-19,6.255
2001-01-20,6.30375
2001-01-21,6.5225
2001-01-22,6.405
2001-01-23,6.2475
2001-01-24,6.2225
2001-01-25,6.3075
2001-01-26,6.3675
2001-01-27,6.452500000000001
2001-01-28,6.2275
2001-01-29,6.28875
2001-01-30,6.31625
2001-01-31,6.20125
2001-02-01,6.1475
2001-02-02,5.8525
2001-02-03,6.2425
2001-02-04,6.2725
2001-02-05,6.11375
2001-02-06,6.01
2001-02-07,5.7875
2001-02-08,6.02875
2001-02-09,5.85125
2001-02-10,5.9175
2001-02-11,5.94125
2001-02-12,5.6975
2001-02-13,5.99375
2001-02-14,5.7775
2001-02-15,5.76375
2001-02-16,6.1
2001-02-17,5.795
2001-02-18,5.7375
2001-02-19,5.9475
2001-02-20,5.78
2001-02-21,5.81125
2001-02-22,5.555
2001-02-23,5.395
2001-02-24,5.635
2001-02-25,5.66
2001-02-26,5.93
2001-02-27,5.6525
2001-02-28,5.38375
2001-03-01,5.2775
2001-03-02,5.45
2001-03-03,5.66875
2001-03-04,5.95125
2001-03-05,5.585
2001-03-06,5.37125
2001-03-07,5.3412500000000005
2001-03-08,5.47375
2001-03-09,5.465
2001-03-10,5.44875
2001-03-11,5.33875
2001-03-12,5.35
2001-03-13,5.61875
2001-03-14,5.65875
2001-03-15,5.56125
2001-03-16,5.545
2001-03-17,5.5424999999999995
2001-03-18,5.5775
2001-03-19,5.52625
2001-03-20,5.43375
2001-03-21,5.45375
2001-03-22,5.34875
2001-03-23,5.43125
2001-03-24,5.1425
2001-03-25,5.31875
2001-03-26,5.26
2001-03-27,5.04625
2001-03-28,5.05
2001-03-29,5.42875
2001-03-30,5.31375
2001-03-31,5
2001-04-01,5.0675
2001-04-02,4.87125
2001-04-03,5.06625
2001-04-04,5.0337499999999995
2001-04-05,4.83125
2001-04-06,4.92625
2001-04-07,5.105
2001-04-08,5.10375
2001-04-09,5.31125
2001-04-10,5.22
2001-04-11,5.1725
2001-04-12,4.9975000000000005
2001-04-13,4.94625
2001-04-14,4.96875
2001-04-15,4.9675
2001-04-16,5.01
2001-04-17,5.10375
2001-04-18,5.21
2001-04-19,5.31
2001-04-20,5.33625
2001-04-21,5.2675
2001-04-22,5.23875
2001-04-23,5.2775
2001-04-24,5.24625
2001-04-25,5.21375
2001-04-26,5.21
2001-04-27,5.1975
2001-04-28,5.34375
2001-04-29,5.45125
2001-04-30,5.42
2001-05-01,5.43375
2001-05-02,5.4575000000000005
2001-05-03,5.465
2001-05-04,5.505
2001-05-05,5.4825
2001-05-06,5.48875
2001-05-07,5.5
2001-05-08,5.4725
2001-05-09,5.49125
2001-05-10,5.50375
2001-05-11,5.50125
2001-05-12,5.50375
2001-05-13,5.52125
2001-05-14,5.50125
2001-05-15,5.51375
2001-05-16,5.49375
2001-05-17,5.5125
2001-05-18,5.5287500000000005
2001-05-19,5.525
2001-05-20,5.525
2001-05-21,5.5337499999999995
2001-05-22,5.60125
2001-05-23,5.72
2001-05-24,5.81875
2001-05-25,6.4625
2001-05-26,6.3975
2001-05-27,6.47
2001-05-28,6.345
2001-05-29,6.32375
2001-05-30,6.37
2001-05-31,6.0275
2001-06-01,6.32625
2001-06-02,6.33625
2001-06-03,6.29625
2001-06-04,6.29625
2001-06-05,6.46
2001-06-06,6.58625
2001-06-07,6.54375
2001-06-08,6.125
2001-06-09,6.1450000000000005
2001-06-10,6.205
2001-06-11,6.18125
2001-06-12,6.155
2001-06-13,6.1975
2001-06-14,6.11375
2001-06-15,6.205
2001-06-16,6.14625
2001-06-17,6.22
2001-06-18,6.23875
2001-06-19,6.2675
2001-06-20,6.33375
2001-06-21,6.54375
2001-06-22,6.40375
2001-06-23,6.61875
2001-06-24,6.705
2001-06-25,6.655
2001-06-26,6.50625
2001-06-27,6.41875
2001-06-28,6.47625
2001-06-29,6.455
2001-06-30,6.34
2001-07-01,6.3425
2001-07-02,6.245
2001-07-03,6.24875
2001-07-04,6.33125
2001-07-05,6.33375
2001-07-06,6.32875
2001-07-07,6.42875
2001-07-08,6.6025
2001-07-09,6.6375
2001-07-10,6.62375
2001-07-11,6.55
2001-07-12,6.5
2001-07-13,6.65125
2001-07-14,6.7275
2001-07-15,6.73625
2001-07-16,6.6625
2001-07-17,6.63375
2001-07-18,6.64625
2001-07-19,6.70875
2001-07-20,6.58375
2001-07-21,6.48375
2001-07-22,6.31125
2001-07-23,6.49375
2001-07-24,6.48375
2001-07-25,6.55125
2001-07-26,6.50375
2001-07-27,6.65125
2001-07-28,7.04375
2001-07-29,6.73
2001-07-30,6.63125
2001-07-31,6.68125
2001-08-01,6.74875
2001-08-02,6.77
2001-08-03,6.6362499999999995
2001-08-04,6.705
2001-08-05,6.7025
2001-08-06,6.7375
2001-08-07,6.61875
2001-08-08,6.58625
2001-08-09,6.69625
2001-08-10,6.97375
2001-08-11,7.00875
2001-08-12,6.9025
2001-08-13,6.66625
2001-08-14,6.6425
2001-08-15,6.63625
2001-08-16,6.68875
2001-08-17,6.69125
2001-08-18,6.67
2001-08-19,6.75125
2001-08-20,6.8375
2001-08-21,6.9475
2001-08-22,6.96625
2001-08-23,6.83
2001-08-24,6.965
2001-08-25,7.24625
2001-08-26,7.25
2001-08-27,7.3025
2001-08-28,7.49125
2001-08-29,8.01375
2001-08-30,8.19625
2001-08-31,8.025
2001-09-01,8.2025
2001-09-02,7.9125
2001-09-03,8.55875
2001-09-04,8.3275
2001-09-05,8.17125
2001-09-06,7.585
2001-09-07,7.205
2001-09-08,7.96375
2001-09-09,8.12375
2001-09-10,8.26875
2001-09-11,7.72625
2001-09-12,8.44375
2001-09-13,8.91
2001-09-14,8.432500000000001
2001-09-15,8.0475
2001-09-16,8.425
2001-09-17,8.60125
2001-09-18,8.6175
2001-09-19,8.15875
2001-09-20,8.13
2001-09-21,8.215
2001-09-22,8.901250000000001
2001-09-23,8.265
2001-09-24,8.6525
2001-09-25,9.2475
2001-09-26,10.05
2001-09-27,10.22
2001-09-28,10.22
2001-09-29,10.095
2001-09-30,9.793750000000001
2001-10-01,9.5475
2001-10-02,9.56375
2001-10-03,9.60375
2001-10-04,10.015
2001-10-05,10.16625
2001-10-06,9.55875
2001-10-07,9.45
2001-10-08,9.696250000000001
2001-10-09,10.04875
2001-10-10,10.295
2001-10-11,10.20875
2001-10-12,9.94125
2001-10-13,9.79375
2001-10-14,9.9575
2001-10-15,10.21625
2001-10-16,9.81125
2001-10-17,9.3225
2001-10-18,9.901250000000001
2001-10-19,9.82375
2001-10-20,9.89
2001-10-21,9.928749999999999
2001-10-22,9.82625
2001-10-23,9.76375
2001-10-24,9.61625
2001-10-25,9.44375
2001-10-26,9.415
2001-10-27,9.40625
2001-10-28,9.47
2001-10-29,9.53875
2001-10-30,9.67625
2001-10-31,9.54375
2001-11-01,9.6675
2001-11-02,9.59
2001-11-03,9.65375
2001-11-04,9.38875
2001-11-05,9.3225
2001-11-06,9.405
2001-11-07,9.311250000000001
2001-11-08,9.2175
2001-11-09,8.895
2001-11-10,8.82875
2001-11-11,8.46375
2001-11-12,8.42
2001-11-13,8.4825
2001-11-14,8.64875
2001-11-15,8.575
2001-11-16,8.46625
2001-11-17,8.54875
2001-11-18,8.2225
2001-11-19,8.1575
2001-11-20,8.2375
2001-11-21,7.9825
2001-11-22,7.8725000000000005
2001-11-23,7.91625
2001-11-24,7.96125
2001-11-25,7.96
2001-11-26,8.12
2001-11-27,8.07625
2001-11-28,8.08125
2001-11-29,7.9925
2001-11-30,8.0125
2001-12-01,7.8
2001-12-02,7.6525
2001-12-03,7.6499999999999995
2001-12-04,7.705
2001-12-05,7.22375
2001-12-06,6.97
2001-12-07,6.90125
2001-12-08,6.8325000000000005
2001-12-09,6.90625
2001-12-10,6.76625
2001-12-11,6.9275
2001-12-12,7.0649999999999995
2001-12-13,7.2575
2001-12-14,6.68625
2001-12-15,6.22
2001-12-16,6.50375
2001-12-17,5.84375
2001-12-18,5.81375
2001-12-19,5.70625
2001-12-20,5.62375
2001-12-21,5.77375
2001-12-22,5.84
2001-12-23,6.03
2001-12-24,5.85875
2001-12-25,5.8100000000000005
2001-12-26,5.72625
2001-12-27,5.7837499999999995
2001-12-28,5.88875
2001-12-29,5.99625
2001-12-30,5.8925
2001-12-31,5.83375
2002-01-01,5.85375
2002-01-02,5.90625
2002-01-03,5.92125
2002-01-04,5.90125
2002-01-05,5.8475
2002-01-06,5.7325
2002-01-07,5.65625
2002-01-08,5.67375
2002-01-09,5.7225
2002-01-10,5.6875
2002-01-11,5.74875
2002-01-12,5.7524999999999995
2002-01-13,5.63
2002-01-14,5.62625
2002-01-15,5.7162500000000005
2002-01-16,5.63875
2002-01-17,5.63375
2002-01-18,5.6175
2002-01-19,5.57
2002-01-20,5.47125
2002-01-21,5.53875
2002-01-22,5.42375
2002-01-23,5.4575
2002-01-24,5.3175
2002-01-25,4.835
2002-01-26,4.88625
2002-01-27,4.95375
2002-01-28,5.1675
2002-01-29,5.18375
2002-01-30,4.88
2002-01-31,4.733750000000001
2002-02-01,4.7225
2002-02-02,4.7575
2002-02-03,4.47375
2002-02-04,4.34875
2002-02-05,4.35875
2002-02-06,4.43625
2002-02-07,4.3875
2002-02-08,4.4662500000000005
2002-02-09,4.69125
2002-02-10,4.7425
2002-02-11,4.57375
2002-02-12,4.56125
2002-02-13,4.57375
2002-02-14,4.47
2002-02-15,4.545
2002-02-16,4.57625
2002-02-17,4.80375
2002-02-18,4.7625
2002-02-19,4.65875
2002-02-20,4.50125
2002-02-21,4.28625
2002-02-22,4.265
2002-02-23,4.3825
2002-02-24,4.395
2002-02-25,4.355
2002-02-26,4.185
2002-02-27,4.13875
2002-02-28,4.095
2002-03-01,4.26125
2002-03-02,4.3775
2002-03-03,4.28
2002-03-04,4.29
2002-03-05,4.1850000000000005
2002-03-06,4.24625
2002-03-07,4.12625
2002-03-08,4.14875
2002-03-09,4.235
2002-03-10,4.1975
2002-03-11,4.0025
2002-03-12,3.625
2002-03-13,3.6325
2002-03-14,3.64625
2002-03-15,3.5775
2002-03-16,3.73375
2002-03-17,4.07125
2002-03-18,4.13125
2002-03-19,4.055
2002-03-20,4.08
2002-03-21,3.9699999999999998
2002-03-22,3.765217391304348
2002-03-23,3.8096510416666667
2002-03-24,3.71059375
2002-03-25,3.96621875
2002-03-26,4.1222916666666665
2002-03-27,3.956953125
2002-03-28,4.033880208333334
2002-03-29,3.996828125
2002-03-30,4.0871354166666665
2002-03-31,4.078911458333334
2002-04-01,4.177057291666666
2002-04-02,4.175635416666666
2002-04-03,3.991765625
2002-04-04,4.290526041666666
2002-04-05,4.1644375
2002-04-06,3.9347708333333333
2002-04-07,3.8816822916666665
2002-04-08,3.8775104166666665
2002-04-09,3.924375
2002-04-10,3.9558697916666667
2002-04-11,4.086057291666667
2002-04-12,4.027197916666666
2002-04-13,4.19603125
2002-04-14,4.358723958333333
2002-04-15,4.3795
2002-04-16,4.388989583333333
2002-04-17,4.335515625
2002-04-18,4.376109375
2002-04-19,4.274052083333333
2002-04-20,4.2787395833333335
2002-04-21,4.318838541666667
2002-04-22,4.356614583333333
2002-04-23,4.409848958333333
2002-04-24,4.531625
2002-04-25,4.4765
2002-04-26,4.360359375
2002-04-27,4.412052083333333
2002-04-28,4.379572916666667
2002-04-29,4.421510416666667
2002-04-30,4.58890625
2002-05-01,4.649947916666667
2002-05-02,4.75309375
2002-05-03,4.607817708333333
2002-05-04,4.538557291666667
2002-05-05,4.57328125
2002-05-06,4.597421875
2002-05-07,4.555927083333334
2002-05-08,4.587348958333333
2002-05-09,4.719380208333333
2002-05-10,4.6754114583333335
2002-05-11,4.516864583333334
2002-05-12,4.599380208333334
2002-05-13,4.6652604166666665
2002-05-14,4.620020833333333
2002-05-15,4.737182291666667
2002-05-16,4.978276041666667
2002-05-17,4.546458333333334
2002-05-18,4.675817708333334
2002-05-19,4.804651041666666
2002-05-20,4.82453125
2002-05-21,5.0721875
2002-05-22,4.9678125
2002-05-23,4.905828125
2002-05-24,4.898963541666666
2002-05-25,4.877317708333333
2002-05-26,5.133489583333334
2002-05-27,5.054114583333333
2002-05-28,4.963765625
2002-05-29,5.300020833333333
2002-05-30,5.325072916666667
2002-05-31,5.174786458333333
2002-06-01,5.961927083333333
2002-06-02,5.650526041666667
2002-06-03,6.363614583333334
2002-06-04,5.834947916666667
2002-06-05,6.360598958333333
2002-06-06,6.05359375
2002-06-07,5.790828125
2002-06-08,5.988390625
2002-06-09,6.481130208333333
2002-06-10,6.752864583333333
2002-06-11,6.82009375
2002-06-12,6.7136354166666665
2002-06-13,6.346760416666666
2002-06-14,6.477322916666667
2002-06-15,6.272708333333333
2002-06-16,6.115145833333333
2002-06-17,6.111463541666667
2002-06-18,5.910067708333333
2002-06-19,5.813171875
2002-06-20,6.120625
2002-06-21,5.944473958333333
2002-06-22,6.130177083333333
2002-06-23,6.224260416666667
2002-06-24,6.440536458333334
2002-06-25,6.331776041666667
2002-06-26,6.463729166666667
2002-06-27,6.77753125
2002-06-28,7.172973958333333
2002-06-29,7.604666666666667
2002-06-30,7.574078125
2002-07-01,7.301098958333333
2002-07-02,7.312177083333333
2002-07-03,6.631015625
2002-07-04,7.231130208333333
2002-07-05,7.400864583333333
2002-07-06,7.406260416666667
2002-07-07,7.516770833333333
2002-07-08,7.479671875
2002-07-09,7.272598958333333
2002-07-10,7.394630208333333
2002-07-11,7.155380208333334
2002-07-12,6.794625
2002-07-13,7.541427083333334
2002-07-14,6.874833333333333
2002-07-15,6.545697916666667
2002-07-16,6.955942708333334
2002-07-17,6.602854166666667
2002-07-18,6.7836614583333334
2002-07-19,7.060213541666666
2002-07-20,7.102822916666667
2002-07-21,7.206489583333333
2002-07-22,7.092494791666667
2002-07-23,7.418609375
2002-07-24,8.310244791666667
2002-07-25,8.291302083333333
2002-07-26,7.719671875
2002-07-27,8.131942708333334
2002-07-28,7.789041666666667
2002-07-29,7.489807291666667
2002-07-30,7.619203125
2002-07-31,8.347953125
2002-08-01,7.775307291666667
2002-08-02,7.568317708333334
2002-08-03,7.6670364583333335
2002-08-04,7.5750416666666665
2002-08-05,6.84753125
2002-08-06,7.353401041666666
2002-08-07,7.722458333333333
2002-08-08,7.93253125
2002-08-09,8.634098958333333
2002-08-10,8.262848958333333
2002-08-11,8.2052604166666665
2002-08-12,8.408166666666666
2002-08-13,8.31121875
2002-08-14,8.059161458333334
2002-08-15,7.43490625
2002-08-16,7.348770833333333
2002-08-17,7.468604166666666
2002-08-18,8.228057291666667
2002-08-19,8.1925625
2002-08-20,8.086307291666667
2002-08-21,8.589114583333334
2002-08-22,8.682234375
2002-08-23,8.675536458333333
2002-08-24,8.916796875
2002-08-25,8.922645833333334
2002-08-26,8.331432291666667
2002-08-27,8.30840625
2002-08-28,8.713166666666666
2002-08-29,8.798010416666667
2002-08-30,9.402541666666666
2002-08-31,9.526848958333334
2002-09-01,9.498859375
2002-09-02,8.991953125
2002-09-03,8.58390625
2002-09-04,8.790661458333334
2002-09-05,8.629682291666667
2002-09-06,9.312817708333334
2002-09-07,8.93240625
2002-09-08,8.680921875
2002-09-09,8.762713541666667
2002-09-10,8.40759375
2002-09-11,8.026651041666666
2002-09-12,8.040932291666667
2002-09-13,8.115661458333333
2002-09-14,8.612015625
2002-09-15,9.158973958333334
2002-09-16,8.858442708333333
2002-09-17,9.917885416666667
2002-09-18,9.43534375
2002-09-19,9.17396875
2002-09-20,10.358104166666667
2002-09-21,10.537067708333334
2002-09-22,9.4705208333333335
2002-09-23,9.638682291666667
2002-09-24,10.309942708333333
2002-09-25,10.579088541666668
2002-09-26,10.270072916666667
2002-09-27,10.084041666666666
2002-09-28,9.342609375
2002-09-29,8.823744791666666
2002-09-30,9.07165625
2002-10-01,9.249317708333333
2002-10-02,9.268651041666667
2002-10-03,8.557317708333333
2002-10-04,8.859671875
2002-10-05,9.096583333333333
2002-10-06,9.809557291666668
2002-10-07,9.132375
2002-10-08,9.134578124999999
2002-10-09,8.9475
2002-10-10,8.432166666666667
2002-10-11,8.577239583333334
2002-10-12,9.51309375
2002-10-13,9.107369791666667
2002-10-14,9.08746875
2002-10-15,9.498776041666666
2002-10-16,8.772328125
2002-10-17,9.524302083333334
2002-10-18,9.580578125
2002-10-19,8.954692708333333
2002-10-20,9.83625
2002-10-21,9.729901041666666
2002-10-22,9.179166666666667
2002-10-23,9.360104166666666
2002-10-24,9.1658125
2002-10-25,9.613458333333334
2002-10-26,8.8225625
2002-10-27,8.987817708333333
2002-10-28,9.423864583333334
2002-10-29,9.60134375
2002-10-30,9.4130625
2002-10-31,9.328578125
2002-11-01,9.334895833333333
2002-11-02,9.259682291666667
2002-11-03,9.06728125
2002-11-04,9.148979166666667
2002-11-05,9.343020833333334
2002-11-06,8.980817708333333
2002-11-07,9.269484375
2002-11-08,9.381895833333333
2002-11-09,9.359578125
2002-11-10,9.032802083333333
2002-11-11,8.763291666666667
2002-11-12,8.907973958333333
2002-11-13,9.157145833333333
2002-11-14,8.9941875
2002-11-15,8.965098958333334
2002-11-16,8.9178125
2002-11-17,8.891187500000001
2002-11-18,9.072041666666667
2002-11-19,9.0193125
2002-11-20,8.880911458333333
2002-11-21,8.902859375
2002-11-22,8.801151041666667
2002-11-23,8.857244791666666
2002-11-24,8.751458333333334
2002-11-25,8.682838541666667
2002-11-26,8.665453125
2002-11-27,8.712385416666667
2002-11-28,8.700609375
2002-11-29,8.630411458333333
2002-11-30,8.629786458333333
2002-12-01,8.591151041666667
2002-12-02,8.591729166666667
2002-12-03,8.503760416666667
2002-12-04,8.444463541666666
2002-12-05,8.443604166666667
2002-12-06,8.467354166666667
2002-12-07,8.41828125
2002-12-08,8.329057291666667
2002-12-09,8.361546875
2002-12-10,8.251515625
2002-12-11,8.154177083333334
2002-12-12,8.333505208333333
2002-12-13,8.347546875
2002-12-14,8.266192708333334
2002-12-15,8.23190625
2002-12-16,8.3405625
2002-12-17,8.294479166666667
2002-12-18,8.08284375
2002-12-19,8.076630208333333
2002-12-20,7.8251406249999995
2002-12-21,7.679859375
2002-12-22,7.940973958333333
2002-12-23,7.702854166666667
2002-12-24,7.718276041666667
2002-12-25,7.811067708333334
2002-12-26,8.055838541666667
2002-12-27,8.075729166666667
2002-12-28,7.9185
2002-12-29,7.715505208333333
2002-12-30,7.807755208333333
2002-12-31,7.782666666666667
2003-01-01,7.7174375
2003-01-02,7.42953125
2003-01-03,7.396520833333334
2003-01-04,7.55878125
2003-01-05,7.62940625
2003-01-06,7.302208333333334
2003-01-07,7.265052083333333
2003-01-08,7.587072916666667
2003-01-09,7.432416666666667
2003-01-10,7.152916666666667
2003-01-11,7.589895833333333
2003-01-12,7.360739583333333
2003-01-13,7.310760416666667
2003-01-14,7.305791666666667
2003-01-15,7.43746875
2003-01-16,7.263770833333333
2003-01-17,7.417947916666667
2003-01-18,7.481979166666667
2003-01-19,7.123885416666667
2003-01-20,6.734385416666667
2003-01-21,6.76484375
2003-01-22,6.991875
2003-01-23,7.121427083333334
2003-01-24,7.087614583333333
2003-01-25,6.983802083333333
2003-01-26,6.813791666666667
2003-01-27,6.737916666666667
2003-01-28,6.854354166666667
2003-01-29,6.734489583333334
2003-01-30,6.725572916666667
2003-01-31,6.729947916666667
2003-02-01,6.6509583333333335
2003-02-02,6.852552083333333
2003-02-03,6.750895833333334
2003-02-04,6.614260416666666
2003-02-05,6.775822916666667
2003-02-06,6.716270833333334
2003-02-07,6.75046875
2003-02-08,6.837291666666666
2003-02-09,6.83834375
2003-02-10,7.015770833333334
2003-02-11,6.903520833333333
2003-02-12,6.798302083333334
2003-02-13,6.844833333333334
2003-02-14,6.885802083333333
2003-02-15,6.751166666666666
2003-02-16,6.572625
2003-02-17,6.564416666666666
2003-02-18,6.635864583333333
2003-02-19,6.7126979166666665
2003-02-20,6.983604166666667
2003-02-21,6.7059999999999995
2003-02-22,6.504708333333333
2003-02-23,6.2478645833333335
2003-02-24,6.4056145833333336
2003-02-25,6.297041666666667
2003-02-26,6.3663125
2003-02-27,6.61221875
2003-02-28,6.68996875
2003-03-01,6.593645833333333
2003-03-02,6.678385416666667
2003-03-03,6.750302083333334
2003-03-04,6.813989583333333
2003-03-05,6.7822604166666665
2003-03-06,6.819385416666667
2003-03-07,6.816791666666667
2003-03-08,6.681229166666666
2003-03-09,6.6221145833333335
2003-03-10,6.757510416666666
2003-03-11,6.66846875
2003-03-12,6.21521875
2003-03-13,6.10665625
2003-03-14,5.956416666666667
2003-03-15,6.132677083333333
2003-03-16,5.977729166666666
2003-03-17,5.732395833333333
2003-03-18,5.64603125
2003-03-19,5.7848749999999995
2003-03-20,5.7460625
2003-03-21,5.8515625
2003-03-22,5.905666666666667
2003-03-23,6.02490625
2003-03-24,5.87378125
2003-03-25,5.692145833333333
2003-03-26,5.831072916666667
2003-03-27,5.672177083333334
2003-03-28,5.7714895833333335
2003-03-29,5.772395833333333
2003-03-30,5.940229166666667
2003-03-31,5.916270833333333
2003-04-01,5.8111875
2003-04-02,5.824260416666666
2003-04-03,5.7476875
2003-04-04,5.7715625
2003-04-05,5.822479166666667
2003-04-06,5.57525
2003-04-07,5.720541666666667
2003-04-08,5.77709375
2003-04-09,5.717322916666666
2003-04-10,5.687729166666666
2003-04-11,5.722854166666667
2003-04-12,5.596604166666666
2003-04-13,5.8250520833333335
2003-04-14,5.9740520833333335
2003-04-15,5.737666666666667
2003-04-16,5.823041666666667
2003-04-17,6.034864583333333
2003-04-18,5.976697916666667
2003-04-19,6.0046875
2003-04-20,6.089291666666667
2003-04-21,6.087020833333333
2003-04-22,6.0385625
2003-04-23,5.917958333333333
2003-04-24,5.915708333333333
2003-04-25,6.0169375
2003-04-26,5.990197916666666
2003-04-27,6.0188854166666665
2003-04-28,5.999322916666666
2003-04-29,5.947489583333334
2003-04-30,5.899854166666667
2003-05-01,5.94971875
2003-05-02,5.996385416666667
2003-05-03,6.0646875
2003-05-04,6.072375
2003-05-05,6.226708333333334
2003-05-06,6.1515625
2003-05-07,6.123864583333333
2003-05-08,6.23075
2003-05-09,6.132666666666666
2003-05-10,6.283875
2003-05-11,6.358875
2003-05-12,6.28528125
2003-05-13,6.220645833333333
2003-05-14,6.347041666666667
2003-05-15,6.242927083333333
2003-05-16,6.277875
2003-05-17,6.203333333333333
2003-05-18,6.12103125
2003-05-19,6.317666666666667
2003-05-20,6.288885416666667
2003-05-21,6.260489583333333
2003-05-22,6.292572916666667
2003-05-23,6.26615625
2003-05-24,6.6265625
2003-05-25,6.478802083333333
2003-05-26,6.502604166666667
2003-05-27,6.552604166666667
2003-05-28,6.555197916666667
2003-05-29,6.4878124999999995
2003-05-30,6.46390625
2003-05-31,6.5638958333333335
2003-06-01,6.764458333333334
2003-06-02,7.004947916666667
2003-06-03,7.09934375
2003-06-04,7.40115625
2003-06-05,6.73725
2003-06-06,7.692177083333333
2003-06-07,7.753010416666666
2003-06-08,7.545229166666667
2003-06-09,7.43028125
2003-06-10,7.142541666666666
2003-06-11,6.83646875
2003-06-12,6.7249791666666665
2003-06-13,6.538197916666666
2003-06-14,7.395666666666667
2003-06-15,7.029395833333333
2003-06-16,6.924729166666666
2003-06-17,6.95025
2003-06-18,7.008489583333334
2003-06-19,7.8780729166666665
2003-06-20,7.5533125
2003-06-21,7.594677083333333
2003-06-22,7.6991249999999996
2003-06-23,7.382697916666666
2003-06-24,7.3191875
2003-06-25,7.329052083333333
2003-06-26,7.56253125
2003-06-27,7.15159375
2003-06-28,7.179458333333334
2003-06-29,7.5445
2003-06-30,7.374739583333334
2003-07-01,7.313739583333334
2003-07-02,7.321552083333334
2003-07-03,6.992479166666667
2003-07-04,7.291166666666666
2003-07-05,7.329604166666667
2003-07-06,7.424552083333333
2003-07-07,7.2273958333333335
2003-07-08,7.0450625
2003-07-09,7.463385416666666
2003-07-10,7.231833333333333
2003-07-11,7.187614583333334
2003-07-12,7.213927083333333
2003-07-13,7.1644375
2003-07-14,7.28159375
2003-07-15,7.2696875
2003-07-16,7.337291666666666
2003-07-17,7.575520833333333
2003-07-18,7.854166666666667
2003-07-19,7.6725312500000005
2003-07-20,7.035364583333333
2003-07-21,7.722145833333333
2003-07-22,7.6926145833333335
2003-07-23,7.623072916666667
2003-07-24,7.714416666666667
2003-07-25,7.711364583333333
2003-07-26,7.5791875
2003-07-27,7.692770833333333
2003-07-28,7.610822916666667
2003-07-29,7.413791666666667
2003-07-30,7.119270833333333
2003-07-31,6.943447916666667
2003-08-01,7.323
2003-08-02,7.314802083333333
2003-08-03,7.4220625
2003-08-04,7.505510416666667
2003-08-05,7.738375
2003-08-06,7.506697916666667
2003-08-07,7.1228125
2003-08-08,6.944552083333333
2003-08-09,7.01453125
2003-08-10,7.068322916666666
2003-08-11,7.03240625
2003-08-12,7.1340104166666665
2003-08-13,7.1973125
2003-08-14,7.6071875
2003-08-15,7.69796875
2003-08-16,7.206291666666667
2003-08-17,7.636239583333333
2003-08-18,7.445291666666667
2003-08-19,7.455979166666666
2003-08-20,7.707145833333334
2003-08-21,7.616614583333333
2003-08-22,7.5185
2003-08-23,7.67740625
2003-08-24,7.718510416666667
2003-08-25,7.465583333333333
2003-08-26,7.662260416666666
2003-08-27,7.66921875
2003-08-28,7.503875
2003-08-29,7.636510416666667
2003-08-30,8.140583333333334
2003-08-31,8.154104166666666
2003-09-01,7.872947916666667
2003-09-02,8.33315625
2003-09-03,8.013181818181819
2003-09-04,8.055177033492823
2003-09-05,8.097172248803828
2003-09-06,8.139167464114832
2003-09-07,8.181162679425837
2003-09-08,8.223157894736843
2003-09-09,8.265153110047848
2003-09-10,8.307148325358853
2003-09-11,8.349143540669857
2003-09-12,8.391138755980862
2003-09-13,8.433133971291866
2003-09-14,8.47512918660287
2003-09-15,8.517124401913875
2003-09-16,8.55911961722488
2003-09-17,8.601114832535885
2003-09-18,8.643110047846891
2003-09-19,8.685105263157896
2003-09-20,8.7271004784689
2003-09-21,8.769095693779905
2003-09-22,8.81109090909091
2003-09-23,8.853086124401914
2003-09-24,8.895081339712918
2003-09-25,8.937076555023923
2003-09-26,8.979071770334928
2003-09-27,9.021066985645934
2003-09-28,9.063062200956939
2003-09-29,9.105057416267943
2003-09-30,9.147052631578948
2003-10-01,9.189047846889952
2003-10-02,9.231043062200957
2003-10-03,9.273038277511962
2003-10-04,9.315033492822966
2003-10-05,9.35702870813397
2003-10-06,9.399023923444975
2003-10-07,9.441019138755982
2003-10-08,9.483014354066986
2003-10-09,9.52500956937799
2003-10-10,9.567004784688995
2003-10-11,9.609
2003-10-12,9.524583333333332
2003-10-13,9.440166666666666
2003-10-14,9.35575
2003-10-15,9.271333333333333
2003-10-16,9.280149999999999
2003-10-17,9.288966666666667
2003-10-18,9.297783333333333
2003-10-19,9.3066
2003-10-20,9.315416666666666
2003-10-21,9.324233333333332
2003-10-22,9.33305
2003-10-23,9.341866666666666
2003-10-24,9.350683333333333
2003-10-25,9.3595
2003-10-26,9.368316666666667
2003-10-27,9.377133333333333
2003-10-28,9.38595
2003-10-29,9.394766666666666
2003-10-30,9.403583333333334
2003-10-31,9.4124
2003-11-01,9.421216666666666
2003-11-02,9.430033333333334
2003-11-03,9.43885
2003-11-04,9.447666666666667
2003-11-05,9.447666666666667
2003-11-06,9.382410256410257
2003-11-07,9.317153846153847
2003-11-08,9.251897435897435
2003-11-09,9.186641025641025
2003-11-10,9.121384615384615
2003-11-11,9.056128205128205
2003-11-12,8.990871794871795
2003-11-13,8.925615384615385
2003-11-14,8.860358974358974
2003-11-15,8.795102564102564
2003-11-16,8.729846153846154
2003-11-17,8.664589743589744
2003-11-18,8.599333333333334
2003-11-19,8.534076923076924
2003-11-20,8.468820512820512
2003-11-21,8.403564102564102
2003-11-22,8.338307692307692
2003-11-23,8.273051282051282
2003-11-24,8.207794871794873
2003-11-25,8.14253846153846
2003-11-26,8.077282051282051
2003-11-27,8.012025641025641
2003-11-28,7.946769230769231
2003-11-29,7.881512820512821
2003-11-30,7.81625641025641
2003-12-01,7.751
2003-12-02,7.373666666666667
2003-12-03,6.996333333333333
2003-12-04,6.619
2003-12-05,6.686
2003-12-06,6.753
2003-12-07,6.819999999999999
2003-12-08,6.887
2003-12-09,6.954
2003-12-10,6.9075220125786165
2003-12-11,6.861044025157232
2003-12-12,6.814566037735849
2003-12-13,6.768088050314465
2003-12-14,6.721610062893082
2003-12-15,6.675132075471698
2003-12-16,6.628654088050315
2003-12-17,6.5821761006289305
2003-12-18,6.535698113207547
2003-12-19,6.489220125786163
2003-12-20,6.44274213836478
2003-12-21,6.396264150943396
2003-12-22,6.349786163522013
2003-12-23,6.303308176100629
2003-12-24,6.2568301886792455
2003-12-25,6.210352201257861
2003-12-26,6.163874213836478
2003-12-27,6.117396226415094
2003-12-28,6.070918238993711
2003-12-29,6.024440251572327
2003-12-30,5.977962264150944
2003-12-31,5.9314842767295595
2004-01-01,5.885006289308176
2004-01-02,5.838528301886792
2004-01-03,5.792050314465409
2004-01-04,5.745572327044025
2004-01-05,5.699094339622642
2004-01-06,5.652616352201258
2004-01-07,5.606138364779874
2004-01-08,5.55966037735849
2004-01-09,5.513182389937107
2004-01-10,5.466704402515723
2004-01-11,5.42022641509434
2004-01-12,5.373748427672956
2004-01-13,5.3272704402515725
2004-01-14,5.280792452830189
2004-01-15,5.234314465408805
2004-01-16,5.187836477987421
2004-01-17,5.141358490566038
2004-01-18,5.094880503144654
2004-01-19,5.048402515723271
2004-01-20,5.0019245283018865
2004-01-21,4.955446540880503
2004-01-22,4.90896855345912
2004-01-23,4.862490566037736
2004-01-24,4.816012578616352
2004-01-25,4.769534591194969
2004-01-26,4.7230566037735855
2004-01-27,4.676578616352201
2004-01-28,4.630100628930817
2004-01-29,4.583622641509434
2004-01-30,4.537144654088051
2004-01-31,4.490666666666667
2004-02-01,4.493432624113475
2004-02-02,4.496198581560284
2004-02-03,4.498964539007092
2004-02-04,4.5017304964539004
2004-02-05,4.5044964539007095
2004-02-06,4.507262411347518
2004-02-07,4.510028368794327
2004-02-08,4.512794326241135
2004-02-09,4.515560283687943
2004-02-10,4.518326241134752
2004-02-11,4.52109219858156
2004-02-12,4.523858156028369
2004-02-13,4.526624113475178
2004-02-14,4.529390070921986
2004-02-15,4.532156028368794
2004-02-16,4.534921985815603
2004-02-17,4.537687943262411
2004-02-18,4.54045390070922
2004-02-19,4.543219858156029
2004-02-20,4.545985815602837
2004-02-21,4.548751773049646
2004-02-22,4.551517730496454
2004-02-23,4.554283687943262
2004-02-24,4.557049645390071
2004-02-25,4.5598156028368795
2004-02-26,4.562581560283688
2004-02-27,4.565347517730497
2004-02-28,4.568113475177305
2004-02-29,4.570879432624113
2004-03-01,4.573645390070922
2004-03-02,4.57641134751773
2004-03-03,4.5791773049645395
2004-03-04,4.581943262411348
2004-03-05,4.584709219858156
2004-03-06,4.587475177304965
2004-03-07,4.590241134751773
2004-03-08,4.593007092198581
2004-03-09,4.59577304964539
2004-03-10,4.5985390070921985
2004-03-11,4.601304964539007
2004-03-12,4.604070921985816
2004-03-13,4.606836879432624
2004-03-14,4.609602836879433
2004-03-15,4.612368794326241
2004-03-16,4.615134751773049
2004-03-17,4.6179007092198585
2004-03-18,4.620666666666667
2004-03-19,4.601
2004-03-20,4.581333333333333
2004-03-21,4.5616666666666665
2004-03-22,4.542
2004-03-23,4.522333333333333
2004-03-24,4.502666666666666
2004-03-25,4.454833333333333
2004-03-26,4.407
2004-03-27,4.424783783783784
2004-03-28,4.4425675675675675
2004-03-29,4.460351351351352
2004-03-30,4.478135135135135
2004-03-31,4.495918918918919
2004-04-01,4.513702702702703
2004-04-02,4.531486486486487
2004-04-03,4.54927027027027
2004-04-04,4.567054054054054
2004-04-05,4.584837837837838
2004-04-06,4.602621621621622
2004-04-07,4.620405405405405
2004-04-08,4.638189189189189
2004-04-09,4.6559729729729735
2004-04-10,4.673756756756757
2004-04-11,4.691540540540541
2004-04-12,4.709324324324324
2004-04-13,4.7271081081081086
2004-04-14,4.744891891891892
2004-04-15,4.762675675675676
2004-04-16,4.780459459459459
2004-04-17,4.798243243243244
2004-04-18,4.816027027027027
2004-04-19,4.833810810810811
2004-04-20,4.851594594594594
2004-04-21,4.869378378378379
2004-04-22,4.887162162162163
2004-04-23,4.904945945945946
2004-04-24,4.92272972972973
2004-04-25,4.940513513513514
2004-04-26,4.958297297297298
2004-04-27,4.976081081081081
2004-04-28,4.993864864864865
2004-04-29,5.011648648648649
2004-04-30,5.029432432432433
2004-05-01,5.047216216216217
2004-05-02,5.065
2004-05-03,5.040111111111111
2004-05-04,5.0152222222222225
2004-05-05,4.990333333333333
2004-05-06,4.924666666666667
2004-05-07,4.948133333333334
2004-05-08,4.9716000000000005
2004-05-09,4.995066666666666
2004-05-10,5.018533333333333
2004-05-11,5.042
2004-05-12,5.098384210526316
2004-05-13,5.154768421052632
2004-05-14,5.211152631578948
2004-05-15,5.2675368421052635
2004-05-16,5.3239210526315794
2004-05-17,5.3803052631578945
2004-05-18,5.43668947368421
2004-05-19,5.493073684210526
2004-05-20,5.549457894736842
2004-05-21,5.605842105263158
2004-05-22,5.603770833333333
2004-05-23,5.586510416666667
2004-05-24,5.734661458333333
2004-05-25,5.696010416666667
2004-05-26,5.327901041666666
2004-05-27,5.138265625
2004-05-28,5.292447916666666
2004-05-29,5.412520833333334
2004-05-30,5.574265625
2004-05-31,5.568223958333333
2004-06-01,5.6106927083333336
2004-06-02,5.556223958333334
2004-06-03,5.645520833333333
2004-06-04,5.481947916666667
2004-06-05,5.34415625
2004-06-06,5.433380208333333
2004-06-07,5.452333333333334
2004-06-08,5.4201875
2004-06-09,5.495921875
2004-06-10,5.574458333333333
2004-06-11,5.554265625
2004-06-12,5.470229166666667
2004-06-13,5.457765625
2004-06-14,5.477359375
2004-06-15,5.532255208333333
2004-06-16,5.648536458333333
2004-06-17,5.74303125
2004-06-18,5.82534375
2004-06-19,5.661760416666667
2004-06-20,5.653380208333333
2004-06-21,5.800072916666666
2004-06-22,5.643765625
2004-06-23,5.604421875
2004-06-24,5.597328125
2004-06-25,5.653083333333333
2004-06-26,5.605770833333334
2004-06-27,5.620973958333333
2004-06-28,5.543770833333333
2004-06-29,5.645458333333333
2004-06-30,5.689557291666667
2004-07-01,5.640354166666667
2004-07-02,5.735078125
2004-07-03,5.841822916666667
2004-07-04,5.785182291666667
2004-07-05,5.88146875
2004-07-06,6.050979166666667
2004-07-07,5.651979166666667
2004-07-08,5.84503125
2004-07-09,5.72715625
2004-07-10,5.724260416666667
2004-07-11,5.7310364583333335
2004-07-12,5.856713541666667
2004-07-13,5.897635416666667
2004-07-14,5.79925
2004-07-15,5.858302083333333
2004-07-16,5.79496875
2004-07-17,5.727442708333333
2004-07-18,5.799291666666667
2004-07-19,5.807088541666666
2004-07-20,5.721848958333333
2004-07-21,5.7218125
2004-07-22,5.768692708333333
2004-07-23,5.819348958333333
2004-07-24,5.703385416666666
2004-07-25,5.7376875
2004-07-26,5.740203125
2004-07-27,5.828916666666666
2004-07-28,5.8375625
2004-07-29,5.744
2004-07-30,5.738369791666667
2004-07-31,5.773833333333333
2004-08-01,6.017901041666667
2004-08-02,5.971286458333333
2004-08-03,6.100479166666666
2004-08-04,6.0308125
2004-08-05,5.879854166666667
2004-08-06,5.746348958333333
2004-08-07,5.700333333333333
2004-08-08,5.792390625
2004-08-09,5.799557291666667
2004-08-10,5.839046875
2004-08-11,5.977302083333333
2004-08-12,5.845338541666667
2004-08-13,5.866713541666667
2004-08-14,6.071177083333334
2004-08-15,6.163958333333333
2004-08-16,6.189369791666667
2004-08-17,5.9960989583333335
2004-08-18,6.1008177083333335
2004-08-19,6.247208333333333
2004-08-20,6.233005208333333
2004-08-21,6.011755208333334
2004-08-22,6.1164375
2004-08-23,6.053052083333333
2004-08-24,5.961458333333334
2004-08-25,5.956869791666667
2004-08-26,5.995817708333333
2004-08-27,5.949125
2004-08-28,6.002833333333333
2004-08-29,6.105734375
2004-08-30,6.184890625
2004-08-31,6.114833333333333
2004-09-01,6.107151041666667
2004-09-02,6.18834375
2004-09-03,6.198822916666667
2004-09-04,6.322765625
2004-09-05,6.458640625
2004-09-06,6.455171875
2004-09-07,6.2119583333333335
2004-09-08,6.254104166666667
2004-09-09,6.230223958333333
2004-09-10,6.326911458333333
2004-09-11,6.5387812499999995
2004-09-12,6.35034375
2004-09-13,6.355604166666667
2004-09-14,6.402119791666666
2004-09-15,6.409838541666667
2004-09-16,6.628145833333333
2004-09-17,6.7794791666666665
2004-09-18,6.826411458333333
2004-09-19,6.84928125
2004-09-20,6.910963541666667
2004-09-21,7.065984375
2004-09-22,6.86175
2004-09-23,6.873010416666666
2004-09-24,6.968296875
2004-09-25,6.954958333333333
2004-09-26,6.974375
2004-09-27,6.801041666666666
2004-09-28,6.835390625
2004-09-29,7.02065625
2004-09-30,7.285286458333333
2004-10-01,7.133848958333333
2004-10-02,7.002208333333333
2004-10-03,7.278755208333333
2004-10-04,7.195
2004-10-05,6.88540625
2004-10-06,7.108692708333333
2004-10-07,7.342989583333333
2004-10-08,7.277510416666667
2004-10-09,7.126
2004-10-10,7.3795625
2004-10-11,7.3775625
2004-10-12,7.52715625
2004-10-13,7.532838541666667
2004-10-14,7.704635416666667
2004-10-15,7.61053125
2004-10-16,7.8118125
2004-10-17,7.302604166666667
2004-10-18,7.250286458333333
2004-10-19,7.62965625
2004-10-20,7.454958333333333
2004-10-21,7.097484375
2004-10-22,6.864833333333333
2004-10-23,6.820541666666666
2004-10-24,7.2290625
2004-10-25,7.367671875
2004-10-26,7.249677083333333
2004-10-27,7.719109375
2004-10-28,7.507822916666667
2004-10-29,7.556671875
2004-10-30,7.7971875
2004-10-31,7.950302083333333
2004-11-01,8.222005208333334
2004-11-02,7.866010416666667
2004-11-03,8.187515625
2004-11-04,8.234828125
2004-11-05,7.998463541666666
2004-11-06,7.785682291666666
2004-11-07,8.11084375
2004-11-08,8.061296875
2004-11-09,7.629479166666667
2004-11-10,7.972723958333333
2004-11-11,7.927197916666667
2004-11-12,7.771859375
2004-11-13,7.965703125
2004-11-14,7.857515625
2004-11-15,7.958135416666667
2004-11-16,7.828734375
2004-11-17,7.9476458333333335
2004-11-18,7.861223958333333
2004-11-19,7.787005208333333
2004-11-20,7.722244791666666
2004-11-21,7.475234375
2004-11-22,7.442765625
2004-11-23,7.6634270833333336
2004-11-24,7.429473958333333
2004-11-25,7.569270833333333
2004-11-26,7.632119791666667
2004-11-27,7.66953125
2004-11-28,7.687276041666666
2004-11-29,7.65871875
2004-11-30,7.502541666666667
2004-12-01,7.5287291666666665
2004-12-02,7.687828125
2004-12-03,7.52359375
2004-12-04,7.48725
2004-12-05,7.4637239583333335
2004-12-06,7.550328125
2004-12-07,7.563958333333333
2004-12-08,7.533786458333333
2004-12-09,7.442046875
2004-12-10,7.390390625
2004-12-11,7.353291666666666
2004-12-12,7.396354166666667
2004-12-13,7.441859375
2004-12-14,7.339583333333334
2004-12-15,7.286109375
2004-12-16,7.156291666666666
2004-12-17,7.0797083333333335
2004-12-18,6.964911458333333
2004-12-19,6.732197916666666
2004-12-20,6.777932291666667
2004-12-21,6.887197916666667
2004-12-22,6.928395833333333
2004-12-23,6.978729166666667
2004-12-24,6.962588541666666
2004-12-25,6.842671875
2004-12-26,6.763
2004-12-27,6.865192708333334
2004-12-28,6.832145833333334
2004-12-29,6.525755208333333
2004-12-30,6.456635416666667
2004-12-31,6.453223958333333
2005-01-01,6.631447916666667
2005-01-02,6.813161458333333
2005-01-03,6.700109375
2005-01-04,6.563458333333333
2005-01-05,6.555234375
2005-01-06,6.4747916666666665
2005-01-07,6.452354166666667
2005-01-08,6.40434375
2005-01-09,6.422598958333333
2005-01-10,6.430536458333333
2005-01-11,6.585505208333333
2005-01-12,6.665838541666667
2005-01-13,6.386114583333334
2005-01-14,6.411203125
2005-01-15,6.358083333333333
2005-01-16,6.342869791666667
2005-01-17,6.339505208333334
2005-01-18,5.8425520833333335
2005-01-19,5.545171875
2005-01-20,5.481098958333333
2005-01-21,5.444333333333334
2005-01-22,5.454598958333333
2005-01-23,5.354088541666667
2005-01-24,5.272265625
2005-01-25,5.29678125
2005-01-26,5.282640625
2005-01-27,5.3712760416666665
2005-01-28,5.483203125
2005-01-29,5.4306875
2005-01-30,5.5281666666666665
2005-01-31,5.632104166666666
2005-02-01,5.319328125
2005-02-02,5.134609375
2005-02-03,4.976635416666666
2005-02-04,4.7366979166666665
2005-02-05,4.842921875
2005-02-06,5.140192708333333
2005-02-07,5.048979166666666
2005-02-08,5.07596875
2005-02-09,5.071291666666666
2005-02-10,4.829786458333333
2005-02-11,4.590838541666667
2005-02-12,4.379703125
2005-02-13,4.414375
2005-02-14,4.465515625
2005-02-15,4.77465625
2005-02-16,5.104484375
2005-02-17,5.2981822916666665
2005-02-18,5.375479166666667
2005-02-19,5.222802083333334
2005-02-20,5.011869791666666
2005-02-21,4.908322916666667
2005-02-22,4.972307291666667
2005-02-23,4.59515625
2005-02-24,4.448484375
2005-02-25,4.4461458333333335
2005-02-26,4.517708333333333
2005-02-27,4.5172968749999995
2005-02-28,4.578973958333333
2005-03-01,4.599291666666667
2005-03-02,4.660890625
2005-03-03,4.733828125
2005-03-04,4.906671875
2005-03-05,4.710708333333334
2005-03-06,4.61440625
2005-03-07,4.477833333333334
2005-03-08,4.4579635416666665
2005-03-09,4.479302083333334
2005-03-10,4.466692708333333
2005-03-11,4.400708333333333
2005-03-12,4.452604166666666
2005-03-13,4.746421875
2005-03-14,4.732401041666667
2005-03-15,4.691473958333333
2005-03-16,4.910416666666666
2005-03-17,4.871442708333333
2005-03-18,4.912791666666667
2005-03-19,4.99146875
2005-03-20,4.93209375
2005-03-21,4.926677083333334
2005-03-22,4.76096875
2005-03-23,4.620057291666667
2005-03-24,4.550770833333333
2005-03-25,4.670536458333333
2005-03-26,4.736932291666666
2005-03-27,4.908302083333333
2005-03-28,4.918630208333333
2005-03-29,5.005473958333333
2005-03-30,5.036229166666667
2005-03-31,4.91603125
2005-04-01,4.799354166666666
2005-04-02,4.719625
2005-04-03,4.711510416666667
2005-04-04,4.770645833333333
2005-04-05,4.715880208333333
2005-04-06,4.538244791666667
2005-04-07,4.488630208333333
2005-04-08,4.525630208333333
2005-04-09,4.629854166666667
2005-04-10,4.6517760416666665
2005-04-11,4.6773645833333335
2005-04-12,4.701192708333333
2005-04-13,4.723921875
2005-04-14,4.8267291666666665
2005-04-15,4.853640625
2005-04-16,4.944401041666667
2005-04-17,4.983489583333333
2005-04-18,4.971682291666666
2005-04-19,4.925427083333333
2005-04-20,4.881838541666666
2005-04-21,4.900473958333333
2005-04-22,4.8394375
2005-04-23,4.7513958333333335
2005-04-24,4.850828125
2005-04-25,5.328541666666666
2005-04-26,5.053015625
2005-04-27,5.073744791666667
2005-04-28,5.192177083333333
2005-04-29,5.16703125
2005-04-30,5.124015625
2005-05-01,5.112546875
2005-05-02,5.136963541666667
2005-05-03,5.227833333333334
2005-05-04,5.152578125
2005-05-05,5.343514619883041
2005-05-06,5.442090643274854
2005-05-07,5.540666666666667
2005-05-08,5.491666666666666
2005-05-09,5.442666666666666
2005-05-10,5.393666666666666
2005-05-11,5.344666666666666
2005-05-12,5.44128624535316
2005-05-13,5.607732638888889
2005-05-14,5.851618055555556
2005-05-15,6.016631944444445
2005-05-16,6.203621527777778
2005-05-17,6.292048611111111
2005-05-18,6.3007534722222225
2005-05-19,6.3723125
2005-05-20,6.349961805555556
2005-05-21,6.129434027777778
2005-05-22,5.912888888888889
2005-05-23,5.910600694444445
2005-05-24,5.806125
2005-05-25,5.860534722222222
2005-05-26,6.069357638888889
2005-05-27,6.280184027777778
2005-05-28,6.483854166666666
2005-05-29,6.424635416666667
2005-05-30,6.352878472222222
2005-05-31,6.4105694444444445
2005-06-01,6.399809027777778
2005-06-02,6.431045138888889
2005-06-03,6.415586805555556
2005-06-04,6.3073194444444445
2005-06-05,6.175857638888889
2005-06-06,6.130559027777778
2005-06-07,6.204434027777777
2005-06-08,6.489128472222222
2005-06-09,6.780888888888889
2005-06-10,6.643625
2005-06-11,6.564829861111111
2005-06-12,6.635756944444444
2005-06-13,6.851875
2005-06-14,7.013395833333333
2005-06-15,6.957972222222222
2005-06-16,6.846475694444444
2005-06-17,6.906145833333333
2005-06-18,6.440604166666667
2005-06-19,6.204284722222222
2005-06-20,6.716302083333333
2005-06-21,6.661548611111111
2005-06-22,6.597875
2005-06-23,6.816663194444445
2005-06-24,6.953684027777777
2005-06-25,6.77396875
2005-06-26,6.450753472222222
2005-06-27,6.379913194444445
2005-06-28,6.312329861111111
2005-06-29,6.31909375
2005-06-30,6.319857638888889
2005-07-01,6.425510416666667
2005-07-02,6.389982638888889
2005-07-03,6.3858958333333335
2005-07-04,6.4845625
2005-07-05,6.490090277777778
2005-07-06,6.49671875
2005-07-07,6.503791666666666
2005-07-08,6.515270833333333
2005-07-09,6.567180555555556
2005-07-10,6.594652777777778
2005-07-11,6.6359375
2005-07-12,6.723413194444444
2005-07-13,6.65696875
2005-07-14,6.8441736111111116
2005-07-15,7.1373541666666664
2005-07-16,7.119711805555555
2005-07-17,7.065756944444445
2005-07-18,6.985201388888889
2005-07-19,6.975583333333334
2005-07-20,7.007628472222223
2005-07-21,6.9863333333333335
2005-07-22,6.852885416666667
2005-07-23,6.845173611111111
2005-07-24,6.821423611111111
2005-07-25,6.877184027777778
2005-07-26,7.0250104166666665
2005-07-27,7.000392361111111
2005-07-28,7.145510416666666
2005-07-29,7.026451388888889
2005-07-30,6.937090277777778
2005-07-31,6.843805555555556
2005-08-01,6.822989583333333
2005-08-02,6.856118055555555
2005-08-03,7.208111111111111
2005-08-04,7.692552083333333
2005-08-05,7.430607638888889
2005-08-06,7.497138888888889
2005-08-07,7.668638888888889
2005-08-08,7.163489583333333
2005-08-09,7.053871527777778
2005-08-10,6.8946875
2005-08-11,6.822642361111111
2005-08-12,6.996097222222223
2005-08-13,6.939315972222222
2005-08-14,6.752052083333333
2005-08-15,7.072722222222223
2005-08-16,7.040628472222222
2005-08-17,7.088496527777778
2005-08-18,7.223829861111111
2005-08-19,7.3394201388888884
2005-08-20,7.334784722222222
2005-08-21,7.445486111111111
2005-08-22,7.48659375
2005-08-23,7.590548611111111
2005-08-24,7.687586805555555
2005-08-25,7.501510416666667
2005-08-26,7.414559027777778
2005-08-27,7.956604166666667
2005-08-28,7.7177395833333335
2005-08-29,8.137381944444444
2005-08-30,7.510493055555555
2005-08-31,7.329954861111111
2005-09-01,7.462979166666667
2005-09-02,7.309739583333333
2005-09-03,7.298805555555556
2005-09-04,7.783895833333333
2005-09-05,7.7855798611111116
2005-09-06,7.382284722222222
2005-09-07,7.230267361111111
2005-09-08,7.4864375
2005-09-09,7.55275
2005-09-10,8.322288194444445
2005-09-11,8.262402777777778
2005-09-12,8.174878472222222
2005-09-13,7.846940972222222
2005-09-14,7.458621527777778
2005-09-15,7.512197916666667
2005-09-16,7.808184027777778
2005-09-17,7.92315625
2005-09-18,7.608180555555555
2005-09-19,7.196076388888889
2005-09-20,7.324934027777778
2005-09-21,7.3873090277777775
2005-09-22,7.230652777777777
2005-09-23,7.240013888888889
2005-09-24,7.239263888888889
2005-09-25,7.108954861111111
2005-09-26,7.582902777777778
2005-09-27,8.405767361111112
2005-09-28,9.019465277777778
2005-09-29,8.45995138888889
2005-09-30,8.354729166666667
2005-10-01,8.108072916666666
2005-10-02,8.49313888888889
2005-10-03,8.524145833333334
2005-10-04,8.510288194444444
2005-10-05,8.494246527777777
2005-10-06,8.940770833333334
2005-10-07,8.614923611111111
2005-10-08,8.573524305555555
2005-10-09,8.691576388888889
2005-10-10,8.749871527777778
2005-10-11,8.643815972222223
2005-10-12,8.68973263888889
2005-10-13,8.598784722222222
2005-10-14,8.438378472222222
2005-10-15,8.28926388888889
2005-10-16,8.29167013888889
2005-10-17,8.204722222222223
2005-10-18,8.250614583333334
2005-10-19,8.163197916666666
2005-10-20,8.286520833333334
2005-10-21,8.42473611111111
2005-10-22,8.194729166666667
2005-10-23,8.538291666666666
2005-10-24,8.567552083333334
2005-10-25,8.463496527777778
2005-10-26,8.471072916666667
2005-10-27,8.428600694444444
2005-10-28,8.524100694444444
2005-10-29,8.429361111111112
2005-10-30,8.280270833333333
2005-10-31,8.266788194444445
2005-11-01,8.351774305555555
2005-11-02,8.349545138888889
2005-11-03,8.258756944444444
2005-11-04,8.220260416666667
2005-11-05,8.18213888888889
2005-11-06,8.244885416666667
2005-11-07,8.219496527777778
2005-11-08,8.163597222222222
2005-11-09,7.7726875
2005-11-10,7.809201388888889
2005-11-11,7.869086805555556
2005-11-12,7.916611111111111
2005-11-13,7.741847222222222
2005-11-14,7.775440972222222
2005-11-15,7.821552083333334
2005-11-16,7.813583333333334
2005-11-17,7.657496527777778
2005-11-18,7.55828125
2005-11-19,7.620517361111111
2005-11-20,7.564649305555555
2005-11-21,7.564215277777778
2005-11-22,7.718545138888889
2005-11-23,7.678597222222222
2005-11-24,7.630048611111111
2005-11-25,7.311159722222222
2005-11-26,7.332725694444444
2005-11-27,7.195923611111111
2005-11-28,7.12134375
2005-11-29,7.143989583333333
2005-11-30,7.235336805555556
2005-12-01,7.170746527777777
2005-12-02,6.844965277777778
2005-12-03,6.695197916666666
2005-12-04,6.727541666666666
2005-12-05,6.6866006944444445
2005-12-06,6.860142361111111
2005-12-07,6.561743055555556
2005-12-08,6.580684027777778
2005-12-09,6.507125
2005-12-10,6.530104166666667
2005-12-11,6.564246527777778
2005-12-12,6.742322916666667
2005-12-13,6.700131944444444
2005-12-14,6.639642361111111
2005-12-15,6.468496527777778
2005-12-16,6.449173611111111
2005-12-17,6.4424826388888885
2005-12-18,6.4948194444444445
2005-12-19,6.5503124999999995
2005-12-20,6.579760416666667
2005-12-21,6.600503472222222
2005-12-22,6.620173611111111
2005-12-23,6.6073159722222226
2005-12-24,6.558805555555556
2005-12-25,6.598711805555555
2005-12-26,6.547347222222222
2005-12-27,6.376138888888889
2005-12-28,6.371600694444444
2005-12-29,6.504489583333333
2005-12-30,6.3579027777777775
2005-12-31,6.296809027777778
2006-01-01,6.307690972222222
2006-01-02,6.400961805555555
2006-01-03,6.537368055555556
2006-01-04,6.537722222222222
2006-01-05,6.626576388888889
2006-01-06,6.661291666666667
2006-01-07,6.612510416666667
2006-01-08,6.480861111111111
2006-01-09,6.2871145833333335
2006-01-10,6.164190972222222
2006-01-11,6.22990625
2006-01-12,6.506690972222223
2006-01-13,6.555010416666667
2006-01-14,6.199142361111111
2006-01-15,6.099260416666667
2006-01-16,6.396020833333333
2006-01-17,6.50609375
2006-01-18,6.383520833333334
2006-01-19,6.048809027777778
2006-01-20,6.0083472222222225
2006-01-21,6.10471875
2006-01-22,6.3390208333333335
2006-01-23,6.259083333333334
2006-01-24,6.052010416666667
2006-01-25,5.960034722222222
2006-01-26,5.990045138888889
2006-01-27,5.65878125
2006-01-28,5.562315972222223
2006-01-29,5.250229166666666
2006-01-30,5.513947916666667
2006-01-31,5.254763888888889
2006-02-01,5.413666666666667
2006-02-02,5.3024409722222225
2006-02-03,5.301552083333333
2006-02-04,5.658791666666667
2006-02-05,5.488972222222222
2006-02-06,5.410243055555555
2006-02-07,5.667260416666666
2006-02-08,5.590131944444445
2006-02-09,5.294513888888889
2006-02-10,5.388399305555556
2006-02-11,5.250802083333333
2006-02-12,5.3811631944444445
2006-02-13,5.444930555555556
2006-02-14,5.506663194444444
2006-02-15,5.582559027777778
2006-02-16,5.584711805555555
2006-02-17,5.49859375
2006-02-18,5.489465277777778
2006-02-19,5.440013888888889
2006-02-20,5.537989583333333
2006-02-21,5.510038194444444
2006-02-22,5.5372361111111115
2006-02-23,5.547614583333333
2006-02-24,5.546680555555556
2006-02-25,5.329423611111111
2006-02-26,5.373392361111111
2006-02-27,5.349701388888889
2006-02-28,5.176347222222223
2006-03-01,4.961777777777778
2006-03-02,5.070385416666666
2006-03-03,5.023829861111111
2006-03-04,5.209722222222222
2006-03-05,5.129597222222222
2006-03-06,5.059211805555556
2006-03-07,5.049798611111111
2006-03-08,4.900354166666666
2006-03-09,4.810534722222222
2006-03-10,4.742371527777777
2006-03-11,4.913770833333333
2006-03-12,4.9424826388888885
2006-03-13,5.0174618055555555
2006-03-14,4.981663194444445
2006-03-15,5.013625
2006-03-16,5.14896875
2006-03-17,5.172204861111111
2006-03-18,5.149611111111111
2006-03-19,4.850510416666666
2006-03-20,4.75790625
2006-03-21,4.760572916666667
2006-03-22,4.761965277777778
2006-03-23,4.772024305555555
2006-03-24,4.846416666666666
2006-03-25,4.7629270833333335
2006-03-26,4.786017361111111
2006-03-27,4.816309027777778
2006-03-28,4.899354166666667
2006-03-29,4.918600694444445
2006-03-30,4.892090277777778
2006-03-31,4.947173611111111
2006-04-01,4.882416666666667
2006-04-02,4.930274305555556
2006-04-03,4.940788194444444
2006-04-04,4.961909722222222
2006-04-05,4.92328125
2006-04-06,4.890746527777778
2006-04-07,4.9197951388888885
2006-04-08,4.932763888888889
2006-04-09,4.963086805555555
2006-04-10,4.970142361111111
2006-04-11,4.951059027777778
2006-04-12,4.9720625
2006-04-13,4.958930555555556
2006-04-14,5.0042430555555555
2006-04-15,4.96378125
2006-04-16,4.932954861111111
2006-04-17,4.916927083333333
2006-04-18,4.961447916666667
2006-04-19,5.0433159722222225
2006-04-20,5.043565972222222
2006-04-21,5.038329861111111
2006-04-22,5.031913194444445
2006-04-23,4.995711805555556
2006-04-24,4.990809027777778
2006-04-25,5.001642361111111
2006-04-26,4.98309375
2006-04-27,5.0334513888888885
2006-04-28,5.079833333333333
2006-04-29,5.069059027777778
2006-04-30,5.085052083333333
2006-05-01,5.114315972222222
2006-05-02,5.135875
2006-05-03,5.163878472222223
2006-05-04,5.216152777777777
2006-05-05,5.275065972222222
2006-05-06,5.346993055555555
2006-05-07,5.345711805555555
2006-05-08,5.304625
2006-05-09,5.320315972222223
2006-05-10,5.318413194444444
2006-05-11,5.313138888888889
2006-05-12,5.370645833333334
2006-05-13,5.3683854166666665
2006-05-14,5.276232638888889
2006-05-15,5.175986111111111
2006-05-16,5.189135416666667
2006-05-17,5.334524305555555
2006-05-18,5.3599652777777775
2006-05-19,5.355579861111111
2006-05-20,5.424288194444444
2006-05-21,5.450819444444445
2006-05-22,5.333975694444445
2006-05-23,5.3814270833333335
2006-05-24,5.44246875
2006-05-25,5.415729166666667
2006-05-26,5.534090277777778
2006-05-27,5.433881944444445
2006-05-28,5.575722222222222
2006-05-29,5.7009131944444444
2006-05-30,5.655159722222222
2006-05-31,5.705208333333333
2006-06-01,5.820027777777778
2006-06-02,5.676524305555556
2006-06-03,5.68003125
2006-06-04,5.829638888888889
2006-06-05,5.861649305555556
2006-06-06,5.920024305555556
2006-06-07,5.900833333333333
2006-06-08,5.801065972222222
2006-06-09,5.8183125
2006-06-10,5.889298611111111
2006-06-11,5.884454861111111
2006-06-12,5.8127708333333334
2006-06-13,5.743586805555555
2006-06-14,5.718736111111111
2006-06-15,5.7021597222222224
2006-06-16,5.721388888888889
2006-06-17,5.865138888888889
2006-06-18,6.021319444444444
2006-06-19,6.413170138888889
2006-06-20,6.9268125
2006-06-21,7.052895833333333
2006-06-22,6.866881944444445
2006-06-23,6.50190625
2006-06-24,6.648145833333333
2006-06-25,7.083066929133858
2006-06-26,7.5743238095238095
2006-06-27,7.499098958333334
2006-06-28,6.8811875
2006-06-29,6.797729166666667
2006-06-30,6.7193072916666665
2006-07-01,6.438317708333333
2006-07-02,6.244458333333333
2006-07-03,6.146401041666667
2006-07-04,5.957921875
2006-07-05,5.7799427083333335
2006-07-06,5.725484375
2006-07-07,5.761213541666667
2006-07-08,5.928588541666667
2006-07-09,6.04265625
2006-07-10,5.868796875
2006-07-11,6.106619791666667
2006-07-12,6.197567708333334
2006-07-13,6.189557291666667
2006-07-14,6.100229166666667
2006-07-15,6.056989583333333
2006-07-16,6.158255208333333
2006-07-17,6.152661458333333
2006-07-18,6.121213541666667
2006-07-19,6.1445260416666665
2006-07-20,6.114135416666667
2006-07-21,6.33228125
2006-07-22,6.938494791666667
2006-07-23,7.341005208333334
2006-07-24,7.40415625
2006-07-25,7.4834322916666665
2006-07-26,7.385567708333333
2006-07-27,7.43553125
2006-07-28,7.183651041666667
2006-07-29,7.149588541666667
2006-07-30,7.147859375
2006-07-31,6.977291666666667
2006-08-01,7.109583333333333
2006-08-02,7.528958333333334
2006-08-03,7.836333333333333
2006-08-04,8.626197916666667
2006-08-05,8.549510416666667
2006-08-06,8.478484375
2006-08-07,8.496895833333333
2006-08-08,8.604859375
2006-08-09,8.291729166666666
2006-08-10,8.270067708333332
2006-08-11,8.702125
2006-08-12,8.675296875
2006-08-13,8.214114583333334
2006-08-14,7.153057291666666
2006-08-15,7.153046875
2006-08-16,7.695125
2006-08-17,7.969885416666667
2006-08-18,7.577614583333333
2006-08-19,7.301927083333333
2006-08-20,7.291229166666667
2006-08-21,7.41975
2006-08-22,7.685713541666667
2006-08-23,8.10378125
2006-08-24,8.109526041666667
2006-08-25,8.74290625
2006-08-26,8.282322916666667
2006-08-27,8.800208333333334
2006-08-28,8.568182291666666
2006-08-29,8.478984375
2006-08-30,8.396567708333333
2006-08-31,9.054078125
2006-09-01,9.1951875
2006-09-02,8.3705
2006-09-03,8.23446875
2006-09-04,9.111703125
2006-09-05,8.796005208333334
2006-09-06,8.499421875
2006-09-07,9.101760416666666
2006-09-08,9.616010416666667
2006-09-09,9.604166666666666
2006-09-10,9.392072916666667
2006-09-11,9.077463541666667
2006-09-12,8.963963541666667
2006-09-13,8.919359375
2006-09-14,9.1355625
2006-09-15,9.439989583333332
2006-09-16,9.363755208333334
2006-09-17,9.423260416666666
2006-09-18,9.149369791666667
2006-09-19,9.546145833333334
2006-09-20,9.785395833333334
2006-09-21,9.359817708333333
2006-09-22,9.774802083333332
2006-09-23,9.301651041666666
2006-09-24,8.892598958333334
2006-09-25,8.794130208333334
2006-09-26,9.038145833333333
2006-09-27,9.526572916666666
2006-09-28,9.791489583333334
2006-09-29,9.775296875
2006-09-30,9.613630208333333
2006-10-01,9.674572916666667
2006-10-02,9.998088541666666
2006-10-03,10.07421875
2006-10-04,9.861234375
2006-10-05,9.568161458333334
2006-10-06,9.761567708333333
2006-10-07,9.8265625
2006-10-08,9.805473958333334
2006-10-09,10.226078125
2006-10-10,10.417880208333333
2006-10-11,10.247031250000001
2006-10-12,9.8125625
2006-10-13,9.739864583333333
2006-10-14,9.725020833333334
2006-10-15,9.663296875
2006-10-16,9.788223958333333
2006-10-17,9.681760416666666
2006-10-18,9.843333333333334
2006-10-19,9.991401041666666
2006-10-20,9.911572916666668
2006-10-21,9.592859375
2006-10-22,9.372802083333333
2006-10-23,9.6670625
2006-10-24,9.620359375
2006-10-25,9.671036458333333
2006-10-26,9.653244791666667
2006-10-27,9.4886875
2006-10-28,9.787598958333334
2006-10-29,9.555848958333334
2006-10-30,9.567447916666667
2006-10-31,9.385286458333333
2006-11-01,9.200072916666667
2006-11-02,9.144390625
2006-11-03,9.295317708333334
2006-11-04,9.130432291666667
2006-11-05,9.031135416666666
2006-11-06,8.950723958333333
2006-11-07,9.022213541666666
2006-11-08,9.184859375
2006-11-09,9.059385416666666
2006-11-10,8.81546875
2006-11-11,8.727786458333334
2006-11-12,8.77059375
2006-11-13,8.76825
2006-11-14,8.47890625
2006-11-15,8.111802083333334
2006-11-16,8.066229166666666
2006-11-17,7.628578125
2006-11-18,7.421135416666667
2006-11-19,7.556947916666667
2006-11-20,7.4814895833333335
2006-11-21,7.381411458333333
2006-11-22,7.123651041666666
2006-11-23,6.928708333333334
2006-11-24,6.859338541666666
2006-11-25,7.075244791666667
2006-11-26,7.0489375
2006-11-27,6.793869791666666
2006-11-28,6.822526041666666
2006-11-29,6.747458333333333
2006-11-30,6.457182291666666
2006-12-01,6.311151041666666
2006-12-02,6.410973958333333
2006-12-03,6.340020833333333
2006-12-04,6.155067708333333
2006-12-05,5.990515625
2006-12-06,6.009229166666667
2006-12-07,5.987614583333333
2006-12-08,5.993213541666667
2006-12-09,6.070479166666667
2006-12-10,6.101588541666667
2006-12-11,6.101859375
2006-12-12,6.129921875
2006-12-13,6.134140625
2006-12-14,6.1161770833333335
2006-12-15,5.95046875
2006-12-16,6.022463541666666
2006-12-17,5.9496875000000005
2006-12-18,5.82975
2006-12-19,5.855166666666666
2006-12-20,5.770125
2006-12-21,5.757479166666666
2006-12-22,5.904703125
2006-12-23,5.626723958333334
2006-12-24,5.4099375
2006-12-25,5.504265625
2006-12-26,5.448958333333334
2006-12-27,5.411125
2006-12-28,5.1809843749999995
2006-12-29,5.045786458333334
2006-12-30,4.976661458333333
2006-12-31,5.263348958333333
2007-01-01,5.092390625
2007-01-02,5.087161458333333
2007-01-03,5.087604166666667
2007-01-04,5.050453125
2007-01-05,5.028625
2007-01-06,4.830322916666667
2007-01-07,4.7208125
2007-01-08,4.635760416666667
2007-01-09,4.586348958333334
2007-01-10,4.511255208333333
2007-01-11,4.529671875
2007-01-12,4.901494791666667
2007-01-13,4.983666666666666
2007-01-14,4.962421875
2007-01-15,4.61653125
2007-01-16,4.40075
2007-01-17,4.173171875
2007-01-18,4.087182291666666
2007-01-19,3.9768125
2007-01-20,4.061536458333333
2007-01-21,4.111614583333333
2007-01-22,4.129630208333333
2007-01-23,4.202484375
2007-01-24,4.097942708333333
2007-01-25,4.1449010416666665
2007-01-26,3.755239583333333
2007-01-27,3.9119635416666667
2007-01-28,3.9149375
2007-01-29,4.005640625
2007-01-30,3.9400052083333335
2007-01-31,4.121265625
2007-02-01,4.268177083333334
2007-02-02,4.357609375
2007-02-03,4.400072916666667
2007-02-04,4.343552083333333
2007-02-05,4.31384375
2007-02-06,4.324671875
2007-02-07,4.35565625
2007-02-08,4.473958333333333
2007-02-09,4.35696875
2007-02-10,4.305239583333333
2007-02-11,4.214526041666667
2007-02-12,4.193661458333334
2007-02-13,4.224192708333334
2007-02-14,4.064015625
2007-02-15,4.070432291666667
2007-02-16,4.109510416666667
2007-02-17,4.1771875
2007-02-18,4.21128125
2007-02-19,4.1672135416666665
2007-02-20,4.0919791666666665
2007-02-21,3.793953125
2007-02-22,3.9628229166666666
2007-02-23,4.13946875
2007-02-24,3.991546875
2007-02-25,3.7971510416666665
2007-02-26,4.02109375
2007-02-27,4.16384375
2007-02-28,4.0138125
2007-03-01,3.77275
2007-03-02,3.305494791666667
2007-03-03,3.249005208333333
2007-03-04,3.2990104166666665
2007-03-05,3.26059375
2007-03-06,3.174203125
2007-03-07,3.179015625
2007-03-08,3.1956302083333332
2007-03-09,3.130890625
2007-03-10,3.1130833333333334
2007-03-11,3.3759635416666667
2007-03-12,3.258640625
2007-03-13,3.1377239583333334
2007-03-14,3.0253958333333335
2007-03-15,2.971359375
2007-03-16,2.9784739583333333
2007-03-17,3.0364791666666666
2007-03-18,3.1281875
2007-03-19,3.0942552083333332
2007-03-20,3.0856761363636362
2007-03-21,3.0349947916666666
2007-03-22,3.123265625
2007-03-23,3.093916666666667
2007-03-24,2.9928125
2007-03-25,3.0001458333333333
2007-03-26,3.0723645833333335
2007-03-27,2.945328125
2007-03-28,2.929723958333333
2007-03-29,2.9264739583333332
2007-03-30,2.93459375
2007-03-31,3.05940625
2007-04-01,3.02190625
2007-04-02,3.163666666666667
2007-04-03,3.2122083333333333
2007-04-04,3.2414791666666667
2007-04-05,3.3040208333333334
2007-04-06,3.3888645833333335
2007-04-07,3.4486979166666667
2007-04-08,3.4498489583333334
2007-04-09,3.45290625
2007-04-10,3.5043541666666664
2007-04-11,3.50796875
2007-04-12,3.3667864583333333
2007-04-13,3.3133020833333333
2007-04-14,3.4562135416666666
2007-04-15,3.5007083333333333
2007-04-16,3.4846302083333334
2007-04-17,3.3627291666666665
2007-04-18,3.425708333333333
2007-04-19,3.5805416666666665
2007-04-20,3.6191927083333333
2007-04-21,3.6299166666666665
2007-04-22,3.6353645833333332
2007-04-23,3.6285885416666668
2007-04-24,3.701015625
2007-04-25,3.7336927083333333
2007-04-26,3.894671875
2007-04-27,3.879421875
2007-04-28,3.7970364583333334
2007-04-29,3.958817708333333
2007-04-30,3.9903958333333334
2007-05-01,3.982078125
2007-05-02,3.986666666666667
2007-05-03,4.010932291666666
2007-05-04,4.032130208333333
2007-05-05,4.000067708333333
2007-05-06,4.126052083333334
2007-05-07,4.138776041666667
2007-05-08,4.03490625
2007-05-09,4.142796875
2007-05-10,4.104328125
2007-05-11,4.037505208333333
2007-05-12,3.8886875
2007-05-13,3.8475104166666667
2007-05-14,3.785098958333333
2007-05-15,3.749421875
2007-05-16,3.8923645833333333
2007-05-17,4.028942708333333
2007-05-18,4.59475
2007-05-19,4.801020833333333
2007-05-20,4.79884375
2007-05-21,4.806567708333334
2007-05-22,4.719645833333334
2007-05-23,4.7036927083333335
2007-05-24,4.651505208333333
2007-05-25,4.65965625
2007-05-26,4.72146875
2007-05-27,4.674223958333333
2007-05-28,4.747182291666666
2007-05-29,4.652541666666667
2007-05-30,4.785557291666667
2007-05-31,5.195276041666666
2007-06-01,5.392942708333333
2007-06-02,5.829411458333333
2007-06-03,6.051307291666666
2007-06-04,5.686151041666666
2007-06-05,5.6080572916666664
2007-06-06,5.551848958333333
2007-06-07,5.812166666666666
2007-06-08,5.605208333333334
2007-06-09,5.6059375
2007-06-10,5.811541666666667
2007-06-11,5.927020833333334
2007-06-12,6.278640625
2007-06-13,6.231109375
2007-06-14,6.234072916666666
2007-06-15,5.708302083333333
2007-06-16,5.700036458333333
2007-06-17,5.465463541666667
2007-06-18,5.415442708333333
2007-06-19,5.783739583333333
2007-06-20,5.698625
2007-06-21,5.509104166666667
2007-06-22,5.59684375
2007-06-23,5.402213541666667
2007-06-24,5.673385416666667
2007-06-25,5.698
2007-06-26,5.60725
2007-06-27,5.6165625
2007-06-28,5.631901041666667
2007-06-29,5.571572916666667
2007-06-30,5.690244791666666
2007-07-01,5.90509375
2007-07-02,6.104489583333334
2007-07-03,6.099932291666667
2007-07-04,5.913796875
2007-07-05,5.851489583333334
2007-07-06,5.829703125
2007-07-07,5.913572916666666
2007-07-08,5.783067708333333
2007-07-09,5.4838125
2007-07-10,5.75984375
2007-07-11,5.761411458333334
2007-07-12,5.929786458333333
2007-07-13,5.979932291666667
2007-07-14,6.055890625
2007-07-15,5.986234375
2007-07-16,5.924578125
2007-07-17,5.819817708333334
2007-07-18,5.86928125
2007-07-19,5.715119791666667
2007-07-20,5.77003125
2007-07-21,5.8105
2007-07-22,5.644984375
2007-07-23,5.74453125
2007-07-24,5.86328125
2007-07-25,6.015671875
2007-07-26,6.415338541666666
2007-07-27,6.263708333333334
2007-07-28,6.210927083333333
2007-07-29,6.500963541666667
2007-07-30,6.547015625
2007-07-31,5.987515625
2007-08-01,5.737041666666666
2007-08-02,5.968255208333333
2007-08-03,6.175984375
2007-08-04,6.099140625
2007-08-05,6.2275625
2007-08-06,6.082296875
2007-08-07,5.604734375
2007-08-08,5.814713541666666
2007-08-09,6.094859375
2007-08-10,6.303895833333334
2007-08-11,6.328520833333333
2007-08-12,6.620130208333333
2007-08-13,6.728552083333334
2007-08-14,6.694166666666667
2007-08-15,6.458317708333333
2007-08-16,6.6980104166666665
2007-08-17,7.132364583333334
2007-08-18,7.271703125
2007-08-19,7.25734375
2007-08-20,7.556401041666667
2007-08-21,7.431416666666666
2007-08-22,7.125375
2007-08-23,6.999421875
2007-08-24,7.007385416666667
2007-08-25,6.984166666666667
2007-08-26,6.745213541666667
2007-08-27,6.903296875
2007-08-28,6.723265625
2007-08-29,6.978619791666667
2007-08-30,6.9665625
2007-08-31,7.0429375
2007-09-01,6.842369791666667
2007-09-02,6.8185416666666665
2007-09-03,6.8478489583333335
2007-09-04,6.972885416666666
2007-09-05,7.279979166666666
2007-09-06,7.398520833333333
2007-09-07,7.475307291666667
2007-09-08,7.799979166666667
2007-09-09,8.011510416666667
2007-09-10,7.465625
2007-09-11,7.304177083333333
2007-09-12,7.304890625
2007-09-13,7.598427083333333
2007-09-14,6.971010416666666
2007-09-15,6.810859375
2007-09-16,7.041421875
2007-09-17,7.60421875
2007-09-18,7.62171875
2007-09-19,7.622828125
2007-09-20,7.584885416666666
2007-09-21,7.484026041666667
2007-09-22,7.335994791666667
2007-09-23,7.79515625
2007-09-24,8.608760416666666
2007-09-25,8.479333333333333
2007-09-26,7.878041666666666
2007-09-27,7.797302083333333
2007-09-28,7.474114583333334
2007-09-29,8.797203125
2007-09-30,8.533604166666667
2007-10-01,8.371651041666667
2007-10-02,8.821567708333333
2007-10-03,9.074104166666666
2007-10-04,8.9591875
2007-10-05,9.177078125
2007-10-06,8.642072916666667
2007-10-07,8.37203125
2007-10-08,8.518203125
2007-10-09,8.628869791666666
2007-10-10,8.290921875
2007-10-11,8.134848958333333
2007-10-12,8.518296875
2007-10-13,9.02578125
2007-10-14,8.784229166666666
2007-10-15,8.834578125
2007-10-16,8.5983125
2007-10-17,8.949385416666667
2007-10-18,8.852411458333334
2007-10-19,8.753802083333333
2007-10-20,8.554296875
2007-10-21,8.367984375
2007-10-22,8.447875
2007-10-23,8.534953125
2007-10-24,8.480703125
2007-10-25,8.465630208333334
2007-10-26,8.949796875
2007-10-27,8.877921875
2007-10-28,8.74725
2007-10-29,8.600182291666666
2007-10-30,8.817421875
2007-10-31,8.951635416666667
2007-11-01,8.742869791666667
2007-11-02,8.505171875
2007-11-03,8.687291666666667
2007-11-04,8.764395833333333
2007-11-05,8.723052083333334
2007-11-06,8.66771875
2007-11-07,8.660161458333333
2007-11-08,8.512666666666666
2007-11-09,8.83759375
2007-11-10,8.302041666666666
2007-11-11,8.225203125
2007-11-12,8.245760416666666
2007-11-13,8.161546875
2007-11-14,8.217484375
2007-11-15,8.045333333333334
2007-11-16,8.08771875
2007-11-17,7.928307291666667
2007-11-18,7.8615104166666665
2007-11-19,7.851328125
2007-11-20,8.030604166666667
2007-11-21,7.794890625
2007-11-22,7.908598958333333
2007-11-23,7.762567708333333
2007-11-24,7.698114583333333
2007-11-25,7.7076770833333335
2007-11-26,7.619848958333334
2007-11-27,7.553770833333333
2007-11-28,7.708557291666667
2007-11-29,7.892354166666666
2007-11-30,7.801177083333333
2007-12-01,7.781411458333333
2007-12-02,7.8743125
2007-12-03,7.715880208333333
2007-12-04,7.41403125
2007-12-05,7.0397187500000005
2007-12-06,6.860796875
2007-12-07,6.993244791666666
2007-12-08,7.414645833333333
2007-12-09,7.2395
2007-12-10,6.9287447916666665
2007-12-11,6.895979166666667
2007-12-12,6.8645885416666665
2007-12-13,6.899947916666667
2007-12-14,7.19459375
2007-12-15,6.94896875
2007-12-16,6.70315625
2007-12-17,6.751505208333334
2007-12-18,6.79115625
2007-12-19,6.791380208333333
2007-12-20,6.551375
2007-12-21,6.512510416666666
2007-12-22,6.4704375
2007-12-23,6.2695625
2007-12-24,6.300630208333334
2007-12-25,6.277734375
2007-12-26,5.883682291666666
2007-12-27,5.863010416666667
2007-12-28,5.956567708333333
2007-12-29,6.198890625
2007-12-30,6.0950625
2007-12-31,6.365838541666666
2008-01-01,6.22334375
2008-01-02,5.987697916666667
2008-01-03,5.985416666666667
2008-01-04,6.131463541666666
2008-01-05,5.8952760416666665
2008-01-06,5.680703125
2008-01-07,5.600453125
2008-01-08,5.5831510416666665
2008-01-09,5.646401041666667
2008-01-10,5.577661458333333
2008-01-11,5.445036458333333
2008-01-12,5.441765625
2008-01-13,5.42503125
2008-01-14,5.1193229166666665
2008-01-15,5.12909375
2008-01-16,5.2265
2008-01-17,5.05715625
2008-01-18,5.111307291666667
2008-01-19,5.0965364583333335
2008-01-20,5.200411458333333
2008-01-21,5.265786458333333
2008-01-22,5.128838541666667
2008-01-23,5.329677083333333
2008-01-24,5.048302083333334
2008-01-25,5.049333333333333
2008-01-26,4.7353854166666665
2008-01-27,4.601473958333333
2008-01-28,4.718625
2008-01-29,4.924510416666666
2008-01-30,4.860713541666667
2008-01-31,4.808276041666667
2008-02-01,4.733635416666667
2008-02-02,4.711026041666667
2008-02-03,4.380578125
2008-02-04,3.875447916666667
2008-02-05,3.8749947916666665
2008-02-06,3.792671875
2008-02-07,3.751520833333333
2008-02-08,4.032390625
2008-02-09,3.972526041666667
2008-02-10,3.8406197916666667
2008-02-11,3.6440729166666666
2008-02-12,3.7425729166666666
2008-02-13,3.6810833333333335
2008-02-14,3.585880208333333
2008-02-15,3.7399270833333333
2008-02-16,3.8101302083333333
2008-02-17,3.7910104166666665
2008-02-18,3.7930156250000002
2008-02-19,3.793984375
2008-02-20,3.7836822916666666
2008-02-21,3.833171875
2008-02-22,3.8418020833333335
2008-02-23,3.9632604166666665
2008-02-24,3.96515625
2008-02-25,3.9320520833333332
2008-02-26,3.9923802083333335
2008-02-27,4.024515625
2008-02-28,4.032640625
2008-02-29,4.072333333333333
2008-03-01,4.02746875
2008-03-02,4.009489583333333
2008-03-03,4.0179375
2008-03-04,3.9978125
2008-03-05,3.9604635416666665
2008-03-06,3.9111770833333335
2008-03-07,3.927864583333333
2008-03-08,3.8891927083333333
2008-03-09,3.848088541666667
2008-03-10,3.839578125
2008-03-11,3.8486666666666665
2008-03-12,3.87121875
2008-03-13,3.90090625
2008-03-14,3.905140625
2008-03-15,3.931984375
2008-03-16,3.8927135416666667
2008-03-17,3.9967760416666667
2008-03-18,3.941932291666667
2008-03-19,3.8534479166666666
2008-03-20,3.8529010416666667
2008-03-21,3.890203125
2008-03-22,3.881421875
2008-03-23,3.780666666666667
2008-03-24,3.629151041666667
2008-03-25,3.64959375
2008-03-26,3.6457908496732028
2008-03-27,3.7240878391760748
2008-03-28,3.8023848286789463
2008-03-29,3.8806818181818183
2008-03-30,3.894140625
2008-03-31,3.895713541666667
2008-04-01,3.9119635416666667
2008-04-02,3.827046875
2008-04-03,3.79675
2008-04-04,3.7961354166666665
2008-04-05,3.800984375
2008-04-06,3.8098541666666668
2008-04-07,3.794390625
2008-04-08,3.830484375
2008-04-09,3.9371145833333334
2008-04-10,3.97328125
2008-04-11,4.037739583333333
2008-04-12,3.974552083333333
2008-04-13,3.7744270833333333
2008-04-14,3.810994791666667
2008-04-15,3.8523958333333335
2008-04-16,3.8274270833333333
2008-04-17,3.7610677083333335
2008-04-18,3.8064635416666666
2008-04-19,3.9300208333333333
2008-04-20,3.9926302083333334
2008-04-21,4.164369791666667
2008-04-22,4.117177083333333
2008-04-23,4.078765625
2008-04-24,4.0474427083333335
2008-04-25,4.057057291666666
2008-04-26,4.0153125
2008-04-27,3.9431458333333333
2008-04-28,4.0012083333333335
2008-04-29,4.064145833333333
2008-04-30,4.162619791666667
2008-05-01,4.134234375
2008-05-02,4.057682291666667
2008-05-03,4.268723958333333
2008-05-04,4.320786458333333
2008-05-05,4.460645833333333
2008-05-06,4.382375
2008-05-07,4.326119791666667
2008-05-08,4.408286458333333
2008-05-09,4.347494791666667
2008-05-10,4.3666875
2008-05-11,4.460130208333333
2008-05-12,4.496697916666666
2008-05-13,4.404359375
2008-05-14,4.507395833333334
2008-05-15,4.540677083333334
2008-05-16,4.557828125
2008-05-17,4.641208333333333
2008-05-18,4.731416666666667
2008-05-19,4.746427083333334
2008-05-20,4.8899687499999995
2008-05-21,4.81753125
2008-05-22,4.742765625
2008-05-23,4.89940625
2008-05-24,4.83859375
2008-05-25,4.720494791666667
2008-05-26,4.7473125
2008-05-27,4.779125
2008-05-28,4.823973958333333
2008-05-29,4.900885416666667
2008-05-30,4.899484375
2008-05-31,4.820098958333333
2008-06-01,4.681786458333334
2008-06-02,5.309255208333333
2008-06-03,5.702661458333333
2008-06-04,5.662197916666667
2008-06-05,5.743265625
2008-06-06,5.711171875
2008-06-07,5.892104166666667
2008-06-08,6.021630208333334
2008-06-09,5.95728125
2008-06-10,5.784807291666667
2008-06-11,5.729739583333333
2008-06-12,5.695994791666667
2008-06-13,5.431807291666667
2008-06-14,5.396260416666666
2008-06-15,5.335213541666667
2008-06-16,5.250515625
2008-06-17,5.278947916666667
2008-06-18,5.313786458333333
2008-06-19,5.290484375
2008-06-20,5.3136302083333335
2008-06-21,5.305515625
2008-06-22,5.379770833333334
2008-06-23,5.468041666666666
2008-06-24,5.61078125
2008-06-25,5.64134375
2008-06-26,5.70728125
2008-06-27,5.8019791666666665
2008-06-28,5.941520833333334
2008-06-29,5.807666666666667
2008-06-30,5.622078125
2008-07-01,5.584197916666667
2008-07-02,5.538734375
2008-07-03,5.4110989583333335
2008-07-04,5.414828125
2008-07-05,5.5381302083333335
2008-07-06,5.528578125
2008-07-07,5.589890625
2008-07-08,5.664354166666667
2008-07-09,5.6591354166666665
2008-07-10,5.840630208333334
2008-07-11,6.299776041666667
2008-07-12,5.828182291666667
2008-07-13,5.752041666666667
2008-07-14,5.755416666666667
2008-07-15,5.6648177083333335
2008-07-16,5.6071875
2008-07-17,5.473359375
2008-07-18,5.457484375
2008-07-19,5.584640625
2008-07-20,5.655989583333334
2008-07-21,5.58334375
2008-07-22,5.503364583333333
2008-07-23,5.548223958333334
2008-07-24,5.682520833333333
2008-07-25,6.187536458333334
2008-07-26,6.6200625
2008-07-27,6.888473958333333
2008-07-28,7.176885416666667
2008-07-29,7.108973958333333
2008-07-30,6.573192708333333
2008-07-31,6.19278125
2008-08-01,6.330661458333333
2008-08-02,6.295791666666666
2008-08-03,6.034489583333333
2008-08-04,6.250739583333333
2008-08-05,6.317171875
2008-08-06,6.371536458333333
2008-08-07,6.656802083333333
2008-08-08,6.515484375
2008-08-09,6.403953125
2008-08-10,6.339328125
2008-08-11,6.2425572916666665
2008-08-12,6.259776041666667
2008-08-13,6.418708333333333
2008-08-14,7.3306875
2008-08-15,7.5720833333333335
2008-08-16,7.192770833333333
2008-08-17,6.572328125
2008-08-18,6.835552083333333
2008-08-19,6.588453125
2008-08-20,7.211359375
2008-08-21,7.584651041666667
2008-08-22,7.147442708333333
2008-08-23,7.104958333333333
2008-08-24,8.183088541666667
2008-08-25,8.53175
2008-08-26,8.435541666666667
2008-08-27,7.939932291666667
2008-08-28,8.04934375
2008-08-29,7.874447916666667
2008-08-30,7.702984375
2008-08-31,7.857213541666667
2008-09-01,8.34165625
2008-09-02,8.439234375
2008-09-03,8.629354166666667
2008-09-04,8.510635416666666
2008-09-05,8.003651041666666
2008-09-06,8.6265
2008-09-07,9.264364583333334
2008-09-08,8.940260416666666
2008-09-09,8.636369791666667
2008-09-10,9.127963541666666
2008-09-11,9.129927083333333
2008-09-12,9.258734375
2008-09-13,9.352286458333333
2008-09-14,9.01809375
2008-09-15,9.058536458333334
2008-09-16,8.874140625
2008-09-17,8.947140625
2008-09-18,8.914083333333334
2008-09-19,9.21528125
2008-09-20,9.623572916666667
2008-09-21,9.631
2008-09-22,9.773604166666667
2008-09-23,9.497947916666666
2008-09-24,9.363833333333334
2008-09-25,9.310328125
2008-09-26,9.21209375
2008-09-27,9.007197916666668
2008-09-28,8.862932291666667
2008-09-29,8.757276041666668
2008-09-30,8.938135416666666
2008-10-01,9.06875
2008-10-02,9.188854166666667
2008-10-03,8.734526041666667
2008-10-04,8.630265625
2008-10-05,8.526130208333333
2008-10-06,8.344375
2008-10-07,8.337307291666667
2008-10-08,8.308052083333333
2008-10-09,8.431989583333333
2008-10-10,8.9055
2008-10-11,9.162875
2008-10-12,9.184770833333333
2008-10-13,8.759890625
2008-10-14,8.91403125
2008-10-15,9.552520833333332
2008-10-16,9.575541666666666
2008-10-17,9.508447916666666
2008-10-18,9.21540625
2008-10-19,9.203026041666666
2008-10-20,9.179046875
2008-10-21,8.924739583333333
2008-10-22,8.833213541666666
2008-10-23,8.772109375
2008-10-24,9.14534375
2008-10-25,8.919901041666666
2008-10-26,8.834661458333333
2008-10-27,8.923640625
2008-10-28,8.690192708333333
2008-10-29,8.833208333333333
2008-10-30,8.818276041666667
2008-10-31,8.983411458333332
2008-11-01,8.731453125
2008-11-02,8.775552083333332
2008-11-03,8.38790625
2008-11-04,8.411067708333333
2008-11-05,8.206479166666666
2008-11-06,8.17496875
2008-11-07,8.427088541666667
2008-11-08,8.391848958333334
2008-11-09,8.174114583333333
2008-11-10,8.285276041666666
2008-11-11,8.352229166666667
2008-11-12,7.9330260416666665
2008-11-13,7.951505208333334
2008-11-14,8.00459375
2008-11-15,8.045375
2008-11-16,8.035171875
2008-11-17,8.027286458333334
2008-11-18,8.044255208333333
2008-11-19,7.9237343749999996
2008-11-20,7.2763333333333335
2008-11-21,7.268140625
2008-11-22,7.20890625
2008-11-23,7.251375
2008-11-24,7.317807291666667
2008-11-25,7.367255208333333
2008-11-26,7.365645833333334
2008-11-27,7.215385416666667
2008-11-28,6.992890625
2008-11-29,6.8671822916666665
2008-11-30,6.879171875
2008-12-01,6.923015625
2008-12-02,6.820015625
2008-12-03,7.0229791666666666
2008-12-04,6.966291666666667
2008-12-05,6.963697916666667
2008-12-06,6.775463541666666
2008-12-07,6.835958333333333
2008-12-08,6.885744791666666
2008-12-09,6.78190625
2008-12-10,6.688182291666667
2008-12-11,6.850875
2008-12-12,6.813229166666667
2008-12-13,6.562453125
2008-12-14,6.620572916666666
2008-12-15,6.9231927083333336
2008-12-16,6.970421875
2008-12-17,6.871822916666667
2008-12-18,6.969458333333334
2008-12-19,6.915234375
2008-12-20,6.850989583333333
2008-12-21,6.619791666666667
2008-12-22,6.12621875
2008-12-23,6.128322916666667
2008-12-24,6.16403125
2008-12-25,5.999526041666667
2008-12-26,5.985338541666667
2008-12-27,5.437322916666667
2008-12-28,5.402026041666667
2008-12-29,5.04340625
2008-12-30,5.170052083333333
2008-12-31,5.239578125
2009-01-01,5.268770833333333
2009-01-02,5.310161458333333
2009-01-03,5.251484375
2009-01-04,4.871057291666666
2009-01-05,4.512078125
2009-01-06,4.449041666666667
2009-01-07,4.302359375
2009-01-08,4.201041666666667
2009-01-09,4.440333333333333
2009-01-10,4.291083333333333
2009-01-11,4.3632760416666665
2009-01-12,4.4431666666666665
2009-01-13,4.327354166666667
2009-01-14,4.2562291666666665
2009-01-15,4.344005208333333
2009-01-16,4.26196875
2009-01-17,4.39440625
2009-01-18,4.405125
2009-01-19,4.383713541666666
2009-01-20,4.39228125
2009-01-21,4.416244791666666
2009-01-22,4.4544375
2009-01-23,4.66984375
2009-01-24,4.488296875
2009-01-25,4.62021875
2009-01-26,4.504489583333333
2009-01-27,4.665786458333334
2009-01-28,4.4722760416666665
2009-01-29,4.517692708333334
2009-01-30,4.60478125
2009-01-31,4.475791666666667
2009-02-01,4.3484895833333335
2009-02-02,4.24034375
2009-02-03,3.99446875
2009-02-04,4.058375
2009-02-05,4.05346875
2009-02-06,3.9687604166666666
2009-02-07,3.771609375
2009-02-08,3.744078125
2009-02-09,3.934119791666667
2009-02-10,3.709203125
2009-02-11,3.6804375
2009-02-12,3.6154041450777203
2009-02-13,3.568484375
2009-02-14,3.7285989583333334
2009-02-15,3.5996510416666667
2009-02-16,3.716296875
2009-02-17,3.988994791666667
2009-02-18,4.029604166666667
2009-02-19,4.157151041666666
2009-02-20,4.0844375
2009-02-21,4.088380208333334
2009-02-22,3.7953125
2009-02-23,3.6646666666666667
2009-02-24,3.7875729166666665
2009-02-25,4.022557291666667
2009-02-26,3.8012395833333334
2009-02-27,3.7605052083333335
2009-02-28,3.75775
2009-03-01,3.792333333333333
2009-03-02,3.609140625
2009-03-03,3.4955885416666668
2009-03-04,3.453895833333333
2009-03-05,3.4491666666666667
2009-03-06,3.5407239583333334
2009-03-07,3.7006510416666667
2009-03-08,3.8456041666666665
2009-03-09,3.5924479166666665
2009-03-10,3.4869427083333333
2009-03-11,3.4578645833333335
2009-03-12,3.6390943396226416
2009-03-13,3.626296880706026
2009-03-14,3.6134994217894096
2009-03-15,3.600701962872794
2009-03-16,3.5879045039561777
2009-03-17,3.575107045039562
2009-03-18,3.562309586122946
2009-03-19,3.54951212720633
2009-03-20,3.536714668289714
2009-03-21,3.523917209373098
2009-03-22,3.511119750456482
2009-03-23,3.4983222915398664
2009-03-24,3.48552483262325
2009-03-25,3.4727273737066344
2009-03-26,3.459929914790018
2009-03-27,3.4471324558734024
2009-03-28,3.4343349969567867
2009-03-29,3.4215375380401705
2009-03-30,3.4087400791235547
2009-03-31,3.3959426202069385
2009-04-01,3.3831451612903227
2009-04-02,3.613640625
2009-04-03,3.5227395833333333
2009-04-04,3.4203697916666664
2009-04-05,3.397104166666667
2009-04-06,3.440583333333333
2009-04-07,3.3998854166666668
2009-04-08,3.4062031249999998
2009-04-09,3.5673385416666665
2009-04-10,3.5266145833333336
2009-04-11,3.501694300518135
2009-04-12,3.4617604166666665
2009-04-13,3.4876770833333333
2009-04-14,3.4915208333333334
2009-04-15,3.4941145833333334
2009-04-16,3.5197447916666667
2009-04-17,3.6516354166666667
2009-04-18,3.5658958333333333
2009-04-19,3.5666875
2009-04-20,3.6128072916666665
2009-04-21,3.5933072916666666
2009-04-22,3.659802083333333
2009-04-23,3.6781917098445596
2009-04-24,3.7902604166666665
2009-04-25,3.91371875
2009-04-26,4.0056666666666665
2009-04-27,4.109208333333333
2009-04-28,4.0985
2009-04-29,4.155286458333333
2009-04-30,4.097390625
2009-05-01,4.097822916666667
2009-05-02,4.103911458333333
2009-05-03,4.0628125
2009-05-04,4.077395833333333
2009-05-05,4.0091302083333336
2009-05-06,4.002010416666667
2009-05-07,4.022890625
2009-05-08,4.061385416666667
2009-05-09,4.310432291666666
2009-05-10,4.505614583333333
2009-05-11,4.306713541666666
2009-05-12,4.425385416666667
2009-05-13,4.512067708333333
2009-05-14,4.354098958333333
2009-05-15,4.2874375
2009-05-16,4.325473958333333
2009-05-17,4.30315625
2009-05-18,4.308854166666666
2009-05-19,4.3153958333333335
2009-05-20,4.595770833333333
2009-05-21,4.623072916666667
2009-05-22,4.626348958333334
2009-05-23,4.632088541666667
2009-05-24,4.7027447916666665
2009-05-25,4.697484375
2009-05-26,4.536411458333333
2009-05-27,4.4631614583333334
2009-05-28,4.533963541666667
2009-05-29,4.601927083333333
2009-05-30,4.538963541666667
2009-05-31,4.55390625
2009-06-01,4.500494791666667
2009-06-02,4.487453125
2009-06-03,4.367541666666667
2009-06-04,4.304369791666667
2009-06-05,4.4531875
2009-06-06,4.462994791666667
2009-06-07,4.487583333333333
2009-06-08,4.471859375
2009-06-09,4.4029010416666665
2009-06-10,4.392666666666667
2009-06-11,4.3312864583333335
2009-06-12,4.3840625
2009-06-13,4.372614583333333
2009-06-14,4.326083333333333
2009-06-15,4.329036458333333
2009-06-16,4.3655625
2009-06-17,4.350609375
2009-06-18,4.3549375
2009-06-19,4.449291666666666
2009-06-20,4.4431875
2009-06-21,4.411802083333334
2009-06-22,4.474203125
2009-06-23,4.48796875
2009-06-24,4.624234375
2009-06-25,4.625255208333333
2009-06-26,4.57703125
2009-06-27,4.527703125
2009-06-28,4.535932291666667
2009-06-29,4.387692708333334
2009-06-30,4.68765625
2009-07-01,4.861473958333334
2009-07-02,4.954921875
2009-07-03,5.0559947916666665
2009-07-04,5.098166666666667
2009-07-05,5.074791666666667
2009-07-06,5.002916666666667
2009-07-07,5.005510416666667
2009-07-08,5.08165625
2009-07-09,4.978354166666667
2009-07-10,5.1629322916666665
2009-07-11,5.1873125
2009-07-12,4.965807291666667
2009-07-13,4.881286458333333
2009-07-14,4.928348958333333
2009-07-15,4.981432291666667
2009-07-16,4.996447916666667
2009-07-17,4.924911458333334
2009-07-18,5.1592135416666665
2009-07-19,5.353651041666667
2009-07-20,5.2975208333333335
2009-07-21,5.449708333333334
2009-07-22,5.874708333333333
2009-07-23,6.009286458333333
2009-07-24,5.658994791666666
2009-07-25,5.339765625
2009-07-26,5.392994791666666
2009-07-27,6.3675677083333335
2009-07-28,6.63871875
2009-07-29,6.724536458333334
2009-07-30,6.260125
2009-07-31,6.005927083333333
2009-08-01,5.826427083333333
2009-08-02,5.424546875
2009-08-03,5.096541666666667
2009-08-04,5.078036458333333
2009-08-05,5.366677083333333
2009-08-06,6.028411458333333
2009-08-07,5.492880208333333
2009-08-08,5.197880208333333
2009-08-09,5.0573854166666665
2009-08-10,5.124859375
2009-08-11,5.327854166666667
2009-08-12,5.305958333333334
2009-08-13,5.503364583333333
2009-08-14,5.468770833333333
2009-08-15,5.597140625
2009-08-16,5.631145833333333
2009-08-17,5.557458333333333
2009-08-18,5.5168229166666665
2009-08-19,5.568645833333333
2009-08-20,5.464765625
2009-08-21,5.448421875
2009-08-22,5.618520833333333
2009-08-23,5.557442708333333
2009-08-24,5.628864583333334
2009-08-25,5.692114583333334
2009-08-26,5.680588541666666
2009-08-27,5.933015625
2009-08-28,6.172598958333333
2009-08-29,6.5966354166666665
2009-08-30,6.52884375
2009-08-31,6.327234375
2009-09-01,6.308916666666667
2009-09-02,6.207119791666667
2009-09-03,6.437546875
2009-09-04,6.027708333333333
2009-09-05,5.980973958333333
2009-09-06,5.759927083333333
2009-09-07,5.561494791666667
2009-09-08,5.905401041666667
2009-09-09,5.5263229166666665
2009-09-10,6.158104166666667
2009-09-11,6.795161458333333
2009-09-12,7.650401041666667
2009-09-13,7.825567708333334
2009-09-14,7.620239583333333
2009-09-15,7.1512135416666665
2009-09-16,7.004604166666667
2009-09-17,8.481526041666667
2009-09-18,8.676885416666666
2009-09-19,7.679526041666667
2009-09-20,7.2802395833333335
2009-09-21,8.280072916666667
2009-09-22,8.146088541666666
2009-09-23,7.329744791666666
2009-09-24,7.937208333333333
2009-09-25,8.7209375
2009-09-26,8.471416666666666
2009-09-27,8.692723958333334
2009-09-28,8.753791666666666
2009-09-29,8.649661458333334
2009-09-30,8.959682291666667
2009-10-01,8.718703125
2009-10-02,8.434302083333334
2009-10-03,8.594057291666667
2009-10-04,8.145109375
2009-10-05,7.88740625
2009-10-06,7.816765625
2009-10-07,7.746666666666667
2009-10-08,8.202692708333334
2009-10-09,8.933427083333333
2009-10-10,8.7880625
2009-10-11,8.551911458333333
2009-10-12,8.834083333333334
2009-10-13,9.168276041666667
2009-10-14,8.708994791666667
2009-10-15,7.93884375
2009-10-16,8.003713541666666
2009-10-17,8.359364583333333
2009-10-18,8.508848958333333
2009-10-19,8.546859375
2009-10-20,8.647291666666666
2009-10-21,8.732057291666667
2009-10-22,9.065713541666666
2009-10-23,9.661354166666667
2009-10-24,9.744739583333333
2009-10-25,9.738640625
2009-10-26,9.833864583333334
2009-10-27,9.830979166666667
2009-10-28,9.52553125
2009-10-29,9.28975
2009-10-30,9.3338125
2009-10-31,9.371489583333334
2009-11-01,9.303203125
2009-11-02,9.352052083333334
2009-11-03,9.16325
2009-11-04,9.353510416666667
2009-11-05,9.375916666666667
2009-11-06,9.286041666666666
2009-11-07,9.106770833333334
2009-11-08,9.162171875
2009-11-09,9.108473958333333
2009-11-10,9.14740625
2009-11-11,9.085140625
2009-11-12,9.026458333333334
2009-11-13,8.939885416666666
2009-11-14,9.049208333333333
2009-11-15,8.953098958333333
2009-11-16,8.970708333333333
2009-11-17,8.757770833333334
2009-11-18,8.2551875
2009-11-19,8.284697916666667
2009-11-20,8.297005208333333
2009-11-21,8.764885416666667
2009-11-22,8.5724375
2009-11-23,7.964359375
2009-11-24,7.965427083333333
2009-11-25,8.063572916666667
2009-11-26,7.749317708333334
2009-11-27,7.716583333333333
2009-11-28,7.702973958333334
2009-11-29,7.648307291666667
2009-11-30,7.726635416666666
2009-12-01,7.582286458333333
2009-12-02,7.481098958333333
2009-12-03,7.558473958333333
2009-12-04,7.5064270833333335
2009-12-05,7.665979166666666
2009-12-06,7.677921875
2009-12-07,7.720536458333333
2009-12-08,7.63528125
2009-12-09,7.608859375
2009-12-10,7.709296875
2009-12-11,7.577010416666667
2009-12-12,7.572
2009-12-13,7.662953125
2009-12-14,7.923958333333333
2009-12-15,7.75215625
2009-12-16,7.7448125
2009-12-17,7.644083333333334
2009-12-18,7.779484375
2009-12-19,7.244119791666667
2009-12-20,6.718760416666667
2009-12-21,6.778526041666667
2009-12-22,6.491463541666667
2009-12-23,6.4367552083333335
2009-12-24,6.49159375
2009-12-25,6.177192708333333
2009-12-26,6.119869791666667
2009-12-27,6.088020833333333
2009-12-28,6.191260416666666
2009-12-29,6.180552083333334
2009-12-30,6.32775
2009-12-31,6.357479166666667
2010-01-01,6.367114583333334
2010-01-02,6.411322916666666
2010-01-03,6.304848958333333
2010-01-04,6.40540625
2010-01-05,6.436036458333334
2010-01-06,6.464427083333334
2010-01-07,6.326369791666667
2010-01-08,6.152703125
2010-01-09,6.045041666666667
2010-01-10,6.1849010416666665
2010-01-11,6.070546875
2010-01-12,6.018916666666667
2010-01-13,5.842333333333333
2010-01-14,5.850494791666667
2010-01-15,5.834359375
2010-01-16,5.845713541666667
2010-01-17,5.783927083333333
2010-01-18,5.7160416666666665
2010-01-19,5.691567708333333
2010-01-20,5.679895833333333
2010-01-21,5.563614583333333
2010-01-22,5.547494791666667
2010-01-23,5.61390625
2010-01-24,5.590625
2010-01-25,5.64846875
2010-01-26,5.541697916666666
2010-01-27,5.779557291666666
2010-01-28,5.6491875
2010-01-29,5.396463541666667
2010-01-30,5.3118541666666665
2010-01-31,5.345072916666667
2010-02-01,5.564765625
2010-02-02,5.55696875
2010-02-03,5.651088541666667
2010-02-04,5.549046875
2010-02-05,5.374458333333333
2010-02-06,5.50484375
2010-02-07,5.736427083333333
2010-02-08,5.510390625
2010-02-09,5.348833333333333
2010-02-10,5.227536458333334
2010-02-11,5.026729166666667
2010-02-12,5.052229166666667
2010-02-13,5.047338541666667
2010-02-14,5.048817708333333
2010-02-15,5.089083333333333
2010-02-16,5.134411458333333
2010-02-17,5.224760416666666
2010-02-18,5.1853645833333335
2010-02-19,5.180734375
2010-02-20,5.137526041666667
2010-02-21,5.155005208333334
2010-02-22,5.247375
2010-02-23,5.43365625
2010-02-24,5.51609375
2010-02-25,5.481614583333333
2010-02-26,5.285307291666666
2010-02-27,5.340640625
2010-02-28,5.323125
2010-03-01,5.290630208333333
2010-03-02,5.118755208333333
2010-03-03,5.035817708333333
2010-03-04,4.977614583333334
2010-03-05,4.942395833333333
2010-03-06,5.030703125
2010-03-07,5.201984375
2010-03-08,5.393151041666667
2010-03-09,5.2886875
2010-03-10,4.8392083333333336
2010-03-11,4.819552083333333
2010-03-12,4.961697916666667
2010-03-13,5.116395833333334
2010-03-14,5.234385416666667
2010-03-15,5.2713125
2010-03-16,4.97446875
2010-03-17,4.865734375
2010-03-18,4.827125
2010-03-19,4.794375
2010-03-20,4.726989583333333
2010-03-21,4.685046875
2010-03-22,4.692203125
2010-03-23,4.658703125
2010-03-24,4.716192771084337
2010-03-25,4.722331726907631
2010-03-26,4.728470682730924
2010-03-27,4.7346096385542165
2010-03-28,4.74074859437751
2010-03-29,4.746887550200803
2010-03-30,4.753026506024097
2010-03-31,4.759165461847389
2010-04-01,4.7653044176706825
2010-04-02,4.771443373493976
2010-04-03,4.777582329317269
2010-04-04,4.783721285140562
2010-04-05,4.789860240963855
2010-04-06,4.7959991967871485
2010-04-07,4.802138152610442
2010-04-08,4.808277108433734
2010-04-09,4.814416064257028
2010-04-10,4.820555020080321
2010-04-11,4.8266939759036145
2010-04-12,4.832832931726907
2010-04-13,4.8389718875502
2010-04-14,4.845110843373494
2010-04-15,4.851249799196787
2010-04-16,4.8573887550200805
2010-04-17,4.863527710843373
2010-04-18,4.869666666666666
2010-04-19,4.8700624999999995
2010-04-20,4.881369791666667
2010-04-21,4.851331606217617
2010-04-22,4.867663212435233
2010-04-23,4.9535833333333334
2010-04-24,5.038114583333333
2010-04-25,5.07871875
2010-04-26,5.115932291666667
2010-04-27,5.08440625
2010-04-28,5.1031354166666665
2010-04-29,5.117984375
2010-04-30,5.193328125
2010-05-01,5.219677083333333
2010-05-02,5.26584375
2010-05-03,5.291854166666667
2010-05-04,5.282520833333334
2010-05-05,5.354354166666667
2010-05-06,5.376546875
2010-05-07,5.342239583333333
2010-05-08,5.379791666666667
2010-05-09,5.473536458333333
2010-05-10,5.316536458333333
2010-05-11,5.288875
2010-05-12,5.4519166666666665
2010-05-13,5.834145833333333
2010-05-14,5.963192708333334
2010-05-15,5.926322916666667
2010-05-16,5.817364583333333
2010-05-17,5.869916666666667
2010-05-18,5.966322916666667
2010-05-19,5.954369791666666
2010-05-20,6.0477083333333335
2010-05-21,5.9683697916666665
2010-05-22,5.957479166666666
2010-05-23,5.920109375
2010-05-24,5.977854166666667
2010-05-25,6.002390625
2010-05-26,6.0245
2010-05-27,6.278401041666666
2010-05-28,6.259302083333333
2010-05-29,6.218682291666667
2010-05-30,6.100375
2010-05-31,6.154739583333333
2010-06-01,6.226963541666667
2010-06-02,6.257411458333333
2010-06-03,6.207364583333334
2010-06-04,6.192317708333333
2010-06-05,6.13934375
2010-06-06,6.234630208333333
2010-06-07,6.322796875
2010-06-08,5.722145833333333
2010-06-09,5.760661458333334
2010-06-10,5.927890625
2010-06-11,6.284442708333334
2010-06-12,6.378385416666666
2010-06-13,6.233270833333333
2010-06-14,6.693651041666667
2010-06-15,6.8327760416666665
2010-06-16,6.739364583333334
2010-06-17,6.853671875
2010-06-18,6.833859375
2010-06-19,6.677947916666667
2010-06-20,6.67296875
2010-06-21,6.578354166666666
2010-06-22,6.720109375
2010-06-23,6.780635416666667
2010-06-24,6.59521875
2010-06-25,6.6880677083333335
2010-06-26,6.671020833333333
2010-06-27,6.75240625
2010-06-28,6.817807291666667
2010-06-29,6.593796875
2010-06-30,6.647479166666667
2010-07-01,6.757947916666667
2010-07-02,6.848390625
2010-07-03,6.913473958333333
2010-07-04,6.9339739583333335
2010-07-05,7.144010416666666
2010-07-06,7.581359375
2010-07-07,7.642427083333334
2010-07-08,7.65534375
2010-07-09,7.702588541666667
2010-07-10,7.525463541666666
2010-07-11,7.39915625
2010-07-12,7.122119791666667
2010-07-13,7.15853125
2010-07-14,7.389135416666667
2010-07-15,7.514026041666667
2010-07-16,7.321041666666667
2010-07-17,7.1648958333333335
2010-07-18,6.966458333333334
2010-07-19,7.437786458333333
2010-07-20,7.48109375
2010-07-21,7.146604166666667
2010-07-22,7.184307291666666
2010-07-23,7.056328125
2010-07-24,6.853046875
2010-07-25,6.833322916666667
2010-07-26,6.901572916666667
2010-07-27,7.090635416666666
2010-07-28,6.9715625
2010-07-29,7.05996875
2010-07-30,7.032848958333333
2010-07-31,7.303442708333333
2010-08-01,7.522567708333334
2010-08-02,7.387270833333333
2010-08-03,6.986619791666667
2010-08-04,7.073645833333333
2010-08-05,7.20875
2010-08-06,7.30071875
2010-08-07,7.232869791666666
2010-08-08,7.013442708333334
2010-08-09,6.98040625
2010-08-10,6.967651041666667
2010-08-11,6.854541666666667
2010-08-12,6.89171875
2010-08-13,6.757119791666667
2010-08-14,6.971510416666667
2010-08-15,7.081302083333333
2010-08-16,7.372802083333333
2010-08-17,7.547875
2010-08-18,7.413927083333333
2010-08-19,7.123104166666667
2010-08-20,7.2052708333333335
2010-08-21,7.128661458333333
2010-08-22,7.0386822916666665
2010-08-23,6.780302083333333
2010-08-24,6.814453125
2010-08-25,6.855151041666667
2010-08-26,6.948255208333333
2010-08-27,6.9494114583333335
2010-08-28,6.890932291666666
2010-08-29,6.924041666666667
2010-08-30,7.08475
2010-08-31,7.128619791666667
2010-09-01,7.304973958333333
2010-09-02,7.2890572916666665
2010-09-03,7.394322916666667
2010-09-04,7.225338541666667
2010-09-05,7.4882760416666665
2010-09-06,7.585447916666666
2010-09-07,7.5748541666666664
2010-09-08,7.5831614583333335
2010-09-09,7.536890625
2010-09-10,7.472072916666667
2010-09-11,7.545484375
2010-09-12,7.472364583333333
2010-09-13,7.389734375
2010-09-14,7.498651041666666
2010-09-15,7.474552083333333
2010-09-16,7.458588541666667
2010-09-17,7.4234479166666665
2010-09-18,7.428453125
2010-09-19,7.280291666666667
2010-09-20,7.210807291666667
2010-09-21,7.153932291666667
2010-09-22,7.130942708333333
2010-09-23,6.995979166666666
2010-09-24,7.008885416666667
2010-09-25,7.235901041666667
2010-09-26,8.094625
2010-09-27,8.670979166666667
2010-09-28,8.129979166666667
2010-09-29,8.24546875
2010-09-30,8.238880208333333
2010-10-01,8.510416666666666
2010-10-02,9.565109375
2010-10-03,9.150197916666666
2010-10-04,9.237291666666668
2010-10-05,9.095041666666667
2010-10-06,9.537536458333333
2010-10-07,9.518796875
2010-10-08,8.985098958333333
2010-10-09,9.199604166666667
2010-10-10,9.019161458333333
2010-10-11,8.867692708333333
2010-10-12,8.88084375
2010-10-13,8.64671875
2010-10-14,8.773963541666667
2010-10-15,8.597166666666666
2010-10-16,8.540984375
2010-10-17,8.728421875
2010-10-18,9.258380208333334
2010-10-19,9.243140625
2010-10-20,9.29590625
2010-10-21,9.487755208333333
2010-10-22,9.375427083333333
2010-10-23,9.183208333333333
2010-10-24,8.850552083333334
2010-10-25,8.832614583333333
2010-10-26,9.181125
2010-10-27,9.153182291666667
2010-10-28,9.405526041666667
2010-10-29,9.198140625
2010-10-30,9.08228125
2010-10-31,9.186182291666666
2010-11-01,9.167583333333333
2010-11-02,9.319151041666666
2010-11-03,9.276
2010-11-04,9.309817708333334
2010-11-05,9.280083333333334
2010-11-06,9.2520625
2010-11-07,9.139760416666666
2010-11-08,8.937109375
2010-11-09,8.998135416666667
2010-11-10,9.252994791666666
2010-11-11,9.056401041666666
2010-11-12,8.705401041666667
2010-11-13,8.97365625
2010-11-14,8.994791666666666
2010-11-15,8.955703125
2010-11-16,8.94253125
2010-11-17,8.886161458333333
2010-11-18,8.858286458333334
2010-11-19,8.861765625
2010-11-20,8.672822916666666
2010-11-21,8.386354166666667
2010-11-22,8.22303125
2010-11-23,8.434494791666667
2010-11-24,8.520395833333334
2010-11-25,8.392557291666666
2010-11-26,8.359479166666667
2010-11-27,8.256098958333334
2010-11-28,8.1398125
2010-11-29,7.803901041666666
2010-11-30,7.740354166666667
2010-12-01,7.47334375
2010-12-02,7.4478229166666665
2010-12-03,7.292375
2010-12-04,7.315619791666666
2010-12-05,7.57125
2010-12-06,7.433770833333333
2010-12-07,7.229505208333333
2010-12-08,7.249520833333333
2010-12-09,7.176098958333333
2010-12-10,7.080796875
2010-12-11,7.032276041666667
2010-12-12,7.076505208333334
2010-12-13,6.937135416666667
2010-12-14,6.955963541666667
2010-12-15,6.71871875
2010-12-16,6.4269010416666665
2010-12-17,6.318401041666666
2010-12-18,6.13953125
2010-12-19,6.307890625
2010-12-20,6.46275
2010-12-21,6.4103125
2010-12-22,6.3141875
2010-12-23,6.327786458333334
2010-12-24,6.349984375
2010-12-25,6.1099375
2010-12-26,6.086807291666667
2010-12-27,5.9785104166666665
2010-12-28,6.132760416666667
2010-12-29,5.527177083333333
2010-12-30,5.6399791666666665
2010-12-31,5.774671875
2011-01-01,5.821463541666667
2011-01-02,5.761520833333333
2011-01-03,5.7261822916666665
2011-01-04,5.688604166666667
2011-01-05,5.672833333333333
2011-01-06,5.759052083333334
2011-01-07,5.775875
2011-01-08,5.70496875
2011-01-09,5.810677083333333
2011-01-10,6.0562708333333335
2011-01-11,6.195229166666667
2011-01-12,6.2198125
2011-01-13,6.20965625
2011-01-14,5.778619791666666
2011-01-15,5.60478125
2011-01-16,5.404458333333333
2011-01-17,4.945390625
2011-01-18,5.009291666666667
2011-01-19,4.934369791666667
2011-01-20,5.1491822916666665
2011-01-21,5.224640625
2011-01-22,5.369984375
2011-01-23,5.458213541666667
2011-01-24,5.080625
2011-01-25,4.946942708333333
2011-01-26,4.980416666666667
2011-01-27,5.02890625
2011-01-28,4.995677083333334
2011-01-29,5.030572916666666
2011-01-30,4.948229166666667
2011-01-31,4.901505208333333
2011-02-01,4.8826302083333335
2011-02-02,4.8424427083333335
2011-02-03,4.8597552083333335
2011-02-04,4.996984375
2011-02-05,5.131765625
2011-02-06,5.036901041666667
2011-02-07,5.0097708333333335
2011-02-08,5.111911458333333
2011-02-09,5.019859375
2011-02-10,5.015598958333333
2011-02-11,4.897755208333334
2011-02-12,4.73665625
2011-02-13,4.499171875
2011-02-14,4.369921875
2011-02-15,4.595427083333333
2011-02-16,4.707171875
2011-02-17,4.6406197916666665
2011-02-18,4.636114583333334
2011-02-19,4.780192708333334
2011-02-20,4.80796875
2011-02-21,4.59753125
2011-02-22,4.5985885416666665
2011-02-23,4.347833333333333
2011-02-24,4.3390989583333335
2011-02-25,4.4476875
2011-02-26,4.391989583333333
2011-02-27,4.1778281250000004
2011-02-28,3.9609322916666665
2011-03-01,3.921875
2011-03-02,4.06190625
2011-03-03,3.9143802083333332
2011-03-04,3.822140625
2011-03-05,3.75315625
2011-03-06,3.721604166666667
2011-03-07,3.730260416666667
2011-03-08,3.8369947916666667
2011-03-09,3.8522239583333335
2011-03-10,3.79590625
2011-03-11,3.80275
2011-03-12,3.9448489583333335
2011-03-13,4.007765625
2011-03-14,3.8454322916666666
2011-03-15,3.7585208333333333
2011-03-16,3.9608481012658228
2011-03-17,3.9457745629897527
2011-03-18,3.930701024713683
2011-03-19,3.915627486437613
2011-03-20,3.900553948161543
2011-03-21,3.885480409885473
2011-03-22,3.8704068716094033
2011-03-23,3.8553333333333333
2011-03-24,3.8538333333333332
2011-03-25,3.852333333333333
2011-03-26,3.850833333333333
2011-03-27,3.849333333333333
2011-03-28,3.8478333333333334
2011-03-29,3.8463333333333334
2011-03-30,3.8448333333333333
2011-03-31,3.8433333333333333
2011-04-01,3.860359375
2011-04-02,3.941640625
2011-04-03,3.9853072916666665
2011-04-04,3.94475
2011-04-05,4.0131041666666665
2011-04-06,4.010119791666667
2011-04-07,4.000760416666667
2011-04-08,4.010265625
2011-04-09,4.024322916666667
2011-04-10,4.019765625
2011-04-11,4.112505208333333
2011-04-12,4.131651041666666
2011-04-13,4.071859375
2011-04-14,4.033291666666667
2011-04-15,4.0600885416666666
2011-04-16,4.069822916666666
2011-04-17,4.093145833333334
2011-04-18,4.082364583333334
2011-04-19,4.078515625
2011-04-20,4.091609375
2011-04-21,4.160953125
2011-04-22,4.138520833333334
2011-04-23,4.2460625
2011-04-24,4.358291666666667
2011-04-25,4.4655625
2011-04-26,4.441859375
2011-04-27,4.447296875
2011-04-28,4.43728125
2011-04-29,4.440864583333333
2011-04-30,4.457604166666667
2011-05-01,4.485598958333333
2011-05-02,4.47159375
2011-05-03,4.435213541666666
2011-05-04,4.389177083333333
2011-05-05,4.315057291666666
2011-05-06,4.5300416666666665
2011-05-07,4.803052083333333
2011-05-08,4.6183125
2011-05-09,4.402036458333334
2011-05-10,4.426609375
2011-05-11,4.536833333333333
2011-05-12,4.51965625
2011-05-13,4.4969375
2011-05-14,4.5969375
2011-05-15,4.558484375
2011-05-16,4.715442708333334
2011-05-17,4.738020833333334
2011-05-18,4.913276041666666
2011-05-19,4.915760416666667
2011-05-20,5.212078125
2011-05-21,5.101177083333333
2011-05-22,4.82190625
2011-05-23,4.680390625
2011-05-24,4.457885416666667
2011-05-25,5.483192708333333
2011-05-26,5.26840625
2011-05-27,5.293333333333333
2011-05-28,5.371744791666667
2011-05-29,5.9868958333333335
2011-05-30,5.851328125
2011-05-31,5.7593958333333335
2011-06-01,5.676015625
2011-06-02,5.888354166666667
2011-06-03,5.80309375
2011-06-04,5.931140625
2011-06-05,5.702817708333333
2011-06-06,5.90484375
2011-06-07,5.303276041666667
2011-06-08,5.528395833333334
2011-06-09,5.671453125
2011-06-10,5.565270833333333
2011-06-11,5.587354166666667
2011-06-12,5.696463541666667
2011-06-13,5.552192708333333
2011-06-14,5.422260416666667
2011-06-15,5.409234375
2011-06-16,5.375619791666667
2011-06-17,5.309822916666667
2011-06-18,5.338135416666667
2011-06-19,5.396671875
2011-06-20,5.3034895833333335
2011-06-21,5.29928125
2011-06-22,5.319171875
2011-06-23,5.2898072916666665
2011-06-24,5.324578125
2011-06-25,5.393578125
2011-06-26,5.3103541666666665
2011-06-27,5.235734375
2011-06-28,5.3195625
2011-06-29,5.443125
2011-06-30,5.559859375
2011-07-01,5.511130208333333
2011-07-02,5.383442708333333
2011-07-03,5.473098958333333
2011-07-04,5.767484375
2011-07-05,5.665692708333333
2011-07-06,5.735229166666667
2011-07-07,5.7943645833333335
2011-07-08,5.67771875
2011-07-09,5.739260416666666
2011-07-10,5.761744791666667
2011-07-11,5.822921875
2011-07-12,5.587859375
2011-07-13,5.652401041666667
2011-07-14,5.64321875
2011-07-15,5.638947916666667
2011-07-16,5.546244791666667
2011-07-17,5.534661458333334
2011-07-18,5.6082447916666665
2011-07-19,5.479880208333333
2011-07-20,5.591942708333334
2011-07-21,5.684583333333333
2011-07-22,5.620046875
2011-07-23,5.5327447916666666
2011-07-24,5.520625
2011-07-25,5.472078125
2011-07-26,5.75421875
2011-07-27,5.719984375
2011-07-28,5.720953125
2011-07-29,6.046135416666667
2011-07-30,6.089947916666667
2011-07-31,6.001401041666667
2011-08-01,6.005098958333333
2011-08-02,5.879703125
2011-08-03,6.151041666666667
2011-08-04,6.205692708333333
2011-08-05,6.002619791666667
2011-08-06,6.171255208333333
2011-08-07,6.286770833333334
2011-08-08,6.53715625
2011-08-09,6.538817708333333
2011-08-10,6.383682291666666
2011-08-11,6.097541666666666
2011-08-12,5.894973958333333
2011-08-13,6.1269375
2011-08-14,5.942994791666667
2011-08-15,5.914083333333333
2011-08-16,5.918421875
2011-08-17,5.961244791666667
2011-08-18,5.904838541666667
2011-08-19,6.1418125
2011-08-20,7.246005208333333
2011-08-21,6.869588541666666
2011-08-22,6.686401041666667
2011-08-23,6.927890625
2011-08-24,7.216015625
2011-08-25,7.4000104166666665
2011-08-26,7.511505208333333
2011-08-27,7.740666666666667
2011-08-28,7.676755208333334
2011-08-29,7.892609375
2011-08-30,8.849364583333333
2011-08-31,8.565177083333333
2011-09-01,8.164125
2011-09-02,7.990421875
2011-09-03,8.623416666666667
2011-09-04,8.302369791666667
2011-09-05,8.507057291666667
2011-09-06,9.973776041666667
2011-09-07,10.227921875
2011-09-08,10.392234375
2011-09-09,9.721385416666667
2011-09-10,9.480328125
2011-09-11,8.821026041666666
2011-09-12,8.4934375
2011-09-13,8.986651041666667
2011-09-14,9.466744791666667
2011-09-15,9.346020833333334
2011-09-16,9.933625
2011-09-17,9.710432291666667
2011-09-18,9.921098958333333
2011-09-19,9.75621875
2011-09-20,9.949
2011-09-21,10.577270833333333
2011-09-22,10.51953125
2011-09-23,10.522682291666667
2011-09-24,10.280682291666666
2011-09-25,10.153395833333333
2011-09-26,9.696536458333334
2011-09-27,9.211765625
2011-09-28,9.25878125
2011-09-29,9.691739583333334
2011-09-30,9.29825
2011-10-01,9.282333333333334
2011-10-02,10.089015625
2011-10-03,10.030072916666667
2011-10-04,10.225838541666667
2011-10-05,10.220276041666667
2011-10-06,10.2935
2011-10-07,10.240145833333333
2011-10-08,10.119416666666666
2011-10-09,9.982171875
2011-10-10,10.003203125
2011-10-11,9.984145833333333
2011-10-12,9.563895833333333
2011-10-13,9.38565625
2011-10-14,9.538979166666667
2011-10-15,9.653354166666666
2011-10-16,9.567697916666667
2011-10-17,9.271166666666666
2011-10-18,9.350760416666667
2011-10-19,9.370729166666667
2011-10-20,9.4978645833333335
2011-10-21,9.710244791666666
2011-10-22,9.717192708333334
2011-10-23,9.379036458333333
2011-10-24,9.396911458333333
2011-10-25,9.579072916666666
2011-10-26,9.601255208333333
2011-10-27,9.641963541666668
2011-10-28,9.597
2011-10-29,9.712192708333333
2011-10-30,9.736828125
2011-10-31,9.621536458333333
2011-11-01,9.667020833333334
2011-11-02,9.396072916666666
2011-11-03,9.106848958333334
2011-11-04,9.203505208333333
2011-11-05,9.346651041666666
2011-11-06,9.226807291666667
2011-11-07,8.935192708333334
2011-11-08,8.875041666666666
2011-11-09,8.774442708333334
2011-11-10,8.816635416666667
2011-11-11,8.868500000000001
2011-11-12,8.937822916666667
2011-11-13,8.914640625
2011-11-14,8.785197916666666
2011-11-15,8.69578125
2011-11-16,8.497651041666666
2011-11-17,8.03353125
2011-11-18,7.826265625
2011-11-19,7.600276041666667
2011-11-20,7.516375
2011-11-21,7.337317708333333
2011-11-22,7.143921875
2011-11-23,7.165510416666667
2011-11-24,7.133609375
2011-11-25,7.107739583333333
2011-11-26,6.936848958333333
2011-11-27,6.941671875
2011-11-28,6.9806510416666665
2011-11-29,7.030135416666667
2011-11-30,6.823901041666667
2011-12-01,6.838442708333333
2011-12-02,6.8218854166666665
2011-12-03,6.773151041666667
2011-12-04,6.553546875
2011-12-05,6.602286458333333
2011-12-06,6.6553125
2011-12-07,6.697703125
2011-12-08,6.572770833333333
2011-12-09,6.631713541666667
2011-12-10,6.6603385416666665
2011-12-11,6.679729166666666
2011-12-12,6.453140625
2011-12-13,6.416494791666667
2011-12-14,6.405848958333333
2011-12-15,6.4001093749999995
2011-12-16,6.465192708333333
2011-12-17,6.428395833333333
2011-12-18,6.441859375
2011-12-19,6.161421875
2011-12-20,6.081302083333333
2011-12-21,6.177880208333334
2011-12-22,6.3345416666666665
2011-12-23,6.328463541666666
2011-12-24,6.316708333333334
2011-12-25,6.0490625
2011-12-26,6.061786458333334
2011-12-27,5.8600208333333335
2011-12-28,5.825864583333333
2011-12-29,5.707494791666667
2011-12-30,5.552369791666667
2011-12-31,5.6335572916666665
2012-01-01,5.451979166666667
2012-01-02,4.799036458333333
2012-01-03,4.7510104166666665
2012-01-04,4.680661458333334
2012-01-05,4.624203125
2012-01-06,4.565119791666667
2012-01-07,4.524197916666667
2012-01-08,4.4525625
2012-01-09,4.429354166666666
2012-01-10,4.398177083333334
2012-01-11,4.4451197916666665
2012-01-12,4.412703125
2012-01-13,4.356770833333333
2012-01-14,4.200630208333333
2012-01-15,4.190630208333333
2012-01-16,4.055166666666667
2012-01-17,4.299703125
2012-01-18,4.222765625
2012-01-19,4.06646875
2012-01-20,4.090130208333333
2012-01-21,3.570536458333333
2012-01-22,3.5233385416666665
2012-01-23,3.6960520833333335
2012-01-24,3.7879375
2012-01-25,3.8118125
2012-01-26,3.5098541666666665
2012-01-27,3.4924947916666667
2012-01-28,3.3043072916666665
2012-01-29,3.2527552083333333
2012-01-30,3.1416145833333333
2012-01-31,3.1913385416666666
2012-02-01,3.171744791666667
2012-02-02,3.462442708333333
2012-02-03,3.7065208333333333
2012-02-04,3.58740625
2012-02-05,3.7242395833333335
2012-02-06,3.6747552083333335
2012-02-07,3.7043958333333333
2012-02-08,3.6146614583333334
2012-02-09,3.671984375
2012-02-10,3.7286145833333335
2012-02-11,3.58771875
2012-02-12,3.6565625
2012-02-13,3.7097083333333334
2012-02-14,3.6590416666666665
2012-02-15,3.6912083333333334
2012-02-16,3.6586875
2012-02-17,3.6562395833333334
2012-02-18,3.7501614583333334
2012-02-19,3.8025625
2012-02-20,3.735520833333333
2012-02-21,3.68184375
2012-02-22,3.8033440860215055
2012-02-23,3.7611487567204303
2012-02-24,3.718953427419355
2012-02-25,3.6767580981182797
2012-02-26,3.6345627688172044
2012-02-27,3.592367439516129
2012-02-28,3.550172110215054
2012-02-29,3.5079767809139786
2012-03-01,3.4657814516129033
2012-03-02,3.423586122311828
2012-03-03,3.3813907930107527
2012-03-04,3.3391954637096775
2012-03-05,3.297000134408602
2012-03-06,3.254804805107527
2012-03-07,3.2126094758064516
2012-03-08,3.1704141465053763
2012-03-09,3.128218817204301
2012-03-10,3.086023487903226
2012-03-11,3.0438281586021505
2012-03-12,3.0016328293010752
2012-03-13,2.9594375
2012-03-14,3.0417083333333332
2012-03-15,3.17121875
2012-03-16,3.131494791666667
2012-03-17,3.1088125
2012-03-18,3.09459375
2012-03-19,3.0343645833333333
2012-03-20,3.1928802083333334
2012-03-21,3.22409375
2012-03-22,3.150239583333333
2012-03-23,3.138421875
2012-03-24,3.203291666666667
2012-03-25,3.219078125
2012-03-26,3.085296875
2012-03-27,3.2389791666666667
2012-03-28,3.3656614583333333
2012-03-29,3.3050677083333335
2012-03-30,3.2536145833333334
2012-03-31,3.1640208333333333
2012-04-01,3.3031614583333333
2012-04-02,3.384036458333333
2012-04-03,3.2777864583333334
2012-04-04,3.282828125
2012-04-05,3.251453125
2012-04-06,3.24884375
2012-04-07,3.4332135416666665
2012-04-08,3.4503854166666668
2012-04-09,3.53246875
2012-04-10,3.6327135416666665
2012-04-11,3.703197916666667
2012-04-12,3.694890625
2012-04-13,3.697302083333333
2012-04-14,3.71196875
2012-04-15,3.6839739583333335
2012-04-16,3.6142239583333335
2012-04-17,4.109020833333333
2012-04-18,4.2793906250000004
2012-04-19,4.304088541666666
2012-04-20,4.384369791666667
2012-04-21,4.165375
2012-04-22,4.232807291666667
2012-04-23,4.3189375
2012-04-24,4.200223958333333
2012-04-25,4.258604166666666
2012-04-26,4.216520833333333
2012-04-27,4.651833333333333
2012-04-28,4.31803125
2012-04-29,4.280026041666667
2012-04-30,4.3759427083333335
2012-05-01,4.375515625
2012-05-02,4.158921875
2012-05-03,4.1175625
2012-05-04,4.3347291666666665
2012-05-05,4.294645833333333
2012-05-06,4.535015625
2012-05-07,4.383703125
2012-05-08,4.480078125
2012-05-09,4.876911458333334
2012-05-10,5.034515625
2012-05-11,5.099729166666667
2012-05-12,4.658114583333333
2012-05-13,4.513963541666667
2012-05-14,5.115442708333333
2012-05-15,4.88753125
2012-05-16,4.909645833333333
2012-05-17,5.008578125
2012-05-18,5.151182291666666
2012-05-19,5.411817708333333
2012-05-20,5.496130208333334
2012-05-21,5.06203125
2012-05-22,4.855723958333333
2012-05-23,4.796635416666667
2012-05-24,4.9361145833333335
2012-05-25,4.9111875
2012-05-26,4.9154583333333335
2012-05-27,4.999791666666667
2012-05-28,4.867041666666666
2012-05-29,4.910859375
2012-05-30,5.1358958333333335
2012-05-31,6.235270833333334
2012-06-01,6.036182291666667
2012-06-02,6.189119791666666
2012-06-03,6.328734375
2012-06-04,6.054677083333333
2012-06-05,6.167953125
2012-06-06,6.177359375
2012-06-07,5.84053125
2012-06-08,5.670776041666667
2012-06-09,5.817317708333333
2012-06-10,5.993932291666667
2012-06-11,6.17628125
2012-06-12,6.127760416666667
2012-06-13,5.988729166666666
2012-06-14,5.9060572916666665
2012-06-15,6.077234375
2012-06-16,6.178625
2012-06-17,6.194598958333334
2012-06-18,6.479
2012-06-19,6.836557291666667
2012-06-20,6.70646875
2012-06-21,6.253020833333333
2012-06-22,6.188114583333333
2012-06-23,6.11625
2012-06-24,6.078973958333333
2012-06-25,6.052041666666667
2012-06-26,6.258177083333333
2012-06-27,6.445864583333333
2012-06-28,6.387484375
2012-06-29,6.615765625
2012-06-30,6.325911458333334
2012-07-01,6.41596875
2012-07-02,6.358880208333333
2012-07-03,6.395494791666667
2012-07-04,6.501348958333334
2012-07-05,6.558578125
2012-07-06,6.689
2012-07-07,6.444375
2012-07-08,6.566192708333333
2012-07-09,6.756760416666666
2012-07-10,6.655557291666667
2012-07-11,6.390098958333334
2012-07-12,6.647947916666666
2012-07-13,7.302036458333333
2012-07-14,7.191614583333333
2012-07-15,7.032671875
2012-07-16,7.4076875
2012-07-17,7.485703125
2012-07-18,7.361817708333334
2012-07-19,6.979130208333333
2012-07-20,6.898942708333333
2012-07-21,7.005744791666666
2012-07-22,7.154427083333333
2012-07-23,7.171197916666666
2012-07-24,7.10809375
2012-07-25,6.810145833333333
2012-07-26,6.7764010416666665
2012-07-27,6.680348958333333
2012-07-28,6.571260416666667
2012-07-29,6.649713541666666
2012-07-30,6.73840625
2012-07-31,7.123270833333334
2012-08-01,6.808604166666667
2012-08-02,6.9191875
2012-08-03,6.95409375
2012-08-04,6.788442708333333
2012-08-05,6.561515625
2012-08-06,6.4503385416666665
2012-08-07,6.501510416666667
2012-08-08,7.0816510416666665
2012-08-09,7.1345
2012-08-10,7.701484375
2012-08-11,8.061369791666667
2012-08-12,7.609416666666666
2012-08-13,7.1915885416666665
2012-08-14,6.972677083333333
2012-08-15,6.891015625
2012-08-16,6.892609375
2012-08-17,6.854953125
2012-08-18,6.857203125
2012-08-19,6.757895833333333
2012-08-20,6.605177083333333
2012-08-21,6.621671875
2012-08-22,6.5139427083333334
2012-08-23,6.53884375
2012-08-24,6.720807291666667
2012-08-25,7.270182291666667
2012-08-26,7.448083333333333
2012-08-27,7.216619791666667
2012-08-28,6.891677083333334
2012-08-29,6.812546875
2012-08-30,7.057640625
2012-08-31,7.1556822916666665
2012-09-01,7.390145833333333
2012-09-02,7.1552395833333335
2012-09-03,7.292583333333333
2012-09-04,7.596895833333333
2012-09-05,7.568255208333333
2012-09-06,7.443390625
2012-09-07,7.209098958333334
2012-09-08,7.174828125
2012-09-09,7.551890625
2012-09-10,7.779109375
2012-09-11,8.25521875
2012-09-12,8.21421875
2012-09-13,8.213786458333333
2012-09-14,7.82496875
2012-09-15,7.659119791666667
2012-09-16,7.729390625
2012-09-17,8.170807291666666
2012-09-18,7.8099010416666665
2012-09-19,7.92196875
2012-09-20,8.829255208333333
2012-09-21,8.113921875
2012-09-22,8.548375
2012-09-23,9.054901041666668
2012-09-24,8.858114583333334
2012-09-25,8.931744791666667
2012-09-26,9.813057291666667
2012-09-27,9.851859375
2012-09-28,10.092307291666666
2012-09-29,9.861078125
2012-09-30,9.550770833333333
2012-10-01,9.583151041666667
2012-10-02,8.6106875
2012-10-03,8.485890625
2012-10-04,8.869166666666667
2012-10-05,8.605796875
2012-10-06,8.363145833333334
2012-10-07,8.26459375
2012-10-08,8.504208333333333
2012-10-09,8.518557291666667
2012-10-10,8.452744791666667
2012-10-11,8.310984375
2012-10-12,8.08778125
2012-10-13,7.872973958333334
2012-10-14,7.801067708333333
2012-10-15,8.284713541666667
2012-10-16,8.501161458333334
2012-10-17,8.917692708333334
2012-10-18,8.82721875
2012-10-19,8.701979166666666
2012-10-20,8.788916666666667
2012-10-21,8.619265625
2012-10-22,8.607661458333334
2012-10-23,8.635515625
2012-10-24,8.537171875
2012-10-25,8.472468749999999
2012-10-26,8.212588541666667
2012-10-27,8.0140625
2012-10-28,8.011588541666667
2012-10-29,8.00628125
2012-10-30,7.9887395833333334
2012-10-31,7.750208333333333
2012-11-01,7.90346875
2012-11-02,8.387578125
2012-11-03,8.43984375
2012-11-04,8.332510416666667
2012-11-05,8.29303125
2012-11-06,8.358046875
2012-11-07,8.305088541666667
2012-11-08,8.252088541666666
2012-11-09,8.4323125
2012-11-10,8.220854166666667
2012-11-11,8.015109375
2012-11-12,7.906880208333333
2012-11-13,7.896119791666667
2012-11-14,7.957192708333333
2012-11-15,8.153364583333333
2012-11-16,7.91940625
2012-11-17,7.8815
2012-11-18,7.853234375
2012-11-19,7.889479166666667
2012-11-20,7.737510416666667
2012-11-21,7.643432291666667
2012-11-22,7.79175
2012-11-23,7.695354166666666
2012-11-24,7.603223958333333
2012-11-25,7.5752291666666665
2012-11-26,7.302197916666667
2012-11-27,7.295442708333334
2012-11-28,7.35634375
2012-11-29,7.371255208333333
2012-11-30,7.384697916666667
2012-12-01,7.427630208333333
2012-12-02,7.239046875
2012-12-03,6.986677083333333
2012-12-04,6.540640625
2012-12-05,6.490348958333334
2012-12-06,6.787916666666667
2012-12-07,6.761046875
2012-12-08,6.664802083333333
2012-12-09,6.68503125
2012-12-10,6.366390625
2012-12-11,5.91221875
2012-12-12,6.06353125
2012-12-13,6.054104166666667
2012-12-14,6.245708333333333
2012-12-15,6.100885416666666
2012-12-16,5.728354166666667
2012-12-17,5.568723958333333
2012-12-18,5.592984375
2012-12-19,5.610838541666666
2012-12-20,5.2135364583333335
2012-12-21,5.124265625
2012-12-22,5.208328125
2012-12-23,5.323203125
2012-12-24,5.259036458333333
2012-12-25,5.14915625
2012-12-26,4.956885416666666
2012-12-27,4.786921875
2012-12-28,4.8019114583333335
2012-12-29,4.878203125
2012-12-30,4.831609375
2012-12-31,4.924692708333334
2013-01-01,5.062588541666667
2013-01-02,5.308911458333333
2013-01-03,5.271317708333333
2013-01-04,5.236041666666667
2013-01-05,5.214708333333333
2013-01-06,5.227302083333333
2013-01-07,5.198036458333333
2013-01-08,5.187005208333333
2013-01-09,5.109234375
2013-01-10,5.124520833333333
2013-01-11,5.308567708333333
2013-01-12,5.475713541666667
2013-01-13,5.166979166666667
2013-01-14,5.107057291666667
2013-01-15,5.046723958333334
2013-01-16,5.016098958333333
2013-01-17,5.0249375
2013-01-18,4.944463541666667
2013-01-19,4.926765625
2013-01-20,5.032328125
2013-01-21,4.885453125
2013-01-22,4.709036458333333
2013-01-23,4.562984375
2013-01-24,4.551515625
2013-01-25,4.547416666666667
2013-01-26,4.51259375
2013-01-27,4.687302083333333
2013-01-28,4.406796875
2013-01-29,4.525677083333333
2013-01-30,4.744526041666667
2013-01-31,4.711515625
2013-02-01,4.3839322916666665
2013-02-02,4.6443125
2013-02-03,4.871427083333334
2013-02-04,4.452989583333333
2013-02-05,4.307
2013-02-06,4.341265625
2013-02-07,4.399765625
2013-02-08,4.405822916666667
2013-02-09,4.34784375
2013-02-10,4.1821979166666665
2013-02-11,4.215442708333334
2013-02-12,4.2304635416666665
2013-02-13,4.345658536585366
2013-02-14,4.353878772313538
2013-02-15,4.362099008041711
2013-02-16,4.370319243769883
2013-02-17,4.3785394794980554
2013-02-18,4.386759715226228
2013-02-19,4.394979950954401
2013-02-20,4.403200186682573
2013-02-21,4.411420422410746
2013-02-22,4.419640658138918
2013-02-23,4.4278608938670905
2013-02-24,4.436081129595263
2013-02-25,4.444301365323436
2013-02-26,4.452521601051608
2013-02-27,4.460741836779781
2013-02-28,4.468962072507953
2013-03-01,4.4771823082361255
2013-03-02,4.485402543964298
2013-03-03,4.493622779692471
2013-03-04,4.5018430154206435
2013-03-05,4.510063251148816
2013-03-06,4.518283486876988
2013-03-07,4.5265037226051605
2013-03-08,4.534723958333333
2013-03-09,4.338057291666667
2013-03-10,4.400755208333333
2013-03-11,4.245630208333333
2013-03-12,4.261447916666667
2013-03-13,4.316927083333334
2013-03-14,4.466114583333333
2013-03-15,4.5203125
2013-03-16,4.497791666666667
2013-03-17,4.307088541666666
2013-03-18,4.2132708333333335
2013-03-19,4.119635416666667
2013-03-20,4.11675
2013-03-21,4.1047135416666665
2013-03-22,4.111463541666667
2013-03-23,4.215369791666666
2013-03-24,4.395067708333333
2013-03-25,4.0572760416666664
2013-03-26,3.8350677083333333
2013-03-27,3.6009895833333334
2013-03-28,3.5615625
2013-03-29,3.7273177083333335
2013-03-30,3.728015625
2013-03-31,3.677421875
2013-04-01,3.755598958333333
2013-04-02,3.912515625
2013-04-03,4.061010416666667
2013-04-04,4.2629375
2013-04-05,4.167197916666667
2013-04-06,4.225291666666666
2013-04-07,4.221130208333333
2013-04-08,4.27609375
2013-04-09,4.0965260416666665
2013-04-10,3.99521875
2013-04-11,3.8879791666666668
2013-04-12,3.8929114583333333
2013-04-13,3.9297343750000002
2013-04-14,3.8266145833333334
2013-04-15,4.057265625
2013-04-16,4.13728125
2013-04-17,4.177302083333333
2013-04-18,4.148484375
2013-04-19,4.204385416666667
2013-04-20,4.341234375
2013-04-21,4.286223958333333
2013-04-22,4.247265625
2013-04-23,4.2902708333333335
2013-04-24,4.225651041666667
2013-04-25,4.1003541666666665
2013-04-26,4.073822916666667
2013-04-27,4.179796875
2013-04-28,4.19878125
2013-04-29,4.240609375
2013-04-30,4.247140625
2013-05-01,4.2685989583333335
2013-05-02,4.307921875
2013-05-03,4.4382552083333335
2013-05-04,4.355942708333333
2013-05-05,4.364484375
2013-05-06,4.40265625
2013-05-07,4.410192708333334
2013-05-08,4.3935885416666665
2013-05-09,4.421291666666667
2013-05-10,4.545859375
2013-05-11,4.644369791666667
2013-05-12,4.701588541666666
2013-05-13,4.601354166666667
2013-05-14,4.60265625
2013-05-15,4.474161458333334
2013-05-16,4.42846875
2013-05-17,4.5555104166666665
2013-05-18,4.447140625
2013-05-19,4.4243854166666665
2013-05-20,4.428869791666667
2013-05-21,4.498442708333333
2013-05-22,4.5094843749999995
2013-05-23,4.672911458333333
2013-05-24,4.67621875
2013-05-25,4.769088541666667
2013-05-26,4.805307291666667
2013-05-27,4.757109375
2013-05-28,4.734041666666666
2013-05-29,4.688489583333333
2013-05-30,4.750390625
2013-05-31,4.838989583333333
2013-06-01,4.824541666666667
2013-06-02,4.837791666666667
2013-06-03,4.975270833333333
2013-06-04,4.962203125
2013-06-05,4.904072916666666
2013-06-06,4.740135416666667
2013-06-07,4.728109375
2013-06-08,5.172036458333333
2013-06-09,5.576213541666666
2013-06-10,5.562411458333333
2013-06-11,5.506223958333333
2013-06-12,5.360078125
2013-06-13,5.050677083333333
2013-06-14,5.039786458333333
2013-06-15,4.998067708333333
2013-06-16,5.100734375
2013-06-17,5.148671875
2013-06-18,5.161458333333333
2013-06-19,5.0560833333333335
2013-06-20,5.119427083333333
2013-06-21,5.336338541666667
2013-06-22,5.4632708333333335
2013-06-23,5.290364583333333
2013-06-24,5.248473958333333
2013-06-25,5.272077464788732
2013-06-26,5.007822916666667
2013-06-27,5.046177083333333
2013-06-28,5.047489583333333
2013-06-29,5.1152291666666665
2013-06-30,5.952166666666667
2013-07-01,6.072614583333333
2013-07-02,5.6328125
2013-07-03,5.889333333333333
2013-07-04,5.724572916666666
2013-07-05,5.63934375
2013-07-06,5.535708333333333
2013-07-07,5.897322916666667
2013-07-08,6.187427083333334
2013-07-09,6.271052083333333
2013-07-10,5.8111041666666665
2013-07-11,5.610239583333334
2013-07-12,5.625447916666666
2013-07-13,5.775333333333333
2013-07-14,5.7804375
2013-07-15,5.69034375
2013-07-16,5.777364583333333
2013-07-17,5.620166666666667
2013-07-18,5.714270833333333
2013-07-19,5.650854166666667
2013-07-20,5.769739583333333
2013-07-21,5.652239583333333
2013-07-22,6.667666666666666
2013-07-23,6.879947916666667
2013-07-24,6.7525208333333335
2013-07-25,6.6090625
2013-07-26,5.98671875
2013-07-27,6.1518125
2013-07-28,5.997052083333333
2013-07-29,5.9948958333333335
2013-07-30,6.037979166666666
2013-07-31,5.97209375
2013-08-01,5.995854166666667
2013-08-02,5.938114583333333
2013-08-03,6.03953125
2013-08-04,6.38390625
2013-08-05,5.95434375
2013-08-06,5.964708333333333
2013-08-07,6.059364583333333
2013-08-08,6.238354166666666
2013-08-09,6.355604166666667
2013-08-10,6.14534375
2013-08-11,5.873541666666666
2013-08-12,5.854854166666667
2013-08-13,6.294291666666667
2013-08-14,6.568135416666666
2013-08-15,6.46234375
2013-08-16,6.307854166666667
2013-08-17,6.6124583333333335
2013-08-18,6.833864583333334
2013-08-19,6.621625
2013-08-20,6.5606875
2013-08-21,6.51621875
2013-08-22,6.355166666666666
2013-08-23,6.1899375
2013-08-24,6.01496875
2013-08-25,6.1500208333333335
2013-08-26,6.356020833333333
2013-08-27,6.4809375
2013-08-28,6.56509375
2013-08-29,6.631145833333333
2013-08-30,6.972479166666667
2013-08-31,7.0460312499999995
2013-09-01,6.7895625
2013-09-02,6.968239583333333
2013-09-03,7.118489583333333
2013-09-04,7.17709375
2013-09-05,6.486541666666667
2013-09-06,6.541489583333333
2013-09-07,7.52659375
2013-09-08,7.385677083333333
2013-09-09,6.97278125
2013-09-10,7.311770833333333
2013-09-11,7.3423125
2013-09-12,7.2346875
2013-09-13,7.272770833333333
2013-09-14,7.39221875
2013-09-15,7.997916666666667
2013-09-16,7.23290625
2013-09-17,6.686625
2013-09-18,6.963510416666667
2013-09-19,8.316614583333333
2013-09-20,6.926135416666667
2013-09-21,7.069572916666667
2013-09-22,9.174385416666667
2013-09-23,8.397385416666667
2013-09-24,8.036895833333332
2013-09-25,9.083666666666666
2013-09-26,8.937333333333333
2013-09-27,7.38709375
2013-09-28,9.1079375
2013-09-29,10.17446875
2013-09-30,8.986458333333333
2013-10-01,10.306000000000001
2013-10-02,9.731489583333333
2013-10-03,9.511895833333334
2013-10-04,9.777916666666666
2013-10-05,8.79890625
2013-10-06,10.06546875
2013-10-07,10.598447916666666
2013-10-08,10.590635416666666
2013-10-09,10.615333333333334
2013-10-10,9.5130625
2013-10-11,10.58046875
2013-10-12,10.404854166666667
2013-10-13,10.419614583333333
2013-10-14,9.8118125
2013-10-15,10.33459375
2013-10-16,10.56596875
2013-10-17,10.555458333333334
2013-10-18,10.5500625
2013-10-19,10.525729166666666
2013-10-20,10.33290625
2013-10-21,10.149739583333334
2013-10-22,10.108885416666666
2013-10-23,10.157447916666667
2013-10-24,10.098333333333333
2013-10-25,10.261156249999999
2013-10-26,10.247739583333333
2013-10-27,10.1245625
2013-10-28,9.838572916666667
2013-10-29,10.026395833333334
2013-10-30,10.031729166666667
2013-10-31,10.131708333333334
2013-11-01,10.057770833333333
2013-11-02,10.116510416666667
2013-11-03,10.133333333333333
2013-11-04,10.097489583333333
2013-11-05,10.148416666666666
2013-11-06,10.126802083333333
2013-11-07,9.909989583333333
2013-11-08,9.65775
2013-11-09,9.871145833333333
2013-11-10,9.725427083333333
2013-11-11,9.71184375
2013-11-12,9.69384375
2013-11-13,9.592479166666667
2013-11-14,9.692239583333333
2013-11-15,9.693385416666667
2013-11-16,9.669322916666667
2013-11-17,9.586822916666666
2013-11-18,9.441333333333333
2013-11-19,9.427729166666667
2013-11-20,9.355489583333334
2013-11-21,9.2995
2013-11-22,9.29590625
2013-11-23,8.739822916666666
2013-11-24,8.718916666666667
2013-11-25,9.0591875
2013-11-26,8.6320625
2013-11-27,8.464416666666667
2013-11-28,8.61328125
2013-11-29,8.499677083333333
2013-11-30,8.019135416666666
2013-12-01,7.6988125
2013-12-02,7.64365625
2013-12-03,7.568208333333334
2013-12-04,7.715104166666666
2013-12-05,7.802322916666666
2013-12-06,7.856458333333333
2013-12-07,8.00171875
2013-12-08,8.0065625
2013-12-09,7.913333333333333
2013-12-10,7.9658125
2013-12-11,7.893645833333333
2013-12-12,7.254791666666667
2013-12-13,7.4007604166666665
2013-12-14,6.89290625
2013-12-15,6.551041666666666
2013-12-16,5.9958125
2013-12-17,5.879947916666667
2013-12-18,6.000375
2013-12-19,5.9113541666666665
2013-12-20,6.1675625
2013-12-21,6.102291666666667
2013-12-22,6.090260416666666
2013-12-23,5.757739583333334
2013-12-24,5.767489583333333
2013-12-25,5.372395833333333
2013-12-26,5.583072916666667
2013-12-27,5.934875
2013-12-28,6.0795625
2013-12-29,5.9602916666666665
2013-12-30,5.986854166666666
2013-12-31,6.31825
2014-01-01,5.874479166666666
2014-01-02,5.955989583333333
2014-01-03,5.745364583333333
2014-01-04,5.665927083333333
2014-01-05,5.689135416666667
2014-01-06,5.607166666666667
2014-01-07,5.587666666666666
2014-01-08,5.644
2014-01-09,5.66003125
2014-01-10,5.658479166666667
2014-01-11,5.68115625
2014-01-12,5.732947916666666
2014-01-13,5.984052083333333
2014-01-14,5.94125
2014-01-15,5.771385416666667
2014-01-16,5.646416666666667
2014-01-17,5.59053125
2014-01-18,5.497395833333333
2014-01-19,5.387041666666667
2014-01-20,5.315447916666667
2014-01-21,5.420135416666667
2014-01-22,5.481729166666667
2014-01-23,5.51946875
2014-01-24,5.486458333333333
2014-01-25,5.554833333333334
2014-01-26,5.572166666666667
2014-01-27,5.6024375
2014-01-28,5.5826666666666664
2014-01-29,5.58090625
2014-01-30,5.623479166666667
2014-01-31,5.594072916666667
2014-02-01,5.671916666666666
2014-02-02,5.919104166666667
2014-02-03,5.919010416666667
2014-02-04,5.875041666666666
2014-02-05,5.906947916666667
2014-02-06,5.819239583333333
2014-02-07,5.6781875
2014-02-08,5.210364583333333
2014-02-09,5.17334375
2014-02-10,4.96346875
2014-02-11,4.86115625
2014-02-12,4.828322916666667
2014-02-13,4.5996875
2014-02-14,4.662072916666666
2014-02-15,4.615177083333333
2014-02-16,4.606791666666667
2014-02-17,4.46415625
2014-02-18,4.432104166666667
2014-02-19,4.372354166666667
2014-02-20,4.6551875
2014-02-21,4.467270833333333
2014-02-22,4.507708333333333
2014-02-23,4.13546875
2014-02-24,4.221145833333333
2014-02-25,4.109760416666667
2014-02-26,4.2766875
2014-02-27,4.400608695652174
2014-02-28,4.549020289855073
2014-03-01,4.697431884057972
2014-03-02,4.8458434782608695
2014-03-03,4.994255072463768
2014-03-04,5.142666666666667
2014-03-05,5.105130434782609
2014-03-06,5.127526041666667
2014-03-07,5.142838541666666
2014-03-08,5.021197916666667
2014-03-09,4.81828125
2014-03-10,4.511859375
2014-03-11,4.355932291666667
2014-03-12,4.359692708333333
2014-03-13,4.320005208333333
2014-03-14,4.322661458333333
2014-03-15,4.359151041666666
2014-03-16,4.489729166666667
2014-03-17,4.645359375
2014-03-18,4.616682291666667
2014-03-19,4.678427083333333
2014-03-20,4.809171875
2014-03-21,4.914734375
2014-03-22,4.875796875
2014-03-23,4.7780625
2014-03-24,4.847458333333333
2014-03-25,4.755072916666666
2014-03-26,4.784114583333333
2014-03-27,4.803140625
2014-03-28,4.8337031249999995
2014-03-29,4.836786458333333
2014-03-30,4.864932291666666
2014-03-31,4.813239583333333
2014-04-01,4.741567708333333
2014-04-02,4.710838541666667
2014-04-03,4.734442708333333
2014-04-04,4.796557291666667
2014-04-05,4.792276041666667
2014-04-06,4.748536458333334
2014-04-07,4.72196875
2014-04-08,4.724328125
2014-04-09,4.6302916666666665
2014-04-10,4.614604166666667
2014-04-11,4.601515625
2014-04-12,4.65353125
2014-04-13,4.69846875
2014-04-14,4.715807291666667
2014-04-15,4.715348958333333
2014-04-16,4.793
2014-04-17,4.807677083333333
2014-04-18,4.735994791666666
2014-04-19,4.805026041666666
2014-04-20,4.8567760416666665
2014-04-21,4.83578125
2014-04-22,4.9190989583333335
2014-04-23,4.893505208333333
2014-04-24,5.013583333333333
2014-04-25,5.003677083333334
2014-04-26,4.914234375
2014-04-27,4.896776041666667
2014-04-28,4.969135416666667
2014-04-29,4.9654114583333335
2014-04-30,5.037713541666666
2014-05-01,5.036833333333333
2014-05-02,5.014973958333333
2014-05-03,5.013713541666666
2014-05-04,5.0453020833333335
2014-05-05,5.05103125
2014-05-06,5.11203125
2014-05-07,5.132755208333333
2014-05-08,5.110109375
2014-05-09,5.125760416666667
2014-05-10,5.376994791666666
2014-05-11,5.424578125
2014-05-12,5.583973958333333
2014-05-13,5.380916666666667
2014-05-14,5.071375
2014-05-15,5.397723958333334
2014-05-16,5.243338541666667
2014-05-17,5.230067708333333
2014-05-18,5.35509375
2014-05-19,5.3737916666666665
2014-05-20,5.5320625
2014-05-21,5.440145833333333
2014-05-22,5.373770833333333
2014-05-23,5.2803177083333335
2014-05-24,5.265177083333334
2014-05-25,5.347119791666667
2014-05-26,5.351052083333333
2014-05-27,5.4768125
2014-05-28,5.438453125
2014-05-29,5.306442708333333
2014-05-30,5.316057291666667
2014-05-31,5.521895833333334
2014-06-01,5.633229166666666
2014-06-02,5.427833333333333
2014-06-03,5.476390625
2014-06-04,5.657119791666666
2014-06-05,5.779270833333333
2014-06-06,5.6175
2014-06-07,5.756838541666666
2014-06-08,5.752609375
2014-06-09,6.540588541666667
2014-06-10,6.401432291666667
2014-06-11,6.219609375
2014-06-12,6.024432291666667
2014-06-13,5.796854166666667
2014-06-14,5.682921875
2014-06-15,5.61221875
2014-06-16,5.674791666666667
2014-06-17,6.6806979166666665
2014-06-18,7.219791666666667
2014-06-19,6.8863489583333335
2014-06-20,6.609010416666667
2014-06-21,6.530036458333333
2014-06-22,6.452713541666666
2014-06-23,6.508838541666667
2014-06-24,6.6176875
2014-06-25,6.7614375
2014-06-26,6.950322916666667
2014-06-27,6.921578125
2014-06-28,6.894619791666667
2014-06-29,6.687322916666667
2014-06-30,6.604020833333333
2014-07-01,6.6390416666666665
2014-07-02,7.095619791666667
2014-07-03,7.211161458333334
2014-07-04,7.111229166666667
2014-07-05,7.090135416666667
2014-07-06,7.110260416666667
2014-07-07,7.251375
2014-07-08,7.394776041666667
2014-07-09,7.232359375
2014-07-10,7.61109375
2014-07-11,7.321348958333333
2014-07-12,7.943760416666667
2014-07-13,8.480692708333333
2014-07-14,7.641015625
2014-07-15,7.590072916666666
2014-07-16,7.722510416666666
2014-07-17,7.767203125
2014-07-18,8.160166666666667
2014-07-19,7.8719270833333335
2014-07-20,8.03575
2014-07-21,8.153197916666667
2014-07-22,7.975484375
2014-07-23,8.094145833333334
2014-07-24,8.224796875
2014-07-25,8.17096875
2014-07-26,8.235609375
2014-07-27,8.214963541666666
2014-07-28,7.919296875
2014-07-29,8.342260416666667
2014-07-30,8.026572916666666
2014-07-31,7.974369791666667
2014-08-01,7.90303125
2014-08-02,7.40178125
2014-08-03,6.9797135416666665
2014-08-04,7.334130208333334
2014-08-05,8.085265625
2014-08-06,8.249328125
2014-08-07,8.214765625
2014-08-08,8.484875
2014-08-09,8.842932291666667
2014-08-10,9.392989583333334
2014-08-11,9.037994791666666
2014-08-12,9.662807291666667
2014-08-13,10.231104166666666
2014-08-14,10.164671875
2014-08-15,9.705442708333333
2014-08-16,9.649265625
2014-08-17,10.080135416666666
2014-08-18,10.473026041666667
2014-08-19,9.973109375
2014-08-20,9.852541666666667
2014-08-21,9.014515625
2014-08-22,9.130734375
2014-08-23,9.292182291666666
2014-08-24,9.612067708333333
2014-08-25,9.712385416666667
2014-08-26,9.670296875
2014-08-27,9.677041666666666
2014-08-28,9.826958333333334
2014-08-29,10.015276041666667
2014-08-30,9.747296875
2014-08-31,9.495208333333334
2014-09-01,10.021177083333333
2014-09-02,9.368166666666667
2014-09-03,9.343791666666666
2014-09-04,9.539203125
2014-09-05,9.329046875
2014-09-06,9.215375
2014-09-07,9.227619791666667
2014-09-08,8.668328125
2014-09-09,8.69103125
2014-09-10,9.000744791666667
2014-09-11,9.398760416666667
2014-09-12,9.863505208333333
2014-09-13,10.777328125
2014-09-14,10.383890625
2014-09-15,10.070046875
2014-09-16,10.138411458333334
2014-09-17,10.242140625
2014-09-18,11.116828125
2014-09-19,11.809395833333333
2014-09-20,11.875234375
2014-09-21,10.983473958333333
2014-09-22,10.680776041666666
2014-09-23,10.748786458333333
2014-09-24,10.597463541666666
2014-09-25,9.76146875
2014-09-26,9.557838541666667
2014-09-27,9.665473958333333
2014-09-28,10.03590625
2014-09-29,10.074791666666666
2014-09-30,9.129828125
2014-10-01,8.494364583333333
2014-10-02,9.323854166666667
2014-10-03,9.653442708333333
2014-10-04,9.370072916666667
2014-10-05,9.361479166666667
2014-10-06,8.869953125
2014-10-07,8.580046875
2014-10-08,8.571692708333334
2014-10-09,8.675484375
2014-10-10,9.200057291666667
2014-10-11,9.688713541666667
2014-10-12,9.736223958333333
2014-10-13,9.925161458333333
2014-10-14,9.843130208333333
2014-10-15,9.607244791666666
2014-10-16,9.806848958333333
2014-10-17,9.851052083333334
2014-10-18,10.206947916666667
2014-10-19,9.869192708333333
2014-10-20,9.746661458333334
2014-10-21,9.943385416666667
2014-10-22,9.910552083333334
2014-10-23,9.889885416666667
2014-10-24,10.262973958333333
2014-10-25,10.099875
2014-10-26,10.13609375
2014-10-27,10.198614583333333
2014-10-28,10.372609375
2014-10-29,10.242067708333334
2014-10-30,10.177713541666666
2014-10-31,9.950979166666666
2014-11-01,10.307864583333334
2014-11-02,10.375354166666666
2014-11-03,10.450927083333333
2014-11-04,10.299114583333333
2014-11-05,10.055671875
2014-11-06,10.17446875
2014-11-07,10.158307291666667
2014-11-08,10.219609375
2014-11-09,10.226786458333333
2014-11-10,10.149333333333333
2014-11-11,10.18540625
2014-11-12,10.034411458333333
2014-11-13,9.797807291666667
2014-11-14,9.778052083333334
2014-11-15,9.81375
2014-11-16,9.760932291666666
2014-11-17,9.650536458333333
2014-11-18,9.366479166666666
2014-11-19,9.489026041666667
2014-11-20,9.555395833333334
2014-11-21,9.5710625
2014-11-22,9.580755208333333
2014-11-23,9.599744791666666
2014-11-24,9.423255208333334
2014-11-25,9.383109375
2014-11-26,9.504614583333334
2014-11-27,9.640208333333334
2014-11-28,9.6195625
2014-11-29,9.5734375
2014-11-30,9.438723958333334
2014-12-01,9.283265625
2014-12-02,9.380427083333334
2014-12-03,9.20959375
2014-12-04,8.936125
2014-12-05,8.989041666666667
2014-12-06,9.149338541666667
2014-12-07,9.054489583333334
2014-12-08,8.733348958333334
2014-12-09,8.362161458333333
2014-12-10,8.416739583333333
2014-12-11,8.445296875
2014-12-12,8.470765625
2014-12-13,8.545979166666667
2014-12-14,8.63065625
2014-12-15,8.314380208333333
2014-12-16,8.222583333333333
2014-12-17,8.256458333333333
2014-12-18,8.55828125
2014-12-19,8.713234375
2014-12-20,8.771859375
2014-12-21,8.813177083333333
2014-12-22,8.840536458333334
2014-12-23,8.932203125
2014-12-24,8.756229166666667
2014-12-25,8.587322916666666
2014-12-26,8.280802083333333
2014-12-27,8.235432291666667
2014-12-28,8.34459375
2014-12-29,8.273828125
2014-12-30,7.986802083333333
2014-12-31,7.589
2015-01-01,7.682703125
2015-01-02,7.775286458333333
2015-01-03,7.9188020833333335
2015-01-04,7.98109375
2015-01-05,7.92265625
2015-01-06,7.8664427083333335
2015-01-07,7.576635416666667
2015-01-08,7.654520833333334
2015-01-09,7.6675104166666666
2015-01-10,7.4699375
2015-01-11,7.65909375
2015-01-12,8.066052083333334
2015-01-13,7.887390625
2015-01-14,7.4728489583333335
2015-01-15,7.591328125
2015-01-16,7.302447916666667
2015-01-17,7.67540625
2015-01-18,7.75865625
2015-01-19,7.692223958333333
2015-01-20,7.856729166666667
2015-01-21,7.783223958333333
2015-01-22,7.594447916666667
2015-01-23,7.825572916666666
2015-01-24,7.650807291666666
2015-01-25,7.410208333333333
2015-01-26,7.3990729166666664
2015-01-27,7.324635416666666
2015-01-28,7.249182291666667
2015-01-29,7.245385416666666
2015-01-30,7.076119791666667
2015-01-31,6.946723958333333
2015-02-01,7.119833333333333
2015-02-02,6.8993697916666665
2015-02-03,6.836072916666667
2015-02-04,6.8832708333333334
2015-02-05,6.862942708333334
2015-02-06,6.628588541666667
2015-02-07,6.523734375
2015-02-08,6.113932291666667
2015-02-09,5.8849479166666665
2015-02-10,5.9290520833333336
2015-02-11,6.005390625
2015-02-12,6.0144270833333335
2015-02-13,5.969739583333333
2015-02-14,5.932328125
2015-02-15,5.98165625
2015-02-16,6.035145833333333
2015-02-17,6.017453125
2015-02-18,5.9855
2015-02-19,6.080552083333333
2015-02-20,6.123671875
2015-02-21,6.0341354166666665
2015-02-22,6.063473958333334
2015-02-23,6.064776041666667
2015-02-24,6.052130208333334
2015-02-25,6.137713541666667
2015-02-26,6.117640625
2015-02-27,6.249645833333333
2015-02-28,6.172859375
2015-03-01,6.278317708333334
2015-03-02,6.325567708333334
2015-03-03,6.4777604166666665
2015-03-04,6.587410714285714
2015-03-05,6.491475595238096
2015-03-06,6.395540476190476
2015-03-07,6.299605357142857
2015-03-08,6.203670238095238
2015-03-09,6.107735119047619
2015-03-10,6.0118
2015-03-11,5.9528125
2015-03-12,5.820453125
2015-03-13,5.748703125
2015-03-14,5.363453125
2015-03-15,5.344515625
2015-03-16,5.296942708333333
2015-03-17,5.2449375
2015-03-18,5.315671875
2015-03-19,5.267765625
2015-03-20,5.262291666666667
2015-03-21,5.3099375
2015-03-22,5.3496875
2015-03-23,5.3921875
2015-03-24,5.4279166666666665
2015-03-25,5.540364583333333
2015-03-26,5.476776041666667
2015-03-27,5.368942708333333
2015-03-28,5.343875
2015-03-29,5.4264166666666664
2015-03-30,5.504182291666667
2015-03-31,5.500614583333333
2015-04-01,5.53840625
2015-04-02,5.572119791666666
2015-04-03,5.57
2015-04-04,5.689885416666667
2015-04-05,5.746161458333333
2015-04-06,5.7095625
2015-04-07,5.6790625
2015-04-08,5.7064635416666665
2015-04-09,5.675953125
2015-04-10,5.66565625
2015-04-11,5.67859375
2015-04-12,5.68109375
2015-04-13,5.68334375
2015-04-14,5.674307291666667
2015-04-15,5.655552083333333
2015-04-16,5.729552083333333
2015-04-17,5.678619791666667
2015-04-18,5.6339427083333335
2015-04-19,5.68028125
2015-04-20,5.675541666666667
2015-04-21,5.659369791666666
2015-04-22,5.695833333333334
2015-04-23,5.760375
2015-04-24,5.837807291666667
2015-04-25,5.93690625
2015-04-26,5.945609375
2015-04-27,5.932348958333334
2015-04-28,5.901682291666667
2015-04-29,5.853072916666667
2015-04-30,5.832807291666667
2015-05-01,5.984713541666666
2015-05-02,6.008364583333333
2015-05-03,5.90659375
2015-05-04,5.840270833333333
2015-05-05,5.9073697916666665
2015-05-06,5.911385416666667
2015-05-07,5.945208333333333
2015-05-08,5.955416666666666
2015-05-09,6.030697916666667
2015-05-10,6.081145833333333
2015-05-11,6.160854166666667
2015-05-12,6.096567708333334
2015-05-13,6.198635416666667
2015-05-14,6.827541666666667
2015-05-15,6.797463541666667
2015-05-16,6.7921354166666665
2015-05-17,6.782333333333334
2015-05-18,6.7654375
2015-05-19,6.672890625
2015-05-20,6.586697916666667
2015-05-21,6.668703125
2015-05-22,6.6465625
2015-05-23,6.563453125
2015-05-24,6.70009375
2015-05-25,6.6133125
2015-05-26,6.705859375
2015-05-27,6.550640625
2015-05-28,6.50959375
2015-05-29,6.63325
2015-05-30,6.660703125
2015-05-31,6.535317708333333
2015-06-01,6.6663854166666665
2015-06-02,6.710661458333333
2015-06-03,6.692401041666667
2015-06-04,6.9029895833333335
2015-06-05,7.042942708333333
2015-06-06,6.989645833333333
2015-06-07,7.137328125
2015-06-08,6.927614583333333
2015-06-09,7.100270833333333
2015-06-10,7.208364583333333
2015-06-11,6.92453125
2015-06-12,6.649911458333333
2015-06-13,6.6907708333333336
2015-06-14,6.6953177083333335
2015-06-15,6.798307291666666
2015-06-16,6.8361302083333335
2015-06-17,6.817380208333334
2015-06-18,6.865713541666667
2015-06-19,6.825354166666667
2015-06-20,6.902828125
2015-06-21,6.8790885416666665
2015-06-22,6.909296875
2015-06-23,6.865098958333333
2015-06-24,6.86928125
2015-06-25,6.865822916666667
2015-06-26,6.877541666666667
2015-06-27,6.962541666666667
2015-06-28,7.144270833333334
2015-06-29,7.275489583333333
2015-06-30,7.135552083333334
2015-07-01,7.056755208333334
2015-07-02,6.993458333333333
2015-07-03,7.111776041666666
2015-07-04,7.2208958333333335
2015-07-05,7.035885416666667
2015-07-06,7.046447916666667
2015-07-07,7.1084322916666665
2015-07-08,6.982911458333334
2015-07-09,7.050822916666666
2015-07-10,6.922932291666666
2015-07-11,6.949572916666667
2015-07-12,6.998994791666667
2015-07-13,7.190625
2015-07-14,7.172703125
2015-07-15,7.230958333333334
2015-07-16,7.689182291666667
2015-07-17,7.732109375
2015-07-18,7.443619791666666
2015-07-19,7.271041666666667
2015-07-20,7.368796875
2015-07-21,7.449953125
2015-07-22,7.636875
2015-07-23,7.851515625
2015-07-24,7.874947916666667
2015-07-25,7.9332135416666665
2015-07-26,7.916489583333333
2015-07-27,7.652776041666667
2015-07-28,7.4160625
2015-07-29,7.281625
2015-07-30,7.560505208333334
2015-07-31,7.6277864583333335
2015-08-01,7.4983125
2015-08-02,7.579609375
2015-08-03,7.554375
2015-08-04,7.50796875
2015-08-05,7.3744375
2015-08-06,7.315666666666667
2015-08-07,7.352067708333333
2015-08-08,7.55565625
2015-08-09,7.723197916666667
2015-08-10,7.7215625
2015-08-11,7.740317708333333
2015-08-12,7.586411458333333
2015-08-13,7.550234375
2015-08-14,7.5950572916666665
2015-08-15,7.646614583333333
2015-08-16,7.586546875
2015-08-17,7.487192708333334
2015-08-18,7.594796875
2015-08-19,7.47121875
2015-08-20,7.358536458333333
2015-08-21,7.409729166666667
2015-08-22,7.392109375
2015-08-23,7.446369791666666
2015-08-24,7.793916666666667
2015-08-25,7.750088541666667
2015-08-26,7.55484375
2015-08-27,7.478041666666667
2015-08-28,7.364895833333334
2015-08-29,7.39490625
2015-08-30,7.6161770833333335
2015-08-31,7.482958333333333
2015-09-01,7.51028125
2015-09-02,7.590953125
2015-09-03,7.599901041666667
2015-09-04,7.589713541666667
2015-09-05,7.8918229166666665
2015-09-06,7.924833333333333
2015-09-07,7.894578125
2015-09-08,7.699729166666667
2015-09-09,7.746442708333333
2015-09-10,7.757359375
2015-09-11,7.7662604166666664
2015-09-12,7.684421875
2015-09-13,7.7256197916666665
2015-09-14,7.694963541666667
2015-09-15,7.726911458333333
2015-09-16,7.716192708333334
2015-09-17,7.880328125
2015-09-18,7.9055625
2015-09-19,7.91125
2015-09-20,7.975598958333333
2015-09-21,7.903786458333333
2015-09-22,7.998671875
2015-09-23,7.989192708333333
2015-09-24,7.961328125
2015-09-25,8.010333333333334
2015-09-26,8.06028125
2015-09-27,8.065020833333334
2015-09-28,8.088677083333334
2015-09-29,8.200244791666666
2015-09-30,8.140010416666666
2015-10-01,7.754630208333333
2015-10-02,7.854510416666667
2015-10-03,8.233734375
2015-10-04,8.218989583333334
2015-10-05,8.005291666666666
2015-10-06,7.94503125
2015-10-07,7.951734375
2015-10-08,8.084098958333334
2015-10-09,9.050005208333333
2015-10-10,9.105192708333334
2015-10-11,9.247510416666668
2015-10-12,9.099276041666666
2015-10-13,9.010598958333333
2015-10-14,9.067848958333334
2015-10-15,9.02715625
2015-10-16,9.012119791666667
2015-10-17,9.3436875
2015-10-18,9.351135416666667
2015-10-19,9.028109375
2015-10-20,9.080651041666666
2015-10-21,9.363921875
2015-10-22,9.286041666666666
2015-10-23,9.207984375
2015-10-24,9.455302083333333
2015-10-25,9.402114583333333
2015-10-26,9.202145833333333
2015-10-27,9.043880208333333
2015-10-28,9.040234375
2015-10-29,9.205609375
2015-10-30,9.056239583333333
2015-10-31,9.012364583333333
2015-11-01,9.096916666666667
2015-11-02,9.209333333333333
2015-11-03,9.208046875
2015-11-04,9.275536458333333
2015-11-05,9.397958333333333
2015-11-06,9.59809375
2015-11-07,9.341848958333333
2015-11-08,9.274729166666667
2015-11-09,9.395369791666667
2015-11-10,9.339916666666667
2015-11-11,9.393682291666666
2015-11-12,9.600635416666666
2015-11-13,9.454453125
2015-11-14,9.368390625
2015-11-15,9.257416666666666
2015-11-16,9.237416666666666
2015-11-17,9.244739583333333
2015-11-18,9.16534375
2015-11-19,9.125682291666667
2015-11-20,8.976239583333333
2015-11-21,8.672380208333333
2015-11-22,8.542505208333333
2015-11-23,8.347171875
2015-11-24,8.56478125
2015-11-25,8.321640625
2015-11-26,8.266052083333333
2015-11-27,8.145703125
2015-11-28,8.150270833333334
2015-11-29,8.228208333333333
2015-11-30,8.229072916666667
2015-12-01,8.296010416666666
2015-12-02,8.136338541666667
2015-12-03,8.195244791666667
2015-12-04,8.16290625
2015-12-05,8.323963541666666
2015-12-06,8.371760416666667
2015-12-07,8.358109375
2015-12-08,8.278567708333334
2015-12-09,7.968651041666667
2015-12-10,7.749411458333333
2015-12-11,7.971182291666667
2015-12-12,7.956614583333334
2015-12-13,7.862666666666667
2015-12-14,7.535682291666666
2015-12-15,7.450911458333334
2015-12-16,7.864880208333333
2015-12-17,7.92159375
2015-12-18,7.648604166666667
2015-12-19,7.342421875
2015-12-20,7.648510416666666
2015-12-21,7.509171875
2015-12-22,7.425994791666667
2015-12-23,7.251015625
2015-12-24,7.210515625
2015-12-25,7.270395833333334
2015-12-26,7.06371875
2015-12-27,6.937192708333334
2015-12-28,6.977213541666667
2015-12-29,6.796755208333333
2015-12-30,6.925296875
2015-12-31,6.99396875
2016-01-01,6.809552083333333
2016-01-02,6.711442708333333
2016-01-03,6.730125
2016-01-04,6.741536458333333
2016-01-05,6.796536458333334
2016-01-06,6.938854166666666
2016-01-07,7.078536458333334
2016-01-08,6.999677083333333
2016-01-09,7.092208333333334
2016-01-10,6.829463541666667
2016-01-11,6.757901041666667
2016-01-12,6.6399375
2016-01-13,6.82621875
2016-01-14,6.9461354166666665
2016-01-15,6.961963541666667
2016-01-16,6.834921875
2016-01-17,6.692322916666667
2016-01-18,6.899
2016-01-19,6.825776041666667
2016-01-20,6.82290625
2016-01-21,6.703890625
2016-01-22,6.625979166666666
2016-01-23,6.555692708333333
2016-01-24,6.491208333333334
2016-01-25,6.5470625
2016-01-26,6.555239583333333
2016-01-27,6.497182291666666
2016-01-28,6.268479166666666
2016-01-29,6.390614583333333
2016-01-30,6.644619791666667
2016-01-31,6.596265625
2016-02-01,6.598578125
2016-02-02,6.7023802083333335
2016-02-03,6.7213385416666664
2016-02-04,6.543140625
2016-02-05,6.162536458333333
2016-02-06,6.194052083333333
2016-02-07,6.4392604166666665
2016-02-08,6.459520833333333
2016-02-09,6.410328125
2016-02-10,6.312833333333334
2016-02-11,6.455041666666666
2016-02-12,6.454588541666666
2016-02-13,6.17790625
2016-02-14,6.223005208333333
2016-02-15,6.339322916666666
2016-02-16,6.2250677083333334
2016-02-17,6.185973958333333
2016-02-18,6.323479166666667
2016-02-19,6.352046875
2016-02-20,6.396895833333334
2016-02-21,6.357072916666667
2016-02-22,5.926739583333333
2016-02-23,5.972359375
2016-02-24,5.983135416666666
2016-02-25,6.0310625
2016-02-26,5.972645833333333
2016-02-27,6.101453125
2016-02-28,6.116072916666667
2016-02-29,6.256484375
2016-03-01,6.065229411764705
2016-03-02,6.140052377972465
2016-03-03,6.214875344180225
2016-03-04,6.289698310387985
2016-03-05,6.364521276595744
2016-03-06,6.382833333333333
2016-03-07,6.368875
2016-03-08,6.36478125
2016-03-09,6.396708333333334
2016-03-10,6.28753125
2016-03-11,6.295010416666667
2016-03-12,6.304822916666667
2016-03-13,6.063864583333333
2016-03-14,6.289125
2016-03-15,6.426260416666667
2016-03-16,6.3586875
2016-03-17,6.383354166666667
2016-03-18,6.446239583333333
2016-03-19,6.43296875
2016-03-20,6.40440625
2016-03-21,6.03221875
2016-03-22,6.199635416666666
2016-03-23,6.438375
2016-03-24,6.51390625
2016-03-25,6.489635416666666
2016-03-26,6.528333333333333
2016-03-27,6.379333333333333
2016-03-28,6.475458333333333
2016-03-29,6.40728125
2016-03-30,6.173979166666666
2016-03-31,6.205041666666666
2016-04-01,6.272375
2016-04-02,6.232583333333333
2016-04-03,6.40040625
2016-04-04,6.413520833333333
2016-04-05,6.418375
2016-04-06,6.403302083333333
2016-04-07,6.369114583333333
2016-04-08,6.46775
2016-04-09,6.45090625
2016-04-10,6.336197916666666
2016-04-11,6.337916666666667
2016-04-12,6.4299687500000005
2016-04-13,6.527083333333334
2016-04-14,6.536802083333333
2016-04-15,6.49440625
2016-04-16,6.496104166666667
2016-04-17,6.6141041666666665
2016-04-18,6.6846041666666665
2016-04-19,6.7058229166666665
2016-04-20,6.631885416666667
2016-04-21,6.60309375
2016-04-22,6.629708333333333
2016-04-23,6.643552083333334
2016-04-24,6.677885416666666
2016-04-25,6.6325312499999995
2016-04-26,6.609052083333333
2016-04-27,6.63215625
2016-04-28,6.6241875
2016-04-29,6.807854166666667
2016-04-30,6.8196770833333336
2016-05-01,6.847322916666666
2016-05-02,7.045020833333333
2016-05-03,6.94615625
2016-05-04,6.952947916666667
2016-05-05,6.784552083333334
2016-05-06,6.6891875
2016-05-07,6.66671875
2016-05-08,6.805854166666666
2016-05-09,6.8561145833333335
2016-05-10,6.9046770833333335
2016-05-11,6.895072916666667
2016-05-12,7.03765625
2016-05-13,7.087114583333333
2016-05-14,7.066104166666666
2016-05-15,6.962625
2016-05-16,6.97028125
2016-05-17,6.94671875
2016-05-18,7.072520833333333
2016-05-19,6.99328125
2016-05-20,6.850020833333334
2016-05-21,6.936552083333333
2016-05-22,7.036864583333333
2016-05-23,7.04071875
2016-05-24,7.14775
2016-05-25,7.22296875
2016-05-26,7.2193854166666664
2016-05-27,7.219142857142857
2016-05-28,7.118321428571429
2016-05-29,7.0175
2016-05-30,6.9263125
2016-05-31,6.893609375
2016-06-01,6.874286458333334
2016-06-02,7.130921875
2016-06-03,7.245552083333333
2016-06-04,7.173229166666666
2016-06-05,7.141386243386243
2016-06-06,7.021877005347593
2016-06-07,7.178989528795811
2016-06-08,7.355359375
2016-06-09,7.357484375
2016-06-10,7.483286458333334
2016-06-11,7.479755208333334
2016-06-12,7.478239583333333
2016-06-13,7.484723958333333
2016-06-14,7.422723958333333
2016-06-15,7.4991770833333335
2016-06-16,7.476307291666667
2016-06-17,7.461963541666667
2016-06-18,7.441333333333334
2016-06-19,7.527229166666666
2016-06-20,7.798057291666667
2016-06-21,7.614005208333333
2016-06-22,7.589135416666666
2016-06-23,7.483765625
2016-06-24,7.43425
2016-06-25,7.325828125
2016-06-26,7.370567708333334
2016-06-27,7.460296875
2016-06-28,7.435317708333334
2016-06-29,7.582979166666667
2016-06-30,7.7434947916666665
2016-07-01,7.695645833333334
2016-07-02,7.57984375
2016-07-03,7.579651041666667
2016-07-04,7.504845744680851
2016-07-05,7.594839572192513
2016-07-06,7.554581151832461
2016-07-07,7.4920937499999996
2016-07-08,7.479578125
2016-07-09,7.52615625
2016-07-10,7.335963541666667
2016-07-11,7.343223958333334
2016-07-12,7.420161458333333
2016-07-13,7.43196875
2016-07-14,7.381942708333334
2016-07-15,7.634635416666667
2016-07-16,7.6848125
2016-07-17,7.683182291666666
2016-07-18,7.458833333333334
2016-07-19,7.289989583333333
2016-07-20,7.524453125
2016-07-21,7.463989583333333
2016-07-22,7.4606875
2016-07-23,7.344447916666667
2016-07-24,7.328703125
2016-07-25,7.506635416666667
2016-07-26,7.496333333333333
2016-07-27,7.644390625
2016-07-28,7.676317708333333
2016-07-29,8.006875
2016-07-30,8.6451875
2016-07-31,8.324130208333333
2016-08-01,7.868140625
2016-08-02,7.809476439790576
2016-08-03,7.843450261780105
2016-08-04,7.688307291666667
2016-08-05,7.675671875
2016-08-06,7.7371875
2016-08-07,7.6366875
2016-08-08,7.8029166666666665
2016-08-09,7.859015625
2016-08-10,7.890260416666667
2016-08-11,7.890802083333333
2016-08-12,7.935119791666667
2016-08-13,8.2685
2016-08-14,8.701645833333334
2016-08-15,8.530557291666666
2016-08-16,8.875307291666667
2016-08-17,9.352755208333333
2016-08-18,9.341895833333334
2016-08-19,8.498806282722514
2016-08-20,8.213369791666667
2016-08-21,7.9913645833333335
2016-08-22,8.186432291666666
2016-08-23,8.744130208333333
2016-08-24,8.772427083333334
2016-08-25,8.69953125
2016-08-26,9.020458333333334
2016-08-27,9.307515625
2016-08-28,9.41340625
2016-08-29,8.90140625
2016-08-30,8.809395833333333
2016-08-31,8.539192708333333
2016-09-01,8.427677083333334
2016-09-02,8.227921875
2016-09-03,8.181197916666667
2016-09-04,8.281526041666666
2016-09-05,8.427130208333333
2016-09-06,8.545036458333334
2016-09-07,8.596947916666666
2016-09-08,8.508255208333333
2016-09-09,8.44975
2016-09-10,8.321385416666667
2016-09-11,8.54959375
2016-09-12,8.622026041666667
2016-09-13,8.343901041666667
2016-09-14,8.111828125
2016-09-15,8.177770833333334
2016-09-16,8.2517708333333335
2016-09-17,8.322192708333333
2016-09-18,8.48215625
2016-09-19,8.411078125
2016-09-20,8.336770833333333
2016-09-21,9.109286458333333
2016-09-22,9.748208333333332
2016-09-23,9.431890625
2016-09-24,9.136432291666667
2016-09-25,9.508104166666667
2016-09-26,10.358979166666666
2016-09-27,10.235015625
2016-09-28,9.924401041666666
2016-09-29,10.002895833333334
2016-09-30,9.336005208333333
2016-10-01,8.977526041666666
2016-10-02,9.296380208333334
2016-10-03,8.881473958333334
2016-10-04,8.72575
2016-10-05,8.879958333333333
2016-10-06,8.976947916666667
2016-10-07,8.973953125
2016-10-08,8.903645833333334
2016-10-09,8.868963541666666
2016-10-10,8.993171875
2016-10-11,9.289088541666667
2016-10-12,9.756984375
2016-10-13,9.862869791666666
2016-10-14,9.458583333333333
2016-10-15,8.622994791666667
2016-10-16,8.644166666666667
2016-10-17,8.781869109947644
2016-10-18,9.20065053763441
2016-10-19,9.454031914893617
2016-10-20,9.543921875
2016-10-21,9.6830625
2016-10-22,9.617119791666667
2016-10-23,9.56971875
2016-10-24,9.475875
2016-10-25,9.46284375
2016-10-26,9.389755208333334
2016-10-27,9.389994791666666
2016-10-28,9.391083333333333
2016-10-29,9.25640625
2016-10-30,9.020822916666667
2016-10-31,9.034244791666667
2016-11-01,9.276036458333333
2016-11-02,9.406729166666667
2016-11-03,9.310333333333332
2016-11-04,9.127968749999999
2016-11-05,9.232822916666667
2016-11-06,9.498317708333333
2016-11-07,9.723588541666667
2016-11-08,9.791239583333333
2016-11-09,9.783057291666667
2016-11-10,9.837770833333334
2016-11-11,10.004072916666667
2016-11-12,9.842239583333333
2016-11-13,9.585458333333333
2016-11-14,9.483890625
2016-11-15,9.544931216931216
2016-11-16,9.427978378378379
2016-11-17,9.426059782608696
2016-11-18,9.395560846560846
2016-11-19,9.406802083333334
2016-11-20,9.550494791666667
2016-11-21,9.558770833333334
2016-11-22,9.147119791666666
2016-11-23,9.123390625
2016-11-24,8.781697916666667
2016-11-25,8.87034375
2016-11-26,8.925807291666667
2016-11-27,8.8985625
2016-11-28,8.744140625
2016-11-29,8.72590625
2016-11-30,8.802947916666666
2016-12-01,8.679484375
2016-12-02,8.436484375
2016-12-03,8.115755208333333
2016-12-04,8.122333333333334
2016-12-05,8.195119791666666
2016-12-06,8.321072916666667
2016-12-07,7.942036458333333
2016-12-08,7.764838541666666
2016-12-09,7.735552083333333
2016-12-10,7.627661458333333
2016-12-11,7.616828125
2016-12-12,8.184270833333333
2016-12-13,8.3155935828877
2016-12-14,8.272153846153847
2016-12-15,8.22678021978022
2016-12-16,8.405225274725275
2016-12-17,7.988793478260869
2016-12-18,7.889708333333333
2016-12-19,7.713333333333333
2016-12-20,7.392557291666667
2016-12-21,7.513729166666667
2016-12-22,7.346479166666667
2016-12-23,6.9945989583333334
2016-12-24,7.251984375
2016-12-25,7.3180625
2016-12-26,7.081901041666667
2016-12-27,6.983713541666667
2016-12-28,6.974625
2016-12-29,7.154916666666667
2016-12-30,7.042432291666667
2016-12-31,7.135994736842105
2017-01-01,7.501348958333334
2017-01-02,7.478385416666667
2017-01-03,7.595822916666667
2017-01-04,7.6738229166666665
2017-01-05,7.559223958333333
2017-01-06,7.364348958333333
2017-01-07,7.136859375
2017-01-08,7.009666666666667
2017-01-09,7.076255208333333
2017-01-10,7.286598958333333
2017-01-11,7.299424731182795
2017-01-12,7.258174863387978
2017-01-13,7.03954945054945
2017-01-14,6.817150537634409
2017-01-15,6.9147934782608695
2017-01-16,6.7498177083333335
2017-01-17,6.152
2017-01-18,6.146921875
2017-01-19,5.834921875
2017-01-20,6.0853697916666665
2017-01-21,6.253953125
2017-01-22,6.0360885416666665
2017-01-23,5.929901041666667
2017-01-24,5.684390625
2017-01-25,5.839182291666667
2017-01-26,5.7952916666666665
2017-01-27,5.80146875
2017-01-28,5.836354166666666
2017-01-29,5.873661458333333
2017-01-30,5.875307291666667
2017-01-31,5.918755208333334
2017-02-01,5.95353125
2017-02-02,6.002859375
2017-02-03,5.729984375
2017-02-04,5.662229166666666
2017-02-05,5.757416666666667
2017-02-06,5.766203125
2017-02-07,5.784817708333334
2017-02-08,5.894869791666666
2017-02-09,5.850385416666667
2017-02-10,5.5878342245989305
2017-02-11,5.508271739130435
2017-02-12,5.12491935483871
2017-02-13,4.977484375
2017-02-14,5.164901041666667
2017-02-15,5.182375
2017-02-16,5.2086875
2017-02-17,5.284348958333333
2017-02-18,5.229401041666667
2017-02-19,5.3918229166666665
2017-02-20,5.365364583333333
2017-02-21,5.275765625
2017-02-22,5.16275
2017-02-23,5.25140625
2017-02-24,5.328473958333333
2017-02-25,5.4238125
2017-02-26,5.539052083333333
2017-02-27,5.508243386243386
2017-02-28,5.3133333333333335
2017-03-01,5.0346875
2017-03-02,4.915385416666667
2017-03-03,4.721359375
2017-03-04,4.552973958333333
2017-03-05,4.640375
2017-03-06,4.534130208333333
2017-03-07,4.543729166666667
2017-03-08,4.672859375
2017-03-09,4.366114583333333
2017-03-10,4.377005208333333
2017-03-11,4.344239583333334
2017-03-12,4.4318888888888885
2017-03-13,4.42697619047619
2017-03-14,4.422063492063492
2017-03-15,4.417150793650793
2017-03-16,4.412238095238095
2017-03-17,4.407325396825397
2017-03-18,4.402412698412698
2017-03-19,4.3975
2017-03-20,4.392587301587302
2017-03-21,4.387674603174603
2017-03-22,4.382761904761905
2017-03-23,4.3778492063492065
2017-03-24,4.372936507936508
2017-03-25,4.36802380952381
2017-03-26,4.363111111111111
2017-03-27,4.358198412698412
2017-03-28,4.353285714285714
2017-03-29,4.348373015873015
2017-03-30,4.343460317460317
2017-03-31,4.338547619047619
2017-04-01,4.33363492063492
2017-04-02,4.328722222222222
2017-04-03,4.3238095238095235
2017-04-04,4.318896825396825
2017-04-05,4.313984126984127
2017-04-06,4.309071428571428
2017-04-07,4.30415873015873
2017-04-08,4.299246031746032
2017-04-09,4.294333333333333
2017-04-10,4.329122222222222
2017-04-11,4.363911111111111
2017-04-12,4.3987
2017-04-13,4.468536458333333
2017-04-14,4.472708333333333
2017-04-15,4.538755208333333
2017-04-16,4.640284974093264
2017-04-17,4.554108808290155
2017-04-18,4.648
2017-04-19,4.7371099476439795
2017-04-20,4.777559585492228
2017-04-21,4.781167539267016
2017-04-22,4.783057291666666
2017-04-23,4.732725388601036
2017-04-24,4.758694300518135
2017-04-25,4.825847368421052
2017-04-26,4.8312760416666665
2017-04-27,4.7937135416666665
2017-04-28,4.863336787564767
2017-04-29,4.935234375
2017-04-30,5.07179057591623
2017-05-01,5.15040932642487
2017-05-02,5.186298429319372
2017-05-03,5.142619791666666
2017-05-04,5.231357512953368
2017-05-05,5.5200732984293195
2017-05-06,5.550911458333333
2017-05-07,5.344489583333333
2017-05-08,5.427890625
2017-05-09,5.2253505154639175
2017-05-10,5.1566
2017-05-11,5.296182291666667
2017-05-12,5.2919740932642485
2017-05-13,5.522067708333333
2017-05-14,5.511602094240838
2017-05-15,5.41680310880829
2017-05-16,5.473685863874346
2017-05-17,5.318720207253886
2017-05-18,5.321390625
2017-05-19,5.509806282722513
2017-05-20,5.475989583333333
2017-05-21,5.507461139896373
2017-05-22,5.49351832460733
2017-05-23,5.533026041666667
2017-05-24,5.472479166666667
2017-05-25,6.003932291666667
2017-05-26,6.088364583333333
2017-05-27,5.836765625
2017-05-28,6.081943005181347
2017-05-29,6.093213541666667
2017-05-30,5.69209375
2017-05-31,5.976549738219895
2017-06-01,5.961911458333334
2017-06-02,5.988849740932642
2017-06-03,5.966240837696335
2017-06-04,5.90678125
2017-06-05,5.811015625
2017-06-06,5.8634739583333335
2017-06-07,6.081296875
2017-06-08,6.7099375
2017-06-09,6.737880208333333
2017-06-10,6.6193108808290155
2017-06-11,6.622115183246073
2017-06-12,6.3894947916666665
2017-06-13,6.180901554404145
2017-06-14,6.170429319371728
2017-06-15,6.200119791666666
2017-06-16,5.99479274611399
2017-06-17,5.946926701570681
2017-06-18,5.966761658031088
2017-06-19,5.979015706806282
2017-06-20,6.0785
2017-06-21,6.162036458333334
2017-06-22,6.2766979166666665
2017-06-23,6.325886010362694
2017-06-24,6.393476439790576
2017-06-25,6.201979166666667
2017-06-26,6.431625
2017-06-27,6.29875
2017-06-28,6.534833333333333
2017-06-29,6.742791666666666
2017-06-30,6.882316062176166
2017-07-01,6.851890052356021
2017-07-02,6.909760416666667
2017-07-03,6.882427083333333
2017-07-04,6.846994791666667
2017-07-05,6.7897083333333335
2017-07-06,6.9545208333333335
2017-07-07,6.873640625
2017-07-08,6.648859375
2017-07-09,6.893865284974093
2017-07-10,6.842094240837697
2017-07-11,6.7794791666666665
2017-07-12,6.678822916666666
2017-07-13,6.651161458333333
2017-07-14,6.4146197916666665
2017-07-15,6.3994870466321245
2017-07-16,6.620146596858639
2017-07-17,6.680265625
2017-07-18,6.95319689119171
2017-07-19,6.773706806282722
2017-07-20,6.8351927083333335
2017-07-21,6.904822916666666
2017-07-22,7.051010416666666
2017-07-23,7.027036458333334
2017-07-24,6.97815625
2017-07-25,6.969651041666666
2017-07-26,6.834458333333333
2017-07-27,6.965057291666667
2017-07-28,6.972401041666667
2017-07-29,7.070666666666667
2017-07-30,7.03621875
2017-07-31,7.083113402061856
2017-08-01,6.999273684210526
2017-08-02,7.203666666666667
2017-08-03,7.161725388601036
2017-08-04,7.340706806282722
2017-08-05,7.1005416666666665
2017-08-06,6.886416666666666
2017-08-07,6.743
2017-08-08,6.678421875
2017-08-09,6.779922279792746
2017-08-10,6.915612565445026
2017-08-11,7.100557291666667
2017-08-12,7.709885416666666
2017-08-13,7.5145052083333335
2017-08-14,7.349135416666667
2017-08-15,7.38559375
2017-08-16,7.297421875
2017-08-17,7.302723958333333
2017-08-18,7.307484375
2017-08-19,7.262796875
2017-08-20,7.394244791666667
2017-08-21,7.465822916666666
2017-08-22,7.652109375
2017-08-23,7.72815625
2017-08-24,7.3898697916666665
2017-08-25,7.957989583333333
2017-08-26,8.067369791666666
2017-08-27,7.795828125
2017-08-28,8.324583333333333
2017-08-29,8.941119791666667
2017-08-30,9.750786458333334
2017-08-31,9.094171875
2017-09-01,9.371822916666666
2017-09-02,9.390020833333333
2017-09-03,9.197432291666667
2017-09-04,9.456473958333333
2017-09-05,9.234322916666667
2017-09-06,9.586692708333333
2017-09-07,9.293291666666667
2017-09-08,8.978520833333333
2017-09-09,8.849151041666667
2017-09-10,9.0925625
2017-09-11,9.087124352331607
2017-09-12,8.709743455497382
2017-09-13,8.4603125
2017-09-14,8.493984375
2017-09-15,8.66240625
2017-09-16,8.635536458333334
2017-09-17,8.622494791666666
2017-09-18,9.193260416666666
2017-09-19,9.041067708333333
2017-09-20,8.690677083333334
2017-09-21,8.867817708333334
2017-09-22,9.139640625
2017-09-23,9.06125
2017-09-24,9.102484375
2017-09-25,8.863661458333333
2017-09-26,8.74284375
2017-09-27,9.018114583333332
2017-09-28,9.334796875
2017-09-29,9.379229166666667
2017-09-30,9.030182291666666
2017-10-01,9.299989583333334
2017-10-02,9.699713541666666
2017-10-03,9.837921875
2017-10-04,9.783838541666666
2017-10-05,9.909338541666667
2017-10-06,9.92853125
2017-10-07,9.948880208333334
2017-10-08,10.304604166666667
2017-10-09,10.183703125
2017-10-10,9.930046875
2017-10-11,9.947510416666667
2017-10-12,9.813677083333333
2017-10-13,9.824744791666667
2017-10-14,9.782020833333334
2017-10-15,9.516197916666666
2017-10-16,9.250088541666667
2017-10-17,9.358494791666667
2017-10-18,9.386359375
2017-10-19,9.33821875
2017-10-20,9.450682291666666
2017-10-21,9.425197916666667
2017-10-22,9.22028125
2017-10-23,8.621473958333333
2017-10-24,8.82521875
2017-10-25,9.108677083333333
2017-10-26,9.133109375
2017-10-27,9.269510416666666
2017-10-28,9.44296875
2017-10-29,9.2385625
2017-10-30,9.359057291666666
2017-10-31,9.367807291666667
2017-11-01,9.2170625
2017-11-02,9.123526041666667
2017-11-03,9.2125
2017-11-04,9.082994791666668
2017-11-05,8.947385416666666
2017-11-06,8.900203125
2017-11-07,8.727635416666667
2017-11-08,8.966229166666666
2017-11-09,8.951859375
2017-11-10,8.896619791666666
2017-11-11,8.783255208333333
2017-11-12,8.832921875
2017-11-13,8.877489583333332
2017-11-14,8.708671875
2017-11-15,8.666291666666666
2017-11-16,8.716260416666668
2017-11-17,8.719182291666666
2017-11-18,8.629322916666666
2017-11-19,8.214921875
2017-11-20,8.339703125
2017-11-21,8.23690625
2017-11-22,8.3900625
2017-11-23,8.222713541666666
2017-11-24,7.7899947916666665
2017-11-25,7.750078125
2017-11-26,7.745182291666667
2017-11-27,7.6958697916666665
2017-11-28,7.7326927083333334
2017-11-29,7.600822916666667
2017-11-30,7.548510416666667
2017-12-01,7.61640625
2017-12-02,7.636067708333333
2017-12-03,7.418260416666667
2017-12-04,7.165760416666667
2017-12-05,7.287161458333333
2017-12-06,7.2298333333333336
2017-12-07,7.119838541666667
2017-12-08,7.084411458333333
2017-12-09,7.062947916666666
2017-12-10,7.156338541666667
2017-12-11,7.071369791666666
2017-12-12,6.900166666666666
2017-12-13,6.9967395833333335
2017-12-14,6.93421875
2017-12-15,6.9706875
2017-12-16,6.920619791666667
2017-12-17,7.016703125
2017-12-18,7.035442708333333
2017-12-19,7.13721875
2017-12-20,7.243916666666666
2017-12-21,7.269875
2017-12-22,7.285213541666667
2017-12-23,7.026161458333333
2017-12-24,6.8298958333333335
2017-12-25,6.80428125
2017-12-26,6.7
2017-12-27,6.509963541666667
2017-12-28,6.368286458333333
2017-12-29,6.589609375
2017-12-30,6.582651041666667
2017-12-31,6.405421875
2018-01-01,6.2228489583333335
2018-01-02,6.041
2018-01-03,6.002848958333334
2018-01-04,6.175125
2018-01-05,6.090276041666667
2018-01-06,6.3098020833333335
2018-01-07,6.302447916666667
2018-01-08,6.259552083333333
2018-01-09,6.344239583333334
2018-01-10,6.466942708333334
2018-01-11,6.471
2018-01-12,6.139786458333333
2018-01-13,5.732515625
2018-01-14,5.666291666666667
2018-01-15,5.740963541666667
2018-01-16,5.902020833333333
2018-01-17,5.794005208333333
2018-01-18,5.899463541666667
2018-01-19,5.9591666666666665
2018-01-20,5.946328125
2018-01-21,5.769651041666667
2018-01-22,5.611015625
2018-01-23,5.668703125
2018-01-24,5.629005208333333
2018-01-25,5.500411458333334
2018-01-26,5.356234375
2018-01-27,5.552989583333333
2018-01-28,5.519645833333334
2018-01-29,5.5185989583333335
2018-01-30,5.667744791666666
2018-01-31,5.440875
2018-02-01,5.351255208333333
2018-02-02,5.061088541666667
2018-02-03,4.9384375
2018-02-04,5.16534375
2018-02-05,5.242572916666667
2018-02-06,5.517286458333333
2018-02-07,5.341333333333333
2018-02-08,5.082604166666667
2018-02-09,5.2415625
2018-02-10,5.2113958333333334
2018-02-11,5.3491875
2018-02-12,5.263515625
2018-02-13,5.366348958333333
2018-02-14,5.185255208333333
2018-02-15,5.1396822916666665
2018-02-16,4.964880208333334
2018-02-17,4.876364583333333
2018-02-18,4.888072916666666
2018-02-19,5.071734375
2018-02-20,4.976973958333334
2018-02-21,5.108453125
2018-02-22,5.234291666666667
2018-02-23,5.1052760416666665
2018-02-24,5.160671875
2018-02-25,5.11871875
2018-02-26,5.0803125
2018-02-27,5.062833333333334
2018-02-28,4.990364583333333
2018-03-01,4.895119791666667
2018-03-02,4.638411458333334
2018-03-03,5.016869791666666
2018-03-04,5.0594375
2018-03-05,4.955213541666667
2018-03-06,5.044380208333333
2018-03-07,5.0614791666666665
2018-03-08,5.026890625
2018-03-09,4.657838541666667
2018-03-10,4.376359375
2018-03-11,4.291994791666666
2018-03-12,4.345802083333333
2018-03-13,4.392239583333334
2018-03-14,4.462567708333333
2018-03-15,4.650463541666666
2018-03-16,4.890453125
2018-03-17,5.347828125
2018-03-18,5.11809375
2018-03-19,4.925229166666667
2018-03-20,5.0740364583333335
2018-03-21,4.914635416666667
2018-03-22,4.624135416666666
2018-03-23,4.543635416666667
2018-03-24,4.669880208333334
2018-03-25,4.725973958333333
2018-03-26,4.886354166666667
2018-03-27,4.732302083333333
2018-03-28,4.6360625
2018-03-29,4.763197916666667
2018-03-30,4.803739583333333
2018-03-31,4.758692708333333
2018-04-01,4.736260416666667
2018-04-02,4.704416666666667
2018-04-03,4.782604166666666
2018-04-04,4.851385416666667
2018-04-05,4.889578125
2018-04-06,4.859390625
2018-04-07,4.927442708333333
2018-04-08,4.875739583333333
2018-04-09,4.888979166666667
2018-04-10,4.972880208333334
2018-04-11,4.908885416666667
2018-04-12,4.81634375
2018-04-13,4.839630208333333
2018-04-14,4.856276041666667
2018-04-15,4.849583333333333
2018-04-16,4.868989583333334
2018-04-17,4.890739583333334
2018-04-18,4.917568965517241
2018-04-19,4.966012048192771
2018-04-20,4.943
2018-04-21,4.939432291666667
2018-04-22,4.928630208333334
2018-04-23,5.021549222797927
2018-04-24,4.979269430051813
2018-04-25,5.131666666666667
2018-04-26,5.109765625
2018-04-27,4.991796875
2018-04-28,5.18115625
2018-04-29,5.11946875
2018-04-30,5.20915625
2018-05-01,5.247078125
2018-05-02,5.260265625
2018-05-03,5.207072916666666
2018-05-04,5.215958333333333
2018-05-05,5.185651041666667
2018-05-06,5.1454375
2018-05-07,5.160697916666667
2018-05-08,5.179567708333333
2018-05-09,5.184140625
2018-05-10,5.193125
2018-05-11,5.258041666666666
2018-05-12,5.288895833333333
2018-05-13,5.316135416666667
2018-05-14,5.349114583333334
2018-05-15,5.316286458333333
2018-05-16,5.332625
2018-05-17,5.390239583333333
2018-05-18,5.52028125
2018-05-19,5.444463541666667
2018-05-20,5.409078125
2018-05-21,5.4226197916666665
2018-05-22,5.4121041666666665
2018-05-23,6.034088541666667
2018-05-24,5.953135416666667
2018-05-25,5.613151041666667
2018-05-26,5.656651041666667
2018-05-27,5.678145833333334
2018-05-28,6.103854166666666
2018-05-29,6.0776875
2018-05-30,6.165255208333333
2018-05-31,5.9945208333333335
2018-06-01,5.769104166666667
2018-06-02,5.846760416666666
2018-06-03,5.812489583333333
2018-06-04,5.752880208333333
2018-06-05,5.807692708333334
2018-06-06,5.962114583333333
2018-06-07,5.853463541666667
2018-06-08,5.757541666666667
2018-06-09,5.953171875
2018-06-10,6.08259375
2018-06-11,5.972302083333333
2018-06-12,6.243640625
2018-06-13,6.101484375
2018-06-14,6.246526041666667
2018-06-15,6.308505208333333
2018-06-16,6.070822916666667
2018-06-17,6.1193333333333335
2018-06-18,6.242078125
2018-06-19,6.347192708333333
2018-06-20,6.57878125
2018-06-21,6.315348958333334
2018-06-22,6.158161458333334
2018-06-23,6.288989583333334
2018-06-24,5.9817864583333336
2018-06-25,5.998494791666666
2018-06-26,5.951213541666666
2018-06-27,5.917619791666667
2018-06-28,6.306161458333333
2018-06-29,6.522036458333333
2018-06-30,6.420958333333333
2018-07-01,6.41546875
2018-07-02,6.338588541666667
2018-07-03,6.21521875
2018-07-04,6.088796875
2018-07-05,6.11765625
2018-07-06,6.3816145833333335
2018-07-07,6.318083333333333
2018-07-08,6.494729166666667
2018-07-09,6.358447916666667
2018-07-10,6.5109739583333335
2018-07-11,6.473416666666667
2018-07-12,6.097901041666667
2018-07-13,6.379817708333333
2018-07-14,6.555260416666667
2018-07-15,6.591796875
2018-07-16,6.442088541666667
2018-07-17,6.669244791666666
2018-07-18,6.695052083333334
2018-07-19,6.5222395833333335
2018-07-20,6.19065625
2018-07-21,5.9954583333333336
2018-07-22,5.823234375
2018-07-23,6.073932291666667
2018-07-24,6.1540625
2018-07-25,6.218708333333334
2018-07-26,6.531640625
2018-07-27,6.647515625
2018-07-28,6.537161458333333
2018-07-29,6.373838541666666
2018-07-30,6.405260416666667
2018-07-31,6.238380208333333
2018-08-01,6.029046875
2018-08-02,5.958609375
2018-08-03,6.169703125
2018-08-04,6.343354166666667
2018-08-05,6.5241927083333335
2018-08-06,6.639223958333333
2018-08-07,6.764135416666667
2018-08-08,6.812432291666667
2018-08-09,6.586723958333334
2018-08-10,6.572651041666667
2018-08-11,6.479677083333334
2018-08-12,6.741885416666666
2018-08-13,6.855625
2018-08-14,6.656401041666666
2018-08-15,6.6470625
2018-08-16,6.5570104166666665
2018-08-17,6.55315625
2018-08-18,6.679265625
2018-08-19,6.906072916666667
2018-08-20,7.662171875
2018-08-21,7.8883020833333335
2018-08-22,7.076036458333333
2018-08-23,6.876822916666667
2018-08-24,6.906604166666667
2018-08-25,6.809260416666667
2018-08-26,6.766338541666666
2018-08-27,6.787515625
2018-08-28,6.753135416666667
2018-08-29,6.686765625
2018-08-30,6.933807291666667
2018-08-31,7.0575833333333335
2018-09-01,7.043015625
2018-09-02,7.047197916666667
2018-09-03,6.92125
2018-09-04,6.8457083333333335
2018-09-05,6.7663697916666665
2018-09-06,6.734458333333333
2018-09-07,6.740286458333333
2018-09-08,6.750385416666667
2018-09-09,6.774890625
2018-09-10,6.759614583333334
2018-09-11,6.700567708333334
2018-09-12,6.848583333333333
2018-09-13,6.961651041666666
2018-09-14,6.962317708333333
2018-09-15,6.8983125
2018-09-16,6.899510416666667
2018-09-17,6.9479114583333335
2018-09-18,7.0679791666666665
2018-09-19,6.955708333333333
2018-09-20,6.959723958333333
2018-09-21,6.883098958333333
2018-09-22,6.837328125
2018-09-23,6.717875
2018-09-24,6.7325
2018-09-25,6.687416666666667
2018-09-26,6.5293020833333335
2018-09-27,6.4527447916666665
2018-09-28,6.538401041666667
2018-09-29,6.759203125
2018-09-30,6.9321979166666665
2018-10-01,6.89740625
2018-10-02,6.741052083333333
2018-10-03,7.1659375
2018-10-04,7.657609375
2018-10-05,7.6868437499999995
2018-10-06,7.0646458333333335
2018-10-07,6.873302083333333
2018-10-08,6.980734375
2018-10-09,7.0073541666666666
2018-10-10,7.53859375
2018-10-11,7.761838541666667
2018-10-12,7.109994791666667
2018-10-13,7.184453125
2018-10-14,7.369036458333333
2018-10-15,7.618
2018-10-16,8.321552083333334
2018-10-17,8.633822916666666
2018-10-18,7.8635625
2018-10-19,7.561119791666667
2018-10-20,8.376088541666666
2018-10-21,8.704427083333334
2018-10-22,8.380572916666667
2018-10-23,8.398390625
2018-10-24,9.195385416666667
2018-10-25,8.879359375
2018-10-26,8.65021875
2018-10-27,9.177239583333334
2018-10-28,8.7735625
2018-10-29,8.703213541666667
2018-10-30,8.438911458333333
2018-10-31,8.501838541666666
2018-11-01,8.341640625
2018-11-02,8.222796875
2018-11-03,8.389890625
2018-11-04,8.208005208333333
2018-11-05,7.96890625
2018-11-06,8.195098958333334
2018-11-07,8.365890625
2018-11-08,8.312895833333334
2018-11-09,8.379130208333333
2018-11-10,8.764473958333333
2018-11-11,8.55890625
2018-11-12,8.526458333333334
2018-11-13,8.764041666666667
2018-11-14,8.7340625
2018-11-15,8.894703125
2018-11-16,8.856791666666666
2018-11-17,8.859208333333333
2018-11-18,8.960109375
2018-11-19,9.027791666666667
2018-11-20,8.966125
2018-11-21,8.998302083333334
2018-11-22,8.972296875
2018-11-23,8.950192708333333
2018-11-24,8.836953125
2018-11-25,8.925197916666667
2018-11-26,8.812307291666666
2018-11-27,8.796385416666666
2018-11-28,8.749739583333334
2018-11-29,8.822786458333333
2018-11-30,8.81390625
2018-12-01,8.764744791666667
2018-12-02,8.798911458333333
2018-12-03,8.778015625
2018-12-04,8.761833333333334
2018-12-05,8.605302083333333
2018-12-06,8.702473958333334
2018-12-07,8.7156875
2018-12-08,8.4590625
2018-12-09,8.371359375
2018-12-10,8.332765625
2018-12-11,8.353114583333333
2018-12-12,8.159276041666667
2018-12-13,8.113645833333333
2018-12-14,8.340645833333333
2018-12-15,8.459494791666666
2018-12-16,8.317192708333334
2018-12-17,8.230677083333333
2018-12-18,7.8529375
2018-12-19,8.197567708333333
2018-12-20,8.212635416666666
2018-12-21,8.087291666666667
2018-12-22,8.087833333333334
2018-12-23,8.002692708333333
2018-12-24,7.936536458333333
2018-12-25,8.150255208333334
2018-12-26,7.969286458333333
2018-12-27,7.7865
2018-12-28,7.903041666666667
2018-12-29,8.080515625
2018-12-30,8.214786458333334
2018-12-31,7.938260416666667
2019-01-01,7.52925
2019-01-02,7.689520833333333
2019-01-03,8.0798958333333335
2019-01-04,7.887484375
2019-01-05,7.620640625
2019-01-06,7.659791666666667
2019-01-07,7.703609375
2019-01-08,7.701682291666667
2019-01-09,7.5628125
2019-01-10,7.311786458333334
2019-01-11,7.199692708333333
2019-01-12,6.990546875
2019-01-13,7.244958333333333
2019-01-14,7.042453125
2019-01-15,7.106088541666667
2019-01-16,7.060005208333333
2019-01-17,6.847947916666667
2019-01-18,6.959192708333333
2019-01-19,7.21746875
2019-01-20,7.1834010416666665
2019-01-21,7.195942708333333
2019-01-22,7.070796875
2019-01-23,7.147395833333333
2019-01-24,6.747734375
2019-01-25,6.3485
2019-01-26,6.354125
2019-01-27,6.554447916666667
2019-01-28,6.7864375
2019-01-29,6.999317708333334
2019-01-30,6.607713541666667
2019-01-31,6.513609375
2019-02-01,6.417015625
2019-02-02,6.47571875
2019-02-03,6.598994791666667
2019-02-04,6.646833333333333
2019-02-05,6.551130208333333
2019-02-06,6.737932291666667
2019-02-07,6.7159739583333335
2019-02-08,6.9249479166666665
2019-02-09,6.97025
2019-02-10,6.992864583333334
2019-02-11,6.983114583333333
2019-02-12,6.5502135416666665
2019-02-13,6.624677083333333
2019-02-14,6.551697916666667
2019-02-15,6.284302083333333
2019-02-16,6.167130208333333
2019-02-17,6.374484375
2019-02-18,5.9709739583333334
2019-02-19,6.319947916666667
2019-02-20,6.208541666666667
2019-02-21,6.258619791666667
2019-02-22,6.024390625
2019-02-23,5.904260416666666
2019-02-24,5.91071875
2019-02-25,6.061734375
2019-02-26,6.177234375
2019-02-27,6.216401041666667
2019-02-28,6.159692708333333
2019-03-01,6.425307291666667
2019-03-02,6.401479166666666
2019-03-03,6.44240625
2019-03-04,6.4178125
2019-03-05,6.279188888888889
2019-03-06,6.082270833333333
2019-03-07,6.0064166666666665
2019-03-08,5.899348958333333
2019-03-09,5.770901041666667
2019-03-10,5.7156666666666665
2019-03-11,5.685932642487047
2019-03-12,5.697208333333333
2019-03-13,5.71134375
2019-03-14,5.605585492227979
2019-03-15,5.712984375
2019-03-16,5.6779270833333335
2019-03-17,5.680744791666666
2019-03-18,5.703630208333333
2019-03-19,5.8564114583333335
2019-03-20,5.968317708333333
2019-03-21,6.0845520833333335
2019-03-22,5.998828125
2019-03-23,6.044546875
2019-03-24,6.012640625
2019-03-25,6.061020833333333
2019-03-26,6.124958333333334
2019-03-27,6.114385416666667
2019-03-28,6.080625
2019-03-29,6.136708333333333
2019-03-30,6.2009791666666665
2019-03-31,6.11275
2019-04-01,6.072489583333334
2019-04-02,6.105104166666667
2019-04-03,6.140484375
2019-04-04,6.100145833333333
2019-04-05,6.0866927083333335
2019-04-06,6.180291666666666
2019-04-07,6.140869791666667
2019-04-08,6.137067708333333
2019-04-09,6.106041666666667
2019-04-10,6.099520833333333
2019-04-11,6.109307291666667
2019-04-12,6.103651041666667
2019-04-13,6.108932291666667
2019-04-14,6.119791666666667
2019-04-15,6.116145833333333
2019-04-16,6.114359375
2019-04-17,6.131453125
2019-04-18,6.132703125
2019-04-19,6.1796822916666665
2019-04-20,6.200276041666666
2019-04-21,6.198375
2019-04-22,6.203255208333333
2019-04-23,6.22290625
2019-04-24,6.211260416666667
2019-04-25,6.175427083333333
2019-04-26,6.229328125
2019-04-27,6.236395833333333
2019-04-28,6.239057291666667
2019-04-29,6.225520833333333
2019-04-30,6.233088541666667
2019-05-01,6.240177083333333
2019-05-02,6.22834375
2019-05-03,6.221364583333333
2019-05-04,6.215427083333333
2019-05-05,6.2296458333333335
2019-05-06,6.237109375
2019-05-07,6.210973958333334
2019-05-08,6.274864583333334
2019-05-09,6.3536093750000004
2019-05-10,6.353203125
2019-05-11,6.379932291666667
2019-05-12,6.395947916666667
2019-05-13,6.431973958333334
2019-05-14,6.409098958333334
2019-05-15,6.390489583333333
2019-05-16,6.461739583333333
2019-05-17,6.351010416666667
2019-05-18,6.406635416666667
2019-05-19,6.427885416666666
2019-05-20,6.538145833333333
2019-05-21,6.683046875
2019-05-22,6.555677083333333
2019-05-23,6.668609375
2019-05-24,6.657869791666666
2019-05-25,6.619541666666667
2019-05-26,6.670307291666667
2019-05-27,6.657515625
2019-05-28,6.402083333333334
2019-05-29,6.878296875
2019-05-30,6.9355625
2019-05-31,6.946604166666667
2019-06-01,6.932630208333333
2019-06-02,6.906083333333333
2019-06-03,6.768890625
2019-06-04,7.136375
2019-06-05,7.088276041666667
2019-06-06,7.01903125
2019-06-07,6.949192708333333
2019-06-08,6.925890625
2019-06-09,6.839244791666666
2019-06-10,6.817703125
2019-06-11,7.37815625
2019-06-12,7.3903125
2019-06-13,6.976385416666667
2019-06-14,7.096697916666667
2019-06-15,6.999333333333333
2019-06-16,7.181036458333334
2019-06-17,7.200645833333334
2019-06-18,7.120520833333333
2019-06-19,7.166140625
2019-06-20,6.993838541666666
2019-06-21,6.831447916666667
2019-06-22,6.828864583333333
2019-06-23,6.975458333333333
2019-06-24,6.8706354166666666
2019-06-25,6.88209375
2019-06-26,6.797473958333334
2019-06-27,6.911786458333333
2019-06-28,6.852171875
2019-06-29,6.763583333333333
2019-06-30,6.845682291666667
2019-07-01,6.90978125
2019-07-02,6.916994791666666
2019-07-03,6.960770833333333
2019-07-04,6.992890625
2019-07-05,7.039979166666667
2019-07-06,7.019296875
2019-07-07,6.945489583333333
2019-07-08,6.935458333333333
2019-07-09,6.913822916666667
2019-07-10,6.924203125
2019-07-11,6.954192708333333
2019-07-12,6.941197916666667
2019-07-13,6.914854166666666
2019-07-14,6.905541666666666
2019-07-15,6.997916666666667
2019-07-16,7.164932291666666
2019-07-17,7.348432291666667
2019-07-18,7.447619791666667
2019-07-19,7.18746875
2019-07-20,7.078625
2019-07-21,7.130994791666667
2019-07-22,7.148958333333334
2019-07-23,7.168671875
2019-07-24,7.137291666666667
2019-07-25,7.218947916666667
2019-07-26,7.1729947916666665
2019-07-27,7.228635416666666
2019-07-28,7.1906875
2019-07-29,7.229572916666667
2019-07-30,7.2425572916666665
2019-07-31,7.155098958333333
2019-08-01,7.1093802083333335
2019-08-02,7.032942708333334
2019-08-03,6.978036458333333
2019-08-04,7.063223958333333
2019-08-05,7.198125
2019-08-06,7.203026041666667
2019-08-07,7.196161458333333
2019-08-08,7.089177083333333
2019-08-09,7.24996875
2019-08-10,7.55628125
2019-08-11,7.589911458333333
2019-08-12,7.181109375
2019-08-13,7.075578125
2019-08-14,7.1433125
2019-08-15,7.174526041666667
2019-08-16,7.1154375
2019-08-17,7.106895833333334
2019-08-18,7.138645833333333
2019-08-19,7.241489583333333
2019-08-20,7.37728125
2019-08-21,7.3286927083333335
2019-08-22,7.134421875
2019-08-23,7.2224635416666665
2019-08-24,7.209270833333333
2019-08-25,7.330828125
2019-08-26,7.412421875
2019-08-27,7.249932291666667
2019-08-28,7.2855
2019-08-29,7.19278125
2019-08-30,7.228010416666667
2019-08-31,7.120067708333333
2019-09-01,7.1706875
2019-09-02,7.571671875
2019-09-03,7.48503125
2019-09-04,7.2229375000000005
2019-09-05,7.243651041666666
2019-09-06,7.482739583333333
2019-09-07,7.635682291666667
2019-09-08,7.829380208333333
2019-09-09,7.775234375
2019-09-10,7.6849791666666665
2019-09-11,7.5694791666666665
2019-09-12,7.657114583333334
2019-09-13,7.661197916666667
2019-09-14,7.509786458333333
2019-09-15,7.475395833333334
2019-09-16,7.582385416666667
2019-09-17,7.667182291666666
2019-09-18,7.873713541666667
2019-09-19,7.809088541666666
2019-09-20,7.802255208333333
2019-09-21,7.813901041666667
2019-09-22,8.165890625
2019-09-23,8.174916666666666
2019-09-24,8.238604166666667
2019-09-25,8.109265625
2019-09-26,7.87409375
2019-09-27,7.781645833333333
2019-09-28,8.18003125
2019-09-29,8.20990625
2019-09-30,8.491385416666667
2019-10-01,8.343140625
2019-10-02,8.842
2019-10-03,8.69784375
2019-10-04,8.149796875
2019-10-05,8.035265625
2019-10-06,7.768239583333333
2019-10-07,7.686057291666667
2019-10-08,8.136010416666666
2019-10-09,8.496901041666666
2019-10-10,8.31121875
2019-10-11,7.936307291666667
2019-10-12,8.502510416666667
2019-10-13,8.964104166666667
2019-10-14,8.95575
2019-10-15,8.990317708333333
2019-10-16,8.802942708333333
2019-10-17,8.998109375
2019-10-18,9.003557291666667
2019-10-19,8.727864583333334
2019-10-20,8.678192708333333
2019-10-21,8.688375
2019-10-22,8.765645833333334
2019-10-23,9.1676875
2019-10-24,9.415770833333333
2019-10-25,8.757510416666667
2019-10-26,8.706744791666667
2019-10-27,8.647229166666667
2019-10-28,9.065401041666666
2019-10-29,8.904130208333333
2019-10-30,8.808364583333333
2019-10-31,8.675796875
2019-11-01,8.711473958333332
2019-11-02,8.883875
2019-11-03,8.621656250000001
2019-11-04,8.459911458333334
2019-11-05,8.487713541666666
2019-11-06,8.558213541666667
2019-11-07,8.794036458333334
2019-11-08,9.066234375
2019-11-09,9.193213541666667
2019-11-10,9.061067708333333
2019-11-11,9.0454375
2019-11-12,9.017171875
2019-11-13,9.003515625
2019-11-14,9.0445625
2019-11-15,9.159989583333333
2019-11-16,9.139677083333334
2019-11-17,9.173375
2019-11-18,9.051442708333333
2019-11-19,8.915401041666666
2019-11-20,9.085723958333332
2019-11-21,9.099557291666667
2019-11-22,9.025057291666666
2019-11-23,9.036942708333333
2019-11-24,8.818239583333334
2019-11-25,8.708734375
2019-11-26,8.77959375
2019-11-27,8.826807291666666
2019-11-28,8.62053125
2019-11-29,8.5623177083333335
2019-11-30,8.380354166666667
2019-12-01,8.229260416666667
2019-12-02,8.330875
2019-12-03,8.305895833333333
2019-12-04,8.307921875
2019-12-05,8.331255208333333
2019-12-06,8.3163125
2019-12-07,8.142833333333334
2019-12-08,7.9914375
2019-12-09,7.923661458333333
2019-12-10,7.648317708333333
2019-12-11,7.759791666666667
2019-12-12,7.769463541666667
2019-12-13,7.986526041666667
2019-12-14,7.835994791666667
2019-12-15,7.81465625
2019-12-16,7.853578125
2019-12-17,7.822395833333333
2019-12-18,7.781588541666666
2019-12-19,7.839255208333333
2019-12-20,7.879770833333334
2019-12-21,7.86821875
2019-12-22,7.911291666666667
2019-12-23,7.871119791666667
2019-12-24,7.891729166666667
2019-12-25,7.94609375
2019-12-26,7.702776041666667
2019-12-27,7.4388125
2019-12-28,7.271401041666667
2019-12-29,7.092223958333333
2019-12-30,7.099119791666666
2019-12-31,7.098177083333334
2020-01-01,7.334885416666666
2020-01-02,7.3387239583333335
2020-01-03,7.443088541666667
2020-01-04,7.166234375
2020-01-05,6.84640625
2020-01-06,6.63565625
2020-01-07,6.437671875
2020-01-08,6.4409479166666666
2020-01-09,6.318484375
2020-01-10,6.329130208333333
2020-01-11,6.197760416666667
2020-01-12,6.228359375
2020-01-13,6.517744791666667
2020-01-14,6.2411770833333335
2020-01-15,6.188989583333333
2020-01-16,6.0338125
2020-01-17,5.946536458333333
2020-01-18,6.492838541666667
2020-01-19,6.096640625
2020-01-20,6.0006875
2020-01-21,5.654911458333333
2020-01-22,5.968541666666667
2020-01-23,5.357645833333334
2020-01-24,4.923578125
2020-01-25,4.740322916666667
2020-01-26,4.482776041666667
2020-01-27,4.506671875
2020-01-28,4.690567708333333
2020-01-29,4.94375
2020-01-30,4.936130208333333
2020-01-31,4.787822916666666
2020-02-01,4.876135416666667
2020-02-02,4.669791666666667
2020-02-03,4.622197916666667
2020-02-04,4.8492395833333335
2020-02-05,4.7905625
2020-02-06,4.688119791666667
2020-02-07,4.927302083333333
2020-02-08,5.014421875
2020-02-09,5.054601063829788
2020-02-10,5.039983957219252
2020-02-11,5.261844919786096
2020-02-12,4.984302083333334
2020-02-13,4.826901041666667
2020-02-14,4.543208333333333
2020-02-15,4.843270833333333
2020-02-16,4.970354166666667
2020-02-17,4.993338541666667
2020-02-18,5.052921875
2020-02-19,5.075666666666667
2020-02-20,4.9572239583333335
2020-02-21,4.9349791666666665
2020-02-22,4.986625
2020-02-23,5.009369791666667
2020-02-24,4.815973958333333
2020-02-25,4.766828125
2020-02-26,4.746677083333333
2020-02-27,4.837489583333333
2020-02-28,4.918447916666667
2020-02-29,4.769692708333333
2020-03-01,4.69303125
2020-03-02,4.840192708333333
2020-03-03,4.702057291666667
2020-03-04,4.40234375
2020-03-05,4.324369791666666
2020-03-06,4.464005208333333
2020-03-07,4.489979166666667
2020-03-08,4.533640625
2020-03-09,4.54259375
2020-03-10,4.441984375
2020-03-11,4.157666666666667
2020-03-12,4.141114583333334
2020-03-13,4.2155885416666665
2020-03-14,4.480875
2020-03-15,4.4423385416666665
2020-03-16,4.464807291666666
2020-03-17,4.475947916666667
2020-03-18,4.504026041666667
2020-03-19,4.724505208333333
2020-03-20,4.6718125
2020-03-21,4.468453125
2020-03-22,4.4468958333333335
2020-03-23,4.3111875
2020-03-24,4.2923333333333336
2020-03-25,4.3425
2020-03-26,4.289494791666667
2020-03-27,4.300885416666667
2020-03-28,4.34209375
2020-03-29,4.42978125
2020-03-30,4.246239583333334
2020-03-31,4.298729166666667
2020-04-01,4.31971875
2020-04-02,4.334203125
2020-04-03,4.347229166666667
2020-04-04,4.3740572916666665
2020-04-05,4.412572916666667
2020-04-06,4.500947916666667
2020-04-07,4.5676875
2020-04-08,4.452692708333333
2020-04-09,4.325624338624339
2020-04-10,4.280958115183246
2020-04-11,4.362880208333333
2020-04-12,4.439317708333333
2020-04-13,4.522380208333334
2020-04-14,4.563505208333333
2020-04-15,4.670015625
2020-04-16,4.670526041666666
2020-04-17,4.714875
2020-04-18,4.684651041666666
2020-04-19,4.711473958333333
2020-04-20,4.774057291666667
2020-04-21,4.76075
2020-04-22,4.786291666666667
2020-04-23,4.746984375
2020-04-24,4.7229270833333334
2020-04-25,4.7185677083333335
2020-04-26,4.79234375
2020-04-27,4.6976458333333335
2020-04-28,4.706427083333334
2020-04-29,4.688864583333333
2020-04-30,4.914291666666666
2020-05-01,4.898890625
2020-05-02,4.699125
2020-05-03,5.0485625
2020-05-04,5.126484375
2020-05-05,5.028197916666667
2020-05-06,4.952734375
2020-05-07,4.910708333333333
2020-05-08,5.015588235294118
2020-05-09,5.0413882978723406
2020-05-10,5.092770833333334
2020-05-11,5.034668604651163
2020-05-12,4.950098958333333
2020-05-13,4.9613177083333335
2020-05-14,5.022395833333333
2020-05-15,5.394041666666666
2020-05-16,5.518369791666666
2020-05-17,5.607796875
2020-05-18,5.789192708333333
2020-05-19,5.477041666666667
2020-05-20,5.401489583333333
2020-05-21,5.5816510416666665
2020-05-22,5.621567708333333
2020-05-23,5.637223958333333
2020-05-24,5.713291666666667
2020-05-25,5.882833333333333
2020-05-26,5.860708333333333
2020-05-27,5.735458333333334
2020-05-28,5.61678125
2020-05-29,5.36821875
2020-05-30,5.585244791666667
2020-05-31,5.516765625
2020-06-01,5.5525625
2020-06-02,5.514677083333333
2020-06-03,5.604322916666667
2020-06-04,5.733328125
2020-06-05,5.782895833333333
2020-06-06,5.973901041666667
2020-06-07,5.952973958333334
2020-06-08,5.800291666666666
2020-06-09,5.679677083333333
2020-06-10,5.5933697916666665
2020-06-11,5.743875
2020-06-12,5.705666666666667
2020-06-13,5.76834375
2020-06-14,5.797473958333334
2020-06-15,5.6770989583333336
2020-06-16,5.6397916666666665
2020-06-17,5.792317708333333
2020-06-18,6.137890625
2020-06-19,6.34990625
2020-06-20,6.564796875
2020-06-21,6.679890625
2020-06-22,6.7522343750000005
2020-06-23,6.667859375
2020-06-24,6.679791666666667
2020-06-25,6.712416666666667
2020-06-26,6.693932291666667
2020-06-27,6.529557291666666
2020-06-28,6.724463541666666
2020-06-29,6.583385416666666
2020-06-30,6.574234375
2020-07-01,6.6319375
2020-07-02,6.589770833333334
2020-07-03,6.424328125
2020-07-04,6.4018125
2020-07-05,6.622739583333333
2020-07-06,6.586859375
2020-07-07,6.503921875
2020-07-08,6.4599166666666665
2020-07-09,6.32203125
2020-07-10,6.381338541666667
2020-07-11,6.3544583333333335
2020-07-12,6.224838541666666
2020-07-13,6.350651041666667
2020-07-14,6.535286458333333
2020-07-15,6.507291666666666
2020-07-16,6.658807291666666
2020-07-17,6.687619791666667
2020-07-18,6.707286458333333
2020-07-19,6.756625
2020-07-20,6.712713541666667
2020-07-21,6.73215625
2020-07-22,6.894229166666666
2020-07-23,6.810515625
2020-07-24,6.7718125
2020-07-25,6.868921875
2020-07-26,7.017140625
2020-07-27,6.9308854166666665
2020-07-28,6.948307291666667
2020-07-29,6.864354166666667
2020-07-30,6.733822916666667
2020-07-31,7.035145833333333
2020-08-01,7.302270833333333
2020-08-02,7.6606875
2020-08-03,8.044213541666666
2020-08-04,7.916625
2020-08-05,7.46765625
2020-08-06,7.41665625
2020-08-07,7.747880208333333
2020-08-08,7.881515625
2020-08-09,8.234052083333333
2020-08-10,8.144697916666667
2020-08-11,7.862473958333333
2020-08-12,8.150255208333334
2020-08-13,7.962848958333334
2020-08-14,7.66271875
2020-08-15,7.590322916666667
2020-08-16,8.010135416666667
2020-08-17,7.7812552083333335
2020-08-18,7.1498333333333335
2020-08-19,6.959338541666667
2020-08-20,7.050072916666666
2020-08-21,7.250802083333333
2020-08-22,7.703484375
2020-08-23,8.145291666666667
2020-08-24,8.146385416666666
2020-08-25,7.6567083333333334
2020-08-26,7.754203125
2020-08-27,8.147505208333333
2020-08-28,8.233151041666666
2020-08-29,8.03175
2020-08-30,8.4916875
2020-08-31,9.0173125
2020-09-01,7.911072916666667
2020-09-02,7.929140625
2020-09-03,8.281729166666667
2020-09-04,9.138734375
2020-09-05,9.406822916666666
2020-09-06,9.296229166666667
2020-09-07,9.46271875
2020-09-08,9.432666666666666
2020-09-09,8.726692708333333
2020-09-10,8.247651041666666
2020-09-11,8.575619791666666
2020-09-12,9.167822916666667
2020-09-13,9.011885416666667
2020-09-14,8.605322916666667
2020-09-15,8.29584375
2020-09-16,8.074270833333333
2020-09-17,8.396385416666666
2020-09-18,8.639041666666667
2020-09-19,7.779375
2020-09-20,7.694177083333333
2020-09-21,7.8310885416666665
2020-09-22,8.828333333333333
2020-09-23,9.872416666666666
2020-09-24,10.024119791666667
2020-09-25,10.130083333333333
2020-09-26,10.095520833333333
2020-09-27,10.253203125
2020-09-28,10.921484375
2020-09-29,10.198614583333333
2020-09-30,9.955203125
2020-10-01,10.318583333333333
2020-10-02,9.688135416666666
2020-10-03,9.914755208333334
2020-10-04,9.998088541666666
2020-10-05,10.780119791666667
2020-10-06,10.75809375
2020-10-07,10.13890625
2020-10-08,9.988630208333333
2020-10-09,10.016833333333333
2020-10-10,10.111588541666666
2020-10-11,9.652854166666666
2020-10-12,9.871895833333333
2020-10-13,10.192744791666666
2020-10-14,10.17496875
2020-10-15,9.919395833333333
2020-10-16,9.766296875
2020-10-17,9.789885416666667
2020-10-18,10.101302083333334
2020-10-19,10.043286458333334
2020-10-20,9.864072916666666
2020-10-21,9.825234375
2020-10-22,10.133890625
2020-10-23,10.366536458333334
2020-10-24,10.004286458333333
2020-10-25,10.133192708333333
2020-10-26,10.370848958333333
2020-10-27,10.133520833333334
2020-10-28,10.272526041666667
2020-10-29,10.195848958333334
2020-10-30,10.135197916666666
2020-10-31,10.02696875
2020-11-01,9.943864583333333
2020-11-02,9.93028125
2020-11-03,9.983385416666668
2020-11-04,9.991791666666666
2020-11-05,10.02415625
2020-11-06,9.682963541666666
2020-11-07,9.758125
2020-11-08,9.816453125
2020-11-09,9.543994791666666
2020-11-10,9.544151041666666
2020-11-11,9.43003125
2020-11-12,9.42325
2020-11-13,9.452838541666667
2020-11-14,9.226072916666666
2020-11-15,9.265567708333334
2020-11-16,9.400052083333334
2020-11-17,9.389505208333333
2020-11-18,9.253614583333333
2020-11-19,9.109859375
2020-11-20,9.007276041666668
2020-11-21,8.668369791666667
2020-11-22,8.557171875
2020-11-23,8.302265625
2020-11-24,8.497520833333333
2020-11-25,8.1533125
2020-11-26,8.490661458333333
2020-11-27,8.50159375
2020-11-28,8.279645833333333
2020-11-29,8.247401041666667
2020-11-30,8.397151041666667
2020-12-01,8.079765625
2020-12-02,8.304536458333333
2020-12-03,8.172822916666666
2020-12-04,7.600828125
2020-12-05,7.718765625
2020-12-06,7.932713541666667
2020-12-07,7.92671875
2020-12-08,7.515072916666667
2020-12-09,7.611979166666667
2020-12-10,7.3946875
2020-12-11,7.222697916666666
2020-12-12,7.36728125
2020-12-13,7.3620625
2020-12-14,7.1201510416666665
2020-12-15,7.422322916666666
2020-12-16,7.203609375
2020-12-17,7.6300625
2020-12-18,7.302802083333333
2020-12-19,6.858380208333333
2020-12-20,6.860557291666667
2020-12-21,6.968869791666667
2020-12-22,6.714869791666667
2020-12-23,6.42771875
2020-12-24,6.27246875
2020-12-25,6.3899895833333336
2020-12-26,6.6021875
2020-12-27,6.783953125
2020-12-28,6.839625
2020-12-29,6.859770833333333
2020-12-30,6.947697916666667
2020-12-31,7.2464375
2021-01-01,7.106640625
2021-01-02,6.674729166666666
2021-01-03,6.664317708333333
2021-01-04,6.704557291666666
2021-01-05,6.731869791666667
2021-01-06,6.608
2021-01-07,6.403723958333333
2021-01-08,6.3070625
2021-01-09,6.125479166666667
2021-01-10,6.091005208333334
2021-01-11,6.126864583333333
2021-01-12,5.981276041666667
2021-01-13,6.072817708333333
2021-01-14,6.260739583333334
2021-01-15,6.3426875
2021-01-16,6.361364583333334
2021-01-17,6.322927083333333
2021-01-18,6.068390625
2021-01-19,5.875661458333333
2021-01-20,5.900541666666666
2021-01-21,6.034703125
2021-01-22,6.15696875
2021-01-23,6.137479166666667
2021-01-24,6.222645833333333
2021-01-25,5.945291666666667
2021-01-26,6.0212916666666665
2021-01-27,5.936505208333333
2021-01-28,5.9374375
2021-01-29,5.935723958333333
2021-01-30,5.84853125
2021-01-31,5.610239583333334
2021-02-01,5.492713541666666
2021-02-02,5.445609375
2021-02-03,5.414302083333333
2021-02-04,5.3812291666666665
2021-02-05,5.592875
2021-02-06,5.492697916666667
2021-02-07,5.541635416666667
2021-02-08,5.371395833333334
2021-02-09,5.416864583333333
2021-02-10,5.333880208333333
2021-02-11,5.34078125
2021-02-12,5.1139270833333335
2021-02-13,5.031390625
2021-02-14,4.939630208333333
2021-02-15,5.134864583333333
2021-02-16,5.416380208333333
2021-02-17,5.481067708333334
2021-02-18,5.411427083333334
2021-02-19,5.0673125
2021-02-20,4.935625
2021-02-21,5.126786458333333
2021-02-22,4.920588541666667
2021-02-23,4.779432291666667
2021-02-24,5.22175
2021-02-25,4.997395833333333
2021-02-26,5.088145833333333
2021-02-27,5.1392395833333335
2021-02-28,5.0789479166666665
2021-03-01,4.807296875
2021-03-02,4.632958333333334
2021-03-03,4.611984375
2021-03-04,4.438161458333333
2021-03-05,4.6640677083333335
2021-03-06,4.831833333333333
2021-03-07,4.592083333333333
2021-03-08,4.638859375
2021-03-09,4.7365208333333335
2021-03-10,4.658786458333333
2021-03-11,4.821921875
2021-03-12,4.305119791666667
2021-03-13,4.198541666666666
2021-03-14,4.267890625
2021-03-15,4.471333333333333
2021-03-16,4.466666666666667
2021-03-17,4.3295104166666665
2021-03-18,4.417255208333334
2021-03-19,4.455510416666667
2021-03-20,4.2234114583333335
2021-03-21,4.430869791666667
2021-03-22,4.417291666666666
2021-03-23,4.351041666666666
2021-03-24,4.491213541666666
2021-03-25,4.476135416666667
2021-03-26,4.5900364583333335
2021-03-27,4.539598958333333
2021-03-28,4.522213541666667
2021-03-29,4.352188405797102
2021-03-30,4.383675724637682
2021-03-31,4.415163043478261
2021-04-01,4.446650362318841
2021-04-02,4.47813768115942
2021-04-03,4.509625
2021-04-04,4.625546875
2021-04-05,4.634041450777202
2021-04-06,4.675675392670157
2021-04-07,4.5084375
2021-04-08,4.545765625
2021-04-09,4.430559585492228
2021-04-10,4.093875
2021-04-11,4.196848167539267
2021-04-12,4.233234375
2021-04-13,4.297025906735751
2021-04-14,4.3044375
2021-04-15,4.3323455497382195
2021-04-16,4.357510416666667
2021-04-17,4.355388601036269
2021-04-18,4.3812291666666665
2021-04-19,4.417198952879581
2021-04-20,4.463171875
2021-04-21,4.495746113989637
2021-04-22,4.567335078534032
2021-04-23,4.600635416666667
2021-04-24,4.617213541666667
2021-04-25,4.616880829015544
2021-04-26,4.594267015706806
2021-04-27,4.606354166666667
2021-04-28,4.565354166666666
2021-04-29,4.547569948186529
2021-04-30,4.678612565445026
2021-05-01,4.549380208333333
2021-05-02,4.608818652849741
2021-05-03,4.879047120418848
2021-05-04,4.752307291666667
2021-05-05,4.6049010416666665
2021-05-06,4.712414507772021
2021-05-07,4.7666387434554975
2021-05-08,4.746427083333334
2021-05-09,5.048424870466321
2021-05-10,5.225319371727749
2021-05-11,5.148833333333333
2021-05-12,5.138848958333333
2021-05-13,5.022697916666667
2021-05-14,5.0224947916666665
2021-05-15,4.987213541666667
2021-05-16,5.02946875
2021-05-17,5.002492227979275
2021-05-18,4.967162303664922
2021-05-19,4.768119791666667
2021-05-20,5.101450777202072
2021-05-21,5.555837696335079
2021-05-22,5.586792746113989
2021-05-23,5.599968586387434
2021-05-24,5.62939378238342
2021-05-25,5.6337853403141365
2021-05-26,5.570817708333333
2021-05-27,5.376885416666667
2021-05-28,5.12546875
2021-05-29,5.370067708333333
2021-05-30,5.566927083333334
2021-05-31,5.4913541666666665
2021-06-01,5.8579375
2021-06-02,6.311713541666666
2021-06-03,6.453182291666667
2021-06-04,6.127864583333333
2021-06-05,6.134859375
2021-06-06,6.071552083333334
2021-06-07,5.782723958333333
2021-06-08,5.889473958333333
2021-06-09,5.9882864583333335
2021-06-10,6.317010416666666
2021-06-11,6.346375
2021-06-12,6.17528125
2021-06-13,5.891166666666667
2021-06-14,5.711677083333333
2021-06-15,6.068652849740933
2021-06-16,6.018685863874346
2021-06-17,6.038310880829015
2021-06-18,5.838565445026178
2021-06-19,5.977709844559586
2021-06-20,5.949068062827225
2021-06-21,5.948160621761658
2021-06-22,5.980465968586388
2021-06-23,6.067489583333334
2021-06-24,6.348557291666666
2021-06-25,6.6027604166666665
2021-06-26,6.608549222797928
2021-06-27,6.1772198952879585
2021-06-28,6.1950569948186525
2021-06-29,6.015759162303665
2021-06-30,6.028590673575129
2021-07-01,6.130225130890052
2021-07-02,6.10379792746114
2021-07-03,6.091581151832461
2021-07-04,6.051709844559586
2021-07-05,6.106764397905759
2021-07-06,6.028072916666667
2021-07-07,6.114552083333333
2021-07-08,6.32846875
2021-07-09,6.450807291666667
2021-07-10,6.287364583333333
2021-07-11,6.5679791666666665
2021-07-12,7.075546875
2021-07-13,7.46265625
2021-07-14,7.443549222797928
2021-07-15,7.320858638743456
2021-07-16,6.905671875
2021-07-17,6.657578125
2021-07-18,6.513791666666666
2021-07-19,6.401761658031088
2021-07-20,6.624
2021-07-21,6.532197916666667
2021-07-22,6.8500625
2021-07-23,7.21096875
2021-07-24,6.8871770833333334
2021-07-25,6.891838541666667
2021-07-26,6.712994791666667
2021-07-27,6.479445595854922
2021-07-28,6.593994764397905
2021-07-29,6.61125
2021-07-30,6.6185
2021-07-31,6.536447916666667
2021-08-01,6.488442708333333
2021-08-02,6.630817708333334
2021-08-03,6.6318802083333335
2021-08-04,6.528869791666667
2021-08-05,6.22853125
2021-08-06,6.251927083333333
2021-08-07,6.2335416666666665
2021-08-08,6.468541666666667
2021-08-09,6.606885416666667
2021-08-10,6.544046875
2021-08-11,6.468677083333334
2021-08-12,6.562284974093264
2021-08-13,6.666497382198953
2021-08-14,6.902822916666667
2021-08-15,6.957838541666667
2021-08-16,6.816979166666667
2021-08-17,6.76915625
2021-08-18,6.941359375
2021-08-19,7.136817708333333
2021-08-20,6.880770833333333
2021-08-21,6.65521875
2021-08-22,6.602341968911917
2021-08-23,6.784408376963351
2021-08-24,7.31903125
2021-08-25,7.602510416666667
2021-08-26,7.173760416666667
2021-08-27,6.9385
2021-08-28,7.193062176165803
2021-08-29,7.559858638743456
2021-08-30,7.650833333333333
2021-08-31,7.746604166666667
2021-09-01,7.582849740932643
2021-09-02,7.98886387434555
2021-09-03,8.179229166666667
2021-09-04,7.594380208333333
2021-09-05,7.27378125
2021-09-06,7.605270833333333
2021-09-07,7.627869791666667
2021-09-08,7.349520833333333
2021-09-09,7.113078125
2021-09-10,7.264385416666666
2021-09-11,7.795682291666667
2021-09-12,7.3269375
2021-09-13,7.318026041666666
2021-09-14,8.013244791666667
2021-09-15,7.876302083333333
2021-09-16,7.436166666666667
2021-09-17,8.065125
2021-09-18,8.477848958333333
2021-09-19,7.6145625
2021-09-20,7.479552083333333
2021-09-21,7.771494791666667
2021-09-22,7.349442708333333
2021-09-23,8.558880208333333
2021-09-24,8.339552083333333
2021-09-25,8.529260416666666
2021-09-26,8.804604166666667
2021-09-27,8.717776041666667
2021-09-28,8.706333333333333
2021-09-29,8.361817708333334
2021-09-30,8.061333333333334
2021-10-01,8.082421875
2021-10-02,8.520119791666666
2021-10-03,8.982869791666667
2021-10-04,9.055333333333333
2021-10-05,8.570020833333333
2021-10-06,8.138234375
2021-10-07,8.635927083333334
2021-10-08,8.829609375
2021-10-09,8.815510416666667
2021-10-10,8.762255208333332
2021-10-11,8.81003125
2021-10-12,8.929713541666667
2021-10-13,9.030505208333333
2021-10-14,9.0059375
2021-10-15,9.046125
2021-10-16,9.334791666666666
2021-10-17,9.393265625
2021-10-18,9.640140625
2021-10-19,9.546744791666667
2021-10-20,9.779536458333334
2021-10-21,9.650651041666666
2021-10-22,9.725260416666666
2021-10-23,9.422078125
2021-10-24,9.670770833333334
2021-10-25,9.668229166666666
2021-10-26,9.432270833333334
2021-10-27,9.402885416666667
2021-10-28,9.219723958333333
2021-10-29,9.159005208333333
2021-10-30,9.321895833333333
2021-10-31,9.20275
2021-11-01,9.155765625
2021-11-02,9.036666666666667
2021-11-03,9.08003125
2021-11-04,9.315260416666666
2021-11-05,9.248140625
2021-11-06,9.131078125
2021-11-07,9.156317708333333
2021-11-08,9.18828125
2021-11-09,9.160026041666667
2021-11-10,9.184109375
2021-11-11,9.08809375
2021-11-12,9.014479166666666
2021-11-13,9.035015625
2021-11-14,9.070166666666667
2021-11-15,9.013572916666666
2021-11-16,9.0175625
2021-11-17,8.939708333333334
2021-11-18,8.655635416666666
2021-11-19,8.5336875
2021-11-20,8.352604166666667
2021-11-21,8.140463541666668
2021-11-22,7.604796875
2021-11-23,7.352427083333334
2021-11-24,8.048432291666666
2021-11-25,7.7658177083333335
2021-11-26,7.879869791666667
2021-11-27,7.494229166666667
2021-11-28,7.02434375
2021-11-29,7.1355625
2021-11-30,7.050614583333333
2021-12-01,7.119479166666666
2021-12-02,7.409635416666666
2021-12-03,6.712359375
2021-12-04,6.891364583333333
2021-12-05,6.788244791666667
2021-12-06,7.232911458333334
2021-12-07,6.975359375
2021-12-08,6.86403125
2021-12-09,6.766875
2021-12-10,6.6933541666666665
2021-12-11,6.45853125
2021-12-12,6.155770833333333
2021-12-13,6.047296875
2021-12-14,6.120578125
2021-12-15,5.9855729166666665
2021-12-16,5.949770833333333
2021-12-17,6.231708333333334
2021-12-18,6.207322916666667
2021-12-19,5.79503125
2021-12-20,5.973130208333333
2021-12-21,6.152671875
2021-12-22,6.034619791666667
2021-12-23,5.886130208333333
2021-12-24,6.342984375
2021-12-25,5.788989583333334
2021-12-26,6.077151041666666
2021-12-27,6.20328125
2021-12-28,5.941583333333333
2021-12-29,5.865588541666667
2021-12-30,5.740739583333333
2021-12-31,5.738416666666667
2022-01-01,5.8004375
2022-01-02,5.30221875
2022-01-03,5.172916666666667
2022-01-04,5.113947916666667
2022-01-05,5.1755885416666665
2022-01-06,5.1688125
2022-01-07,4.905203125
2022-01-08,4.629817708333333
2022-01-09,4.645645833333333
2022-01-10,4.570354166666666
2022-01-11,4.594989583333334
2022-01-12,4.654380208333333
2022-01-13,4.7131718750000005
2022-01-14,4.725291666666666
2022-01-15,4.923598958333334
2022-01-16,4.999291666666666
2022-01-17,4.968151041666666
2022-01-18,4.92096875
2022-01-19,4.801598958333333
2022-01-20,4.7605625
2022-01-21,4.7227500000000004
2022-01-22,4.704359375
2022-01-23,4.595140625
2022-01-24,4.535697916666667
2022-01-25,4.523104166666666
2022-01-26,4.539458333333333
2022-01-27,4.4970260416666665
2022-01-28,4.485390625
2022-01-29,4.379302083333333
2022-01-30,4.410239583333333
2022-01-31,4.371973958333333
2022-02-01,4.4300677083333335
2022-02-02,4.545828125
2022-02-03,4.723796875
2022-02-04,4.62503125
2022-02-05,4.564739583333333
2022-02-06,4.582828125
2022-02-07,4.573984375
2022-02-08,4.559760416666666
2022-02-09,4.6441510416666665
2022-02-10,4.495411458333334
2022-02-11,4.526765625
2022-02-12,4.621609375
2022-02-13,4.363864583333333
2022-02-14,4.37165625
2022-02-15,4.413786458333333
2022-02-16,4.5863177083333335
2022-02-17,4.721041666666666
2022-02-18,4.73121875
2022-02-19,4.682260416666667
2022-02-20,4.606333333333334
2022-02-21,4.672729166666667
2022-02-22,4.463432291666667
2022-02-23,4.436364583333333
2022-02-24,4.220552083333334
2022-02-25,4.119036458333333
2022-02-26,4.101604166666666
2022-02-27,4.099890625
2022-02-28,4.108682291666667
2022-03-01,4.126177083333333
2022-03-02,4.182989583333334
2022-03-03,4.196052083333333
2022-03-04,4.258260416666666
2022-03-05,4.2370625
2022-03-06,4.255822916666666
2022-03-07,4.162151041666666
2022-03-08,4.191567708333333
2022-03-09,4.2645
2022-03-10,4.23146875
2022-03-11,4.212015625
2022-03-12,4.14046875
2022-03-13,4.210708333333334
2022-03-14,4.1687239583333335
2022-03-15,4.122296875
2022-03-16,4.13434375
2022-03-17,4.172838541666667
2022-03-18,4.128255208333333
2022-03-19,4.084958333333334
2022-03-20,4.069328125
2022-03-21,4.07146875
2022-03-22,4.031276041666667
2022-03-23,4.0102239583333334
2022-03-24,4.005229166666667
2022-03-25,4.0189375
2022-03-26,4.007046875
2022-03-27,4.055229166666667
2022-03-28,4.035046875
2022-03-29,4.098072916666666
2022-03-30,4.1224791666666665
2022-03-31,4.190765625
2022-04-01,4.155989583333334
2022-04-02,4.243161458333334
2022-04-03,4.215442708333334
2022-04-04,4.266114583333334
2022-04-05,4.2299114583333335
2022-04-06,4.338578125
2022-04-07,4.334244791666666
2022-04-08,4.345953125
2022-04-09,4.428916666666667
2022-04-10,4.3865364583333335
2022-04-11,4.485260416666667
2022-04-12,4.512578125
2022-04-13,4.577354166666667
2022-04-14,4.629203125
2022-04-15,4.599510416666667
2022-04-16,4.520239583333333
2022-04-17,4.5027083333333335
2022-04-18,4.407375
2022-04-19,4.4287447916666665
2022-04-20,4.478182291666666
2022-04-21,4.520703125
2022-04-22,4.531458333333333
2022-04-23,4.580192708333334
2022-04-24,4.435807291666666
2022-04-25,4.443015625
2022-04-26,4.497572916666667
2022-04-27,4.6326302083333335
2022-04-28,4.800380208333333
2022-04-29,4.949880208333333
2022-04-30,5.03425
2022-05-01,4.937713541666667
2022-05-02,4.943223958333333
2022-05-03,5.07163387978142
2022-05-04,5.1116758241758244
2022-05-05,5.091557291666667
2022-05-06,5.278932291666667
2022-05-07,5.3345
2022-05-08,5.395994791666666
2022-05-09,5.274682291666666
2022-05-10,5.32928125
2022-05-11,5.386489583333334
2022-05-12,5.390848958333334
2022-05-13,5.3838125
2022-05-14,5.342713541666667
2022-05-15,5.336619791666666
2022-05-16,5.281666666666666
2022-05-17,5.2607083333333335
2022-05-18,5.288322916666667
2022-05-19,5.2571666666666665
2022-05-20,5.087098958333334
2022-05-21,5.278802083333334
2022-05-22,5.49071875
2022-05-23,5.430125
2022-05-24,5.283994791666666
2022-05-25,5.265473958333334
2022-05-26,5.357833333333334
2022-05-27,5.3195
2022-05-28,5.322994791666667
2022-05-29,5.360291666666667
2022-05-30,5.390104166666666
2022-05-31,5.525
2022-06-01,5.532166666666667
2022-06-02,5.580765625
2022-06-03,5.638557291666666
2022-06-04,5.766151041666666
2022-06-05,5.738416666666667
2022-06-06,5.76003125
2022-06-07,5.7551875
2022-06-08,5.758817708333333
2022-06-09,5.953192708333333
2022-06-10,6.123114583333333
2022-06-11,5.769395833333333
2022-06-12,5.7939895833333335
2022-06-13,5.851255208333333
2022-06-14,5.971197916666667
2022-06-15,5.921375
2022-06-16,5.965197916666667
2022-06-17,5.615651041666666
2022-06-18,5.618645833333333
2022-06-19,5.674046875
2022-06-20,5.733197916666667
2022-06-21,5.759328125
2022-06-22,5.781447916666667
2022-06-23,5.765588541666666
2022-06-24,5.804651041666666
2022-06-25,5.856239583333333
2022-06-26,5.783463541666666
2022-06-27,5.856557291666666
2022-06-28,5.8466875
2022-06-29,5.802333333333333
2022-06-30,5.830489583333334
2022-07-01,5.821010416666667
2022-07-02,5.767265625
2022-07-03,5.713916666666667
2022-07-04,5.799619791666666
2022-07-05,5.688395833333333
2022-07-06,5.759510416666667
2022-07-07,5.869296875
2022-07-08,6.010666666666666
2022-07-09,6.234885416666667
2022-07-10,6.2450833333333335
2022-07-11,6.2315
2022-07-12,6.138765625
2022-07-13,5.955307291666666
2022-07-14,6.026083333333333
2022-07-15,5.900114583333333
2022-07-16,6.029416666666667
2022-07-17,6.093927083333333
2022-07-18,6.028848958333334
2022-07-19,6.01359375
2022-07-20,5.942916666666667
2022-07-21,5.96965625
2022-07-22,6.03434375
2022-07-23,6.054411458333333
2022-07-24,6.153822916666667
2022-07-25,6.483677083333333
2022-07-26,6.590927083333333
2022-07-27,6.20653125
2022-07-28,6.049005208333333
2022-07-29,6.022260416666667
2022-07-30,6.091098958333333
2022-07-31,6.1691666666666665
2022-08-01,6.1687239583333335
2022-08-02,6.104010416666666
2022-08-03,6.294317708333334
2022-08-04,6.3550104166666666
2022-08-05,6.482036458333333
2022-08-06,6.4122916666666665
2022-08-07,6.296859375
2022-08-08,6.059848958333333
2022-08-09,6.262989583333334
2022-08-10,6.309026041666667
2022-08-11,6.229848958333333
2022-08-12,6.474947916666666
2022-08-13,6.573614583333334
2022-08-14,6.555796875
2022-08-15,6.771385416666667
2022-08-16,6.7568697916666665
2022-08-17,7.3079583333333336
2022-08-18,7.233921875
2022-08-19,6.75175
2022-08-20,6.895005208333333
2022-08-21,7.751354166666666
2022-08-22,7.292859375
2022-08-23,6.872989583333333
2022-08-24,6.7055468750000005
2022-08-25,6.596796875
2022-08-26,6.4184375
2022-08-27,6.576145833333333
2022-08-28,6.354760416666666
2022-08-29,6.392807291666666
2022-08-30,6.389354166666667
2022-08-31,6.699958333333333
2022-09-01,7.116114583333333
2022-09-02,7.230239583333334
2022-09-03,7.006307291666666
2022-09-04,7.084958333333334
2022-09-05,6.914447916666667
2022-09-06,6.798125
2022-09-07,6.910432291666667
2022-09-08,6.9807395833333334
2022-09-09,6.960078125
2022-09-10,6.916135416666667
2022-09-11,7.0836145833333335
2022-09-12,7.472984375
2022-09-13,7.486755208333333
2022-09-14,7.180052083333333
2022-09-15,7.007109375
2022-09-16,7.2476666666666665
2022-09-17,7.147
2022-09-18,7.216296875
2022-09-19,7.284151041666667
2022-09-20,7.485625
2022-09-21,7.0642604166666665
2022-09-22,6.878067708333333
2022-09-23,7.050583333333333
2022-09-24,7.137479166666667
2022-09-25,7.078979166666667
2022-09-26,7.089546875
2022-09-27,7.01546875
2022-09-28,7.210994791666667
2022-09-29,7.911880208333334
2022-09-30,7.612791666666666
2022-10-01,7.777026041666667
2022-10-02,7.830244791666667
2022-10-03,8.150541666666667
2022-10-04,8.25496875
2022-10-05,8.023234375
2022-10-06,8.1285625
2022-10-07,7.866510416666666
2022-10-08,7.589270833333333
2022-10-09,8.025145833333333
2022-10-10,7.708755208333334
2022-10-11,7.619838541666667
2022-10-12,7.737192708333334
2022-10-13,7.808494791666667
2022-10-14,7.796140625
2022-10-15,7.823786458333333
2022-10-16,8.0039375
2022-10-17,8.621802083333334
2022-10-18,8.618
2022-10-19,8.258703125
2022-10-20,8.797234375
2022-10-21,8.606161458333334
2022-10-22,8.414947916666666
2022-10-23,8.720223958333333
2022-10-24,8.703942708333333
2022-10-25,8.630260416666667
2022-10-26,8.742958333333334
2022-10-27,8.720489583333332
2022-10-28,8.777411458333333
2022-10-29,8.785645833333334
2022-10-30,8.804302083333333
2022-10-31,8.821453125
2022-11-01,9.011421875
2022-11-02,9.068703125
2022-11-03,8.986036458333333
2022-11-04,8.67896875
2022-11-05,8.764515625
2022-11-06,9.143963541666666
2022-11-07,8.924854166666666
2022-11-08,8.544786458333334
2022-11-09,8.535515625
2022-11-10,8.88309375
2022-11-11,8.821171875
2022-11-12,8.835911458333333
2022-11-13,8.624864583333334
2022-11-14,8.533401041666666
2022-11-15,8.504265625
2022-11-16,8.453651041666667
2022-11-17,8.4225
2022-11-18,8.376703125
2022-11-19,8.406489583333334
2022-11-20,8.357479166666666
2022-11-21,8.295671875
2022-11-22,8.390078125
2022-11-23,8.227255208333334
2022-11-24,8.204776041666667
2022-11-25,8.20528125
2022-11-26,8.225671875
2022-11-27,8.148125
2022-11-28,8.217848958333333
2022-11-29,8.206463541666666
2022-11-30,8.1414375
2022-12-01,8.16940625
2022-12-02,8.150661458333333
2022-12-03,8.1115625
2022-12-04,8.106505208333333
2022-12-05,8.050421875
2022-12-06,7.950026041666667
2022-12-07,7.951348958333333
2022-12-08,7.5928125
2022-12-09,7.483848958333334
2022-12-10,7.466375
2022-12-11,7.446994791666667
2022-12-12,7.423640625
2022-12-13,7.373010416666666
2022-12-14,7.327453125
2022-12-15,7.08190625
2022-12-16,7.249276041666667
2022-12-17,7.278270833333333
2022-12-18,7.241666666666666
2022-12-19,7.351020833333333
2022-12-20,7.088828125
2022-12-21,6.751109375
2022-12-22,6.91934375
2022-12-23,6.52265625
2022-12-24,6.318895833333333
2022-12-25,6.180541666666667
2022-12-26,6.151515625
2022-12-27,5.996822916666667
2022-12-28,6.357838541666666
2022-12-29,6.1420625
2022-12-30,6.268619791666667
2022-12-31,6.086953125
2023-01-01,6.298302083333334
2023-01-02,5.9828125
2023-01-03,6.013885416666667
2023-01-04,6.130135416666667
2023-01-05,6.264114583333333
2023-01-06,6.17096875
2023-01-07,6.162296875
2023-01-08,6.11646875
2023-01-09,6.078630208333333
2023-01-10,5.893380208333333
2023-01-11,6.010947916666667
2023-01-12,6.0530052083333334
2023-01-13,5.963609375
2023-01-14,6.1636041666666666
2023-01-15,6.0839895833333335
2023-01-16,5.830557291666667
2023-01-17,5.685692708333334
2023-01-18,5.773453125
2023-01-19,5.4007604166666665
2023-01-20,5.5703125
2023-01-21,5.56925
2023-01-22,5.376447916666667
2023-01-23,5.410208333333333
2023-01-24,5.377427083333333
2023-01-25,5.434385416666666
2023-01-26,5.357770833333333
2023-01-27,5.417822916666666
2023-01-28,5.929947916666666
2023-01-29,5.770447916666667
2023-01-30,5.729729166666667
2023-01-31,5.433359375
2023-02-01,5.49046875
2023-02-02,5.583166666666667
2023-02-03,5.599520833333333
2023-02-04,5.658791666666667
2023-02-05,5.645005208333333
2023-02-06,5.588802083333333
2023-02-07,5.45421875
2023-02-08,5.45334375
2023-02-09,5.254911458333333
2023-02-10,5.2584479166666664
2023-02-11,5.011020833333333
2023-02-12,4.8954531249999995
2023-02-13,4.829744791666666
2023-02-14,4.8585
2023-02-15,4.852151041666667
2023-02-16,4.857208333333333
2023-02-17,4.867442708333333
2023-02-18,5.003666666666667
2023-02-19,4.889635416666667
2023-02-20,4.804546875
2023-02-21,4.850229166666667
2023-02-22,5.064848958333333
2023-02-23,5.136473958333333
2023-02-24,5.220302083333333
2023-02-25,5.091036458333333
2023-02-26,5.214140625
2023-02-27,5.095739583333334
2023-02-28,4.8586197916666665
2023-03-01,4.6943125
2023-03-02,4.439317708333333
2023-03-03,4.157572916666667
2023-03-04,4.434890625
2023-03-05,4.195067708333333
2023-03-06,4.370364583333333
2023-03-07,4.55971875
2023-03-08,4.554776041666667
2023-03-09,4.750692708333333
2023-03-10,4.935651041666667
2023-03-11,4.796838541666666
2023-03-12,4.61084375
2023-03-13,4.652010416666666
2023-03-14,4.5885364583333335
2023-03-15,4.369484375
2023-03-16,4.140203125
2023-03-17,4.1651875
2023-03-18,4.188942708333333
2023-03-19,4.055598958333333
2023-03-20,4.056453125
2023-03-21,4.2928125
2023-03-22,4.291953125
2023-03-23,4.395666666666667
2023-03-24,4.380182291666666
2023-03-25,4.335927083333333
2023-03-26,4.300151041666667
2023-03-27,4.313958333333334
2023-03-28,4.604505208333333
2023-03-29,4.733010416666667
2023-03-30,4.830760416666666
2023-03-31,4.793166666666667
2023-04-01,4.58840625
2023-04-02,4.593578125
2023-04-03,4.5586875000000004
2023-04-04,4.54240625
2023-04-05,4.593463541666667
2023-04-06,4.480890625
2023-04-07,4.435682291666667
2023-04-08,4.345911458333333
2023-04-09,4.363817708333333
2023-04-10,4.257182291666667
2023-04-11,4.223041666666667
2023-04-12,4.274317708333333
2023-04-13,4.321635416666667
2023-04-14,4.415046875
2023-04-15,4.513166666666667
2023-04-16,4.496369791666667
2023-04-17,4.4726875
2023-04-18,4.370760416666666
2023-04-19,4.409854166666666
2023-04-20,4.5053020833333335
2023-04-21,4.541645833333333
2023-04-22,4.585708333333334
2023-04-23,4.60440625
2023-04-24,4.536661458333334
2023-04-25,4.5441875
2023-04-26,4.627390625
2023-04-27,4.583760416666666
2023-04-28,4.605994791666666
2023-04-29,4.716645833333334
2023-04-30,4.749848958333334
2023-05-01,4.749609375
2023-05-02,4.706984375
2023-05-03,4.763364583333333
2023-05-04,4.862928571428571
2023-05-05,4.8341494252873565
2023-05-06,4.963848958333333
2023-05-07,4.951427083333333
2023-05-08,5.053385416666667
2023-05-09,5.065260416666667
2023-05-10,5.149953125
2023-05-11,5.1517083333333336
2023-05-12,5.128375
2023-05-13,5.129578125
2023-05-14,5.171661458333333
2023-05-15,5.1709322916666665
2023-05-16,5.054515625
2023-05-17,5.1636875
2023-05-18,5.117729166666667
2023-05-19,5.225640625
2023-05-20,5.1803333333333335
2023-05-21,5.136026041666667
2023-05-22,5.044203125
2023-05-23,5.087890625
2023-05-24,5.113401041666667
2023-05-25,5.0595260416666665
2023-05-26,5.044375
2023-05-27,5.273484375
2023-05-28,5.689104166666667
2023-05-29,5.719359375
2023-05-30,5.682552083333333
2023-05-31,5.5587760416666665
2023-06-01,5.220505208333333
2023-06-02,5.301385416666666
2023-06-03,5.68228125
2023-06-04,5.600380208333333
2023-06-05,5.441109375
2023-06-06,5.453182291666667
2023-06-07,5.671630208333333
2023-06-08,5.652661458333333
2023-06-09,6.0330104166666665
2023-06-10,6.02678125
2023-06-11,6.176932291666667
2023-06-12,6.219083333333334
2023-06-13,6.3399375
2023-06-14,6.084932291666667
2023-06-15,5.808057291666667
2023-06-16,5.632729166666667
2023-06-17,5.778348958333333
2023-06-18,6.51
2023-06-19,6.306854166666667
2023-06-20,6.083796875
2023-06-21,6.474645833333334
2023-06-22,6.416322916666667
2023-06-23,5.772885416666667
2023-06-24,6.325786458333333
2023-06-25,6.36959375
2023-06-26,6.511479166666667
2023-06-27,6.5135
2023-06-28,6.3205
2023-06-29,6.36328125
2023-06-30,6.063260416666667
2023-07-01,6.098651041666667
2023-07-02,6.049625
2023-07-03,6.277088541666667
2023-07-04,6.467098958333334
2023-07-05,6.38171875
2023-07-06,7.1738333333333335
2023-07-07,7.491348958333333
2023-07-08,7.286572916666667
2023-07-09,6.742260416666666
2023-07-10,6.660453125
2023-07-11,6.43884375
2023-07-12,6.294489583333333
2023-07-13,6.418255208333333
2023-07-14,6.481572916666667
2023-07-15,6.133348958333333
2023-07-16,5.80890625
2023-07-17,6.024229166666666
2023-07-18,6.40546875
2023-07-19,6.419390625
2023-07-20,6.502114583333333
2023-07-21,6.509786458333333
2023-07-22,6.553713541666666
2023-07-23,6.63175
2023-07-24,6.584192708333333
2023-07-25,6.522
2023-07-26,6.37421875
2023-07-27,6.384052083333334
2023-07-28,6.205322916666667
2023-07-29,6.266145833333334
2023-07-30,6.250734375
2023-07-31,6.122994791666667
2023-08-01,6.13171875
2023-08-02,6.145244791666666
2023-08-03,6.114697916666667
2023-08-04,6.100192708333333
2023-08-05,6.022145833333333
2023-08-06,5.968416666666666
2023-08-07,6.025885416666667
2023-08-08,6.069505208333333
2023-08-09,6.278572916666667
2023-08-10,6.431
2023-08-11,6.3985312500000004
2023-08-12,6.410661458333333
2023-08-13,6.811390625
2023-08-14,6.761390625
2023-08-15,6.53490625
2023-08-16,6.551229166666666
2023-08-17,6.62140625
2023-08-18,6.628770833333333
2023-08-19,6.728041666666667
2023-08-20,6.78853125
2023-08-21,6.571197916666667
2023-08-22,6.46596875
2023-08-23,6.562182291666667
2023-08-24,6.572546875
2023-08-25,6.663161458333334
2023-08-26,6.687265625
2023-08-27,6.701333333333333
2023-08-28,6.389088541666666
2023-08-29,6.823203125
2023-08-30,6.78815625
2023-08-31,6.917526041666667
2023-09-01,7.055760416666667
2023-09-02,6.795963541666667
2023-09-03,6.885666666666666
2023-09-04,6.981369791666666
2023-09-05,6.844661458333333
2023-09-06,6.970958333333333
2023-09-07,6.972734375
2023-09-08,6.8033697916666664
2023-09-09,7.021583333333333
2023-09-10,7.6588489583333335
2023-09-11,7.120432291666667
2023-09-12,6.999223958333333
2023-09-13,7.163921875
2023-09-14,7.165494791666666
2023-09-15,7.118588541666667
2023-09-16,7.431421875
2023-09-17,7.559833333333334
2023-09-18,7.627015625
2023-09-19,8.830015625
2023-09-20,8.561145833333333
2023-09-21,8.140208333333334
2023-09-22,7.5168229166666665
2023-09-23,7.1879687500000005
2023-09-24,6.9439166666666665
2023-09-25,6.9464375
2023-09-26,6.873885416666667
2023-09-27,6.91709375
2023-09-28,7.039041666666667
2023-09-29,7.184708333333333
2023-09-30,6.970651041666667
2023-10-01,7.337489583333333
2023-10-02,7.64375
2023-10-03,7.673442708333333
2023-10-04,7.555010416666667
2023-10-05,8.11278125
2023-10-06,9.302286458333333
2023-10-07,8.785677083333333
2023-10-08,8.18771875
2023-10-09,8.747192708333333
2023-10-10,8.692067708333333
2023-10-11,8.922583333333334
2023-10-12,9.186078125
2023-10-13,8.73146875
2023-10-14,8.977671875
2023-10-15,9.029177083333334
2023-10-16,9.557947916666667
2023-10-17,9.499197916666667
2023-10-18,9.201880208333334
2023-10-19,9.510776041666666
2023-10-20,9.5054375
2023-10-21,9.460734375
2023-10-22,9.26153125
2023-10-23,9.232322916666666
2023-10-24,9.154723958333333
2023-10-25,8.955473958333334
2023-10-26,8.952239583333334
2023-10-27,9.000526041666667
2023-10-28,9.022052083333334
2023-10-29,9.572317708333333
2023-10-30,9.799520833333334
2023-10-31,9.331895833333334
2023-11-01,9.374614583333333
2023-11-02,9.179135416666666
2023-11-03,9.148234375
2023-11-04,8.949067708333333
2023-11-05,8.986692708333333
2023-11-06,9.010557291666666
2023-11-07,9.241973958333332
2023-11-08,9.776473958333334
2023-11-09,9.791453125
2023-11-10,9.61490625
2023-11-11,9.583828125
2023-11-12,9.657505208333333
2023-11-13,9.523630208333334
2023-11-14,9.580703125
2023-11-15,9.479838541666666
2023-11-16,9.402057291666667
2023-11-17,9.186838541666667
2023-11-18,9.154182291666666
2023-11-19,9.28309375
2023-11-20,9.065354166666667
2023-11-21,8.718354166666666
2023-11-22,8.661322916666666
2023-11-23,8.626546875
2023-11-24,8.470213541666666
2023-11-25,8.455614583333332
2023-11-26,8.6208125
2023-11-27,8.661125
2023-11-28,8.728026041666666
2023-11-29,8.784666666666666
2023-11-30,8.541598958333333
2023-12-01,8.225291666666667
2023-12-02,8.267765625000001
2023-12-03,8.335765625
2023-12-04,8.286645833333333
2023-12-05,8.215041666666666
2023-12-06,8.12759375
2023-12-07,7.899015625
2023-12-08,8.0744010416666665
2023-12-09,8.086963541666666
2023-12-10,8.096244791666667
2023-12-11,8.0266875
2023-12-12,7.639947916666666
2023-12-13,7.65665625
2023-12-14,7.743875
2023-12-15,7.85721875
2023-12-16,7.580671875
2023-12-17,7.53675
2023-12-18,7.733625
2023-12-19,8.035171875
2023-12-20,8.03490625
2023-12-21,7.837182291666666
2023-12-22,7.718822916666666
2023-12-23,7.492135416666667
2023-12-24,6.954208333333334
2023-12-25,6.777776041666667
2023-12-26,6.76709375
2023-12-27,6.983880208333333
2023-12-28,7.027291666666667
2023-12-29,6.934177083333333
2023-12-30,6.95821875
2023-12-31,6.528145833333333
2024-01-01,6.648453125
2024-01-02,6.283072916666667
2024-01-03,6.332583333333333
2024-01-04,6.364557291666666
2024-01-05,6.39834375
2024-01-06,6.511635416666667
2024-01-07,6.804411458333333
2024-01-08,6.6120625
2024-01-09,6.632614583333333
2024-01-10,6.624390625
2024-01-11,6.631015625
2024-01-12,6.627796875
2024-01-13,6.642322916666667
2024-01-14,6.677265625
2024-01-15,6.715145833333334
2024-01-16,6.466
2024-01-17,6.458057291666667
2024-01-18,6.274223958333334
2024-01-19,6.294520833333333
2024-01-20,6.259166666666666
2024-01-21,6.083598958333333
2024-01-22,5.792015625
2024-01-23,5.699255208333334
2024-01-24,5.695697916666667
2024-01-25,5.858
2024-01-26,5.766536458333333
2024-01-27,5.9396354166666665
2024-01-28,5.265291666666666
2024-01-29,5.000921875
2024-01-30,5.34259375
2024-01-31,5.404609375
2024-02-01,5.418927083333333
2024-02-02,5.510359375
2024-02-03,5.753416666666666
2024-02-04,4.971546875
2024-02-05,4.748625
2024-02-06,4.913364583333333
2024-02-07,5.006151041666667
2024-02-08,5.4903125
2024-02-09,5.119239583333333
2024-02-10,5.023828125
2024-02-11,4.968427083333333
2024-02-12,4.967145833333333
2024-02-13,4.95434375
2024-02-14,5.097484375
2024-02-15,5.341666666666667
2024-02-16,5.52809375
2024-02-17,5.561354166666667
2024-02-18,5.466348958333334
2024-02-19,5.500171875
2024-02-20,5.500489583333334
2024-02-21,5.503828125
2024-02-22,5.450677083333333
2024-02-23,5.394583333333333
2024-02-24,5.344739583333333
2024-02-25,5.405796875
2024-02-26,5.272588541666667
2024-02-27,5.289958333333333
2024-02-28,5.037083333333333
2024-02-29,4.628630208333333
2024-03-01,4.671260416666667
2024-03-02,4.703432291666667
2024-03-03,4.630541666666667
2024-03-04,4.927598958333333
2024-03-05,5.064453125
2024-03-06,5.046479166666667
2024-03-07,4.903453125
2024-03-08,4.591296875
2024-03-09,4.575557291666667
2024-03-10,4.482942708333334
2024-03-11,4.4116875
2024-03-12,4.47571875
2024-03-13,4.3196666666666665
2024-03-14,4.383817708333333
2024-03-15,4.389541666666667
2024-03-16,4.3474375
2024-03-17,4.3805
2024-03-18,4.545572916666667
2024-03-19,4.577213541666667
2024-03-20,4.591182291666667
2024-03-21,4.658130208333334
2024-03-22,4.6940625
2024-03-23,4.658734375
2024-03-24,4.665244791666667
2024-03-25,4.698307291666667
2024-03-26,4.680354166666667
2024-03-27,4.646296875
2024-03-28,4.7172552083333334
2024-03-29,4.7310625
2024-03-30,4.698895833333333
2024-03-31,4.689348958333333
2024-04-01,4.690984375
2024-04-02,4.685791666666667
2024-04-03,4.683395833333333
2024-04-04,4.65128125
2024-04-05,4.722375
2024-04-06,4.721005208333334
2024-04-07,4.7287083333333335
2024-04-08,4.770880208333334
2024-04-09,4.796822916666667
2024-04-10,4.890182291666667
2024-04-11,4.7880520833333335
2024-04-12,4.839432291666666
2024-04-13,4.834026041666666
2024-04-14,4.8116666666666665
2024-04-15,4.8044947916666665
2024-04-16,4.854994791666667
2024-04-17,4.990588541666667
2024-04-18,4.800453125
2024-04-19,4.878979166666666
2024-04-20,4.898369791666667
2024-04-21,4.958375
2024-04-22,5.060145833333333
2024-04-23,5.106953125
2024-04-24,5.318255208333333
2024-04-25,5.572552083333333
2024-04-26,5.516984375
2024-04-27,5.350734375
2024-04-28,5.320973958333333
2024-04-29,5.374041666666667
2024-04-30,5.406828125
2024-05-01,5.33646875
2024-05-02,5.262932291666667
2024-05-03,5.3266302083333334
2024-05-04,5.188208333333334
2024-05-05,5.185052631578947
