date,temp,shum.predict,temp.final
2019-10-01,7.388785,NA,7.388785
2019-10-02,7.53714166666667,NA,7.53714166666667
2019-10-03,7.75745833333333,NA,7.75745833333333
2019-10-04,8.01349166666667,NA,8.01349166666667
2019-10-05,8.20549583333333,NA,8.20549583333333
2019-10-06,8.1923375,NA,8.1923375
2019-10-07,8.11418333333333,NA,8.11418333333333
2019-10-08,8.07647083333333,NA,8.07647083333333
2019-10-09,8.10538333333333,NA,8.10538333333333
2019-10-10,7.921075,NA,7.921075
2019-10-11,7.81877083333333,NA,7.81877083333333
2019-10-12,7.82018333333333,NA,7.82018333333333
2019-10-13,7.7876625,NA,7.7876625
2019-10-14,7.86505416666667,NA,7.86505416666667
2019-10-15,8.35255,NA,8.35255
2019-10-16,8.45555416666667,NA,8.45555416666667
2019-10-17,8.8507875,NA,8.8507875
2019-10-18,8.4842375,NA,8.4842375
2019-10-19,8.23429583333333,NA,8.23429583333333
2019-10-20,8.34180833333333,NA,8.34180833333333
2019-10-21,8.4867375,NA,8.4867375
2019-10-22,8.59525,NA,8.59525
2019-10-23,8.722825,NA,8.722825
2019-10-24,9.3295125,NA,9.3295125
2019-10-25,8.57028333333333,NA,8.57028333333333
2019-10-26,8.29577083333333,NA,8.29577083333333
2019-10-27,8.3101,NA,8.3101
2019-10-28,8.00802916666667,NA,8.00802916666667
2019-10-29,7.99160833333333,NA,7.99160833333333
2019-10-30,8.1079875,NA,8.1079875
2019-10-31,8.258725,NA,8.258725
2019-11-01,8.3336625,NA,8.3336625
2019-11-02,8.44047083333333,NA,8.44047083333333
2019-11-03,8.44315,NA,8.44315
2019-11-04,8.66354166666667,NA,8.66354166666667
2019-11-05,8.78359166666667,NA,8.78359166666667
2019-11-06,8.4610625,NA,8.4610625
2019-11-07,8.72303333333333,NA,8.72303333333333
2019-11-08,8.85080833333333,NA,8.85080833333333
2019-11-09,8.69535,NA,8.69535
2019-11-10,8.77190833333333,NA,8.77190833333333
2019-11-11,8.84511666666667,NA,8.84511666666667
2019-11-12,8.8886125,NA,8.8886125
2019-11-13,8.77858333333333,NA,8.77858333333333
2019-11-14,8.93992916666667,NA,8.93992916666667
2019-11-15,8.8400375,NA,8.8400375
2019-11-16,8.84329166666667,NA,8.84329166666667
2019-11-17,8.7931,NA,8.7931
2019-11-18,8.71710833333333,NA,8.71710833333333
2019-11-19,8.72266666666667,NA,8.72266666666667
2019-11-20,8.61434583333333,NA,8.61434583333333
2019-11-21,8.57726666666667,NA,8.57726666666667
2019-11-22,8.56725833333333,NA,8.56725833333333
2019-11-23,8.56382916666667,NA,8.56382916666667
2019-11-24,8.52010416666667,NA,8.52010416666667
2019-11-25,8.46419166666667,NA,8.46419166666667
2019-11-26,8.41410416666667,NA,8.41410416666667
2019-11-27,8.37419166666667,NA,8.37419166666667
2019-11-28,8.34140416666667,NA,8.34140416666667
2019-11-29,8.219775,NA,8.219775
2019-11-30,8.07329583333333,NA,8.07329583333333
2019-12-01,8.070875,NA,8.070875
2019-12-02,8.08005,NA,8.08005
2019-12-03,8.04348333333333,NA,8.04348333333333
2019-12-04,7.98315,NA,7.98315
2019-12-05,7.920825,NA,7.920825
2019-12-06,7.8914208333333304,NA,7.8914208333333304
2019-12-07,8.03274166666667,NA,8.03274166666667
2019-12-08,8.0860625,NA,8.0860625
2019-12-09,8.02230416666667,NA,8.02230416666667
2019-12-10,8.06794166666667,NA,8.06794166666667
2019-12-11,7.94282083333333,NA,7.94282083333333
2019-12-12,7.97430416666667,NA,7.97430416666667
2019-12-13,7.88072083333333,NA,7.88072083333333
2019-12-14,7.8650375,NA,7.8650375
2019-12-15,7.67290833333333,NA,7.67290833333333
2019-12-16,7.68505833333333,NA,7.68505833333333
2019-12-17,7.45170833333333,NA,7.45170833333333
2019-12-18,7.38071666666667,NA,7.38071666666667
2019-12-19,7.388,NA,7.388
2019-12-20,7.07509583333333,NA,7.07509583333333
2019-12-21,6.90136666666667,NA,6.90136666666667
2019-12-22,6.8458,NA,6.8458
2019-12-23,6.78122083333333,NA,6.78122083333333
2019-12-24,6.698525,NA,6.698525
2019-12-25,6.57745833333333,NA,6.57745833333333
2019-12-26,6.44701666666667,NA,6.44701666666667
2019-12-27,6.26312083333333,NA,6.26312083333333
2019-12-28,6.2166875,NA,6.2166875
2019-12-29,6.15588333333333,NA,6.15588333333333
2019-12-30,6.0429875,NA,6.0429875
2019-12-31,5.97464166666667,NA,5.97464166666667
2020-01-01,5.75965,NA,5.75965
2020-01-02,5.64178333333333,NA,5.64178333333333
2020-01-03,5.5283375,NA,5.5283375
2020-01-04,5.37871666666667,NA,5.37871666666667
2020-01-05,5.41600833333333,NA,5.41600833333333
2020-01-06,5.367775,NA,5.367775
2020-01-07,5.34625,NA,5.34625
2020-01-08,5.29440416666667,NA,5.29440416666667
2020-01-09,5.33179166666667,NA,5.33179166666667
2020-01-10,5.43745,NA,5.43745
2020-01-11,5.37892916666667,NA,5.37892916666667
2020-01-12,5.537025,NA,5.537025
2020-01-13,5.51756666666667,NA,5.51756666666667
2020-01-14,5.49527083333333,NA,5.49527083333333
2020-01-15,5.50668333333333,NA,5.50668333333333
2020-01-16,5.43079166666667,NA,5.43079166666667
2020-01-17,5.3095,NA,5.3095
2020-01-18,5.21990833333333,NA,5.21990833333333
2020-01-19,5.20300416666667,NA,5.20300416666667
2020-01-20,5.1564625,NA,5.1564625
2020-01-21,5.12960833333333,NA,5.12960833333333
2020-01-22,5.16190416666667,NA,5.16190416666667
2020-01-23,5.14546666666667,NA,5.14546666666667
2020-01-24,4.99426666666667,NA,4.99426666666667
2020-01-25,4.81481666666667,NA,4.81481666666667
2020-01-26,4.66158333333333,NA,4.66158333333333
2020-01-27,4.55275416666667,NA,4.55275416666667
2020-01-28,4.33712916666667,NA,4.33712916666667
2020-01-29,4.18770833333333,NA,4.18770833333333
2020-01-30,4.22792916666667,NA,4.22792916666667
2020-01-31,4.01490833333333,NA,4.01490833333333
2020-02-01,3.96427083333333,NA,3.96427083333333
2020-02-02,4.06653333333333,NA,4.06653333333333
2020-02-03,4.07388333333333,NA,4.07388333333333
2020-02-04,4.27451666666667,NA,4.27451666666667
2020-02-05,4.24518333333333,NA,4.24518333333333
2020-02-06,4.06382916666667,NA,4.06382916666667
2020-02-07,3.85112916666667,NA,3.85112916666667
2020-02-08,3.86415416666667,NA,3.86415416666667
2020-02-09,3.79802916666667,NA,3.79802916666667
2020-02-10,3.90991666666667,NA,3.90991666666667
2020-02-11,3.89790416666667,NA,3.89790416666667
2020-02-12,3.86222916666667,NA,3.86222916666667
2020-02-13,3.765375,NA,3.765375
2020-02-14,3.860525,NA,3.860525
2020-02-15,3.8168625,NA,3.8168625
2020-02-16,3.71956666666667,NA,3.71956666666667
2020-02-17,3.7652,NA,3.7652
2020-02-18,3.62336666666667,NA,3.62336666666667
2020-02-19,3.67411666666667,NA,3.67411666666667
2020-02-20,3.65550833333333,NA,3.65550833333333
2020-02-21,3.6163,NA,3.6163
2020-02-22,3.565875,NA,3.565875
2020-02-23,3.55860833333333,NA,3.55860833333333
2020-02-24,3.47722916666667,NA,3.47722916666667
2020-02-25,3.22310416666667,NA,3.22310416666667
2020-02-26,3.25499583333333,NA,3.25499583333333
2020-02-27,3.28480416666667,NA,3.28480416666667
2020-02-28,3.2839625,NA,3.2839625
2020-02-29,3.2993375,NA,3.2993375
2020-03-01,3.32363333333333,NA,3.32363333333333
2020-03-02,3.320775,NA,3.320775
2020-03-03,3.30657916666667,NA,3.30657916666667
2020-03-04,3.2015,NA,3.2015
2020-03-05,3.06657083333333,NA,3.06657083333333
2020-03-06,2.97457083333333,NA,2.97457083333333
2020-03-07,2.97781666666667,NA,2.97781666666667
2020-03-08,2.99910416666667,NA,2.99910416666667
2020-03-09,3.00695,NA,3.00695
2020-03-10,3.01485416666667,NA,3.01485416666667
2020-03-11,2.96963333333333,NA,2.96963333333333
2020-03-12,2.93376666666667,NA,2.93376666666667
2020-03-13,3.07334583333333,NA,3.07334583333333
2020-03-14,3.07750416666667,NA,3.07750416666667
2020-03-15,3.0244,NA,3.0244
2020-03-16,3.08076666666667,NA,3.08076666666667
2020-03-17,3.194225,NA,3.194225
2020-03-18,3.2002,NA,3.2002
2020-03-19,3.21835416666667,NA,3.21835416666667
2020-03-20,3.19712083333333,NA,3.19712083333333
2020-03-21,3.16808333333333,NA,3.16808333333333
2020-03-22,3.167425,NA,3.167425
2020-03-23,3.3145875,NA,3.3145875
2020-03-24,3.2818125,NA,3.2818125
2020-03-25,3.2262875,NA,3.2262875
2020-03-26,3.3196625,NA,3.3196625
2020-03-27,3.4589041666666702,NA,3.4589041666666702
2020-03-28,3.46757083333333,NA,3.46757083333333
2020-03-29,3.43145416666667,NA,3.43145416666667
2020-03-30,3.17060416666667,NA,3.17060416666667
2020-03-31,3.1478,NA,3.1478
2020-04-01,3.16351666666667,NA,3.16351666666667
2020-04-02,3.1496375,NA,3.1496375
2020-04-03,3.26059166666667,NA,3.26059166666667
2020-04-04,3.38867083333333,NA,3.38867083333333
2020-04-05,3.40517916666667,NA,3.40517916666667
2020-04-06,3.423825,NA,3.423825
2020-04-07,3.42772916666667,NA,3.42772916666667
2020-04-08,3.52449166666667,NA,3.52449166666667
2020-04-09,3.49694583333333,NA,3.49694583333333
2020-04-10,3.47383333333333,NA,3.47383333333333
2020-04-11,3.4193375,NA,3.4193375
2020-04-12,3.37864583333333,NA,3.37864583333333
2020-04-13,3.41240416666667,NA,3.41240416666667
2020-04-14,3.381,NA,3.381
2020-04-15,3.36944583333333,NA,3.36944583333333
2020-04-16,3.36646666666667,NA,3.36646666666667
2020-04-17,3.36212083333333,NA,3.36212083333333
2020-04-18,3.38294166666667,NA,3.38294166666667
2020-04-19,3.38044166666667,NA,3.38044166666667
2020-04-20,3.390675,NA,3.390675
2020-04-21,3.41335833333333,NA,3.41335833333333
2020-04-22,3.42086666666667,NA,3.42086666666667
2020-04-23,3.41364166666667,NA,3.41364166666667
2020-04-24,3.37902916666667,NA,3.37902916666667
2020-04-25,3.38353333333333,NA,3.38353333333333
2020-04-26,3.34957083333333,NA,3.34957083333333
2020-04-27,3.3678375,NA,3.3678375
2020-04-28,3.35549166666667,NA,3.35549166666667
2020-04-29,3.33107083333333,NA,3.33107083333333
2020-04-30,3.26100416666667,NA,3.26100416666667
2020-05-01,3.27217916666667,NA,3.27217916666667
2020-05-02,3.21957916666667,NA,3.21957916666667
2020-05-03,3.21539166666667,NA,3.21539166666667
2020-05-04,3.21132083333333,NA,3.21132083333333
2020-05-05,3.20868333333333,NA,3.20868333333333
2020-05-06,3.20808333333333,NA,3.20808333333333
2020-05-07,3.22676666666667,NA,3.22676666666667
2020-05-08,3.22500416666667,NA,3.22500416666667
2020-05-09,3.367925,NA,3.367925
2020-05-10,3.80982083333333,NA,3.80982083333333
2020-05-11,4.04584583333333,NA,4.04584583333333
2020-05-12,4.06539166666667,NA,4.06539166666667
2020-05-13,4.05909166666667,NA,4.05909166666667
2020-05-14,3.95244583333333,NA,3.95244583333333
2020-05-15,3.9586375,NA,3.9586375
2020-05-16,3.94878333333333,NA,3.94878333333333
2020-05-17,3.9732375,NA,3.9732375
2020-05-18,3.9382625,NA,3.9382625
2020-05-19,3.94927083333333,NA,3.94927083333333
2020-05-20,3.92500416666667,NA,3.92500416666667
2020-05-21,3.95715416666667,NA,3.95715416666667
2020-05-22,3.91072916666667,NA,3.91072916666667
2020-05-23,3.83780416666667,NA,3.83780416666667
2020-05-24,3.77004583333333,NA,3.77004583333333
2020-05-25,3.81881666666667,NA,3.81881666666667
2020-05-26,3.8658,NA,3.8658
2020-05-27,3.88298333333333,NA,3.88298333333333
2020-05-28,3.9166625,NA,3.9166625
2020-05-29,4.01118333333333,NA,4.01118333333333
2020-05-30,4.03210416666667,NA,4.03210416666667
2020-05-31,4.01308333333333,NA,4.01308333333333
2020-06-01,3.90024166666667,NA,3.90024166666667
2020-06-02,3.88973333333333,NA,3.88973333333333
2020-06-03,3.79754583333333,NA,3.79754583333333
2020-06-04,3.8097875,NA,3.8097875
2020-06-05,3.88327083333333,NA,3.88327083333333
2020-06-06,3.97354166666667,NA,3.97354166666667
2020-06-07,4.08284166666667,NA,4.08284166666667
2020-06-08,4.2015125,NA,4.2015125
2020-06-09,4.33281666666667,NA,4.33281666666667
2020-06-10,4.380825,NA,4.380825
2020-06-11,4.23889166666667,NA,4.23889166666667
2020-06-12,4.2689625,NA,4.2689625
2020-06-13,4.3492625,NA,4.3492625
2020-06-14,4.37764166666667,NA,4.37764166666667
2020-06-15,4.1672625,NA,4.1672625
2020-06-16,4.1397625,NA,4.1397625
2020-06-17,4.02006666666667,NA,4.02006666666667
2020-06-18,3.98964583333333,NA,3.98964583333333
2020-06-19,3.96052916666667,NA,3.96052916666667
2020-06-20,3.956825,NA,3.956825
2020-06-21,3.93954583333333,NA,3.93954583333333
2020-06-22,3.9473125,NA,3.9473125
2020-06-23,4.04499166666667,NA,4.04499166666667
2020-06-24,4.09868333333333,NA,4.09868333333333
2020-06-25,4.1790625,NA,4.1790625
2020-06-26,4.27819583333333,NA,4.27819583333333
2020-06-27,4.23865,NA,4.23865
2020-06-28,4.27949166666667,NA,4.27949166666667
2020-06-29,4.3193875,NA,4.3193875
2020-06-30,4.42208333333333,NA,4.42208333333333
2020-07-01,4.57645416666667,NA,4.57645416666667
2020-07-02,4.60937916666667,NA,4.60937916666667
2020-07-03,4.72232083333333,NA,4.72232083333333
2020-07-04,4.81691666666667,NA,4.81691666666667
2020-07-05,4.92770416666667,NA,4.92770416666667
2020-07-06,4.97514583333333,NA,4.97514583333333
2020-07-07,5.05199583333333,NA,5.05199583333333
2020-07-08,5.066875,NA,5.066875
2020-07-09,5.16195416666667,NA,5.16195416666667
2020-07-10,4.5398625,NA,4.5398625
2020-07-11,4.484,NA,4.484
2020-07-12,4.51691666666667,NA,4.51691666666667
2020-07-13,4.57630833333333,NA,4.57630833333333
2020-07-14,4.55195833333333,NA,4.55195833333333
2020-07-15,4.56696666666667,NA,4.56696666666667
2020-07-16,4.64549583333333,NA,4.64549583333333
2020-07-17,4.76024583333333,NA,4.76024583333333
2020-07-18,4.7981,NA,4.7981
2020-07-19,4.8870625,NA,4.8870625
2020-07-20,5.0251875,NA,5.0251875
2020-07-21,5.23857916666667,NA,5.23857916666667
2020-07-22,5.32131666666667,NA,5.32131666666667
2020-07-23,5.28707916666667,NA,5.28707916666667
2020-07-24,5.2568875,NA,5.2568875
2020-07-25,5.2311125,NA,5.2311125
2020-07-26,5.2377375,NA,5.2377375
2020-07-27,5.28455416666667,NA,5.28455416666667
2020-07-28,5.43648333333333,NA,5.43648333333333
2020-07-29,5.59659583333333,NA,5.59659583333333
2020-07-30,5.81580833333333,NA,5.81580833333333
2020-07-31,5.7501625,NA,5.7501625
2020-08-01,6.00227083333333,NA,6.00227083333333
2020-08-02,5.93588333333333,NA,5.93588333333333
2020-08-03,5.63997083333333,NA,5.63997083333333
2020-08-04,5.20375833333333,NA,5.20375833333333
2020-08-05,5.08427916666667,NA,5.08427916666667
2020-08-06,5.09103333333333,NA,5.09103333333333
2020-08-07,5.100225,NA,5.100225
2020-08-08,5.1475125,NA,5.1475125
2020-08-09,5.13346666666667,NA,5.13346666666667
2020-08-10,5.19963333333333,NA,5.19963333333333
2020-08-11,5.38455,NA,5.38455
2020-08-12,5.38992916666667,NA,5.38992916666667
2020-08-13,5.41548333333333,NA,5.41548333333333
2020-08-14,5.44440416666667,NA,5.44440416666667
2020-08-15,5.58495833333333,NA,5.58495833333333
2020-08-16,5.6666625,NA,5.6666625
2020-08-17,5.62212083333333,NA,5.62212083333333
2020-08-18,5.71315,NA,5.71315
2020-08-19,5.68362083333333,NA,5.68362083333333
2020-08-20,5.77059166666667,NA,5.77059166666667
2020-08-21,5.8001125,NA,5.8001125
2020-08-22,5.812825,NA,5.812825
2020-08-23,5.8765,NA,5.8765
2020-08-24,5.91470416666667,NA,5.91470416666667
2020-08-25,5.97180833333333,NA,5.97180833333333
2020-08-26,6.06950833333333,NA,6.06950833333333
2020-08-27,6.09745,NA,6.09745
2020-08-28,6.1793125,NA,6.1793125
2020-08-29,6.27894583333333,NA,6.27894583333333
2020-08-30,6.375875,NA,6.375875
2020-08-31,6.48975,NA,6.48975
2020-09-01,6.52660416666667,NA,6.52660416666667
2020-09-02,6.59437083333333,NA,6.59437083333333
2020-09-03,7.13150416666667,NA,7.13150416666667
2020-09-04,7.31595,NA,7.31595
2020-09-05,7.3926625,NA,7.3926625
2020-09-06,7.18972916666667,NA,7.18972916666667
2020-09-07,7.2122875,NA,7.2122875
2020-09-08,7.15659166666667,NA,7.15659166666667
2020-09-09,7.1835375,NA,7.1835375
2020-09-10,7.12983333333333,NA,7.12983333333333
2020-09-11,7.18994583333333,NA,7.18994583333333
2020-09-12,7.28345,NA,7.28345
2020-09-13,7.4013625,NA,7.4013625
2020-09-14,7.02239166666667,NA,7.02239166666667
2020-09-15,6.79253333333333,NA,6.79253333333333
2020-09-16,6.44710416666667,NA,6.44710416666667
2020-09-17,6.50665833333333,NA,6.50665833333333
2020-09-18,6.6957875,NA,6.6957875
2020-09-19,6.63434166666667,NA,6.63434166666667
2020-09-20,6.63411666666667,NA,6.63411666666667
2020-09-21,6.74462916666667,NA,6.74462916666667
2020-09-22,6.72290588235294,NA,6.72290588235294
2020-09-23,6.77595174765558,NA,6.77595174765558
2020-09-24,6.82899761295823,NA,6.82899761295823
2020-09-25,6.88204347826087,NA,6.88204347826087
2020-09-26,7.384375,NA,7.384375
2020-09-27,7.16158333333333,NA,7.16158333333333
2020-09-28,6.88145833333333,NA,6.88145833333333
2020-09-29,7.21729166666667,NA,7.21729166666667
2020-09-30,7.42020833333333,NA,7.42020833333333
2020-10-01,7.9929166666666696,NA,7.9929166666666696
2020-10-02,8.76866666666667,NA,8.76866666666667
2020-10-03,8.63066666666667,NA,8.63066666666667
2020-10-04,8.82533333333333,NA,8.82533333333333
2020-10-05,9.08391666666667,NA,9.08391666666667
2020-10-06,9.30604166666667,NA,9.30604166666667
2020-10-07,9.41625,NA,9.41625
2020-10-08,9.4685,NA,9.4685
2020-10-09,9.55466666666667,NA,9.55466666666667
2020-10-10,9.66541666666667,NA,9.66541666666667
2020-10-11,9.713125,NA,9.713125
2020-10-12,9.76729166666667,NA,9.76729166666667
2020-10-13,9.60820833333333,NA,9.60820833333333
2020-10-14,9.10533333333333,NA,9.10533333333333
2020-10-15,9.10470833333333,NA,9.10470833333333
2020-10-16,9.24283333333333,NA,9.24283333333333
2020-10-17,9.512875,NA,9.512875
2020-10-18,9.36391666666667,NA,9.36391666666667
2020-10-19,9.3468333333333309,NA,9.3468333333333309
2020-10-20,9.47754166666667,NA,9.47754166666667
2020-10-21,9.77141666666667,NA,9.77141666666667
2020-10-22,9.23141666666667,NA,9.23141666666667
2020-10-23,8.74229166666667,NA,8.74229166666667
2020-10-24,8.73266666666667,NA,8.73266666666667
2020-10-25,8.83945833333333,NA,8.83945833333333
2020-10-26,8.76170833333333,NA,8.76170833333333
2020-10-27,9.11945833333333,NA,9.11945833333333
2020-10-28,9.33525,NA,9.33525
2020-10-29,9.38275,NA,9.38275
2020-10-30,9.36041666666667,NA,9.36041666666667
2020-10-31,9.19879166666667,NA,9.19879166666667
2020-11-01,9.14779166666667,NA,9.14779166666667
2020-11-02,9.058625,NA,9.058625
2020-11-03,8.76741666666667,NA,8.76741666666667
2020-11-04,8.77991666666667,NA,8.77991666666667
2020-11-05,8.75895833333333,NA,8.75895833333333
2020-11-06,8.538875,NA,8.538875
2020-11-07,8.54129166666667,NA,8.54129166666667
2020-11-08,8.52591666666667,NA,8.52591666666667
2020-11-09,8.566125,NA,8.566125
2020-11-10,8.506125,NA,8.506125
2020-11-11,8.49625,NA,8.49625
2020-11-12,8.51829166666667,NA,8.51829166666667
2020-11-13,8.531625,NA,8.531625
2020-11-14,8.53370833333333,NA,8.53370833333333
2020-11-15,8.51004166666667,NA,8.51004166666667
2020-11-16,8.194625,NA,8.194625
2020-11-17,7.96804166666667,NA,7.96804166666667
2020-11-18,7.805,NA,7.805
2020-11-19,7.82008333333333,NA,7.82008333333333
2020-11-20,7.80191666666667,NA,7.80191666666667
2020-11-21,7.67420833333333,NA,7.67420833333333
2020-11-22,7.46279166666667,NA,7.46279166666667
2020-11-23,7.438375,NA,7.438375
2020-11-24,7.69641666666667,NA,7.69641666666667
2020-11-25,7.65983333333333,NA,7.65983333333333
2020-11-26,7.82233333333333,NA,7.82233333333333
2020-11-27,7.81891666666667,NA,7.81891666666667
2020-11-28,7.76654166666667,NA,7.76654166666667
2020-11-29,7.74129166666667,NA,7.74129166666667
2020-11-30,7.62966666666667,NA,7.62966666666667
2020-12-01,7.43370833333333,NA,7.43370833333333
2020-12-02,7.19908333333333,NA,7.19908333333333
2020-12-03,7.24875,NA,7.24875
2020-12-04,7.28625,NA,7.28625
2020-12-05,7.285,NA,7.285
2020-12-06,6.830125,NA,6.830125
2020-12-07,6.92729166666667,NA,6.92729166666667
2020-12-08,6.813125,NA,6.813125
2020-12-09,6.71270833333333,NA,6.71270833333333
2020-12-10,6.56858333333333,NA,6.56858333333333
2020-12-11,6.34225,NA,6.34225
2020-12-12,6.28916666666667,NA,6.28916666666667
2020-12-13,6.321875,NA,6.321875
2020-12-14,6.36679166666667,NA,6.36679166666667
2020-12-15,6.2915,NA,6.2915
2020-12-16,6.244625,NA,6.244625
2020-12-17,6.20545833333333,NA,6.20545833333333
2020-12-18,6.11708333333333,NA,6.11708333333333
2020-12-19,6.084125,NA,6.084125
2020-12-20,6.02754166666667,NA,6.02754166666667
2020-12-21,5.96983333333333,NA,5.96983333333333
2020-12-22,5.97704166666667,NA,5.97704166666667
2020-12-23,5.957625,NA,5.957625
2020-12-24,5.9845,NA,5.9845
2020-12-25,5.81508333333333,NA,5.81508333333333
2020-12-26,5.66175,NA,5.66175
2020-12-27,5.63375,NA,5.63375
2020-12-28,5.58375,NA,5.58375
2020-12-29,5.565875,NA,5.565875
2020-12-30,5.543375,NA,5.543375
2020-12-31,5.51579166666667,NA,5.51579166666667
2021-01-01,5.52758333333333,NA,5.52758333333333
2021-01-02,5.50329166666667,NA,5.50329166666667
2021-01-03,5.458625,NA,5.458625
2021-01-04,5.43766666666667,NA,5.43766666666667
2021-01-05,5.42279166666667,NA,5.42279166666667
2021-01-06,5.45520833333333,NA,5.45520833333333
2021-01-07,5.48579166666667,NA,5.48579166666667
2021-01-08,5.34454166666667,NA,5.34454166666667
2021-01-09,5.27104166666667,NA,5.27104166666667
2021-01-10,5.21429166666667,NA,5.21429166666667
2021-01-11,5.23720833333333,NA,5.23720833333333
2021-01-12,5.24925,NA,5.24925
2021-01-13,5.27308333333333,NA,5.27308333333333
2021-01-14,5.27279166666667,NA,5.27279166666667
2021-01-15,5.27033333333333,NA,5.27033333333333
2021-01-16,5.2335,NA,5.2335
2021-01-17,5.23866666666667,NA,5.23866666666667
2021-01-18,5.14175,NA,5.14175
2021-01-19,5.04954166666667,NA,5.04954166666667
2021-01-20,5.02045833333333,NA,5.02045833333333
2021-01-21,5.00329166666667,NA,5.00329166666667
2021-01-22,4.99566666666667,NA,4.99566666666667
2021-01-23,4.95666666666667,NA,4.95666666666667
2021-01-24,4.85708333333333,NA,4.85708333333333
2021-01-25,4.91366666666667,NA,4.91366666666667
2021-01-26,4.89058333333333,NA,4.89058333333333
2021-01-27,4.859125,NA,4.859125
2021-01-28,4.840125,NA,4.840125
2021-01-29,4.82266666666667,NA,4.82266666666667
2021-01-30,4.79729166666667,NA,4.79729166666667
2021-01-31,4.77229166666667,NA,4.77229166666667
2021-02-01,4.84066666666667,NA,4.84066666666667
2021-02-02,4.86404166666667,NA,4.86404166666667
2021-02-03,4.92375,NA,4.92375
2021-02-04,4.89575,NA,4.89575
2021-02-05,4.79025,NA,4.79025
2021-02-06,4.96158333333333,NA,4.96158333333333
2021-02-07,4.93654166666667,NA,4.93654166666667
2021-02-08,4.884,NA,4.884
2021-02-09,4.88375,NA,4.88375
2021-02-10,4.855625,NA,4.855625
2021-02-11,4.803,NA,4.803
2021-02-12,4.78958333333333,NA,4.78958333333333
2021-02-13,4.80445833333333,NA,4.80445833333333
2021-02-14,4.79941666666667,NA,4.79941666666667
2021-02-15,4.80041666666667,NA,4.80041666666667
2021-02-16,4.8,NA,4.8
2021-02-17,4.80258333333333,NA,4.80258333333333
2021-02-18,4.797125,NA,4.797125
2021-02-19,4.76441666666667,NA,4.76441666666667
2021-02-20,4.74525,NA,4.74525
2021-02-21,4.71970833333333,NA,4.71970833333333
2021-02-22,4.65441666666667,NA,4.65441666666667
2021-02-23,4.60579166666667,NA,4.60579166666667
2021-02-24,4.60975,NA,4.60975
2021-02-25,4.58841666666667,NA,4.58841666666667
2021-02-26,4.53491666666667,NA,4.53491666666667
2021-02-27,4.59579166666667,NA,4.59579166666667
2021-02-28,4.594875,NA,4.594875
2021-03-01,4.52754166666667,NA,4.52754166666667
2021-03-02,4.53041666666667,NA,4.53041666666667
2021-03-03,4.46204166666667,NA,4.46204166666667
2021-03-04,4.36745833333333,NA,4.36745833333333
2021-03-05,4.36345833333333,NA,4.36345833333333
2021-03-06,4.46775,NA,4.46775
2021-03-07,4.53275,NA,4.53275
2021-03-08,4.47725,NA,4.47725
2021-03-09,4.4915,NA,4.4915
2021-03-10,4.76075,NA,4.76075
2021-03-11,4.68933333333333,NA,4.68933333333333
2021-03-12,4.59,NA,4.59
2021-03-13,4.524,NA,4.524
2021-03-14,4.45279166666667,NA,4.45279166666667
2021-03-15,4.368375,NA,4.368375
2021-03-16,4.313,NA,4.313
2021-03-17,4.44783333333333,NA,4.44783333333333
2021-03-18,4.474,NA,4.474
2021-03-19,4.57095833333333,NA,4.57095833333333
2021-03-20,4.540375,NA,4.540375
2021-03-21,4.36045833333333,NA,4.36045833333333
2021-03-22,4.30770833333333,NA,4.30770833333333
2021-03-23,4.6695,NA,4.6695
2021-03-24,4.621375,NA,4.621375
2021-03-25,4.586375,NA,4.586375
2021-03-26,4.62070833333333,NA,4.62070833333333
2021-03-27,4.61275,NA,4.61275
2021-03-28,4.576625,NA,4.576625
2021-03-29,4.57729166666667,NA,4.57729166666667
2021-03-30,4.51083333333333,NA,4.51083333333333
2021-03-31,4.44745833333333,NA,4.44745833333333
2021-04-01,4.36720833333333,NA,4.36720833333333
2021-04-02,4.23183333333333,NA,4.23183333333333
2021-04-03,4.19595833333333,NA,4.19595833333333
2021-04-04,4.20591666666667,NA,4.20591666666667
2021-04-05,4.147875,NA,4.147875
2021-04-06,4.13295833333333,NA,4.13295833333333
2021-04-07,4.14991666666667,NA,4.14991666666667
2021-04-08,4.14391666666667,NA,4.14391666666667
2021-04-09,4.47341666666667,NA,4.47341666666667
2021-04-10,4.62041666666667,NA,4.62041666666667
2021-04-11,4.48008333333333,NA,4.48008333333333
2021-04-12,4.42741666666667,NA,4.42741666666667
2021-04-13,4.52633333333333,NA,4.52633333333333
2021-04-14,4.475,NA,4.475
2021-04-15,4.5425,NA,4.5425
2021-04-16,4.64591666666667,NA,4.64591666666667
2021-04-17,4.63770833333333,NA,4.63770833333333
2021-04-18,4.58645833333333,NA,4.58645833333333
2021-04-19,4.63770833333333,NA,4.63770833333333
2021-04-20,4.62691666666667,NA,4.62691666666667
2021-04-21,4.59466666666667,NA,4.59466666666667
2021-04-22,4.60441666666667,NA,4.60441666666667
2021-04-23,4.596,NA,4.596
2021-04-24,4.59575,NA,4.59575
2021-04-25,4.596125,NA,4.596125
2021-04-26,4.62245833333333,NA,4.62245833333333
2021-04-27,4.64491666666667,NA,4.64491666666667
2021-04-28,4.64,NA,4.64
2021-04-29,4.64870833333333,NA,4.64870833333333
2021-04-30,4.65920833333333,NA,4.65920833333333
2021-05-01,4.67779166666667,NA,4.67779166666667
2021-05-02,4.671125,NA,4.671125
2021-05-03,4.66791666666667,NA,4.66791666666667
2021-05-04,4.65754166666667,NA,4.65754166666667
2021-05-05,4.56375,NA,4.56375
2021-05-06,4.517375,NA,4.517375
2021-05-07,4.511875,NA,4.511875
2021-05-08,4.49504166666667,NA,4.49504166666667
2021-05-09,4.53241666666667,NA,4.53241666666667
2021-05-10,4.56883333333333,NA,4.56883333333333
2021-05-11,4.60129166666667,NA,4.60129166666667
2021-05-12,4.61916666666667,NA,4.61916666666667
2021-05-13,4.60670833333333,NA,4.60670833333333
2021-05-14,4.593625,NA,4.593625
2021-05-15,4.63645833333333,NA,4.63645833333333
2021-05-16,4.663875,NA,4.663875
2021-05-17,4.67166666666667,NA,4.67166666666667
2021-05-18,4.6645,NA,4.6645
2021-05-19,4.64520833333333,NA,4.64520833333333
2021-05-20,4.60866666666667,NA,4.60866666666667
2021-05-21,4.521875,NA,4.521875
2021-05-22,4.56233333333333,NA,4.56233333333333
2021-05-23,4.564375,NA,4.564375
2021-05-24,4.56279166666667,NA,4.56279166666667
2021-05-25,4.57704166666667,NA,4.57704166666667
2021-05-26,4.639375,NA,4.639375
2021-05-27,4.740125,NA,4.740125
2021-05-28,4.697875,NA,4.697875
2021-05-29,4.61704166666667,NA,4.61704166666667
2021-05-30,4.57708333333333,NA,4.57708333333333
2021-05-31,4.40975,NA,4.40975
2021-06-01,4.43825,NA,4.43825
2021-06-02,4.54608333333333,NA,4.54608333333333
2021-06-03,4.44608333333333,NA,4.44608333333333
2021-06-04,4.45770833333333,NA,4.45770833333333
2021-06-05,4.60208333333333,NA,4.60208333333333
2021-06-06,4.52820833333333,NA,4.52820833333333
2021-06-07,4.47779166666667,NA,4.47779166666667
2021-06-08,4.500875,NA,4.500875
2021-06-09,4.56183333333333,NA,4.56183333333333
2021-06-10,4.58066666666667,NA,4.58066666666667
2021-06-11,4.68054166666667,NA,4.68054166666667
2021-06-12,4.866625,NA,4.866625
2021-06-13,4.926875,NA,4.926875
2021-06-14,4.84545833333333,NA,4.84545833333333
2021-06-15,4.78804166666667,NA,4.78804166666667
2021-06-16,4.656375,NA,4.656375
2021-06-17,4.56083333333333,NA,4.56083333333333
2021-06-18,4.56558333333333,NA,4.56558333333333
2021-06-19,4.61191666666667,NA,4.61191666666667
2021-06-20,4.54229166666667,NA,4.54229166666667
2021-06-21,4.52116666666667,NA,4.52116666666667
2021-06-22,4.50541666666667,NA,4.50541666666667
2021-06-23,4.50329166666667,NA,4.50329166666667
2021-06-24,4.62508333333333,NA,4.62508333333333
2021-06-25,4.69658333333333,NA,4.69658333333333
2021-06-26,4.765375,NA,4.765375
2021-06-27,4.78316666666667,NA,4.78316666666667
2021-06-28,4.85808333333333,NA,4.85808333333333
2021-06-29,4.888375,NA,4.888375
2021-06-30,4.84416666666667,NA,4.84416666666667
2021-07-01,4.76608333333333,NA,4.76608333333333
2021-07-02,4.87616666666667,NA,4.87616666666667
2021-07-03,4.72004166666667,NA,4.72004166666667
2021-07-04,4.61866666666667,NA,4.61866666666667
2021-07-05,4.60825,NA,4.60825
2021-07-06,4.65941666666667,NA,4.65941666666667
2021-07-07,4.66433333333333,NA,4.66433333333333
2021-07-08,4.72308333333333,NA,4.72308333333333
2021-07-09,4.81116666666667,NA,4.81116666666667
2021-07-10,4.8905,NA,4.8905
2021-07-11,4.92620833333333,NA,4.92620833333333
2021-07-12,4.97116666666667,NA,4.97116666666667
2021-07-13,5.00279166666667,NA,5.00279166666667
2021-07-14,5.02433333333333,NA,5.02433333333333
2021-07-15,4.98366666666667,NA,4.98366666666667
2021-07-16,4.73829166666667,NA,4.73829166666667
2021-07-17,4.70808333333333,NA,4.70808333333333
2021-07-18,4.715125,NA,4.715125
2021-07-19,4.71829166666667,NA,4.71829166666667
2021-07-20,4.708875,NA,4.708875
2021-07-21,4.709125,NA,4.709125
2021-07-22,4.68783333333333,NA,4.68783333333333
2021-07-23,4.72245833333333,NA,4.72245833333333
2021-07-24,4.796125,NA,4.796125
2021-07-25,4.88229166666667,NA,4.88229166666667
2021-07-26,4.82945833333333,NA,4.82945833333333
2021-07-27,4.8175,NA,4.8175
2021-07-28,4.85908333333333,NA,4.85908333333333
2021-07-29,4.904375,NA,4.904375
2021-07-30,4.86516666666667,NA,4.86516666666667
2021-07-31,4.80558333333333,NA,4.80558333333333
2021-08-01,4.82120833333333,NA,4.82120833333333
2021-08-02,4.85720833333333,NA,4.85720833333333
2021-08-03,4.80816666666667,NA,4.80816666666667
2021-08-04,4.75941666666667,NA,4.75941666666667
2021-08-05,4.80245833333333,NA,4.80245833333333
2021-08-06,4.91641666666667,NA,4.91641666666667
2021-08-07,5.00716666666667,NA,5.00716666666667
2021-08-08,5.07204166666667,NA,5.07204166666667
2021-08-09,5.18895833333333,NA,5.18895833333333
2021-08-10,5.26854166666667,NA,5.26854166666667
2021-08-11,5.34858333333333,NA,5.34858333333333
2021-08-12,5.32766666666667,NA,5.32766666666667
2021-08-13,5.36366666666667,NA,5.36366666666667
2021-08-14,5.37404166666667,NA,5.37404166666667
2021-08-15,5.38720833333333,NA,5.38720833333333
2021-08-16,5.41,NA,5.41
2021-08-17,5.45404166666667,NA,5.45404166666667
2021-08-18,5.50695833333333,NA,5.50695833333333
2021-08-19,5.544,NA,5.544
2021-08-20,5.66504166666667,NA,5.66504166666667
2021-08-21,5.79083333333333,NA,5.79083333333333
2021-08-22,5.72029166666667,NA,5.72029166666667
2021-08-23,5.73808333333333,NA,5.73808333333333
2021-08-24,5.809,NA,5.809
2021-08-25,5.86658333333333,NA,5.86658333333333
2021-08-26,5.82654166666667,NA,5.82654166666667
2021-08-27,5.87791666666667,NA,5.87791666666667
2021-08-28,5.88529166666667,NA,5.88529166666667
2021-08-29,5.75233333333333,NA,5.75233333333333
2021-08-30,5.76766666666667,NA,5.76766666666667
2021-08-31,5.87325,NA,5.87325
2021-09-01,5.86733333333333,NA,5.86733333333333
2021-09-02,5.87066666666667,NA,5.87066666666667
2021-09-03,5.662,NA,5.662
2021-09-04,5.22979166666667,NA,5.22979166666667
2021-09-05,5.35883333333333,NA,5.35883333333333
2021-09-06,5.47191666666667,NA,5.47191666666667
2021-09-07,5.73104166666667,NA,5.73104166666667
2021-09-08,5.96525,NA,5.96525
2021-09-09,6.04808333333333,NA,6.04808333333333
2021-09-10,5.897625,NA,5.897625
2021-09-11,6.003875,NA,6.003875
2021-09-12,6.11708333333333,NA,6.11708333333333
2021-09-13,6.287875,NA,6.287875
2021-09-14,6.34741666666667,NA,6.34741666666667
2021-09-15,6.35304166666667,NA,6.35304166666667
2021-09-16,6.393375,NA,6.393375
2021-09-17,6.39754166666667,NA,6.39754166666667
2021-09-18,6.40441666666667,NA,6.40441666666667
2021-09-19,6.58279166666667,NA,6.58279166666667
2021-09-20,6.96658333333333,NA,6.96658333333333
2021-09-21,7.229375,NA,7.229375
2021-09-22,7.418,NA,7.418
2021-09-23,7.32895833333333,NA,7.32895833333333
2021-09-24,7.43466666666667,NA,7.43466666666667
2021-09-25,7.73479166666667,NA,7.73479166666667
2021-09-26,7.79929166666667,NA,7.79929166666667
2021-09-27,7.8485,NA,7.8485
2021-09-28,7.94029166666667,NA,7.94029166666667
2021-09-29,7.844875,NA,7.844875
2021-09-30,7.86616666666667,NA,7.86616666666667
2021-10-01,7.98558333333333,NA,7.98558333333333
2021-10-02,7.982125,NA,7.982125
2021-10-03,8.39779166666667,NA,8.39779166666667
2021-10-04,9.08591666666667,NA,9.08591666666667
2021-10-05,9.222375,NA,9.222375
2021-10-06,8.630125,NA,8.630125
2021-10-07,7.7275,NA,7.7275
2021-10-08,7.554125,NA,7.554125
2021-10-09,7.75175,NA,7.75175
2021-10-10,7.93366666666667,NA,7.93366666666667
2021-10-11,7.70666666666667,NA,7.70666666666667
2021-10-12,7.74691666666667,NA,7.74691666666667
2021-10-13,7.51770833333333,NA,7.51770833333333
2021-10-14,7.37616666666667,NA,7.37616666666667
2021-10-15,7.09216666666667,NA,7.09216666666667
2021-10-16,6.90158333333333,NA,6.90158333333333
2021-10-17,6.89816666666667,NA,6.89816666666667
2021-10-18,7.04433333333333,NA,7.04433333333333
2021-10-19,7.16045833333333,NA,7.16045833333333
2021-10-20,7.0705,NA,7.0705
2021-10-21,7.31545833333333,NA,7.31545833333333
2021-10-22,7.6225,NA,7.6225
2021-10-23,7.29441666666667,NA,7.29441666666667
2021-10-24,6.61775,NA,6.61775
2021-10-25,6.7095,NA,6.7095
2021-10-26,6.845375,NA,6.845375
2021-10-27,7.002625,NA,7.002625
2021-10-28,7.0995,NA,7.0995
2021-10-29,7.0825,NA,7.0825
2021-10-30,7.20941666666667,NA,7.20941666666667
2021-10-31,7.40395833333333,NA,7.40395833333333
2021-11-01,7.34129166666667,NA,7.34129166666667
2021-11-02,7.400875,NA,7.400875
2021-11-03,7.37220833333333,NA,7.37220833333333
2021-11-04,7.32408333333333,NA,7.32408333333333
2021-11-05,7.42529166666667,NA,7.42529166666667
2021-11-06,7.408875,NA,7.408875
2021-11-07,7.31166666666667,NA,7.31166666666667
2021-11-08,7.094125,NA,7.094125
2021-11-09,6.95833333333333,NA,6.95833333333333
2021-11-10,6.909875,NA,6.909875
2021-11-11,7.03483333333333,NA,7.03483333333333
2021-11-12,7.09354166666667,NA,7.09354166666667
2021-11-13,6.93845833333333,NA,6.93845833333333
2021-11-14,7.01991666666667,NA,7.01991666666667
2021-11-15,6.56375,NA,6.56375
2021-11-16,6.69145833333333,NA,6.69145833333333
2021-11-17,6.72733333333333,NA,6.72733333333333
2021-11-18,6.81891666666667,NA,6.81891666666667
2021-11-19,6.87075,NA,6.87075
2021-11-20,6.44245833333333,NA,6.44245833333333
2021-11-21,6.62229166666667,NA,6.62229166666667
2021-11-22,6.362375,NA,6.362375
2021-11-23,6.11508333333333,NA,6.11508333333333
2021-11-24,6.04245833333333,NA,6.04245833333333
2021-11-25,5.99358333333333,NA,5.99358333333333
2021-11-26,5.85279166666667,NA,5.85279166666667
2021-11-27,5.70979166666667,NA,5.70979166666667
2021-11-28,5.66616666666667,NA,5.66616666666667
2021-11-29,5.81833333333333,NA,5.81833333333333
2021-11-30,5.92704166666667,NA,5.92704166666667
2021-12-01,5.58283333333333,NA,5.58283333333333
2021-12-02,5.37925,NA,5.37925
2021-12-03,5.18991666666667,NA,5.18991666666667
2021-12-04,5.18341666666667,NA,5.18341666666667
2021-12-05,5.03795833333333,NA,5.03795833333333
2021-12-06,4.988875,NA,4.988875
2021-12-07,5.12841666666667,NA,5.12841666666667
2021-12-08,5.14479166666667,NA,5.14479166666667
2021-12-09,5.09720833333333,NA,5.09720833333333
2021-12-10,4.96954166666667,NA,4.96954166666667
2021-12-11,4.79895833333333,NA,4.79895833333333
2021-12-12,4.66341666666667,NA,4.66341666666667
2021-12-13,4.48991666666667,NA,4.48991666666667
2021-12-14,4.44979166666667,NA,4.44979166666667
2021-12-15,4.41425,NA,4.41425
2021-12-16,4.355375,NA,4.355375
2021-12-17,4.37120833333333,NA,4.37120833333333
2021-12-18,4.35195833333333,NA,4.35195833333333
2021-12-19,4.370625,NA,4.370625
2021-12-20,4.36708333333333,NA,4.36708333333333
2021-12-21,4.36504166666667,NA,4.36504166666667
2021-12-22,4.367625,NA,4.367625
2021-12-23,4.37716666666667,NA,4.37716666666667
2021-12-24,4.379875,NA,4.379875
2021-12-25,4.39395833333333,NA,4.39395833333333
2021-12-26,4.392,NA,4.392
2021-12-27,4.39166666666667,NA,4.39166666666667
2021-12-28,4.389125,NA,4.389125
2021-12-29,4.374625,NA,4.374625
2021-12-30,4.3555,NA,4.3555
2021-12-31,4.3305,NA,4.3305
2022-01-01,4.31420833333333,NA,4.31420833333333
2022-01-02,4.11641666666667,NA,4.11641666666667
2022-01-03,4.15279166666667,NA,4.15279166666667
2022-01-04,4.0215,NA,4.0215
2022-01-05,3.948125,NA,3.948125
2022-01-06,3.86675,NA,3.86675
2022-01-07,3.867875,NA,3.867875
2022-01-08,3.97333333333333,NA,3.97333333333333
2022-01-09,4.067,NA,4.067
2022-01-10,3.90141666666667,NA,3.90141666666667
2022-01-11,3.888875,NA,3.888875
2022-01-12,3.757625,NA,3.757625
2022-01-13,3.69579166666667,NA,3.69579166666667
2022-01-14,3.526625,NA,3.526625
2022-01-15,3.45420833333333,NA,3.45420833333333
2022-01-16,3.41204166666667,NA,3.41204166666667
2022-01-17,3.40816666666667,NA,3.40816666666667
2022-01-18,3.39283333333333,NA,3.39283333333333
2022-01-19,3.36341666666667,NA,3.36341666666667
2022-01-20,3.277625,NA,3.277625
2022-01-21,3.31083333333333,NA,3.31083333333333
2022-01-22,3.2645,NA,3.2645
2022-01-23,3.226375,NA,3.226375
2022-01-24,3.23745833333333,NA,3.23745833333333
2022-01-25,3.229875,NA,3.229875
2022-01-26,3.17320833333333,NA,3.17320833333333
2022-01-27,3.10070833333333,NA,3.10070833333333
2022-01-28,3.00820833333333,NA,3.00820833333333
2022-01-29,2.909125,NA,2.909125
2022-01-30,2.83545833333333,NA,2.83545833333333
2022-01-31,2.81958333333333,NA,2.81958333333333
2022-02-01,2.82566666666667,NA,2.82566666666667
2022-02-02,2.83458333333333,NA,2.83458333333333
2022-02-03,2.844875,NA,2.844875
2022-02-04,2.86070833333333,NA,2.86070833333333
2022-02-05,2.86041666666667,NA,2.86041666666667
2022-02-06,2.85925,NA,2.85925
2022-02-07,2.84358333333333,NA,2.84358333333333
2022-02-08,2.81795833333333,NA,2.81795833333333
2022-02-09,2.75895833333333,NA,2.75895833333333
2022-02-10,2.71758333333333,NA,2.71758333333333
2022-02-11,2.73320833333333,NA,2.73320833333333
2022-02-12,2.72970833333333,NA,2.72970833333333
2022-02-13,2.71725,NA,2.71725
2022-02-14,2.72816666666667,NA,2.72816666666667
2022-02-15,2.70766666666667,NA,2.70766666666667
2022-02-16,2.70258333333333,NA,2.70258333333333
2022-02-17,2.67479166666667,NA,2.67479166666667
2022-02-18,2.698,NA,2.698
2022-02-19,2.73666666666667,NA,2.73666666666667
2022-02-20,2.76475,NA,2.76475
2022-02-21,2.7845,NA,2.7845
2022-02-22,2.79879166666667,NA,2.79879166666667
2022-02-23,2.80595833333333,NA,2.80595833333333
2022-02-24,2.81841666666667,NA,2.81841666666667
2022-02-25,2.87654166666667,NA,2.87654166666667
2022-02-26,2.91733333333333,NA,2.91733333333333
2022-02-27,2.94516666666667,NA,2.94516666666667
2022-02-28,2.969625,NA,2.969625
2022-03-01,2.99945833333333,NA,2.99945833333333
2022-03-02,3.018875,NA,3.018875
2022-03-03,2.97625,NA,2.97625
2022-03-04,2.946625,NA,2.946625
2022-03-05,2.95883333333333,NA,2.95883333333333
2022-03-06,3.03841666666667,NA,3.03841666666667
2022-03-07,3.14229166666667,NA,3.14229166666667
2022-03-08,3.15508333333333,NA,3.15508333333333
2022-03-09,3.1485,NA,3.1485
2022-03-10,3.09633333333333,NA,3.09633333333333
2022-03-11,3.06704166666667,NA,3.06704166666667
2022-03-12,3.06154166666667,NA,3.06154166666667
2022-03-13,3.09095833333333,NA,3.09095833333333
2022-03-14,3.02566666666667,NA,3.02566666666667
2022-03-15,3.04045833333333,NA,3.04045833333333
2022-03-16,2.975625,NA,2.975625
2022-03-17,2.93079166666667,NA,2.93079166666667
2022-03-18,3.01325,NA,3.01325
2022-03-19,2.93745833333333,NA,2.93745833333333
2022-03-20,3.01041666666667,NA,3.01041666666667
2022-03-21,3.05416666666667,NA,3.05416666666667
2022-03-22,2.97029166666667,NA,2.97029166666667
2022-03-23,3.10241666666667,NA,3.10241666666667
2022-03-24,3.016875,NA,3.016875
2022-03-25,2.91020833333333,NA,2.91020833333333
2022-03-26,3.29925,NA,3.29925
2022-03-27,3.34275,NA,3.34275
2022-03-28,3.31495833333333,NA,3.31495833333333
2022-03-29,3.344875,NA,3.344875
2022-03-30,3.344125,NA,3.344125
2022-03-31,3.32041666666667,NA,3.32041666666667
2022-04-01,3.35895833333333,NA,3.35895833333333
2022-04-02,3.43325,NA,3.43325
2022-04-03,3.44545833333333,NA,3.44545833333333
2022-04-04,3.476875,NA,3.476875
2022-04-05,3.48525,NA,3.48525
2022-04-06,3.50845833333333,NA,3.50845833333333
2022-04-07,3.517,NA,3.517
2022-04-08,3.48904166666667,NA,3.48904166666667
2022-04-09,3.484,NA,3.484
2022-04-10,3.51075,NA,3.51075
2022-04-11,3.48791666666667,NA,3.48791666666667
2022-04-12,3.49875,NA,3.49875
2022-04-13,3.51158333333333,NA,3.51158333333333
2022-04-14,3.53141666666667,NA,3.53141666666667
2022-04-15,3.54004166666667,NA,3.54004166666667
2022-04-16,3.54729166666667,NA,3.54729166666667
2022-04-17,3.58395833333333,NA,3.58395833333333
2022-04-18,3.63704166666667,NA,3.63704166666667
2022-04-19,3.77216666666667,NA,3.77216666666667
2022-04-20,3.81383333333333,NA,3.81383333333333
2022-04-21,3.793875,NA,3.793875
2022-04-22,3.875125,NA,3.875125
2022-04-23,3.95791666666667,NA,3.95791666666667
2022-04-24,3.900375,NA,3.900375
2022-04-25,3.78341666666667,NA,3.78341666666667
2022-04-26,3.780375,NA,3.780375
2022-04-27,3.79429166666667,NA,3.79429166666667
2022-04-28,3.80970833333333,NA,3.80970833333333
2022-04-29,3.85754166666667,NA,3.85754166666667
2022-04-30,4.03658333333333,NA,4.03658333333333
2022-05-01,4.020875,NA,4.020875
2022-05-02,4.00658333333333,NA,4.00658333333333
2022-05-03,4.00033333333333,NA,4.00033333333333
2022-05-04,3.97595833333333,NA,3.97595833333333
2022-05-05,3.972625,NA,3.972625
2022-05-06,3.90195833333333,NA,3.90195833333333
2022-05-07,3.8965,NA,3.8965
2022-05-08,3.92729166666667,NA,3.92729166666667
2022-05-09,3.95541666666667,NA,3.95541666666667
2022-05-10,3.99866666666667,NA,3.99866666666667
2022-05-11,3.94441666666667,NA,3.94441666666667
2022-05-12,3.974625,NA,3.974625
2022-05-13,3.99670833333333,NA,3.99670833333333
2022-05-14,4.03170833333333,NA,4.03170833333333
2022-05-15,4.08941666666667,NA,4.08941666666667
2022-05-16,4.21866666666667,NA,4.21866666666667
2022-05-17,4.448125,NA,4.448125
2022-05-18,4.646,NA,4.646
2022-05-19,4.76241666666667,NA,4.76241666666667
2022-05-20,4.801875,NA,4.801875
2022-05-21,4.55066666666667,NA,4.55066666666667
2022-05-22,4.37091666666667,NA,4.37091666666667
2022-05-23,4.38541666666667,NA,4.38541666666667
2022-05-24,4.25379166666667,NA,4.25379166666667
2022-05-25,4.26704166666667,NA,4.26704166666667
2022-05-26,4.29375,NA,4.29375
2022-05-27,4.29933333333333,NA,4.29933333333333
2022-05-28,4.3485,NA,4.3485
2022-05-29,4.38416666666667,NA,4.38416666666667
2022-05-30,4.40870833333333,NA,4.40870833333333
2022-05-31,4.43066666666667,NA,4.43066666666667
2022-06-01,4.50204166666667,NA,4.50204166666667
2022-06-02,4.55575,NA,4.55575
2022-06-03,4.580125,NA,4.580125
2022-06-04,4.597375,NA,4.597375
2022-06-05,4.61904166666667,NA,4.61904166666667
2022-06-06,4.66879166666667,NA,4.66879166666667
2022-06-07,4.65941666666667,NA,4.65941666666667
2022-06-08,4.56541666666667,NA,4.56541666666667
2022-06-09,4.56204166666667,NA,4.56204166666667
2022-06-10,4.63220833333333,NA,4.63220833333333
2022-06-11,4.6585,NA,4.6585
2022-06-12,4.6495,NA,4.6495
2022-06-13,4.74075,NA,4.74075
2022-06-14,4.81454166666667,NA,4.81454166666667
2022-06-15,4.92941666666667,NA,4.92941666666667
2022-06-16,5.09770833333333,NA,5.09770833333333
2022-06-17,5.22929166666667,NA,5.22929166666667
2022-06-18,5.305875,NA,5.305875
2022-06-19,5.30479166666667,NA,5.30479166666667
2022-06-20,5.295,NA,5.295
2022-06-21,5.343125,NA,5.343125
2022-06-22,5.334,NA,5.334
2022-06-23,5.13054166666667,NA,5.13054166666667
2022-06-24,4.94004166666667,NA,4.94004166666667
2022-06-25,4.87808333333333,NA,4.87808333333333
2022-06-26,4.90504166666667,NA,4.90504166666667
2022-06-27,4.971,NA,4.971
2022-06-28,4.9635,NA,4.9635
2022-06-29,4.980625,NA,4.980625
2022-06-30,4.99695833333333,NA,4.99695833333333
2022-07-01,4.9686,NA,4.9686
2022-07-02,4.99568991935484,NA,4.99568991935484
2022-07-03,5.02277983870968,NA,5.02277983870968
2022-07-04,5.04986975806452,NA,5.04986975806452
2022-07-05,5.07695967741935,NA,5.07695967741935
2022-07-06,5.10404959677419,NA,5.10404959677419
2022-07-07,5.13113951612903,NA,5.13113951612903
2022-07-08,5.15822943548387,NA,5.15822943548387
2022-07-09,5.18531935483871,NA,5.18531935483871
2022-07-10,5.21240927419355,NA,5.21240927419355
2022-07-11,5.23949919354839,NA,5.23949919354839
2022-07-12,5.26658911290323,NA,5.26658911290323
2022-07-13,5.29367903225806,NA,5.29367903225806
2022-07-14,5.3207689516129,NA,5.3207689516129
2022-07-15,5.34785887096774,NA,5.34785887096774
2022-07-16,5.37494879032258,NA,5.37494879032258
2022-07-17,5.40203870967742,NA,5.40203870967742
2022-07-18,5.42912862903226,NA,5.42912862903226
2022-07-19,5.4562185483871,NA,5.4562185483871
2022-07-20,5.48330846774194,NA,5.48330846774194
2022-07-21,5.51039838709677,NA,5.51039838709677
2022-07-22,5.53748830645161,NA,5.53748830645161
2022-07-23,5.56457822580645,NA,5.56457822580645
2022-07-24,5.59166814516129,NA,5.59166814516129
2022-07-25,5.61875806451613,NA,5.61875806451613
2022-07-26,5.64584798387097,NA,5.64584798387097
2022-07-27,5.67293790322581,NA,5.67293790322581
2022-07-28,5.70002782258065,NA,5.70002782258065
2022-07-29,5.72711774193548,NA,5.72711774193548
2022-07-30,5.75420766129032,NA,5.75420766129032
2022-07-31,5.78129758064516,NA,5.78129758064516
2022-08-01,5.8083875,NA,5.8083875
2022-08-02,5.83547741935484,NA,5.83547741935484
2022-08-03,5.86256733870968,NA,5.86256733870968
2022-08-04,5.88965725806452,NA,5.88965725806452
2022-08-05,5.91674717741935,NA,5.91674717741935
2022-08-06,5.94383709677419,NA,5.94383709677419
2022-08-07,5.97092701612903,NA,5.97092701612903
2022-08-08,5.99801693548387,NA,5.99801693548387
2022-08-09,6.02510685483871,NA,6.02510685483871
2022-08-10,6.05219677419355,NA,6.05219677419355
2022-08-11,6.07928669354839,NA,6.07928669354839
2022-08-12,6.10637661290323,NA,6.10637661290323
2022-08-13,6.13346653225806,NA,6.13346653225806
2022-08-14,6.1605564516129,NA,6.1605564516129
2022-08-15,6.18764637096774,NA,6.18764637096774
2022-08-16,6.21473629032258,NA,6.21473629032258
2022-08-17,6.24182620967742,NA,6.24182620967742
2022-08-18,6.26891612903226,NA,6.26891612903226
2022-08-19,6.2960060483871,NA,6.2960060483871
2022-08-20,6.32309596774194,NA,6.32309596774194
2022-08-21,6.35018588709677,NA,6.35018588709677
2022-08-22,6.37727580645161,NA,6.37727580645161
2022-08-23,6.40436572580645,NA,6.40436572580645
2022-08-24,6.43145564516129,NA,6.43145564516129
2022-08-25,6.45854556451613,NA,6.45854556451613
2022-08-26,6.48563548387097,NA,6.48563548387097
2022-08-27,6.51272540322581,NA,6.51272540322581
2022-08-28,6.53981532258065,NA,6.53981532258065
2022-08-29,6.56690524193548,NA,6.56690524193548
2022-08-30,6.59399516129032,NA,6.59399516129032
2022-08-31,6.62108508064516,NA,6.62108508064516
2022-09-01,6.648175,NA,6.648175
2022-09-02,6.73102083333333,NA,6.73102083333333
2022-09-03,6.7575375,NA,6.7575375
2022-09-04,6.806,NA,6.806
2022-09-05,6.81747083333333,NA,6.81747083333333
2022-09-06,6.88611666666667,NA,6.88611666666667
2022-09-07,6.94063333333333,NA,6.94063333333333
2022-09-08,6.93818333333333,NA,6.93818333333333
2022-09-09,7.0544125,NA,7.0544125
2022-09-10,7.067725,NA,7.067725
2022-09-11,7.12082083333333,NA,7.12082083333333
2022-09-12,7.2310625,NA,7.2310625
2022-09-13,7.30522916666667,NA,7.30522916666667
2022-09-14,7.3750625,NA,7.3750625
2022-09-15,6.89499583333333,NA,6.89499583333333
2022-09-16,6.6884125,NA,6.6884125
2022-09-17,6.7743125,NA,6.7743125
2022-09-18,7.05285833333333,NA,7.05285833333333
2022-09-19,6.883525,NA,6.883525
2022-09-20,6.46352083333333,NA,6.46352083333333
2022-09-21,6.39150833333333,NA,6.39150833333333
2022-09-22,6.560175,NA,6.560175
2022-09-23,6.80032916666667,NA,6.80032916666667
2022-09-24,7.02227916666667,NA,7.02227916666667
2022-09-25,7.30667916666667,NA,7.30667916666667
2022-09-26,7.49742916666667,NA,7.49742916666667
2022-09-27,7.46446666666667,NA,7.46446666666667
2022-09-28,7.2346875,NA,7.2346875
2022-09-29,6.50610833333333,NA,6.50610833333333
2022-09-30,6.494825,NA,6.494825
2022-10-01,6.50969166666667,NA,6.50969166666667
2022-10-02,6.63455,NA,6.63455
2022-10-03,6.6717125,NA,6.6717125
2022-10-04,6.76460416666667,NA,6.76460416666667
2022-10-05,6.80045833333333,NA,6.80045833333333
2022-10-06,6.741475,NA,6.741475
2022-10-07,6.84542083333333,NA,6.84542083333333
2022-10-08,6.97550416666667,NA,6.97550416666667
2022-10-09,7.0995125,NA,7.0995125
2022-10-10,7.3680125,NA,7.3680125
2022-10-11,7.5326875,NA,7.5326875
2022-10-12,7.7634625,NA,7.7634625
2022-10-13,7.77225,NA,7.77225
2022-10-14,7.5661375,NA,7.5661375
2022-10-15,7.40661666666667,NA,7.40661666666667
2022-10-16,7.517575,NA,7.517575
2022-10-17,7.676475,NA,7.676475
2022-10-18,7.96415416666667,NA,7.96415416666667
2022-10-19,8.49048333333333,NA,8.49048333333333
2022-10-20,8.6621625,NA,8.6621625
2022-10-21,8.61232083333333,NA,8.61232083333333
2022-10-22,8.24752916666667,NA,8.24752916666667
2022-10-23,8.47445416666667,NA,8.47445416666667
2022-10-24,8.51417083333333,NA,8.51417083333333
2022-10-25,8.47238333333333,NA,8.47238333333333
2022-10-26,8.65589166666667,NA,8.65589166666667
2022-10-27,8.85315,NA,8.85315
2022-10-28,8.6774125,NA,8.6774125
2022-10-29,8.1779875,NA,8.1779875
2022-10-30,8.20308333333333,NA,8.20308333333333
2022-10-31,8.14164166666667,NA,8.14164166666667
2022-11-01,8.19007083333333,NA,8.19007083333333
2022-11-02,8.01492916666667,NA,8.01492916666667
2022-11-03,7.77860833333333,NA,7.77860833333333
2022-11-04,8.140725,NA,8.140725
2022-11-05,8.44821666666667,NA,8.44821666666667
2022-11-06,7.62354583333333,NA,7.62354583333333
2022-11-07,7.36601666666667,NA,7.36601666666667
2022-11-08,7.2597625,NA,7.2597625
2022-11-09,7.0582,NA,7.0582
2022-11-10,7.27192083333333,NA,7.27192083333333
2022-11-11,7.5465125,NA,7.5465125
2022-11-12,7.60804583333333,NA,7.60804583333333
2022-11-13,7.630725,NA,7.630725
2022-11-14,7.5089,NA,7.5089
2022-11-15,7.325625,NA,7.325625
2022-11-16,7.2900125,NA,7.2900125
2022-11-17,7.15387916666667,NA,7.15387916666667
2022-11-18,7.34607916666667,NA,7.34607916666667
2022-11-19,7.40902083333333,NA,7.40902083333333
2022-11-20,7.15830416666667,NA,7.15830416666667
2022-11-21,7.09862916666667,NA,7.09862916666667
2022-11-22,6.93121666666667,NA,6.93121666666667
2022-11-23,7.00998333333333,NA,7.00998333333333
2022-11-24,6.3695125,NA,6.3695125
2022-11-25,6.36082916666667,NA,6.36082916666667
2022-11-26,6.46856666666667,NA,6.46856666666667
2022-11-27,6.62242083333333,NA,6.62242083333333
2022-11-28,6.574625,NA,6.574625
2022-11-29,6.35095,NA,6.35095
2022-11-30,6.4480125,NA,6.4480125
2022-12-01,6.42262083333333,NA,6.42262083333333
2022-12-02,6.43550416666667,NA,6.43550416666667
2022-12-03,6.54187083333333,NA,6.54187083333333
2022-12-04,6.4300125,NA,6.4300125
2022-12-05,6.465825,NA,6.465825
2022-12-06,6.4731125,NA,6.4731125
2022-12-07,6.4498875,NA,6.4498875
2022-12-08,6.41625416666667,NA,6.41625416666667
2022-12-09,6.34249583333333,NA,6.34249583333333
2022-12-10,6.29395,NA,6.29395
2022-12-11,6.2718875,NA,6.2718875
2022-12-12,6.1715125,NA,6.1715125
2022-12-13,6.06130416666667,NA,6.06130416666667
2022-12-14,6.08961666666667,NA,6.08961666666667
2022-12-15,6.09827083333333,NA,6.09827083333333
2022-12-16,6.24824166666667,NA,6.24824166666667
2022-12-17,6.38782083333333,NA,6.38782083333333
2022-12-18,6.39090416666667,NA,6.39090416666667
2022-12-19,6.42203333333333,NA,6.42203333333333
2022-12-20,6.3014875,NA,6.3014875
2022-12-21,6.3037875,NA,6.3037875
2022-12-22,6.2344125,NA,6.2344125
2022-12-23,5.87838333333333,NA,5.87838333333333
2022-12-24,5.7901,NA,5.7901
2022-12-25,5.70505416666667,NA,5.70505416666667
2022-12-26,5.59686666666667,NA,5.59686666666667
2022-12-27,5.5026625,NA,5.5026625
2022-12-28,5.48175416666667,NA,5.48175416666667
2022-12-29,5.47669166666667,NA,5.47669166666667
2022-12-30,5.48849583333333,NA,5.48849583333333
2022-12-31,5.4797625,NA,5.4797625
2023-01-01,5.54992916666667,NA,5.54992916666667
2023-01-02,5.47690833333333,NA,5.47690833333333
2023-01-03,5.36563333333333,NA,5.36563333333333
2023-01-04,5.293825,NA,5.293825
2023-01-05,5.33795416666667,NA,5.33795416666667
2023-01-06,5.26955416666667,NA,5.26955416666667
2023-01-07,5.1793125,NA,5.1793125
2023-01-08,5.12274166666667,NA,5.12274166666667
2023-01-09,5.1194625,NA,5.1194625
2023-01-10,5.14963333333333,NA,5.14963333333333
2023-01-11,5.102125,NA,5.102125
2023-01-12,5.12547916666667,NA,5.12547916666667
2023-01-13,5.07062083333333,NA,5.07062083333333
2023-01-14,5.08555833333333,NA,5.08555833333333
2023-01-15,5.02675,NA,5.02675
2023-01-16,5.027725,NA,5.027725
2023-01-17,5.0351,NA,5.0351
2023-01-18,5.01673333333333,NA,5.01673333333333
2023-01-19,4.96097083333333,NA,4.96097083333333
2023-01-20,4.89732083333333,NA,4.89732083333333
2023-01-21,4.7438625,NA,4.7438625
2023-01-22,4.71107916666667,NA,4.71107916666667
2023-01-23,4.72179583333333,NA,4.72179583333333
2023-01-24,4.78719583333333,NA,4.78719583333333
2023-01-25,4.8175,NA,4.8175
2023-01-26,4.825575,NA,4.825575
2023-01-27,4.78522083333333,NA,4.78522083333333
2023-01-28,4.78871666666667,NA,4.78871666666667
2023-01-29,4.7761,NA,4.7761
2023-01-30,4.77674166666667,NA,4.77674166666667
2023-01-31,4.7674,NA,4.7674
2023-02-01,4.7606,NA,4.7606
2023-02-02,4.7064375,NA,4.7064375
2023-02-03,4.71669583333333,NA,4.71669583333333
2023-02-04,4.78597083333333,NA,4.78597083333333
2023-02-05,4.81270416666667,NA,4.81270416666667
2023-02-06,4.7739,NA,4.7739
2023-02-07,4.69409583333333,NA,4.69409583333333
2023-02-08,4.63942916666667,NA,4.63942916666667
2023-02-09,4.6616125,NA,4.6616125
2023-02-10,4.7246125,NA,4.7246125
2023-02-11,4.59270416666667,NA,4.59270416666667
2023-02-12,4.62107916666667,NA,4.62107916666667
2023-02-13,4.48707916666667,NA,4.48707916666667
2023-02-14,4.44989166666667,NA,4.44989166666667
2023-02-15,4.26282083333333,NA,4.26282083333333
2023-02-16,4.13919583333333,NA,4.13919583333333
2023-02-17,4.07149583333333,NA,4.07149583333333
2023-02-18,4.03652083333333,NA,4.03652083333333
2023-02-19,3.98476666666667,NA,3.98476666666667
2023-02-20,4.03712083333333,NA,4.03712083333333
2023-02-21,4.01137916666667,NA,4.01137916666667
2023-02-22,4.08559166666667,NA,4.08559166666667
2023-02-23,4.1776625,NA,4.1776625
2023-02-24,4.29472916666667,NA,4.29472916666667
2023-02-25,4.3126125,NA,4.3126125
2023-02-26,4.27770833333333,NA,4.27770833333333
2023-02-27,4.38504166666667,NA,4.38504166666667
2023-02-28,4.3661875,NA,4.3661875
2023-03-01,4.31777083333333,NA,4.31777083333333
2023-03-02,4.16334166666667,NA,4.16334166666667
2023-03-03,4.21014583333333,NA,4.21014583333333
2023-03-04,4.114325,NA,4.114325
2023-03-05,4.05625833333333,NA,4.05625833333333
2023-03-06,4.06845833333333,NA,4.06845833333333
2023-03-07,4.15492083333333,NA,4.15492083333333
2023-03-08,4.21655416666667,NA,4.21655416666667
2023-03-09,4.2954125,NA,4.2954125
2023-03-10,4.302575,NA,4.302575
2023-03-11,4.27229166666667,NA,4.27229166666667
2023-03-12,4.23686666666667,NA,4.23686666666667
2023-03-13,4.23205833333333,NA,4.23205833333333
2023-03-14,4.3050125,NA,4.3050125
2023-03-15,4.26517083333333,NA,4.26517083333333
2023-03-16,4.23089166666667,NA,4.23089166666667
2023-03-17,4.12548333333333,NA,4.12548333333333
2023-03-18,4.08462916666667,NA,4.08462916666667
2023-03-19,4.06776666666667,NA,4.06776666666667
2023-03-20,4.0134125,NA,4.0134125
2023-03-21,4.00126666666667,NA,4.00126666666667
2023-03-22,3.938825,NA,3.938825
2023-03-23,4.00848333333333,NA,4.00848333333333
2023-03-24,4.18413333333333,NA,4.18413333333333
2023-03-25,4.00722083333333,NA,4.00722083333333
2023-03-26,4.0189,NA,4.0189
2023-03-27,4.140725,NA,4.140725
2023-03-28,4.3176875,NA,4.3176875
2023-03-29,4.43275416666667,NA,4.43275416666667
2023-03-30,4.38084166666667,NA,4.38084166666667
2023-03-31,4.3912125,NA,4.3912125
2023-04-01,4.37070416666667,NA,4.37070416666667
2023-04-02,4.10350416666667,NA,4.10350416666667
2023-04-03,4.10446666666667,NA,4.10446666666667
2023-04-04,4.0896875,NA,4.0896875
2023-04-05,4.05845416666667,NA,4.05845416666667
2023-04-06,4.0902375,NA,4.0902375
2023-04-07,4.114325,NA,4.114325
2023-04-08,4.1788,NA,4.1788
2023-04-09,4.154975,NA,4.154975
2023-04-10,4.08232916666667,NA,4.08232916666667
2023-04-11,4.0796,NA,4.0796
2023-04-12,4.03944166666667,NA,4.03944166666667
2023-04-13,3.985975,NA,3.985975
2023-04-14,4.09494583333333,NA,4.09494583333333
2023-04-15,3.90359166666667,NA,3.90359166666667
2023-04-16,3.65017916666667,NA,3.65017916666667
2023-04-17,3.6552625,NA,3.6552625
2023-04-18,3.62903333333333,NA,3.62903333333333
2023-04-19,3.62327916666667,NA,3.62327916666667
2023-04-20,3.61862916666667,NA,3.61862916666667
2023-04-21,3.6685875,NA,3.6685875
2023-04-22,3.72204583333333,NA,3.72204583333333
2023-04-23,3.8319125,NA,3.8319125
2023-04-24,3.91904166666667,NA,3.91904166666667
2023-04-25,3.98345,NA,3.98345
2023-04-26,3.93882916666667,NA,3.93882916666667
2023-04-27,3.86404166666667,NA,3.86404166666667
2023-04-28,3.84001666666667,NA,3.84001666666667
2023-04-29,3.83880833333333,NA,3.83880833333333
2023-04-30,3.88185,NA,3.88185
2023-05-01,3.96137083333333,NA,3.96137083333333
2023-05-02,4.03729166666667,NA,4.03729166666667
2023-05-03,4.0216375,NA,4.0216375
2023-05-04,4.0259625,NA,4.0259625
2023-05-05,4.01994583333333,NA,4.01994583333333
2023-05-06,4.0447,NA,4.0447
2023-05-07,4.070925,NA,4.070925
2023-05-08,4.07919166666667,NA,4.07919166666667
2023-05-09,4.134725,NA,4.134725
2023-05-10,4.10630833333333,NA,4.10630833333333
2023-05-11,4.06507916666667,NA,4.06507916666667
2023-05-12,3.96887916666667,NA,3.96887916666667
2023-05-13,3.9373375,NA,3.9373375
2023-05-14,3.85447083333333,NA,3.85447083333333
2023-05-15,3.87395,NA,3.87395
2023-05-16,3.97625,NA,3.97625
2023-05-17,3.93025416666667,NA,3.93025416666667
2023-05-18,3.94277083333333,NA,3.94277083333333
2023-05-19,3.98580833333333,NA,3.98580833333333
2023-05-20,3.97349166666667,NA,3.97349166666667
2023-05-21,3.94470833333333,NA,3.94470833333333
2023-05-22,3.958425,NA,3.958425
2023-05-23,3.88863333333333,NA,3.88863333333333
2023-05-24,3.9762875,NA,3.9762875
2023-05-25,4.01727916666667,NA,4.01727916666667
2023-05-26,4.02056666666667,NA,4.02056666666667
2023-05-27,3.986025,NA,3.986025
2023-05-28,3.95254583333333,NA,3.95254583333333
2023-05-29,3.97465416666667,NA,3.97465416666667
2023-05-30,4.0309375,NA,4.0309375
2023-05-31,4.0194375,NA,4.0194375
2023-06-01,4.00712916666667,NA,4.00712916666667
2023-06-02,4.0453625,NA,4.0453625
2023-06-03,4.047025,NA,4.047025
2023-06-04,4.1591625,NA,4.1591625
2023-06-05,4.2648958333333304,NA,4.2648958333333304
2023-06-06,4.38857916666667,NA,4.38857916666667
2023-06-07,4.38560416666667,NA,4.38560416666667
2023-06-08,4.32785833333333,NA,4.32785833333333
2023-06-09,4.36,NA,4.36
2023-06-10,4.47747083333333,NA,4.47747083333333
2023-06-11,4.44640416666667,NA,4.44640416666667
2023-06-12,4.44140833333333,NA,4.44140833333333
2023-06-13,4.430125,NA,4.430125
2023-06-14,4.30841666666667,NA,4.30841666666667
2023-06-15,4.20204166666667,NA,4.20204166666667
2023-06-16,4.171425,NA,4.171425
2023-06-17,4.16877916666667,NA,4.16877916666667
2023-06-18,4.16091666666667,NA,4.16091666666667
2023-06-19,4.285625,NA,4.285625
2023-06-20,4.44754166666667,NA,4.44754166666667
2023-06-21,4.634975,NA,4.634975
2023-06-22,4.81867083333333,NA,4.81867083333333
2023-06-23,4.94229583333333,NA,4.94229583333333
2023-06-24,5.01338333333333,NA,5.01338333333333
2023-06-25,4.92557083333333,NA,4.92557083333333
2023-06-26,4.6823125,NA,4.6823125
2023-06-27,4.413975,NA,4.413975
2023-06-28,4.353725,NA,4.353725
2023-06-29,4.33500833333333,NA,4.33500833333333
2023-06-30,4.37927916666667,NA,4.37927916666667
2023-07-01,4.4566375,NA,4.4566375
2023-07-02,4.5319375,NA,4.5319375
2023-07-03,4.65499166666667,NA,4.65499166666667
2023-07-04,4.69627916666667,NA,4.69627916666667
2023-07-05,4.81216666666667,NA,4.81216666666667
2023-07-06,4.94495833333333,NA,4.94495833333333
2023-07-07,5.16059166666667,NA,5.16059166666667
2023-07-08,5.2577875,NA,5.2577875
2023-07-09,5.23065,NA,5.23065
2023-07-10,5.19052083333333,NA,5.19052083333333
2023-07-11,5.140375,NA,5.140375
2023-07-12,5.07028333333333,NA,5.07028333333333
2023-07-13,4.9232375,NA,4.9232375
2023-07-14,4.83639583333333,NA,4.83639583333333
2023-07-15,4.85045,NA,4.85045
2023-07-16,5.0302625,NA,5.0302625
2023-07-17,5.2832875,NA,5.2832875
2023-07-18,5.50145833333333,NA,5.50145833333333
2023-07-19,5.4308125,NA,5.4308125
2023-07-20,5.35344583333333,NA,5.35344583333333
2023-07-21,5.49042916666667,NA,5.49042916666667
2023-07-22,5.52940833333333,NA,5.52940833333333
2023-07-23,5.373875,NA,5.373875
2023-07-24,5.39880833333333,NA,5.39880833333333
2023-07-25,5.31107916666667,NA,5.31107916666667
2023-07-26,5.27235416666667,NA,5.27235416666667
2023-07-27,5.21593333333333,NA,5.21593333333333
2023-07-28,5.2044125,NA,5.2044125
2023-07-29,5.35135833333333,NA,5.35135833333333
2023-07-30,5.41594166666667,NA,5.41594166666667
2023-07-31,5.55242916666667,NA,5.55242916666667
2023-08-01,5.68171666666667,NA,5.68171666666667
2023-08-02,5.82590416666667,NA,5.82590416666667
2023-08-03,5.83735833333333,NA,5.83735833333333
2023-08-04,5.7365,NA,5.7365
2023-08-05,5.678475,NA,5.678475
2023-08-06,5.72570833333333,NA,5.72570833333333
2023-08-07,5.75271666666667,NA,5.75271666666667
2023-08-08,5.628075,NA,5.628075
2023-08-09,5.4954125,NA,5.4954125
2023-08-10,5.423475,NA,5.423475
2023-08-11,5.64829166666667,NA,5.64829166666667
2023-08-12,5.88674583333333,NA,5.88674583333333
2023-08-13,5.58835833333333,NA,5.58835833333333
2023-08-14,5.48734166666667,NA,5.48734166666667
2023-08-15,5.5597625,NA,5.5597625
2023-08-16,5.6332375,NA,5.6332375
2023-08-17,5.70945,NA,5.70945
2023-08-18,5.82979545454545,NA,5.82979545454545
2023-08-19,5.76643333333333,NA,5.76643333333333
2023-08-20,5.825075,NA,5.825075
2023-08-21,5.93409583333333,NA,5.93409583333333
2023-08-22,6.11279166666667,NA,6.11279166666667
2023-08-23,6.1184125,NA,6.1184125
2023-08-24,6.1366,NA,6.1366
2023-08-25,6.18370833333333,NA,6.18370833333333
2023-08-26,6.01276666666667,NA,6.01276666666667
2023-08-27,5.96664166666667,NA,5.96664166666667
2023-08-28,6.02179583333333,NA,6.02179583333333
2023-08-29,6.1279125,NA,6.1279125
2023-08-30,6.24865833333333,NA,6.24865833333333
2023-08-31,6.28325833333333,NA,6.28325833333333
2023-09-01,6.40624166666667,NA,6.40624166666667
2023-09-02,6.40842916666667,NA,6.40842916666667
2023-09-03,6.67002083333333,NA,6.67002083333333
2023-09-04,6.96227916666667,NA,6.96227916666667
2023-09-05,6.55655,NA,6.55655
2023-09-06,6.60039166666667,NA,6.60039166666667
2023-09-07,6.7986125,NA,6.7986125
2023-09-08,7.16456666666667,NA,7.16456666666667
2023-09-09,7.163875,NA,7.163875
2023-09-10,6.52235416666667,NA,6.52235416666667
2023-09-11,6.04212083333333,NA,6.04212083333333
2023-09-12,6.02712916666667,NA,6.02712916666667
2023-09-13,6.00821666666667,NA,6.00821666666667
2023-09-14,6.07198333333333,NA,6.07198333333333
2023-09-15,6.17105416666667,NA,6.17105416666667
2023-09-16,6.2338625,NA,6.2338625
2023-09-17,6.8720625,NA,6.8720625
2023-09-18,7.32698333333333,NA,7.32698333333333
2023-09-19,7.01135833333333,NA,7.01135833333333
2023-09-20,6.70952083333333,NA,6.70952083333333
2023-09-21,6.589425,NA,6.589425
2023-09-22,6.85635416666667,NA,6.85635416666667
2023-09-23,7.16460833333333,NA,7.16460833333333
2023-09-24,7.06225833333333,NA,7.06225833333333
2023-09-25,6.90637083333333,NA,6.90637083333333
2023-09-26,6.8206625,NA,6.8206625
2023-09-27,6.86190833333333,NA,6.86190833333333
2023-09-28,6.88711666666667,NA,6.88711666666667
2023-09-29,6.94395,NA,6.94395
2023-09-30,7.10372916666667,NA,7.10372916666667
2023-10-01,7.18744166666667,NA,7.18744166666667
2023-10-02,7.36972916666667,NA,7.36972916666667
2023-10-03,7.3582375,NA,7.3582375
2023-10-04,7.42292083333333,NA,7.42292083333333
2023-10-05,7.5690625,NA,7.5690625
2023-10-06,7.49900416666667,NA,7.49900416666667
2023-10-07,7.3638125,NA,7.3638125
2023-10-08,7.5420625,NA,7.5420625
2023-10-09,7.99502916666667,NA,7.99502916666667
2023-10-10,8.35645833333333,NA,8.35645833333333
2023-10-11,8.47745833333333,NA,8.47745833333333
2023-10-12,8.39967916666667,NA,8.39967916666667
2023-10-13,8.58537916666667,NA,8.58537916666667
2023-10-14,8.41292083333333,NA,8.41292083333333
2023-10-15,8.42845833333333,NA,8.42845833333333
2023-10-16,8.70866666666667,NA,8.70866666666667
2023-10-17,8.56120833333333,NA,8.56120833333333
2023-10-18,8.7653625,NA,8.7653625
2023-10-19,8.85548333333333,NA,8.85548333333333
2023-10-20,8.80247916666667,NA,8.80247916666667
2023-10-21,8.53085,NA,8.53085
2023-10-22,7.89214166666667,NA,7.89214166666667
2023-10-23,8.26325833333333,NA,8.26325833333333
2023-10-24,8.508875,NA,8.508875
2023-10-25,8.51799166666667,NA,8.51799166666667
2023-10-26,8.55533333333333,NA,8.55533333333333
2023-10-27,8.6644625,NA,8.6644625
2023-10-28,8.723825,NA,8.723825
2023-10-29,8.4069625,NA,8.4069625
2023-10-30,8.51168333333333,NA,8.51168333333333
2023-10-31,8.24863333333333,NA,8.24863333333333
2023-11-01,8.21260416666667,NA,8.21260416666667
2023-11-02,8.17923333333333,NA,8.17923333333333
2023-11-03,8.27204166666667,NA,8.27204166666667
2023-11-04,8.30579583333333,NA,8.30579583333333
2023-11-05,8.3167375,NA,8.3167375
2023-11-06,8.25901666666667,NA,8.25901666666667
2023-11-07,8.2428375,NA,8.2428375
2023-11-08,8.19462083333333,NA,8.19462083333333
2023-11-09,8.11750416666667,NA,8.11750416666667
2023-11-10,8.14752083333333,NA,8.14752083333333
2023-11-11,7.72083333333333,NA,7.72083333333333
2023-11-12,7.82330416666667,NA,7.82330416666667
2023-11-13,7.6597625,NA,7.6597625
2023-11-14,7.673,NA,7.673
2023-11-15,7.81815416666667,NA,7.81815416666667
2023-11-16,7.76475833333333,NA,7.76475833333333
2023-11-17,7.85705833333333,NA,7.85705833333333
2023-11-18,7.90326666666667,NA,7.90326666666667
2023-11-19,7.94046666666667,NA,7.94046666666667
2023-11-20,7.80608333333333,NA,7.80608333333333
2023-11-21,7.64657083333333,NA,7.64657083333333
2023-11-22,7.20346666666667,NA,7.20346666666667
2023-11-23,7.68294166666667,NA,7.68294166666667
2023-11-24,7.63483333333333,NA,7.63483333333333
2023-11-25,7.38883333333333,NA,7.38883333333333
2023-11-26,7.35035,NA,7.35035
2023-11-27,7.36385,NA,7.36385
2023-11-28,7.4754875,NA,7.4754875
2023-11-29,7.4261625,NA,7.4261625
2023-11-30,7.53804166666667,NA,7.53804166666667
2023-12-01,7.46415,NA,7.46415
2023-12-02,7.47887083333333,NA,7.47887083333333
2023-12-03,7.5706625,NA,7.5706625
2023-12-04,7.58112083333333,NA,7.58112083333333
2023-12-05,6.79555833333333,NA,6.79555833333333
2023-12-06,6.50102083333333,NA,6.50102083333333
2023-12-07,6.46801666666667,NA,6.46801666666667
2023-12-08,6.79939583333333,NA,6.79939583333333
2023-12-09,7.03645833333333,NA,7.03645833333333
2023-12-10,7.0882625,NA,7.0882625
2023-12-11,6.73355416666667,NA,6.73355416666667
2023-12-12,6.3730625,NA,6.3730625
2023-12-13,5.92845833333333,NA,5.92845833333333
2023-12-14,5.79119583333333,NA,5.79119583333333
2023-12-15,5.82420833333333,NA,5.82420833333333
2023-12-16,5.88825833333333,NA,5.88825833333333
2023-12-17,5.91978333333333,NA,5.91978333333333
2023-12-18,6.0143875,NA,6.0143875
2023-12-19,5.95325833333333,NA,5.95325833333333
2023-12-20,5.83215,NA,5.83215
2023-12-21,5.91470416666667,NA,5.91470416666667
2023-12-22,5.87796666666667,NA,5.87796666666667
2023-12-23,5.71202083333333,NA,5.71202083333333
2023-12-24,5.67625833333333,NA,5.67625833333333
2023-12-25,5.44384166666667,NA,5.44384166666667
2023-12-26,5.3466375,NA,5.3466375
2023-12-27,5.272775,NA,5.272775
2023-12-28,5.24407916666667,NA,5.24407916666667
2023-12-29,5.21808333333333,NA,5.21808333333333
2023-12-30,5.17477083333333,NA,5.17477083333333
2023-12-31,5.20422916666667,NA,5.20422916666667
2024-01-01,5.22494583333333,NA,5.22494583333333
2024-01-02,5.1785875,NA,5.1785875
2024-01-03,5.13459583333333,NA,5.13459583333333
2024-01-04,5.071,NA,5.071
2024-01-05,5.06854166666667,NA,5.06854166666667
2024-01-06,5.05674583333333,NA,5.05674583333333
2024-01-07,5.06422916666667,NA,5.06422916666667
2024-01-08,5.0032375,NA,5.0032375
2024-01-09,4.9551125,NA,4.9551125
2024-01-10,4.92814583333333,NA,4.92814583333333
2024-01-11,4.93440833333333,NA,4.93440833333333
2024-01-12,4.9217375,NA,4.9217375
2024-01-13,4.91621666666667,NA,4.91621666666667
2024-01-14,4.87498333333333,NA,4.87498333333333
2024-01-15,4.88555,NA,4.88555
2024-01-16,4.94775833333333,NA,4.94775833333333
2024-01-17,4.9727375,NA,4.9727375
2024-01-18,4.9359125,NA,4.9359125
2024-01-19,4.82636666666667,NA,4.82636666666667
2024-01-20,4.824525,NA,4.824525
2024-01-21,4.85344166666667,NA,4.85344166666667
2024-01-22,4.81439166666667,NA,4.81439166666667
2024-01-23,4.81829583333333,NA,4.81829583333333
2024-01-24,4.82970416666667,NA,4.82970416666667
2024-01-25,4.87184583333333,NA,4.87184583333333
2024-01-26,4.82995416666667,NA,4.82995416666667
2024-01-27,4.71854583333333,NA,4.71854583333333
2024-01-28,4.65732916666667,NA,4.65732916666667
2024-01-29,4.52412083333333,NA,4.52412083333333
2024-01-30,4.33407916666667,NA,4.33407916666667
2024-01-31,4.30124166666667,NA,4.30124166666667
2024-02-01,4.43918333333333,NA,4.43918333333333
2024-02-02,4.4917375,NA,4.4917375
2024-02-03,4.53252916666667,NA,4.53252916666667
2024-02-04,4.54249166666667,NA,4.54249166666667
2024-02-05,4.39698333333333,NA,4.39698333333333
2024-02-06,4.31995833333333,NA,4.31995833333333
2024-02-07,4.2947875,NA,4.2947875
2024-02-08,4.27738333333333,NA,4.27738333333333
2024-02-09,4.35094583333333,NA,4.35094583333333
2024-02-10,4.24980833333333,NA,4.24980833333333
2024-02-11,4.19552083333333,NA,4.19552083333333
2024-02-12,4.22953333333333,NA,4.22953333333333
2024-02-13,4.25828333333333,NA,4.25828333333333
2024-02-14,4.28280833333333,NA,4.28280833333333
2024-02-15,4.362175,NA,4.362175
2024-02-16,4.402475,NA,4.402475
2024-02-17,4.45924583333333,NA,4.45924583333333
2024-02-18,4.4578625,NA,4.4578625
2024-02-19,4.418675,NA,4.418675
2024-02-20,4.35875,NA,4.35875
2024-02-21,4.3152375,NA,4.3152375
2024-02-22,4.195925,NA,4.195925
2024-02-23,4.1668875,NA,4.1668875
2024-02-24,4.15109166666667,NA,4.15109166666667
2024-02-25,4.108225,NA,4.108225
2024-02-26,4.11804166666667,NA,4.11804166666667
2024-02-27,4.07114166666667,NA,4.07114166666667
2024-02-28,3.9092,NA,3.9092
2024-02-29,3.7583375,NA,3.7583375
2024-03-01,3.8845,NA,3.8845
2024-03-02,3.98705833333333,NA,3.98705833333333
2024-03-03,4.03965,NA,4.03965
2024-03-04,4.0099,NA,4.0099
2024-03-05,3.96097916666667,NA,3.96097916666667
2024-03-06,3.92142916666667,NA,3.92142916666667
2024-03-07,3.8938125,NA,3.8938125
2024-03-08,3.83255833333333,NA,3.83255833333333
2024-03-09,3.66682083333333,NA,3.66682083333333
2024-03-10,3.66040416666667,NA,3.66040416666667
2024-03-11,3.69759166666667,NA,3.69759166666667
2024-03-12,3.44202083333333,NA,3.44202083333333
2024-03-13,3.41287916666667,NA,3.41287916666667
2024-03-14,3.54812916666667,NA,3.54812916666667
2024-03-15,3.46465416666667,NA,3.46465416666667
2024-03-16,3.44473333333333,NA,3.44473333333333
2024-03-17,3.429725,NA,3.429725
2024-03-18,3.4097,NA,3.4097
2024-03-19,3.46807916666667,NA,3.46807916666667
2024-03-20,3.4284625,NA,3.4284625
2024-03-21,3.4557875,NA,3.4557875
2024-03-22,3.52982083333333,NA,3.52982083333333
2024-03-23,3.67716666666667,NA,3.67716666666667
2024-03-24,3.81833333333333,NA,3.81833333333333
2024-03-25,3.85124166666667,NA,3.85124166666667
2024-03-26,3.8740125,NA,3.8740125
2024-03-27,3.879575,NA,3.879575
2024-03-28,3.87945,NA,3.87945
2024-03-29,3.82901666666667,NA,3.82901666666667
2024-03-30,3.77092916666667,NA,3.77092916666667
2024-03-31,3.64415,NA,3.64415
2024-04-01,3.69130416666667,NA,3.69130416666667
2024-04-02,3.65109166666667,NA,3.65109166666667
2024-04-03,3.60516666666667,NA,3.60516666666667
2024-04-04,3.57467916666667,NA,3.57467916666667
2024-04-05,3.59546666666667,NA,3.59546666666667
2024-04-06,3.61547916666667,NA,3.61547916666667
2024-04-07,3.63273333333333,NA,3.63273333333333
2024-04-08,3.63735416666667,NA,3.63735416666667
2024-04-09,3.61727916666667,NA,3.61727916666667
2024-04-10,3.56659166666667,NA,3.56659166666667
2024-04-11,3.48903333333333,NA,3.48903333333333
2024-04-12,3.48857916666667,NA,3.48857916666667
2024-04-13,3.50410416666667,NA,3.50410416666667
2024-04-14,3.50958333333333,NA,3.50958333333333
2024-04-15,3.55419166666667,NA,3.55419166666667
2024-04-16,3.5228625,NA,3.5228625
2024-04-17,3.63669166666667,NA,3.63669166666667
2024-04-18,3.76110416666667,NA,3.76110416666667
2024-04-19,3.71577083333333,NA,3.71577083333333
2024-04-20,3.62605,NA,3.62605
2024-04-21,3.65220833333333,NA,3.65220833333333
2024-04-22,3.6778375,NA,3.6778375
2024-04-23,3.7153,NA,3.7153
2024-04-24,3.71390833333333,NA,3.71390833333333
2024-04-25,3.7923625,NA,3.7923625
2024-04-26,3.80183333333333,NA,3.80183333333333
2024-04-27,3.83387083333333,NA,3.83387083333333
2024-04-28,3.88435,NA,3.88435
2024-04-29,3.8800375,NA,3.8800375
2024-04-30,3.8720125,NA,3.8720125
2024-05-01,3.85875416666667,NA,3.85875416666667
2024-05-02,3.853275,NA,3.853275
2024-05-03,3.822925,NA,3.822925
2024-05-04,3.84685833333333,NA,3.84685833333333
2024-05-05,3.8675875,NA,3.8675875
2024-05-06,3.90438333333333,NA,3.90438333333333
2024-05-07,3.93150833333333,NA,3.93150833333333
2024-05-08,3.95710416666667,NA,3.95710416666667
2024-05-09,4.02099166666667,NA,4.02099166666667
2024-05-10,4.0869375,NA,4.0869375
2024-05-11,4.1175375,NA,4.1175375
2024-05-12,4.13955416666667,NA,4.13955416666667
2024-05-13,4.13084166666667,NA,4.13084166666667
2024-05-14,4.12360416666667,NA,4.12360416666667
2024-05-15,4.1470375,NA,4.1470375
2024-05-16,4.14846666666667,NA,4.14846666666667
2024-05-17,4.11579583333333,NA,4.11579583333333
2024-05-18,4.13579583333333,NA,4.13579583333333
2024-05-19,4.16467083333333,NA,4.16467083333333
2024-05-20,4.13100833333333,NA,4.13100833333333
2024-05-21,4.14421666666667,NA,4.14421666666667
2024-05-22,4.13945,NA,4.13945
2024-05-23,4.14088333333333,NA,4.14088333333333
2024-05-24,4.17500416666667,NA,4.17500416666667
2024-05-25,4.16124166666667,NA,4.16124166666667
2024-05-26,4.15015,NA,4.15015
2024-05-27,4.18530416666667,NA,4.18530416666667
2024-05-28,4.25981666666667,NA,4.25981666666667
2024-05-29,4.32679583333333,NA,4.32679583333333
2024-05-30,4.34765833333333,NA,4.34765833333333
2024-05-31,4.32163333333333,NA,4.32163333333333
2024-06-01,4.28685,NA,4.28685
2024-06-02,4.259175,NA,4.259175
2024-06-03,4.11889166666667,NA,4.11889166666667
2024-06-04,4.134875,NA,4.134875
2024-06-05,4.20850833333333,NA,4.20850833333333
2024-06-06,4.07313333333333,NA,4.07313333333333
2024-06-07,4.13673333333333,NA,4.13673333333333
2024-06-08,4.152025,NA,4.152025
2024-06-09,3.99415416666667,NA,3.99415416666667
2024-06-10,4.03936666666667,NA,4.03936666666667
2024-06-11,4.02299583333333,NA,4.02299583333333
2024-06-12,4.03516666666667,NA,4.03516666666667
2024-06-13,4.05517083333333,NA,4.05517083333333
2024-06-14,4.05961666666667,NA,4.05961666666667
2024-06-15,4.064275,NA,4.064275
2024-06-16,4.0707,NA,4.0707
2024-06-17,4.0824125,NA,4.0824125
2024-06-18,4.09324166666667,NA,4.09324166666667
2024-06-19,4.11170833333333,NA,4.11170833333333
2024-06-20,4.14035,NA,4.14035
2024-06-21,4.18334166666667,NA,4.18334166666667
2024-06-22,4.26822083333333,NA,4.26822083333333
2024-06-23,4.31779166666667,NA,4.31779166666667
2024-06-24,4.34216666666667,NA,4.34216666666667
2024-06-25,4.36869166666667,NA,4.36869166666667
2024-06-26,4.41147916666667,NA,4.41147916666667
2024-06-27,4.46513333333333,NA,4.46513333333333
2024-06-28,4.4495875,NA,4.4495875
2024-06-29,4.46109166666667,NA,4.46109166666667
2024-06-30,4.47353333333333,NA,4.47353333333333
2024-07-01,4.49155416666667,NA,4.49155416666667
2024-07-02,4.5086125,NA,4.5086125
2024-07-03,4.53328333333333,NA,4.53328333333333
2024-07-04,4.58412916666667,NA,4.58412916666667
2024-07-05,4.6322875,NA,4.6322875
2024-07-06,4.63695,NA,4.63695
2024-07-07,4.68062083333333,NA,4.68062083333333
2024-07-08,4.70606666666667,NA,4.70606666666667
2024-07-09,4.7886875,NA,4.7886875
2024-07-10,4.72096666666667,NA,4.72096666666667
2024-07-11,4.73266666666667,NA,4.73266666666667
2024-07-12,4.95924583333333,NA,4.95924583333333
2024-07-13,4.9750375,NA,4.9750375
2024-07-14,4.99132916666667,NA,4.99132916666667
2024-07-15,5.07025833333333,NA,5.07025833333333
2024-07-16,5.01175,NA,5.01175
2024-07-17,5.02384166666667,NA,5.02384166666667
2024-07-18,5.04700833333333,NA,5.04700833333333
2024-07-19,5.069425,NA,5.069425
2024-07-20,5.00214166666667,NA,5.00214166666667
2024-07-21,4.9910625,NA,4.9910625
2024-07-22,5.03842083333333,NA,5.03842083333333
2024-07-23,5.11135416666667,NA,5.11135416666667
2024-07-24,5.16566666666667,NA,5.16566666666667
2024-07-25,5.1981375,NA,5.1981375
2024-07-26,5.19432083333333,NA,5.19432083333333
2024-07-27,5.1994,NA,5.1994
2024-07-28,5.1520125,NA,5.1520125
2024-07-29,5.1770375,NA,5.1770375
2024-07-30,5.2608875,NA,5.2608875
2024-07-31,5.3131375,NA,5.3131375
2024-08-01,5.48103333333333,NA,5.48103333333333
2024-08-02,5.5482125,NA,5.5482125
2024-08-03,5.62998333333333,NA,5.62998333333333
2024-08-04,5.69289583333333,NA,5.69289583333333
2024-08-05,5.71270833333333,NA,5.71270833333333
2024-08-06,5.60069166666667,NA,5.60069166666667
2024-08-07,5.578475,NA,5.578475
2024-08-08,5.60193333333333,NA,5.60193333333333
2024-08-09,5.58510416666667,NA,5.58510416666667
2024-08-10,5.58050833333333,NA,5.58050833333333
2024-08-11,5.5883875,NA,5.5883875
2024-08-12,5.5328,NA,5.5328
2024-08-13,5.51509583333333,NA,5.51509583333333
2024-08-14,5.5067375,NA,5.5067375
2024-08-15,5.50655,NA,5.50655
2024-08-16,5.50382916666667,NA,5.50382916666667
2024-08-17,5.54091666666667,NA,5.54091666666667
2024-08-18,5.63133333333333,NA,5.63133333333333
2024-08-19,5.75770833333333,NA,5.75770833333333
2024-08-20,5.80164583333333,NA,5.80164583333333
2024-08-21,5.82288333333333,NA,5.82288333333333
2024-08-22,5.9040125,NA,5.9040125
2024-08-23,5.93295833333333,NA,5.93295833333333
2024-08-24,5.9767625,NA,5.9767625
2024-08-25,6.1164,NA,6.1164
2024-08-26,6.22639583333333,NA,6.22639583333333
2024-08-27,6.2613875,NA,6.2613875
2024-08-28,6.3339125,NA,6.3339125
2024-08-29,6.2547375,NA,6.2547375
2024-08-30,6.13588333333333,NA,6.13588333333333
2024-08-31,6.16423333333333,NA,6.16423333333333
2024-09-01,6.16085,NA,6.16085
2024-09-02,6.20485,NA,6.20485
2024-09-03,6.27442083333333,NA,6.27442083333333
2024-09-04,6.22449583333333,NA,6.22449583333333
2024-09-05,6.26364583333333,NA,6.26364583333333
2024-09-06,6.49138333333333,NA,6.49138333333333
2024-09-07,6.38385833333333,NA,6.38385833333333
2024-09-08,6.34029583333333,NA,6.34029583333333
2024-09-09,6.58270833333333,NA,6.58270833333333
2024-09-10,6.63114166666667,NA,6.63114166666667
2024-09-11,6.67982083333333,NA,6.67982083333333
2024-09-12,6.67961666666667,NA,6.67961666666667
2024-09-13,6.73816666666667,NA,6.73816666666667
2024-09-14,6.78102916666667,NA,6.78102916666667
2024-09-15,6.883675,NA,6.883675
2024-09-16,6.91905833333333,NA,6.91905833333333
2024-09-17,6.94666666666667,NA,6.94666666666667
2024-09-18,7.12577083333333,NA,7.12577083333333
2024-09-19,7.1668,NA,7.1668
2006-01-01,NA,5.288438618384195,5.288438618384195
2006-01-02,NA,5.374210919769968,5.374210919769968
2006-01-03,NA,5.499650755223032,5.499650755223032
2006-01-04,NA,5.499976448572051,5.499976448572051
2006-01-05,NA,5.581687162311235,5.581687162311235
2006-01-06,NA,5.613611496659198,5.613611496659198
2006-01-07,NA,5.568752027439901,5.568752027439901
2006-01-08,NA,5.447686700694252,5.447686700694252
2006-01-09,NA,5.2695164734206,5.2695164734206
2006-01-10,NA,5.156475336734603,5.156475336734603
2006-01-11,NA,5.216907418337879,5.216907418337879
2006-01-12,NA,5.4714399636682955,5.4714399636682955
2006-01-13,NA,5.515874754305047,5.515874754305047
2006-01-14,NA,5.188616799981913,5.188616799981913
2006-01-15,NA,5.09676488941445,5.09676488941445
2006-01-16,NA,5.369667178243949,5.369667178243949
2006-01-17,NA,5.470890755275832,5.470890755275832
2006-01-18,NA,5.358172118866808,5.358172118866808
2006-01-19,NA,5.050369552539484,5.050369552539484
2006-01-20,NA,5.013160683950085,5.013160683950085
2006-01-21,NA,5.101784398675802,5.101784398675802
2006-01-22,NA,5.317249707484182,5.317249707484182
2006-01-23,NA,5.243738802767359,5.243738802767359
2006-01-24,NA,5.053313564968853,5.053313564968853
2006-01-25,NA,4.968732279457431,4.968732279457431
2006-01-26,NA,4.99633000117872,4.99633000117872
2006-01-27,NA,4.69169815539626,4.69169815539626
2006-01-28,NA,4.602988227725216,4.602988227725216
2006-01-29,NA,4.315991718870519,4.315991718870519
2006-01-30,NA,4.5585087340797745,4.5585087340797745
2006-01-31,NA,4.320161870966784,4.320161870966784
2006-02-01,NA,4.466289620226652,4.466289620226652
2006-02-02,NA,4.364005943274433,4.364005943274433
2006-02-03,NA,4.363188516829835,4.363188516829835
2006-02-04,NA,4.691707734612407,4.691707734612407
2006-02-05,NA,4.535540966829835,4.535540966829835
2006-02-06,NA,4.4631412511861335,4.4631412511861335
2006-02-07,NA,4.699495637340421,4.699495637340421
2006-02-08,NA,4.628567927911405,4.628567927911405
2006-02-09,NA,4.356716159786094,4.356716159786094
2006-02-10,NA,4.4430536349245795,4.4430536349245795
2006-02-11,NA,4.316518575758639,4.316518575758639
2006-02-12,NA,4.436399272774034,4.436399272774034
2006-02-13,NA,4.495040040957704,4.495040040957704
2006-02-14,NA,4.551809668920539,4.551809668920539
2006-02-15,NA,4.621603837772087,4.621603837772087
2006-02-16,NA,4.623583542442594,4.623583542442594
2006-02-17,NA,4.5443889694781845,4.5443889694781845
2006-02-18,NA,4.535994383060821,4.535994383060821
2006-02-19,NA,4.490518650936028,4.490518650936028
2006-02-20,NA,4.5806175649484775,4.5806175649484775
2006-02-21,NA,4.554913334952367,4.554913334952367
2006-02-22,NA,4.579924668313799,4.579924668313799
2006-02-23,NA,4.5894687606688755,4.5894687606688755
2006-02-24,NA,4.588609824287641,4.588609824287641
2006-02-25,NA,4.388819306168813,4.388819306168813
2006-02-26,NA,4.42925317752791,4.42925317752791
2006-02-27,NA,4.407466846936176,4.407466846936176
2006-02-28,NA,4.248049531807512,4.248049531807512
2006-03-01,NA,4.05073045145477,4.05073045145477
2006-03-02,NA,4.150606552081889,4.150606552081889
2006-03-03,NA,4.107793842046133,4.107793842046133
2006-03-04,NA,4.278741340344482,4.278741340344482
2006-03-05,NA,4.205058009737002,4.205058009737002
2006-03-06,NA,4.140331246227545,4.140331246227545
2006-03-07,NA,4.131674827902145,4.131674827902145
2006-03-08,NA,3.9942450069043143,3.9942450069043143
2006-03-09,NA,3.91164661913545,3.91164661913545
2006-03-10,NA,3.848963421737485,3.848963421737485
2006-03-11,NA,4.0065830373024465,4.0065830373024465
2006-03-12,NA,4.032986550077332,4.032986550077332
2006-03-13,NA,4.10193774790789,4.10193774790789
2006-03-14,NA,4.069017175080575,4.069017175080575
2006-03-15,NA,4.098409403293516,4.098409403293516
2006-03-16,NA,4.222872158699522,4.222872158699522
2006-03-17,NA,4.244240196852809,4.244240196852809
2006-03-18,NA,4.223462877028625,4.223462877028625
2006-03-19,NA,3.9484084576379606,3.9484084576379606
2006-03-20,NA,3.863249226085633,3.863249226085633
2006-03-21,NA,3.8657015054194237,3.8657015054194237
2006-03-22,NA,3.8669819273111554,3.8669819273111554
2006-03-23,NA,3.8762322570377052,3.8762322570377052
2006-03-24,NA,3.9446438256919465,3.9446438256919465
2006-03-25,NA,3.8678664082687857,3.8678664082687857
2006-03-26,NA,3.889100337396006,3.889100337396006
2006-03-27,NA,3.9169566979532804,3.9169566979532804
2006-03-28,NA,3.993325402154143,3.993325402154143
2006-03-29,NA,4.011024600522893,4.011024600522893
2006-03-30,NA,3.986645495427204,3.986645495427204
2006-03-31,NA,4.03730039041581,4.03730039041581
2006-04-01,NA,3.9777495966981156,3.9777495966981156
2006-04-02,NA,4.021759708752324,4.021759708752324
2006-04-03,NA,4.0314283309173184,4.0314283309173184
2006-04-04,NA,4.05085178819264,4.05085178819264
2006-04-05,NA,4.015328861645221,4.015328861645221
2006-04-06,NA,3.9854097765441616,3.9854097765441616
2006-04-07,NA,4.01212301730782,4.01212301730782
2006-04-08,NA,4.024049141411604,4.024049141411604
2006-04-09,NA,4.051934239617321,4.051934239617321
2006-04-10,NA,4.058422562021308,4.058422562021308
2006-04-11,NA,4.040873438038872,4.040873438038872
2006-04-12,NA,4.060188330864518,4.060188330864518
2006-04-13,NA,4.048112132374422,4.048112132374422
2006-04-14,NA,4.089781722616561,4.089781722616561
2006-04-15,NA,4.052572854027163,4.052572854027163
2006-04-16,NA,4.024224760374311,4.024224760374311
2006-04-17,NA,4.009485539795175,4.009485539795175
2006-04-18,NA,4.050427109610096,4.050427109610096
2006-04-19,NA,4.1257133623862785,4.1257133623862785
2006-04-20,NA,4.12594326357382,4.12594326357382
2006-04-21,NA,4.1211281109236175,4.1211281109236175
2006-04-22,NA,4.1152273137766855,4.1152273137766855
2006-04-23,NA,4.0819363445916625,4.0819363445916625
2006-04-24,NA,4.077427726858183,4.077427726858183
2006-04-25,NA,4.087390111651706,4.087390111651706
2006-04-26,NA,4.070332720764847,4.070332720764847
2006-04-27,NA,4.116641844694483,4.116641844694483
2006-04-28,NA,4.159294901127778,4.159294901127778
2006-04-29,NA,4.149386798559092,4.149386798559092
2006-04-30,NA,4.164094088417736,4.164094088417736
2006-05-01,NA,4.191005299648445,4.191005299648445
2006-05-02,NA,4.210831084001965,4.210831084001965
2006-05-03,NA,4.2365832100788126,4.2365832100788126
2006-05-04,NA,4.284654909779611,4.284654909779611
2006-05-05,NA,4.338831763238492,4.338831763238492
2006-05-06,NA,4.404976250737796,4.404976250737796
2006-05-07,NA,4.403798007151639,4.403798007151639
2006-05-08,NA,4.366014385593383,4.366014385593383
2006-05-09,NA,4.380443878183746,4.380443878183746
2006-05-10,NA,4.37869407470078,4.37869407470078
2006-05-11,NA,4.3738437982580365,4.3738437982580365
2006-05-12,NA,4.4267274575369875,4.4267274575369875
2006-05-13,NA,4.424648767632954,4.424648767632954
2006-05-14,NA,4.339904635447024,4.339904635447024
2006-05-15,NA,4.2477174523143955,4.2477174523143955
2006-05-16,NA,4.259809616164738,4.259809616164738
2006-05-17,NA,4.393509929009097,4.393509929009097
2006-05-18,NA,4.416905567913631,4.416905567913631
2006-05-19,NA,4.412872717915482,4.412872717915482
2006-05-20,NA,4.476057227625173,4.476057227625173
2006-05-21,NA,4.500455491153158,4.500455491153158
2006-05-22,NA,4.393005423625322,4.393005423625322
2006-05-23,NA,4.4366419462497735,4.4366419462497735
2006-05-24,NA,4.492776152874816,4.492776152874816
2006-05-25,NA,4.468186305023881,4.468186305023881
2006-05-26,NA,4.5770317450372175,4.5770317450372175
2006-05-27,NA,4.4848796856971305,4.4848796856971305
2006-05-28,NA,4.615316678907199,4.615316678907199
2006-05-29,NA,4.730442891641326,4.730442891641326
2006-05-30,NA,4.688367781248937,4.688367781248937
2006-05-31,NA,4.734392721766195,4.734392721766195
2006-06-01,NA,4.839981228289343,4.839981228289343
2006-06-02,NA,4.708014753567703,4.708014753567703
2006-06-03,NA,4.711239756337401,4.711239756337401
2006-06-04,NA,4.848819651721545,4.848819651721545
2006-06-05,NA,4.878256582943177,4.878256582943177
2006-06-06,NA,4.9319385102344295,4.9319385102344295
2006-06-07,NA,4.914290401018468,4.914290401018468
2006-06-08,NA,4.822543861828628,4.822543861828628
2006-06-09,NA,4.838403850697034,4.838403850697034
2006-06-10,NA,4.903683015671005,4.903683015671005
2006-06-11,NA,4.899228680162363,4.899228680162363
2006-06-12,NA,4.833307707706501,4.833307707706501
2006-06-13,NA,4.76968574712607,4.76968574712607
2006-06-14,NA,4.7468329304699015,4.7468329304699015
2006-06-15,NA,4.731589204506992,4.731589204506992
2006-06-16,NA,4.749272437515495,4.749272437515495
2006-06-17,NA,4.881465620352628,4.881465620352628
2006-06-18,NA,5.025090001125919,5.025090001125919
2006-06-19,NA,5.385437761094979,5.385437761094979
2006-06-20,NA,5.85778571626199,5.85778571626199
2006-06-21,NA,5.973732548512762,5.973732548512762
2006-06-22,NA,5.802673292692692,5.802673292692692
2006-06-23,NA,5.467039910384489,5.467039910384489
2006-06-24,NA,5.601522525880904,5.601522525880904
2006-06-25,NA,6.001478031528801,6.001478031528801
2006-06-26,NA,6.453240192289764,6.453240192289764
2006-06-27,NA,6.384063061804069,6.384063061804069
2006-06-28,NA,5.815828749535422,5.815828749535422
2006-06-29,NA,5.739080069760703,5.739080069760703
2006-06-30,NA,5.666962940993358,5.666962940993358
2006-07-01,NA,5.408563585411352,5.408563585411352
2006-07-02,NA,5.230289583296102,5.230289583296102
2006-07-03,NA,5.140115632090497,5.140115632090497
2006-07-04,NA,4.96678929511549,4.96678929511549
2006-07-05,NA,4.803118808017283,4.803118808017283
2006-07-06,NA,4.753038665997533,4.753038665997533
2006-07-07,NA,4.785895377383865,4.785895377383865
2006-07-08,NA,4.939814222443797,4.939814222443797
2006-07-09,NA,5.0447114288682915,5.0447114288682915
2006-07-10,NA,4.884829521756467,4.884829521756467
2006-07-11,NA,5.103532605622743,5.103532605622743
2006-07-12,NA,5.187168741807598,5.187168741807598
2006-07-13,NA,5.17980232459008,5.17980232459008
2006-07-14,NA,5.097655756516177,5.097655756516177
2006-07-15,NA,5.0578924302874135,5.0578924302874135
2006-07-16,NA,5.151016780066486,5.151016780066486
2006-07-17,NA,5.145872740995214,5.145872740995214
2006-07-18,NA,5.116953087445555,5.116953087445555
2006-07-19,NA,5.138391373183925,5.138391373183925
2006-07-20,NA,5.110444010073248,5.110444010073248
2006-07-21,NA,5.311051954636673,5.311051954636673
2006-07-22,NA,5.868528807171543,5.868528807171543
2006-07-23,NA,6.238679298331665,6.238679298331665
2006-07-24,NA,6.296753296226601,6.296753296226601
2006-07-25,NA,6.369655920718051,6.369655920718051
2006-07-26,NA,6.279659185011177,6.279659185011177
2006-07-27,NA,6.325605895263228,6.325605895263228
2006-07-28,NA,6.093975659205743,6.093975659205743
2006-07-29,NA,6.062651622403029,6.062651622403029
2006-07-30,NA,6.0610614725225265,6.0610614725225265
2006-07-31,NA,5.904206597713349,5.904206597713349
2006-08-01,NA,6.025862642788102,6.025862642788102
2006-08-02,NA,6.411521884891217,6.411521884891217
2006-08-03,NA,6.69418539497514,6.69418539497514
2006-08-04,NA,7.420548617800597,7.420548617800597
2006-08-05,NA,7.350026428521831,7.350026428521831
2006-08-06,NA,7.284710543219296,7.284710543219296
2006-08-07,NA,7.301641807760211,7.301641807760211
2006-08-08,NA,7.400925593522201,7.400925593522201
2006-08-09,NA,7.112969566516718,7.112969566516718
2006-08-10,NA,7.093049586537745,7.093049586537745
2006-08-11,NA,7.490371524300588,7.490371524300588
2006-08-12,NA,7.465700253112397,7.465700253112397
2006-08-13,NA,7.041594827000814,7.041594827000814
2006-08-14,NA,6.065841501380186,6.065841501380186
2006-08-15,NA,6.065831922164039,6.065831922164039
2006-08-16,NA,6.564329540878024,6.564329540878024
2006-08-17,NA,6.817000525203754,6.817000525203754
2006-08-18,NA,6.456266403516741,6.456266403516741
2006-08-19,NA,6.202742868953875,6.202742868953875
2006-08-20,NA,6.19290501397027,6.19290501397027
2006-08-21,NA,6.311093382799585,6.311093382799585
2006-08-22,NA,6.5556747190886515,6.5556747190886515
2006-08-23,NA,6.940131769565241,6.940131769565241
2006-08-24,NA,6.945414707270652,6.945414707270652
2006-08-25,NA,7.527874155518514,7.527874155518514
2006-08-26,NA,7.104319534335419,7.104319534335419
2006-08-27,NA,7.580569423546562,7.580569423546562
2006-08-28,NA,7.367197173466435,7.367197173466435
2006-08-29,NA,7.285170345594381,7.285170345594381
2006-08-30,NA,7.209379587434423,7.209379587434423
2006-08-31,NA,7.814029289888243,7.814029289888243
2006-09-01,NA,7.943794141431955,7.943794141431955
2006-09-02,NA,7.185407599025009,7.185407599025009
2006-09-03,NA,7.06031261535326,7.06031261535326
2006-09-04,NA,7.8670215136168675,7.8670215136168675
2006-09-05,NA,7.576704209830998,7.576704209830998
2006-09-06,NA,7.303964767676007,7.303964767676007
2006-09-07,NA,7.857878151803964,7.857878151803964
2006-09-08,NA,8.330784894579589,8.330784894579589
2006-09-09,NA,8.319893325819747,8.319893325819747
2006-09-10,NA,8.12485090583809,8.12485090583809
2006-09-11,NA,7.835534630139646,7.835534630139646
2006-09-12,NA,7.731159490995196,7.731159490995196
2006-09-13,NA,7.690141287451095,7.690141287451095
2006-09-14,NA,7.888962708202987,7.888962708202987
2006-09-15,NA,8.168915300117133,8.168915300117133
2006-09-16,NA,8.098809806740789,8.098809806740789
2006-09-17,NA,8.153531078984058,8.153531078984058
2006-09-18,NA,7.901659959206656,7.901659959206656
2006-09-19,NA,8.266537091877513,8.266537091877513
2006-09-20,NA,8.486552528356011,8.486552528356011
2006-09-21,NA,8.095188863036988,8.095188863036988
2006-09-22,NA,8.476810465533882,8.476810465533882
2006-09-23,NA,8.041698520068687,8.041698520068687
2006-09-24,NA,7.665532281167863,7.665532281167863
2006-09-25,NA,7.574979950924426,7.574979950924426
2006-09-26,NA,7.799377878790461,7.799377878790461
2006-09-27,NA,8.248537744736137,8.248537744736137
2006-09-28,NA,8.492156369802368,8.492156369802368
2006-09-29,NA,8.477265478300895,8.477265478300895
2006-09-30,NA,8.328596043689858,8.328596043689858
2006-10-01,NA,8.3846392477615,8.3846392477615
2006-10-02,NA,8.682145753266155,8.682145753266155
2006-10-03,NA,8.752155454481025,8.752155454481025
2006-10-04,NA,8.556294011518746,8.556294011518746
2006-10-05,NA,8.286782765205505,8.286782765205505
2006-10-06,NA,8.464640071418334,8.464640071418334
2006-10-07,NA,8.524409590571398,8.524409590571398
2006-10-08,NA,8.505016467480546,8.505016467480546
2006-10-09,NA,8.891806057089081,8.891806057089081
2006-10-10,NA,9.068188164015176,9.068188164015176
2006-10-11,NA,8.911074650370015,8.911074650370015
2006-10-12,NA,8.511535124069,8.511535124069
2006-10-13,NA,8.44468177457477,8.44468177457477
2006-10-14,NA,8.4310313915644155,8.4310313915644155
2006-10-15,NA,8.374269746281703,8.374269746281703
2006-10-16,NA,8.48915328554009,8.48915328554009
2006-10-17,NA,8.391248906903355,8.391248906903355
2006-10-18,NA,8.539832128569065,8.539832128569065
2006-10-19,NA,8.675995896499385,8.675995896499385
2006-10-20,NA,8.602585573552112,8.602585573552112
2006-10-21,NA,8.309495086691507,8.309495086691507
2006-10-22,NA,8.107129355964995,8.107129355964995
2006-10-23,NA,8.377732632919066,8.377732632919066
2006-10-24,NA,8.33478421732122,8.33478421732122
2006-10-25,NA,8.381387103879382,8.381387103879382
2006-10-26,NA,8.36502580269925,8.36502580269925
2006-10-27,NA,8.213698135607249,8.213698135607249
2006-10-28,NA,8.488578532571232,8.488578532571232
2006-10-29,NA,8.275460131719019,8.275460131719019
2006-10-30,NA,8.286126588899393,8.286126588899393
2006-10-31,NA,8.118610046517915,8.118610046517915
2006-11-01,NA,7.948286793805188,7.948286793805188
2006-11-02,NA,7.897081093888094,7.897081093888094
2006-11-03,NA,8.035874356650936,8.035874356650936
2006-11-04,NA,7.884244944250286,7.884244944250286
2006-11-05,NA,7.7929310663231135,7.7929310663231135
2006-11-06,NA,7.7189843072715725,7.7189843072715725
2006-11-07,NA,7.784726467692677,7.784726467692677
2006-11-08,NA,7.934296348621592,7.934296348621592
2006-11-09,NA,7.818909900515454,7.818909900515454
2006-11-10,NA,7.5946029752028235,7.5946029752028235
2006-11-11,NA,7.513969923280246,7.513969923280246
2006-11-12,NA,7.553335712038882,7.553335712038882
2006-11-13,NA,7.551180388405669,7.551180388405669
2006-11-14,NA,7.285098501473273,7.285098501473273
2006-11-15,NA,6.947507765998907,6.947507765998907
2006-11-16,NA,6.905598695353076,6.905598695353076
2006-11-17,NA,6.503132718518964,6.503132718518964
2006-11-18,NA,6.31236741854722,6.31236741854722
2006-11-19,NA,6.437261238679868,6.437261238679868
2006-11-20,NA,6.367869396906521,6.367869396906521
2006-11-21,NA,6.275837077768276,6.275837077768276
2006-11-22,NA,6.0387993741954595,6.0387993741954595
2006-11-23,NA,5.859529133600857,5.859529133600857
2006-11-24,NA,5.7957363436657925,5.7957363436657925
2006-11-25,NA,5.994284756757478,5.994284756757478
2006-11-26,NA,5.970092446376668,5.970092446376668
2006-11-27,NA,5.73553097017801,5.73553097017801
2006-11-28,NA,5.761883393800108,5.761883393800108
2006-11-29,NA,5.692850772632298,5.692850772632298
2006-11-30,NA,5.4259115458546905,5.4259115458546905
2006-12-01,NA,5.291620514681227,5.291620514681227
2006-12-02,NA,5.383418143023855,5.383418143023855
2006-12-03,NA,5.318169312234351,5.318169312234351
2006-12-04,NA,5.148085539925315,5.148085539925315
2006-12-05,NA,4.9967626624413874,4.9967626624413874
2006-12-06,NA,5.013971724250585,5.013971724250585
2006-12-07,NA,4.9940948507442755,4.9940948507442755
2006-12-08,NA,4.999243679423621,4.999243679423621
2006-12-09,NA,5.070297515198581,5.070297515198581
2006-12-10,NA,5.098905844223442,5.098905844223442
2006-12-11,NA,5.09915490384328,5.09915490384328
2006-12-12,NA,5.124961312144965,5.124961312144965
2006-12-13,NA,5.12884089468475,5.12884089468475
2006-12-14,NA,5.112321536438182,5.112321536438182
2006-12-15,NA,4.959935365961869,4.959935365961869
2006-12-16,NA,5.026142118366133,5.026142118366133
2006-12-17,NA,4.959216924750798,4.959216924750798
2006-12-18,NA,4.84892183002712,4.84892183002712
2006-12-19,NA,4.872295117427308,4.872295117427308
2006-12-20,NA,4.794090396798152,4.794090396798152
2006-12-21,NA,4.7824612283949435,4.7824612283949435
2006-12-22,NA,4.917849079817307,4.917849079817307
2006-12-23,NA,4.662218117701965,4.662218117701965
2006-12-24,NA,4.462860260845805,4.462860260845805
2006-12-25,NA,4.549604852670562,4.549604852670562
2006-12-26,NA,4.4987440045347835,4.4987440045347835
2006-12-27,NA,4.463952291486633,4.463952291486633
2006-12-28,NA,4.252313879529227,4.252313879529227
2006-12-29,NA,4.127985233149289,4.127985233149289
2006-12-30,NA,4.0644175547936925,4.0644175547936925
2006-12-31,NA,4.328056741608446,4.328056741608446
2007-01-01,NA,4.170842646193734,4.170842646193734
2007-01-02,NA,4.166033879687628,4.166033879687628
2007-01-03,NA,4.166440996373902,4.166440996373902
2007-01-04,NA,4.1322767219834216,4.1322767219834216
2007-01-05,NA,4.112203474546087,4.112203474546087
2007-01-06,NA,3.9298439367438767,3.9298439367438767
2007-01-07,NA,3.829137637383964,3.829137637383964
2007-01-08,NA,3.750923337538661,3.750923337538661
2007-01-09,NA,3.705484325742433,3.705484325742433
2007-01-10,NA,3.636427756534252,3.636427756534252
2007-01-11,NA,3.6533638106832416,3.6533638106832416
2007-01-12,NA,3.9952939310724784,3.9952939310724784
2007-01-13,NA,4.070859577652966,4.070859577652966
2007-01-14,NA,4.051322766319899,4.051322766319899
2007-01-15,NA,3.7332401045301578,3.7332401045301578
2007-01-16,NA,3.5348066420322426,3.5348066420322426
2007-01-17,NA,3.325524717247151,3.325524717247151
2007-01-18,NA,3.2464482879485606,3.2464482879485606
2007-01-19,NA,3.1449517032564707,3.1449517032564707
2007-01-20,NA,3.2228642577931246,3.2228642577931246
2007-01-21,NA,3.2689163394227996,3.2689163394227996
2007-01-22,NA,3.2854835937501057,3.2854835937501057
2007-01-23,NA,3.3524806314865487,3.3524806314865487
2007-01-24,NA,3.2563436182290504,3.2563436182290504
2007-01-25,NA,3.299526724622514,3.299526724622514
2007-01-26,NA,2.9411921965804804,2.9411921965804804
2007-01-27,NA,3.085316293129473,3.085316293129473
2007-01-28,NA,3.0880511593396176,3.0880511593396176
2007-01-29,NA,3.1714621839450046,3.1714621839450046
2007-01-30,NA,3.1111035429988614,3.1111035429988614
2007-01-31,NA,3.277791483183569,3.277791483183569
2007-02-01,NA,3.412891958121504,3.412891958121504
2007-02-02,NA,3.495134318356881,3.495134318356881
2007-02-03,NA,3.5341839929826473,3.5341839929826473
2007-02-04,NA,3.48220716616567,3.48220716616567
2007-02-05,NA,3.454887241712663,3.454887241712663
2007-02-06,NA,3.464844836898112,3.464844836898112
2007-02-07,NA,3.4933382153292025,3.4933382153292025
2007-02-08,NA,3.602129373117704,3.602129373117704
2007-02-09,NA,3.4945451965638026,3.4945451965638026
2007-02-10,NA,3.4469748091747294,3.4469748091747294
2007-02-11,NA,3.3635542053531955,3.3635542053531955
2007-02-12,NA,3.3443670354095163,3.3443670354095163
2007-02-13,NA,3.3724437179381854,3.3724437179381854
2007-02-14,NA,3.2251441112362573,3.2251441112362573
2007-02-15,NA,3.231044908383191,3.231044908383191
2007-02-16,NA,3.266981337760981,3.266981337760981
2007-02-17,NA,3.329217505072057,3.329217505072057
2007-02-18,NA,3.360570279523212,3.360570279523212
2007-02-19,NA,3.3200454056107125,3.3200454056107125
2007-02-20,NA,3.250859516984539,3.250859516984539
2007-02-21,NA,2.976793353393104,2.976793353393104
2007-02-22,NA,3.132086815970219,3.132086815970219
2007-02-23,NA,3.294531163401531,3.294531163401531
2007-02-24,NA,3.158501504497277,3.158501504497277
2007-02-25,NA,2.979734172750423,2.979734172750423
2007-02-26,NA,3.185672951099997,3.185672951099997
2007-02-27,NA,3.316946529186958,3.316946529186958
2007-02-28,NA,3.178977079012811,3.178977079012811
2007-03-01,NA,2.957294858924627,2.957294858924627
2007-03-02,NA,2.5276047497989844,2.5276047497989844
2007-03-03,NA,2.4756566606304498,2.4756566606304498
2007-03-04,NA,2.5216416877470915,2.5216416877470915
2007-03-05,NA,2.486313538594675,2.486313538594675
2007-03-06,NA,2.4068683094744023,2.4068683094744023
2007-03-07,NA,2.411293907334602,2.411293907334602
2007-03-08,NA,2.426572757090053,2.426572757090053
2007-03-09,NA,2.3670379287326053,2.3670379287326053
2007-03-10,NA,2.3506622587282515,2.3506622587282515
2007-03-11,NA,2.5924081470376223,2.5924081470376223
2007-03-12,NA,2.4845174355669966,2.4845174355669966
2007-03-13,NA,2.373321894525443,2.373321894525443
2007-03-14,NA,2.2700244171976003,2.2700244171976003
2007-03-15,NA,2.22033223343183,2.22033223343183
2007-03-16,NA,2.2268748380606533,2.2268748380606533
2007-03-17,NA,2.280216703178666,2.280216703178666
2007-03-18,NA,2.3645521221422983,2.3645521221422983
2007-03-19,NA,2.3333478255414315,2.3333478255414315
2007-03-20,NA,2.325458470206036,2.325458470206036
2007-03-21,NA,2.2788516648776307,2.2788516648776307
2007-03-22,NA,2.3600259425125487,2.3600259425125487
2007-03-23,NA,2.333036501016634,2.333036501016634
2007-03-24,NA,2.24006062908785,2.24006062908785
2007-03-25,NA,2.246804397255773,2.246804397255773
2007-03-26,NA,2.3132171028072115,2.3132171028072115
2007-03-27,NA,2.196393772278932,2.196393772278932
2007-03-28,NA,2.1820441064897995,2.1820441064897995
2007-03-29,NA,2.1790553910517425,2.1790553910517425
2007-03-30,NA,2.186522390038811,2.186522390038811
2007-03-31,NA,2.301300557919574,2.301300557919574
2007-04-01,NA,2.266815379788148,2.266815379788148
2007-04-02,NA,2.3971789323410864,2.3971789323410864
2007-04-03,NA,2.441818079588988,2.441818079588988
2007-04-04,NA,2.4687356769637954,2.4687356769637954
2007-04-05,NA,2.5262492907140963,2.5262492907140963
2007-04-06,NA,2.6042720062364477,2.6042720062364477
2007-04-07,NA,2.6592950237883675,2.6592950237883675
2007-04-08,NA,2.6603535271726795,2.6603535271726795
2007-04-09,NA,2.6631650271120053,2.6631650271120053
2007-04-10,NA,2.710476775665092,2.710476775665092
2007-04-11,NA,2.7138007636683157,2.7138007636683157
2007-04-12,NA,2.5839688576115707,2.5839688576115707
2007-04-13,NA,2.534784372301624,2.534784372301624
2007-04-14,NA,2.666206428238874,2.666206428238874
2007-04-15,NA,2.707124050013426,2.707124050013426
2007-04-16,NA,2.692338529889577,2.692338529889577
2007-04-17,NA,2.580237752922073,2.580237752922073
2007-04-18,NA,2.6381536937505734,2.6381536937505734
2007-04-19,NA,2.7805391625687728,2.7805391625687728
2007-04-20,NA,2.816082844084511,2.816082844084511
2007-04-21,NA,2.825944647108484,2.825944647108484
2007-04-22,NA,2.8309545771536886,2.8309545771536886
2007-04-23,NA,2.8247232970496627,2.8247232970496627
2007-04-24,NA,2.8913275869240533,2.8913275869240533
2007-04-25,NA,2.921377587979132,2.921377587979132
2007-04-26,NA,3.069414794324426,3.069414794324426
2007-04-27,NA,3.0553908218843127,3.0553908218843127
2007-04-28,NA,2.979628801372799,2.979628801372799
2007-04-29,NA,3.12840360736146,3.12840360736146
2007-04-30,NA,3.157443001112965,3.157443001112965
2007-05-01,NA,3.149793997019092,3.149793997019092
2007-05-02,NA,3.1540136417321176,3.1540136417321176
2007-05-03,NA,3.1763284257479945,3.1763284257479945
2007-05-04,NA,3.195822130608398,3.195822130608398
2007-05-05,NA,3.1663373033060283,3.1663373033060283
2007-05-06,NA,3.2821931330033993,3.2821931330033993
2007-05-07,NA,3.2938941455277146,3.2938941455277146
2007-05-08,NA,3.198374991711738,3.198374991711738
2007-05-09,NA,3.2975917229606955,3.2975917229606955
2007-05-10,NA,3.262215677727541,3.262215677727541
2007-05-11,NA,3.200765006140569,3.200765006140569
2007-05-12,NA,3.0639115346476196,3.0639115346476196
2007-05-13,NA,3.026044893216084,3.026044893216084
2007-05-14,NA,2.9686510196676283,2.9686510196676283
2007-05-15,NA,2.935842204362036,2.935842204362036
2007-05-16,NA,3.0672929979477286,3.0672929979477286
2007-05-17,NA,3.1928908904672264,3.1928908904672264
2007-05-18,NA,3.7132099635654874,3.7132099635654874
2007-05-19,NA,3.902897601720626,3.902897601720626
2007-05-20,NA,3.900895545545773,3.900895545545773
2007-05-21,NA,3.907998534319233,3.907998534319233
2007-05-22,NA,3.8280647651754314,3.8280647651754314
2007-05-23,NA,3.8133941956453534,3.8133941956453534
2007-05-24,NA,3.765402322745785,3.765402322745785
2007-05-25,NA,3.7728980593812973,3.7728980593812973
2007-05-26,NA,3.8297411280012637,3.8297411280012637
2007-05-27,NA,3.7862945931637415,3.7862945931637415
2007-05-28,NA,3.8533874230616596,3.8533874230616596
2007-05-29,NA,3.7663554547524742,3.7663554547524742
2007-05-30,NA,3.8886772553494864,3.8886772553494864
2007-05-31,NA,4.26545656408376,4.26545656408376
2007-06-01,NA,4.447231769700965,4.447231769700965
2007-06-02,NA,4.848610505502322,4.848610505502322
2007-06-03,NA,5.0526669678788885,5.0526669678788885
2007-06-04,NA,4.716867545824126,4.716867545824126
2007-06-05,NA,4.645052162365431,4.645052162365431
2007-06-06,NA,4.593362712032883,4.593362712032883
2007-06-07,NA,4.83275211316994,4.83275211316994
2007-06-08,NA,4.642432246749058,4.642432246749058
2007-06-09,NA,4.643102791879391,4.643102791879391
2007-06-10,NA,4.832177360201083,4.832177360201083
2007-06-11,NA,4.938372550413581,4.938372550413581
2007-06-12,NA,5.2617237810845126,5.2617237810845126
2007-06-13,NA,5.2180138178029285,5.2180138178029285
2007-06-14,NA,5.220739104796927,5.220739104796927
2007-06-15,NA,4.737237748962036,4.737237748962036
2007-06-16,NA,4.729636640948902,4.729636640948902
2007-06-17,NA,4.513922272520684,4.513922272520684
2007-06-18,NA,4.46792287657982,4.46792287657982
2007-06-19,NA,4.8066104323030885,4.8066104323030885
2007-06-20,NA,4.728338657160899,4.728338657160899
2007-06-21,NA,4.554054398571132,4.554054398571132
2007-06-22,NA,4.63474013618252,4.63474013618252
2007-06-23,NA,4.455757272072345,4.455757272072345
2007-06-24,NA,4.70512821643522,4.70512821643522
2007-06-25,NA,4.727763904192043,4.727763904192043
2007-06-26,NA,4.64430977311399,4.64430977311399
2007-06-27,NA,4.6528735923499625,4.6528735923499625
2007-06-28,NA,4.66697898812733,4.66697898812733
2007-06-29,NA,4.611500957808399,4.611500957808399
2007-06-30,NA,4.72063217777014,4.72063217777014
2007-07-01,NA,4.918208300422844,4.918208300422844
2007-07-02,NA,5.101573655920554,5.101573655920554
2007-07-03,NA,5.097382748855971,5.097382748855971
2007-07-04,NA,4.926211735514178,4.926211735514178
2007-07-05,NA,4.8689136541272,4.8689136541272
2007-07-06,NA,4.848878723554455,4.848878723554455
2007-07-07,NA,4.926005782367005,4.926005782367005
2007-07-08,NA,4.805992572861568,4.805992572861568
2007-07-09,NA,4.530796061764715,4.530796061764715
2007-07-10,NA,4.784635710460453,4.784635710460453
2007-07-11,NA,4.786077382490669,4.786077382490669
2007-07-12,NA,4.940915832300773,4.940915832300773
2007-07-13,NA,4.987030178835408,4.987030178835408
2007-07-14,NA,5.05688182298384,5.05688182298384
2007-07-15,NA,4.992825604604716,4.992825604604716
2007-07-16,NA,4.936126224226964,4.936126224226964
2007-07-17,NA,4.839788047430366,4.839788047430366
2007-07-18,NA,4.885274955307331,4.885274955307331
2007-07-19,NA,4.743507345930654,4.743507345930654
2007-07-20,NA,4.794004183852824,4.794004183852824
2007-07-21,NA,4.831219438586322,4.831219438586322
2007-07-22,NA,4.679010483608739,4.679010483608739
2007-07-23,NA,4.770554262723454,4.770554262723454
2007-07-24,NA,4.879757326806303,4.879757326806303
2007-07-25,NA,5.019896469437885,5.019896469437885
2007-07-26,NA,5.387431834589707,5.387431834589707
2007-07-27,NA,5.2479919747369,5.2479919747369
2007-07-28,NA,5.199454086516917,5.199454086516917
2007-07-29,NA,5.4661729913231305,5.4661729913231305
2007-07-30,NA,5.508522705911751,5.508522705911751
2007-07-31,NA,4.994003848190873,4.994003848190873
2007-08-01,NA,4.763666806313315,4.763666806313315
2007-08-02,NA,4.976291877533926,4.976291877533926
2007-08-03,NA,5.167320605949731,5.167320605949731
2007-08-04,NA,5.096654728428753,5.096654728428753
2007-08-05,NA,5.214752094704664,5.214752094704664
2007-08-06,NA,5.081165135918052,5.081165135918052
2007-08-07,NA,4.641996392414342,4.641996392414342
2007-08-08,NA,4.835094231518033,4.835094231518033
2007-08-09,NA,5.092717670592082,5.092717670592082
2007-08-10,NA,5.2849485906344125,5.2849485906344125
2007-08-11,NA,5.307593857607381,5.307593857607381
2007-08-12,NA,5.575759224051884,5.575759224051884
2007-08-13,NA,5.67546449532437,5.67546449532437
2007-08-14,NA,5.643843502821081,5.643843502821081
2007-08-15,NA,5.42695568041478,5.42695568041478
2007-08-16,NA,5.647378233579552,5.647378233579552
2007-08-17,NA,6.046812388502943,6.046812388502943
2007-08-18,NA,6.17494877330156,6.17494877330156
2007-08-19,NA,6.161743823842068,6.161743823842068
2007-08-20,NA,6.436758329832118,6.436758329832118
2007-08-21,NA,6.321822104884918,6.321822104884918
2007-08-22,NA,6.0403847344678905,6.0403847344678905
2007-08-23,NA,5.924557642418964,5.924557642418964
2007-08-24,NA,5.931880953163818,5.931880953163818
2007-08-25,NA,5.9105288803707765,5.9105288803707765
2007-08-26,NA,5.690786451552485,5.690786451552485
2007-08-27,NA,5.83616063580874,5.83616063580874
2007-08-28,NA,5.670603043129454,5.670603043129454
2007-08-29,NA,5.90542794777217,5.90542794777217
2007-08-30,NA,5.894340005081302,5.894340005081302
2007-08-31,NA,5.96457481787564,5.96457481787564
2007-09-01,NA,5.780131800561323,5.780131800561323
2007-09-02,NA,5.758219343623644,5.758219343623644
2007-09-03,NA,5.78517046825497,5.78517046825497
2007-09-04,NA,5.900154589282906,5.900154589282906
2007-09-05,NA,6.182559460530843,6.182559460530843
2007-09-06,NA,6.29157094029074,6.29157094029074
2007-09-07,NA,6.362184132122909,6.362184132122909
2007-09-08,NA,6.660753930619951,6.660753930619951
2007-09-09,NA,6.855279072929637,6.855279072929637
2007-09-10,NA,6.353280250713697,6.353280250713697
2007-09-11,NA,6.204811979641761,6.204811979641761
2007-09-12,NA,6.205468155947871,6.205468155947871
2007-09-13,NA,6.475405677379683,6.475405677379683
2007-09-14,NA,5.898430330376334,5.898430330376334
2007-09-15,NA,5.751154671714776,5.751154671714776
2007-09-16,NA,5.963181041926161,5.963181041926161
2007-09-17,NA,6.48073172155776,6.48073172155776
2007-09-18,NA,6.496824804685758,6.496824804685758
2007-09-19,NA,6.497844991205479,6.497844991205479
2007-09-20,NA,6.462952696387779,6.462952696387779
2007-09-21,NA,6.370201936038464,6.370201936038464
2007-09-22,NA,6.23407169536466,6.23407169536466
2007-09-23,NA,6.656318753543603,6.656318753543603
2007-09-24,NA,7.404513009969483,7.404513009969483
2007-09-25,NA,7.285491249335324,7.285491249335324
2007-09-26,NA,6.732540576430203,6.732540576430203
2007-09-27,NA,6.658292072070013,6.658292072070013
2007-09-28,NA,6.361087311874007,6.361087311874007
2007-09-29,NA,7.577805819687974,7.577805819687974
2007-09-30,NA,7.335398965464417,7.335398965464417
2007-10-01,NA,7.186466102409321,7.186466102409321
2007-10-02,NA,7.600211606257252,7.600211606257252
2007-10-03,NA,7.832445332932039,7.832445332932039
2007-10-04,NA,7.726767420391514,7.726767420391514
2007-10-05,NA,7.92714067415932,7.92714067415932
2007-10-06,NA,7.435147343209566,7.435147343209566
2007-10-07,NA,7.186815743798707,7.186815743798707
2007-10-08,NA,7.321236094390162,7.321236094390162
2007-10-09,NA,7.42300568674246,7.42300568674246
2007-10-10,NA,7.112227177265279,7.112227177265279
2007-10-11,NA,6.968701781725512,6.968701781725512
2007-10-12,NA,7.3213223073354925,7.3213223073354925
2007-10-13,NA,7.788007349223237,7.788007349223237
2007-10-14,NA,7.565874905976115,7.565874905976115
2007-10-15,NA,7.6121760472256295,7.6121760472256295
2007-10-16,NA,7.394905056173423,7.394905056173423
2007-10-17,NA,7.717753377996605,7.717753377996605
2007-10-18,NA,7.628575665270352,7.628575665270352
2007-10-19,NA,7.537894015608922,7.537894015608922
2007-10-20,NA,7.354428078341661,7.354428078341661
2007-10-21,NA,7.18309421832536,7.18309421832536
2007-10-22,NA,7.256562016569518,7.256562016569518
2007-10-23,NA,7.3366394739555325,7.3366394739555325
2007-10-24,NA,7.286750916258738,7.286750916258738
2007-10-25,NA,7.272889790493133,7.272889790493133
2007-10-26,NA,7.7181317570344365,7.7181317570344365
2007-10-27,NA,7.652035165615869,7.652035165615869
2007-10-28,NA,7.53186868865207,7.53186868865207
2007-10-29,NA,7.396624525471919,7.396624525471919
2007-10-30,NA,7.596399078230501,7.596399078230501
2007-10-31,NA,7.719822488684491,7.719822488684491
2007-11-01,NA,7.5278406282619965,7.5278406282619965
2007-11-02,NA,7.309252494989494,7.309252494989494
2007-11-03,NA,7.476730720506378,7.476730720506378
2007-11-04,NA,7.547636078431049,7.547636078431049
2007-11-05,NA,7.509616169541154,7.509616169541154
2007-11-06,NA,7.458731373365003,7.458731373365003
2007-11-07,NA,7.451781652049906,7.451781652049906
2007-11-08,NA,7.3161447410077045,7.3161447410077045
2007-11-09,NA,7.614949230300365,7.614949230300365
2007-11-10,NA,7.122452990502859,7.122452990502859
2007-11-11,NA,7.0517919025899545,7.0517919025899545
2007-11-12,NA,7.070696485657278,7.070696485657278
2007-11-13,NA,6.993253312711859,6.993253312711859
2007-11-14,NA,7.044693703424569,7.044693703424569
2007-11-15,NA,6.8863827877609545,6.8863827877609545
2007-11-16,NA,6.925360618265614,6.925360618265614
2007-11-17,NA,6.778765083950535,6.778765083950535
2007-11-18,NA,6.717338360403932,6.717338360403932
2007-11-19,NA,6.707974676619637,6.707974676619637
2007-11-20,NA,6.872837776128222,6.872837776128222
2007-11-21,NA,6.656074483531839,6.656074483531839
2007-11-22,NA,6.760641206999242,6.760641206999242
2007-11-23,NA,6.626350175825779,6.626350175825779
2007-11-24,NA,6.567078775912391,6.567078775912391
2007-11-25,NA,6.575872496335904,6.575872496335904
2007-11-26,NA,6.495105335387262,6.495105335387262
2007-11-27,NA,6.434339577754843,6.434339577754843
2007-11-28,NA,6.576681940100379,6.576681940100379
2007-11-29,NA,6.7457024194170305,6.7457024194170305
2007-11-30,NA,6.661855540476926,6.661855540476926
2007-12-01,NA,6.643678977836821,6.643678977836821
2007-12-02,NA,6.729111217049356,6.729111217049356
2007-12-03,NA,6.583416129052154,6.583416129052154
2007-12-04,NA,6.305834393134543,6.305834393134543
2007-12-05,NA,5.9616148400860265,5.9616148400860265
2007-12-06,NA,5.797077433926459,5.797077433926459
2007-12-07,NA,5.918877167243426,5.918877167243426
2007-12-08,NA,6.306399566887253,6.306399566887253
2007-12-09,NA,6.145334626581198,6.145334626581198
2007-12-10,NA,5.859562660857373,5.859562660857373
2007-12-11,NA,5.829431236465039,5.829431236465039
2007-12-12,NA,5.800564268604191,5.800564268604191
2007-12-13,NA,5.833080917817282,5.833080917817282
2007-12-14,NA,6.1040386257688155,6.1040386257688155
2007-12-15,NA,5.8781607090079735,5.8781607090079735
2007-12-16,NA,5.652110366356476,5.652110366356476
2007-12-17,NA,5.696572298105647,5.696572298105647
2007-12-18,NA,5.733035584371557,5.733035584371557
2007-12-19,NA,5.73324153751873,5.73324153751873
2007-12-20,NA,5.51253160786953,5.51253160786953
2007-12-21,NA,5.476791552422764,5.476791552422764
2007-12-22,NA,5.438101098402534,5.438101098402534
2007-12-23,NA,5.253375494211863,5.253375494211863
2007-12-24,NA,5.281945506372134,5.281945506372134
2007-12-25,NA,5.260890389279668,5.260890389279668
2007-12-26,NA,4.898518221631413,4.898518221631413
2007-12-27,NA,4.8795082671864645,4.8795082671864645
2007-12-28,NA,4.965543997016299,4.965543997016299
2007-12-29,NA,5.188385302258345,5.188385302258345
2007-12-30,NA,5.09290446530696,5.09290446530696
2007-12-31,NA,5.341911399456224,5.341911399456224
2008-01-01,NA,5.21087251216488,5.21087251216488
2008-01-02,NA,4.994171484473457,4.994171484473457
2008-01-03,NA,4.992073636137128,4.992073636137128
2008-01-04,NA,5.126379036134811,5.126379036134811
2008-01-05,NA,4.909179889203713,4.909179889203713
2008-01-06,NA,4.711857615778923,4.711857615778923
2008-01-07,NA,4.638059334577671,4.638059334577671
2008-01-08,NA,4.622148256556477,4.622148256556477
2008-01-09,NA,4.680313257004816,4.680313257004816
2008-01-10,NA,4.6171000096466805,4.6171000096466805
2008-01-11,NA,4.495137429655204,4.495137429655204
2008-01-12,NA,4.492129555784853,4.492129555784853
2008-01-13,NA,4.476740545043704,4.476740545043704
2008-01-14,NA,4.195609709543399,4.195609709543399
2008-01-15,NA,4.2045950142898665,4.2045950142898665
2008-01-16,NA,4.294170264486246,4.294170264486246
2008-01-17,NA,4.138440947574415,4.138440947574415
2008-01-18,NA,4.188238502717807,4.188238502717807
2008-01-19,NA,4.174655174220485,4.174655174220485
2008-01-20,NA,4.270179117644535,4.270179117644535
2008-01-21,NA,4.330298278186987,4.330298278186987
2008-01-22,NA,4.2043603234942495,4.2043603234942495
2008-01-23,NA,4.389052400428405,4.389052400428405
2008-01-24,NA,4.130298613848938,4.130298613848938
2008-01-25,NA,4.131246956247551,4.131246956247551
2008-01-26,NA,3.842538960774482,3.842538960774482
2008-01-27,NA,3.7193933475887744,3.7193933475887744
2008-01-28,NA,3.827126001992965,3.827126001992965
2008-01-29,NA,4.016459209150641,4.016459209150641
2008-01-30,NA,3.9577912998545526,3.9577912998545526
2008-01-31,NA,3.909569525767442,3.909569525767442
2008-02-01,NA,3.8409296524616825,3.8409296524616825
2008-02-02,NA,3.8201379638132775,3.8201379638132775
2008-02-03,NA,3.51625648996238,3.51625648996238
2008-02-04,NA,3.0517363509239965,3.0517363509239965
2008-02-05,NA,3.051319655021575,3.051319655021575
2008-02-06,NA,2.975615109806947,2.975615109806947
2008-02-07,NA,2.937772416415781,2.937772416415781
2008-02-08,NA,3.1960616110120883,3.1960616110120883
2008-02-09,NA,3.141009855811726,3.141009855811726
2008-02-10,NA,3.0197082417344343,3.0197082417344343
2008-02-11,NA,2.8389628018530972,2.8389628018530972
2008-02-12,NA,2.9295438697449767,2.9295438697449767
2008-02-13,NA,2.8729977568255856,2.8729977568255856
2008-02-14,NA,2.7854485108444274,2.7854485108444274
2008-02-15,NA,2.9271107488434818,2.9271107488434818
2008-02-16,NA,2.9916698760703553,2.9916698760703553
2008-02-17,NA,2.974087224831402,2.974087224831402
2008-02-18,NA,2.975931223939819,2.975931223939819
2008-02-19,NA,2.976822091041547,2.976822091041547
2008-02-20,NA,2.9673482462715524,2.9673482462715524
2008-02-21,NA,3.0128591021888873,3.0128591021888873
2008-02-22,NA,3.0207954827671895,3.0207954827671895
2008-02-23,NA,3.132489143048419,3.132489143048419
2008-02-24,NA,3.134232560387286,3.134232560387286
2008-02-25,NA,3.1037898114701545,3.1037898114701545
2008-02-26,NA,3.1592678417890867,3.1592678417890867
2008-02-27,NA,3.1888197236044893,3.1888197236044893
2008-02-28,NA,3.196291512199631,3.196291512199631
2008-02-29,NA,3.232793115330131,3.232793115330131
2008-03-01,NA,3.1915354313823383,3.1915354313823383
2008-03-02,NA,3.175001704311549,3.175001704311549
2008-03-03,NA,3.1827704486072683,3.1827704486072683
2008-03-04,NA,3.1642634030100694,3.1642634030100694
2008-03-05,NA,3.1299171235127834,3.1299171235127834
2008-03-06,NA,3.0845930623103275,3.0845930623103275
2008-03-07,NA,3.099938966578812,3.099938966578812
2008-03-08,NA,3.064376126630779,3.064376126630779
2008-03-09,NA,3.026576539712277,3.026576539712277
2008-03-10,NA,3.018750320119673,3.018750320119673
2008-03-11,NA,3.0271081862084697,3.0271081862084697
2008-03-12,NA,3.0478471891680634,3.0478471891680634
2008-03-13,NA,3.0751479551887755,3.0751479551887755
2008-03-14,NA,3.0790419065527828,3.0790419065527828
2008-03-15,NA,3.103727546565195,3.103727546565195
2008-03-16,NA,3.067613901688674,3.067613901688674
2008-03-17,NA,3.163310271003381,3.163310271003381
2008-03-18,NA,3.112875697986171,3.112875697986171
2008-03-19,NA,3.0315050464202264,3.0315050464202264
2008-03-20,NA,3.0310021375724765,3.0310021375724765
2008-03-21,NA,3.065305310597098,3.065305310597098
2008-03-22,NA,3.0572300313846554,3.0572300313846554
2008-03-23,NA,2.964575063196817,2.964575063196817
2008-03-24,NA,2.8252405747216343,2.8252405747216343
2008-03-25,NA,2.844039786411335,2.844039786411335
2008-03-26,NA,2.8405426212063842,2.8405426212063842
2008-03-27,NA,2.912544904677343,2.912544904677343
2008-03-28,NA,2.9845471881483006,2.9845471881483006
2008-03-29,NA,3.056549471619259,3.056549471619259
2008-03-30,NA,3.0689262543008975,3.0689262543008975
2008-03-31,NA,3.0703727159391883,3.0703727159391883
2008-04-01,NA,3.085316293129473,3.085316293129473
2008-04-02,NA,3.0072265230940878,3.0072265230940878
2008-04-03,NA,2.9793653729287395,2.9793653729287395
2008-04-04,NA,2.97880019917603,2.97880019917603
2008-04-05,NA,2.9832593242927468,2.9832593242927468
2008-04-06,NA,2.991416026842444,2.991416026842444
2008-04-07,NA,2.9771956804713042,2.9771956804713042
2008-04-08,NA,3.010387664422802,3.010387664422802
2008-04-09,NA,3.1084453105178973,3.1084453105178973
2008-04-10,NA,3.141704348982428,3.141704348982428
2008-04-11,NA,3.2009805385038903,3.2009805385038903
2008-04-12,NA,3.142873013352437,3.142873013352437
2008-04-13,NA,2.9588371127243938,2.9588371127243938
2008-04-14,NA,2.992464951010608,2.992464951010608
2008-04-15,NA,3.030537545589317,3.030537545589317
2008-04-16,NA,3.0075761644834755,3.0075761644834755
2008-04-17,NA,2.9465517680150732,2.9465517680150732
2008-04-18,NA,2.9882979919863937,2.9882979919863937
2008-04-19,NA,3.101921864321369,3.101921864321369
2008-04-20,NA,3.159497742976629,3.159497742976629
2008-04-21,NA,3.3174302796024135,3.3174302796024135
2008-04-22,NA,3.2740316408456276,3.2740316408456276
2008-04-23,NA,3.2387082813012853,3.2387082813012853
2008-04-24,NA,3.209903578345397,3.209903578345397
2008-04-25,NA,3.218745194849648,3.218745194849648
2008-04-26,NA,3.180356486138068,3.180356486138068
2008-04-27,NA,3.1139916766673683,3.1139916766673683
2008-04-28,NA,3.167386227474193,3.167386227474193
2008-04-29,NA,3.2252638514381027,3.2252638514381027
2008-04-30,NA,3.315820971289613,3.315820971289613
2008-05-01,NA,3.2897176072873533,3.2897176072873533
2008-05-02,NA,3.219319947818506,3.219319947818506
2008-05-03,NA,3.4133948669692535,3.4133948669692535
2008-05-04,NA,3.46127178927505,3.46127178927505
2008-05-05,NA,3.589887134881048,3.589887134881048
2008-05-06,NA,3.5179089047478436,3.5179089047478436
2008-05-07,NA,3.466176347942631,3.466176347942631
2008-05-08,NA,3.541737204915045,3.541737204915045
2008-05-09,NA,3.485832899477544,3.485832899477544
2008-05-10,NA,3.503482605229531,3.503482605229531
2008-05-11,NA,3.5894129636817413,3.5894129636817413
2008-05-12,NA,3.623040801967955,3.623040801967955
2008-05-13,NA,3.538125840427393,3.538125840427393
2008-05-14,NA,3.63287865695156,3.63287865695156
2008-05-15,NA,3.6634842525432005,3.6634842525432005
2008-05-16,NA,3.6792564319302543,3.6792564319302543
2008-05-17,NA,3.7559332675838646,3.7559332675838646
2008-05-18,NA,3.8388892794222405,3.8388892794222405
2008-05-19,NA,3.8526929298909587,3.8526929298909587
2008-05-20,NA,3.984694528405138,3.984694528405138
2008-05-21,NA,3.9180806593146005,3.9180806593146005
2008-05-22,NA,3.8493258354150695,3.8493258354150695
2008-05-23,NA,3.993373298234881,3.993373298234881
2008-05-24,NA,3.937449834365085,3.937449834365085
2008-05-25,NA,3.8288454712914626,3.8288454712914626
2008-05-26,NA,3.853507163263505,3.853507163263505
2008-05-27,NA,3.8827620893783314,3.8827620893783314
2008-05-28,NA,3.924005404501903,3.924005404501903
2008-05-29,NA,3.994733546927843,3.994733546927843
2008-05-30,NA,3.9934451423559882,3.9934451423559882
2008-05-31,NA,3.920441936094989,3.920441936094989
2008-06-01,NA,3.7932491040869123,3.7932491040869123
2008-06-02,NA,4.370272347170999,4.370272347170999
2008-06-03,NA,4.732050603418102,4.732050603418102
2008-06-04,NA,4.694840138292678,4.694840138292678
2008-06-05,NA,4.7693903879615185,4.7693903879615185
2008-06-06,NA,4.739876823010706,4.739876823010706
2008-06-07,NA,4.906263017886763,4.906263017886763
2008-06-08,NA,5.025375781074324,5.025375781074324
2008-06-09,NA,4.966200173322411,4.966200173322411
2008-06-10,NA,4.80759230195822,4.80759230195822
2008-06-11,NA,4.756951775793835,4.756951775793835
2008-06-12,NA,4.725919905083627,4.725919905083627
2008-06-13,NA,4.482971825147729,4.482971825147729
2008-06-14,NA,4.450282750043982,4.450282750043982
2008-06-15,NA,4.394143753810864,4.394143753810864
2008-06-16,NA,4.31625514731458,4.31625514731458
2008-06-17,NA,4.342401617789504,4.342401617789504
2008-06-18,NA,4.374439306195214,4.374439306195214
2008-06-19,NA,4.3530105996729915,4.3530105996729915
2008-06-20,NA,4.374295617952999,4.374295617952999
2008-06-21,NA,4.366833408574005,4.366833408574005
2008-06-22,NA,4.4351188508823025,4.4351188508823025
2008-06-23,NA,4.516293128517219,4.516293128517219
2008-06-24,NA,4.647557127388033,4.647557127388033
2008-06-25,NA,4.675662547565146,4.675662547565146
2008-06-26,NA,4.736298985779571,4.736298985779571
2008-06-27,NA,4.823383639777569,4.823383639777569
2008-06-28,NA,4.951706819291065,4.951706819291065
2008-06-29,NA,4.828613891794168,4.828613891794168
2008-06-30,NA,4.657945787300125,4.657945787300125
2008-07-01,NA,4.623110967779311,4.623110967779311
2008-07-02,NA,4.581302478903032,4.581302478903032
2008-07-03,NA,4.463928343446264,4.463928343446264
2008-07-04,NA,4.467357702827112,4.467357702827112
2008-07-05,NA,4.580746884366469,4.580746884366469
2008-07-06,NA,4.571962743159103,4.571962743159103
2008-07-07,NA,4.628346009403986,4.628346009403986
2008-07-08,NA,4.696823036035235,4.696823036035235
2008-07-09,NA,4.692023848745279,4.692023848745279
2008-07-10,NA,4.858927321293308,4.858927321293308
2008-07-11,NA,5.28116001064803,5.28116001064803
2008-07-12,NA,4.847480157996904,4.847480157996904
2008-07-13,NA,4.777460877565886,4.777460877565886
2008-07-14,NA,4.780564543597716,4.780564543597716
2008-07-15,NA,4.697249311153804,4.697249311153804
2008-07-16,NA,4.644252297817106,4.644252297817106
2008-07-17,NA,4.521183318360579,4.521183318360579
2008-07-18,NA,4.506584592951608,4.506584592951608
2008-07-19,NA,4.623518084465585,4.623518084465585
2008-07-20,NA,4.689130925468698,4.689130925468698
2008-07-21,NA,4.622325472055207,4.622325472055207
2008-07-22,NA,4.548776250473793,4.548776250473793
2008-07-23,NA,4.590029144813512,4.590029144813512
2008-07-24,NA,4.713529188996681,4.713529188996681
2008-07-25,NA,5.177943956657442,5.177943956657442
2008-07-26,NA,5.575696959146924,5.575696959146924
2008-07-27,NA,5.822529411230681,5.822529411230681
2008-07-28,NA,6.0877539583178635,6.0877539583178635
2008-07-29,NA,6.025302258643466,6.025302258643466
2008-07-30,NA,5.532595276090715,5.532595276090715
2008-07-31,NA,5.182767091987767,5.182767091987767
2008-08-01,NA,5.309562386525718,5.309562386525718
2008-08-02,NA,5.277495960471565,5.277495960471565
2008-08-03,NA,5.037201323408558,5.037201323408558
2008-08-04,NA,5.236065850633116,5.236065850633116
2008-08-05,NA,5.297157301614551,5.297157301614551
2008-08-06,NA,5.347151230688972,5.347151230688972
2008-08-07,NA,5.609482854499575,5.609482854499575
2008-08-08,NA,5.47952641863291,5.47952641863291
2008-08-09,NA,5.37696175134036,5.37696175134036
2008-08-10,NA,5.317532294360536,5.317532294360536
2008-08-11,NA,5.2285413763491615,5.2285413763491615
2008-08-12,NA,5.244375820641174,5.244375820641174
2008-08-13,NA,5.3905307110134615,5.3905307110134615
2008-08-14,NA,6.229191084737449,6.229191084737449
2008-08-15,NA,6.451179839742357,6.451179839742357
2008-08-16,NA,6.102362262942982,6.102362262942982
2008-08-17,NA,5.531800201150464,5.531800201150464
2008-08-18,NA,5.773862203592705,5.773862203592705
2008-08-19,NA,5.546628827746977,5.546628827746977
2008-08-20,NA,6.119456374158407,6.119456374158407
2008-08-21,NA,6.462737164024459,6.462737164024459
2008-08-22,NA,6.060678303876621,6.060678303876621
2008-08-23,NA,6.021609470818559,6.021609470818559
2008-08-24,NA,7.013063131705133,7.013063131705133
2008-08-25,NA,7.333693864990142,7.333693864990142
2008-08-26,NA,7.245220224650739,7.245220224650739
2008-08-27,NA,6.789455489171278,6.789455489171278
2008-08-28,NA,6.890070785977787,6.890070785977787
2008-08-29,NA,6.729235746859276,6.729235746859276
2008-08-30,NA,6.571557059461403,6.571557059461403
2008-08-31,NA,6.71338693374304,6.71338693374304
2008-09-01,NA,7.158882749512253,7.158882749512253
2008-09-02,NA,7.248616056775068,7.248616056775068
2008-09-03,NA,7.4234511202933255,7.4234511202933255
2008-09-04,NA,7.314276793858918,7.314276793858918
2008-09-05,NA,6.8480515543462595,6.8480515543462595
2008-09-06,NA,7.420826415068877,7.420826415068877
2008-09-07,NA,8.007409715868288,8.007409715868288
2008-09-08,NA,7.70936198465129,7.70936198465129
2008-09-09,NA,7.429902722368746,7.429902722368746
2008-09-10,NA,7.881974670023299,7.881974670023299
2008-09-11,NA,7.8837803522671255,7.8837803522671255
2008-09-12,NA,8.0022321495405,8.0022321495405
2008-09-13,NA,8.088263089762261,8.088263089762261
2008-09-14,NA,7.780937887706296,7.780937887706296
2008-09-15,NA,7.8181291943994236,7.8181291943994236
2008-09-16,NA,7.648557910154283,7.648557910154283
2008-09-17,NA,7.715689056916792,7.715689056916792
2008-09-18,NA,7.685289414472326,7.685289414472326
2008-09-19,NA,7.962272449380711,7.962272449380711
2008-09-20,NA,8.33773940550276,8.33773940550276
2008-09-21,NA,8.344569386616012,8.344569386616012
2008-09-22,NA,8.475708855676906,8.475708855676906
2008-09-23,NA,8.222214058762482,8.222214058762482
2008-09-24,NA,8.098881650861896,8.098881650861896
2008-09-25,NA,8.049678007119654,8.049678007119654
2008-09-26,NA,7.959341209239538,7.959341209239538
2008-09-27,NA,7.7709180276158865,7.7709180276158865
2008-09-28,NA,7.638250673579446,7.638250673579446
2008-09-29,NA,7.541088684194154,7.541088684194154
2008-09-30,NA,7.707407824557176,7.707407824557176
2008-10-01,NA,7.827521615832163,7.827521615832163
2008-10-02,NA,7.937969978014204,7.937969978014204
2008-10-03,NA,7.520167676127755,7.520167676127755
2008-10-04,NA,7.424289301706242,7.424289301706242
2008-10-05,NA,7.328525877878501,7.328525877878501
2008-10-06,NA,7.161382924926782,7.161382924926782
2008-10-07,NA,7.154883426770622,7.154883426770622
2008-10-08,NA,7.127980198220037,7.127980198220037
2008-10-09,NA,7.241953711944399,7.241953711944399
2008-10-10,NA,7.677396140366689,7.677396140366689
2008-10-11,NA,7.914079412942042,7.914079412942042
2008-10-12,NA,7.934214925284337,7.934214925284337
2008-10-13,NA,7.543493067447205,7.543493067447205
2008-10-14,NA,7.685241518391589,7.685241518391589
2008-10-15,NA,8.272399572159854,8.272399572159854
2008-10-16,NA,8.29356963984609,8.29356963984609
2008-10-17,NA,8.23186990863928,8.23186990863928
2008-10-18,NA,7.962387399974482,7.962387399974482
2008-10-19,NA,7.951002501583037,7.951002501583037
2008-10-20,NA,7.928951146011219,7.928951146011219
2008-10-21,NA,7.695088952591339,7.695088952591339
2008-10-22,NA,7.61092116991029,7.61092116991029
2008-10-23,NA,7.554729487988361,7.554729487988361
2008-10-24,NA,7.897957592165602,7.897957592165602
2008-10-25,NA,7.690639406690769,7.690639406690769
2008-10-26,NA,7.612252680954809,7.612252680954809
2008-10-27,NA,7.694078345287766,7.694078345287766
2008-10-28,NA,7.47939853220349,7.47939853220349
2008-10-29,NA,7.610916380302216,7.610916380302216
2008-10-30,NA,7.597184573954607,7.597184573954607
2008-10-31,NA,7.749043887542799,7.749043887542799
2008-11-01,NA,7.517341807364206,7.517341807364206
2008-11-02,NA,7.557895418925149,7.557895418925149
2008-11-03,NA,7.201414469207679,7.201414469207679
2008-11-04,NA,7.222713856311907,7.222713856311907
2008-11-05,NA,7.03457326156461,7.03457326156461
2008-11-06,NA,7.005596132718065,7.005596132718065
2008-11-07,NA,7.237446690746946,7.237446690746946
2008-11-08,NA,7.2050402025195535,7.2050402025195535
2008-11-09,NA,7.004810636993959,7.004810636993959
2008-11-10,NA,7.107035242113268,7.107035242113268
2008-11-11,NA,7.1686056539020875,7.1686056539020875
2008-11-12,NA,6.783104468865407,6.783104468865407
2008-11-13,NA,6.800097998311282,6.800097998311282
2008-11-14,NA,6.848918473407618,6.848918473407618
2008-11-15,NA,6.886421104625544,6.886421104625544
2008-11-16,NA,6.877038262408952,6.877038262408952
2008-11-17,NA,6.869786795785206,6.869786795785206
2008-11-18,NA,6.885391338889676,6.885391338889676
2008-11-19,NA,6.774559808061731,6.774559808061731
2008-11-20,NA,6.179206734879177,6.179206734879177
2008-11-21,NA,6.171672681379075,6.171672681379075
2008-11-22,NA,6.117200468755643,6.117200468755643
2008-11-23,NA,6.156254932989484,6.156254932989484
2008-11-24,NA,6.21734638397092,6.21734638397092
2008-11-25,NA,6.262818923023662,6.262818923023662
2008-11-26,NA,6.261338934128856,6.261338934128856
2008-11-27,NA,6.123158741199461,6.123158741199461
2008-11-28,NA,5.918551473894407,5.918551473894407
2008-11-29,NA,5.802949493424949,5.802949493424949
2008-11-30,NA,5.813975171210858,5.813975171210858
2008-12-01,NA,5.854294091976183,5.854294091976183
2008-12-02,NA,5.759574802708533,5.759574802708533
2008-12-03,NA,5.946221039736802,5.946221039736802
2008-12-04,NA,5.894090945461464,5.894090945461464
2008-12-05,NA,5.891705720640706,5.891705720640706
2008-12-06,NA,5.7186044952451685,5.7186044952451685
2008-12-07,NA,5.774235793022463,5.774235793022463
2008-12-08,NA,5.820019656600005,5.820019656600005
2008-12-09,NA,5.724529240432471,5.724529240432471
2008-12-10,NA,5.638340243144276,5.638340243144276
2008-12-11,NA,5.7879532305458525,5.7879532305458525
2008-12-12,NA,5.753333943388359,5.753333943388359
2008-12-13,NA,5.522719104242521,5.522719104242521
2008-12-14,NA,5.5761663407381565,5.5761663407381565
2008-12-15,NA,5.854456938650692,5.854456938650692
2008-12-16,NA,5.897889104663994,5.897889104663994
2008-12-17,NA,5.807217034218713,5.807217034218713
2008-12-18,NA,5.89700302717034,5.89700302717034
2008-12-19,NA,5.8471384175139125,5.8471384175139125
2008-12-20,NA,5.788058601923476,5.788058601923476
2008-12-21,NA,5.575447899527086,5.575447899527086
2008-12-22,NA,5.121555900804486,5.121555900804486
2008-12-23,NA,5.123490902466305,5.123490902466305
2008-12-24,NA,5.15632845542034,5.15632845542034
2008-12-25,NA,5.005048684409077,5.005048684409077
2008-12-26,NA,4.992001792016021,4.992001792016021
2008-12-27,NA,4.4880440200978935,4.4880440200978935
2008-12-28,NA,4.455584846181688,4.455584846181688
2008-12-29,NA,4.1257963822595585,4.1257963822595585
2008-12-30,NA,4.242260492182302,4.242260492182302
2008-12-31,NA,4.306196970359581,4.306196970359581
2009-01-01,NA,4.33304272361328,4.33304272361328
2009-01-02,NA,4.371105738975842,4.371105738975842
2009-01-03,NA,4.317146014416307,4.317146014416307
2009-01-04,NA,3.9673034614891374,3.9673034614891374
2009-01-05,NA,3.6371845146099147,3.6371845146099147
2009-01-06,NA,3.5792158880926013,3.5792158880926013
2009-01-07,NA,3.4443261559099136,3.4443261559099136
2009-01-08,NA,3.3511539100501038,3.3511539100501038
2009-01-09,NA,3.5712076633931926,3.5712076633931926
2009-01-10,NA,3.433956654430116,3.433956654430116
2009-01-11,NA,3.500345411941186,3.500345411941186
2009-01-12,NA,3.5738132101853446,3.5738132101853446
2009-01-13,NA,3.4673114850561237,3.4673114850561237
2009-01-14,NA,3.4019045972001853,3.4019045972001853
2009-01-15,NA,3.4826238620680914,3.4826238620680914
2009-01-16,NA,3.4071827452975234,3.4071827452975234
2009-01-17,NA,3.5289728993983434,3.5289728993983434
2009-01-18,NA,3.538829912814242,3.538829912814242
2009-01-19,NA,3.519139834022812,3.519139834022812
2009-01-20,NA,3.527018739304229,3.527018739304229
2009-01-21,NA,3.5490557260518245,3.5490557260518245
2009-01-22,NA,3.584177922057068,3.584177922057068
2009-01-23,NA,3.782266532773668,3.782266532773668
2009-01-24,NA,3.6153151641449006,3.6153151641449006
2009-01-25,NA,3.7366311470464137,3.7366311470464137
2009-01-26,NA,3.6302060556463736,3.6302060556463736
2009-01-27,NA,3.778535428084171,3.778535428084171
2009-01-28,NA,3.6005823297098636,3.6005823297098636
2009-01-29,NA,3.6423477121134806,3.6423477121134806
2009-01-30,NA,3.7224347487156435,3.7224347487156435
2009-01-31,NA,3.6038153151596855,3.6038153151596855
2009-02-01,NA,3.4867477146196415,3.4867477146196415
2009-02-02,NA,3.387296292575068,3.387296292575068
2009-02-03,NA,3.161188474626684,3.161188474626684
2009-02-04,NA,3.2199569656923224,3.2199569656923224
2009-02-05,NA,3.2154451548867944,3.2154451548867944
2009-02-06,NA,3.1375469691743616,3.1375469691743616
2009-02-07,NA,2.956245934756463,2.956245934756463
2009-02-08,NA,2.9309280664783075,2.9309280664783075
2009-02-09,NA,3.105691285875457,3.105691285875457
2009-02-10,NA,2.8988568508160815,2.8988568508160815
2009-02-11,NA,2.8724038454244334,2.8724038454244334
2009-02-12,NA,2.8125988633183248,2.8125988633183248
2009-02-13,NA,2.769451219877905,2.769451219877905
2009-02-14,NA,2.9166933512829467,2.9166933512829467
2009-02-15,NA,2.798112234591579,2.798112234591579
2009-02-16,NA,2.9053802970126092,2.9053802970126092
2009-02-17,NA,3.1561545965411106,3.1561545965411106
2009-02-18,NA,3.193499170692601,3.193499170692601
2009-02-19,NA,3.3107918828121132,3.3107918828121132
2009-02-20,NA,3.2439241644936634,3.2439241644936634
2009-02-21,NA,3.2475498978055373,3.2475498978055373
2009-02-22,NA,2.9780434411003687,2.9780434411003687
2009-02-23,NA,2.857900912176939,2.857900912176939
2009-02-24,NA,2.970926083502688,2.970926083502688
2009-02-25,NA,3.1870188309687366,3.1870188309687366
2009-02-26,NA,2.9834940150883633,2.9834940150883633
2009-02-27,NA,2.9460344903431017,2.9460344903431017
2009-02-28,NA,2.9435007876720567,2.9435007876720567
2009-03-01,NA,2.9753037852821493,2.9753037852821493
2009-03-02,NA,2.8068389005020595,2.8068389005020595
2009-03-03,NA,2.7024158652768717,2.7024158652768717
2009-03-04,NA,2.664075052646029,2.664075052646029
2009-03-05,NA,2.6597260885150105,2.6597260885150105
2009-03-06,NA,2.743922608844502,2.743922608844502
2009-03-07,NA,2.8909923143588867,2.8909923143588867
2009-03-08,NA,3.0242918966610697,3.0242918966610697
2009-03-09,NA,2.791488206625501,2.791488206625501
2009-03-10,NA,2.6944651158743484,2.6944651158743484
2009-03-11,NA,2.6677247339982717,2.6677247339982717
2009-03-12,NA,2.834384478754318,2.834384478754318
2009-03-13,NA,2.8226158747444754,2.8226158747444754
2009-03-14,NA,2.810847270734632,2.810847270734632
2009-03-15,NA,2.7990786667247893,2.7990786667247893
2009-03-16,NA,2.7873100627149463,2.7873100627149463
2009-03-17,NA,2.7755414587051037,2.7755414587051037
2009-03-18,NA,2.7637728546952607,2.7637728546952607
2009-03-19,NA,2.7520042506854177,2.7520042506854177
2009-03-20,NA,2.740235646675575,2.740235646675575
2009-03-21,NA,2.728467042665732,2.728467042665732
2009-03-22,NA,2.716698438655889,2.716698438655889
2009-03-23,NA,2.7049298346460464,2.7049298346460464
2009-03-24,NA,2.6931612306362034,2.6931612306362034
2009-03-25,NA,2.6813926266263604,2.6813926266263604
2009-03-26,NA,2.6696240226165173,2.6696240226165173
2009-03-27,NA,2.6578554186066747,2.6578554186066747
2009-03-28,NA,2.646086814596832,2.646086814596832
2009-03-29,NA,2.6343182105869887,2.6343182105869887
2009-03-30,NA,2.622549606577146,2.622549606577146
2009-03-31,NA,2.610781002567303,2.610781002567303
2009-04-01,NA,2.5990123985574605,2.5990123985574605
2009-04-02,NA,2.8109771218778303,2.8109771218778303
2009-04-03,NA,2.727384092165639,2.727384092165639
2009-04-04,NA,2.6332443454749193,2.6332443454749193
2009-04-05,NA,2.611849166209214,2.611849166209214
2009-04-06,NA,2.6518328144093726,2.6518328144093726
2009-04-07,NA,2.614406816920628,2.614406816920628
2009-04-08,NA,2.620216611514158,2.620216611514158
2009-04-09,NA,2.7683975061016666,2.7683975061016666
2009-04-10,NA,2.730947560572553,2.730947560572553
2009-04-11,NA,2.7080307501200824,2.7080307501200824
2009-04-12,NA,2.671307360837481,2.671307360837481
2009-04-13,NA,2.6951404506127554,2.6951404506127554
2009-04-14,NA,2.6986751813712266,2.6986751813712266
2009-04-15,NA,2.7010604061919836,2.7010604061919836
2009-04-16,NA,2.7246300675231985,2.7246300675231985
2009-04-17,NA,2.8459173127762685,2.8459173127762685
2009-04-18,NA,2.7670707846652216,2.7670707846652216
2009-04-19,NA,2.7677988050924407,2.7677988050924407
2009-04-20,NA,2.8102107845860207,2.8102107845860207
2009-04-21,NA,2.7922784919576795,2.7922784919576795
2009-04-22,NA,2.853427418236001,2.853427418236001
2009-04-23,NA,2.870338606129602,2.870338606129602
2009-04-24,NA,2.9733975212687733,2.9733975212687733
2009-04-25,NA,3.0869303910503465,3.0869303910503465
2009-04-26,NA,3.1714861319853735,3.1714861319853735
2009-04-27,NA,3.2667035404927,3.2667035404927
2009-04-28,NA,3.256856106292948,3.256856106292948
2009-04-29,NA,3.30907720312169,3.30907720312169
2009-04-30,NA,3.255835919773227,3.255835919773227
2009-05-01,NA,3.2562334572433533,3.2562334572433533
2009-05-02,NA,3.261832509081636,3.261832509081636
2009-05-03,NA,3.224037711771208,3.224037711771208
2009-05-04,NA,3.2374486143778736,3.2374486143778736
2009-05-05,NA,3.174671221354457,3.174671221354457
2009-05-06,NA,3.16812382711756,3.16812382711756
2009-05-07,NA,3.18732536588546,3.18732536588546
2009-05-08,NA,3.2227253591589844,3.2227253591589844
2009-05-09,NA,3.4517500484243175,3.4517500484243175
2009-05-10,NA,3.6312406109903166,3.6312406109903166
2009-05-11,NA,3.4483302682596175,3.4483302682596175
2009-05-12,NA,3.5574614882213607,3.5574614882213607
2009-05-13,NA,3.6371749353937664,3.6371749353937664
2009-05-14,NA,3.4919061225151338,3.4919061225151338
2009-05-15,NA,3.43060392877845,3.43060392877845
2009-05-16,NA,3.4655824365414785,3.4655824365414785
2009-05-17,NA,3.445058965945206,3.445058965945206
2009-05-18,NA,3.450298797177953,3.450298797177953
2009-05-19,NA,3.456314544918658,3.456314544918658
2009-05-20,NA,3.7141487267479536,3.7141487267479536
2009-05-21,NA,3.7392558522708614,3.7392558522708614
2009-05-22,NA,3.7422685157492874,3.7422685157492874
2009-05-23,NA,3.747546663846625,3.747546663846625
2009-05-24,NA,3.81252248697592,3.81252248697592
2009-05-25,NA,3.8076849828213732,3.8076849828213732
2009-05-26,NA,3.6595615635307506,3.6595615635307506
2009-05-27,NA,3.5922005155806978,3.5922005155806978
2009-05-28,NA,3.65731044773606,3.65731044773606
2009-05-29,NA,3.719810043491196,3.719810043491196
2009-05-30,NA,3.661908471486917,3.661908471486917
2009-05-31,NA,3.6756498570506753,3.6756498570506753
2009-06-01,NA,3.6265324262537626,3.6265324262537626
2009-06-02,NA,3.614539247636944,3.614539247636944
2009-06-03,NA,3.504268100953636,3.504268100953636
2009-06-04,NA,3.446174944626404,3.446174944626404
2009-06-05,NA,3.583028416119354,3.583028416119354
2009-06-06,NA,3.5920472481223364,3.5920472481223364
2009-06-07,NA,3.6146589878387894,3.6146589878387894
2009-06-08,NA,3.60019916106396,3.60019916106396
2009-06-09,NA,3.5367847501667256,3.5367847501667256
2009-06-10,NA,3.5273731703016913,3.5273731703016913
2009-06-11,NA,3.4709276391518498,3.4709276391518498
2009-06-12,NA,3.5194607377637577,3.5194607377637577
2009-06-13,NA,3.5089331792175256,3.5089331792175256
2009-06-14,NA,3.4661428206861142,3.4661428206861142
2009-06-15,NA,3.468858528463964,3.468858528463964
2009-06-16,NA,3.502448049885588,3.502448049885588
2009-06-17,NA,3.488697085105682,3.488697085105682
2009-06-18,NA,3.4926772494150176,3.4926772494150176
2009-06-19,NA,3.5794457892801437,3.5794457892801437
2009-06-20,NA,3.5738323686176394,3.5738323686176394
2009-06-21,NA,3.544970190364866,3.544970190364866
2009-06-22,NA,3.6023544846971736,3.6023544846971736
2009-06-23,NA,3.6150134188362517,3.6150134188362517
2009-06-24,NA,3.7403239348713213,3.7403239348713213
2009-06-25,NA,3.7412626980537866,3.7412626980537866
2009-06-26,NA,3.696915716898388,3.696915716898388
2009-06-27,NA,3.651553338831342,3.651553338831342
2009-06-28,NA,3.6591209195879597,3.6591209195879597
2009-06-29,NA,3.5227990945912038,3.5227990945912038
2009-06-30,NA,3.7986469923860953,3.7986469923860953
2009-07-01,NA,3.958490582633329,3.958490582633329
2009-07-02,NA,4.044425730693613,4.044425730693613
2009-07-03,NA,4.137372864973955,4.137372864973955
2009-07-04,NA,4.176154321547587,4.176154321547587
2009-07-05,NA,4.154658560512331,4.154658560512331
2009-07-06,NA,4.088561969093766,4.088561969093766
2009-07-07,NA,4.090947193914522,4.090947193914522
2009-07-08,NA,4.160971263953613,4.160971263953613
2009-07-09,NA,4.065974177417681,4.065974177417681
2009-07-10,NA,4.235713097945403,4.235713097945403
2009-07-11,NA,4.2581332533389045,4.2581332533389045
2009-07-12,NA,4.054436011567875,4.054436011567875
2009-07-13,NA,3.976710251746099,3.976710251746099
2009-07-14,NA,4.019989150301038,4.019989150301038
2009-07-15,NA,4.068804835789303,4.068804835789303
2009-07-16,NA,4.082613275866095,4.082613275866095
2009-07-17,NA,4.016828008972325,4.016828008972325
2009-07-18,NA,4.232293317780703,4.232293317780703
2009-07-19,NA,4.411098966392149,4.411098966392149
2009-07-20,NA,4.359481360180707,4.359481360180707
2009-07-21,NA,4.499433708097412,4.499433708097412
2009-07-22,NA,4.890265726920241,4.890265726920241
2009-07-23,NA,5.014024409939395,5.014024409939395
2009-07-24,NA,4.691894529327286,4.691894529327286
2009-07-25,NA,4.398329871267373,4.398329871267373
2009-07-26,NA,4.4472796657817035,4.4472796657817035
2009-07-27,NA,5.343501549336729,5.343501549336729
2009-07-28,NA,5.592853335267309,5.592853335267309
2009-07-29,NA,5.671771707499463,5.671771707499463
2009-07-30,NA,5.24469672438212,5.24469672438212
2009-07-31,NA,5.010935112731788,5.010935112731788
2009-08-01,NA,4.845866060076029,4.845866060076029
2009-08-02,NA,4.476295111492838,4.476295111492838
2009-08-03,NA,4.174659963828558,4.174659963828558
2009-08-04,NA,4.157642486342315,4.157642486342315
2009-08-05,NA,4.423077776184746,4.423077776184746
2009-08-06,NA,5.0316118507864225,5.0316118507864225
2009-08-07,NA,4.539134769421215,4.539134769421215
2009-08-08,NA,4.267851368120663,4.267851368120663
2009-08-09,NA,4.138651690329661,4.138651690329661
2009-08-10,NA,4.200701062925859,4.200701062925859
2009-08-11,NA,4.3873760376025714,4.3873760376025714
2009-08-12,NA,4.367240525260279,4.367240525260279
2009-08-13,NA,4.548776250473793,4.548776250473793
2009-08-14,NA,4.5169636736475525,4.5169636736475525
2009-08-15,NA,4.635013143842727,4.635013143842727
2009-08-16,NA,4.666284494956628,4.666284494956628
2009-08-17,NA,4.598521119928375,4.598521119928375
2009-08-18,NA,4.561152597736516,4.561152597736516
2009-08-19,NA,4.608809198070917,4.608809198070917
2009-08-20,NA,4.513280465038793,4.513280465038793
2009-08-21,NA,4.498250674903181,4.498250674903181
2009-08-22,NA,4.654674484985714,4.654674484985714
2009-08-23,NA,4.5985067511041535,4.5985067511041535
2009-08-24,NA,4.6641866466202995,4.6641866466202995
2009-08-25,NA,4.722351647068638,4.722351647068638
2009-08-26,NA,4.711752244401298,4.711752244401298
2009-08-27,NA,4.943885389306535,4.943885389306535
2009-08-28,NA,5.164207360701756,5.164207360701756
2009-08-29,NA,5.554153302030931,5.554153302030931
2009-08-30,NA,5.4918117633422305,5.4918117633422305
2009-08-31,NA,5.306410824413151,5.306410824413151
2009-09-01,NA,5.289565772817564,5.289565772817564
2009-09-02,NA,5.195952883014964,5.195952883014964
2009-09-03,NA,5.407854723416429,5.407854723416429
2009-09-04,NA,5.030965253696458,5.030965253696458
2009-09-05,NA,4.987988100450169,4.987988100450169
2009-09-06,NA,4.784712344189634,4.784712344189634
2009-09-07,NA,4.602233066185578,4.602233066185578
2009-09-08,NA,4.918490887299198,4.918490887299198
2009-09-09,NA,4.5698888428631435,4.5698888428631435
2009-09-10,NA,5.150877881432345,5.150877881432345
2009-09-11,NA,5.736718792980316,5.736718792980316
2009-09-12,NA,6.523201176348225,6.523201176348225
2009-09-13,NA,6.684285275086577,6.684285275086577
2009-09-14,NA,6.495464555992797,6.495464555992797
2009-09-15,NA,6.064145980122058,6.064145980122058
2009-09-16,NA,5.929323302452405,5.929323302452405
2009-09-17,NA,7.2875076743344,7.2875076743344
2009-09-18,NA,7.467161083574908,7.467161083574908
2009-09-19,NA,6.549984664696966,6.549984664696966
2009-09-20,NA,6.182798940934534,6.182798940934534
2009-09-21,NA,7.102250423647535,7.102250423647535
2009-09-22,NA,6.9790377559487915,6.9790377559487915
2009-09-23,NA,6.228324165676089,6.228324165676089
2009-09-24,NA,6.786950524148676,6.786950524148676
2009-09-25,NA,7.507671588663186,7.507671588663186
2009-09-26,NA,7.278211045063134,7.278211045063134
2009-09-27,NA,7.4817262817273615,7.4817262817273615
2009-09-28,NA,7.537884436392774,7.537884436392774
2009-09-29,NA,7.442125802173107,7.442125802173107
2009-09-30,NA,7.727222433158525,7.727222433158525
2009-10-01,NA,7.505616846799521,7.505616846799521
2009-10-02,NA,7.244080297929171,7.244080297929171
2009-10-03,NA,7.39099194637712,7.39099194637712
2009-10-04,NA,6.978137309630917,6.978137309630917
2009-10-05,NA,6.741152291746912,6.741152291746912
2009-10-06,NA,6.676190837441839,6.676190837441839
2009-10-07,NA,6.611727502376441,6.611727502376441
2009-10-08,NA,7.031091216494952,7.031091216494952
2009-10-09,NA,7.703078018858452,7.703078018858452
2009-10-10,NA,7.56940005751844,7.56940005751844
2009-10-11,NA,7.352234437843856,7.352234437843856
2009-10-12,NA,7.611721034458617,7.611721034458617
2009-10-13,NA,7.919046236514584,7.919046236514584
2009-10-14,NA,7.496689017349942,7.496689017349942
2009-10-15,NA,6.788454461083852,6.788454461083852
2009-10-16,NA,6.848109029643144,6.848109029643144
2009-10-17,NA,7.175167416963204,7.175167416963204
2009-10-18,NA,7.312633958289602,7.312633958289602
2009-10-19,NA,7.347588518012262,7.347588518012262
2009-10-20,NA,7.4399465304995225,7.4399465304995225
2009-10-21,NA,7.517897401900768,7.517897401900768
2009-10-22,NA,7.824729274325131,7.824729274325131
2009-10-23,NA,8.372483222470173,8.372483222470173
2009-10-24,NA,8.449164847731856,8.449164847731856
2009-10-25,NA,8.443556216677425,8.443556216677425
2009-10-26,NA,8.53112462109088,8.53112462109088
2009-10-27,NA,8.52847117821799,8.52847117821799
2009-10-28,NA,8.247579823121375,8.247579823121375
2009-10-29,NA,8.030754265620034,8.030754265620034
2009-10-30,NA,8.07127434992446,8.07127434992446
2009-10-31,NA,8.105922374730396,8.105922374730396
2009-11-01,NA,8.043125823274682,8.043125823274682
2009-11-02,NA,8.088047557398939,8.088047557398939
2009-11-03,NA,7.9144242647233565,7.9144242647233565
2009-11-04,NA,8.089388647659607,8.089388647659607
2009-11-05,NA,8.109993541593134,8.109993541593134
2009-11-06,NA,8.027344064671482,8.027344064671482
2009-11-07,NA,7.862485754770971,7.862485754770971
2009-11-08,NA,7.913432815852078,7.913432815852078
2009-11-09,NA,7.864051956611105,7.864051956611105
2009-11-10,NA,7.899854276962829,7.899854276962829
2009-11-11,NA,7.84259451244044,7.84259451244044
2009-11-12,NA,7.7886299982728335,7.7886299982728335
2009-11-13,NA,7.709017132869976,7.709017132869976
2009-11-14,NA,7.80955100633923,7.80955100633923
2009-11-15,NA,7.721168368553231,7.721168368553231
2009-11-16,NA,7.737362033450779,7.737362033450779
2009-11-17,NA,7.541543696961165,7.541543696961165
2009-11-18,NA,7.079365676270873,7.079365676270873
2009-11-19,NA,7.1065035956170775,7.1065035956170775
2009-11-20,NA,7.117821439495488,7.117821439495488
2009-11-21,NA,7.548086301589988,7.548086301589988
2009-11-22,NA,7.3711102832627375,7.3711102832627375
2009-11-23,NA,6.811918751037442,6.811918751037442
2009-11-24,NA,6.812900620692574,6.812900620692574
2009-11-25,NA,6.9031559952354336,6.9031559952354336
2009-11-26,NA,6.61416541288601,6.61416541288601
2009-11-27,NA,6.584062726142118,6.584062726142118
2009-11-28,NA,6.571547480245256,6.571547480245256
2009-11-29,NA,6.521275753902554,6.521275753902554
2009-11-30,NA,6.593306669724571,6.593306669724571
2009-12-01,NA,6.460562681958949,6.460562681958949
2009-12-02,NA,6.367510176300984,6.367510176300984
2009-12-03,NA,6.438664593845493,6.438664593845493
2009-12-04,NA,6.390802040363919,6.390802040363919
2009-12-05,NA,6.537526894096988,6.537526894096988
2009-12-06,NA,6.548509465410232,6.548509465410232
2009-12-07,NA,6.5876980386701405,6.5876980386701405
2009-12-08,NA,6.509296944109957,6.509296944109957
2009-12-09,NA,6.484999262351524,6.484999262351524
2009-12-10,NA,6.577362064446859,6.577362064446859
2009-12-11,NA,6.4557108089801805,6.4557108089801805
2009-12-12,NA,6.451103206013176,6.451103206013176
2009-12-13,NA,6.5347441318061055,6.5347441318061055
2009-12-14,NA,6.774765761208904,6.774765761208904
2009-12-15,NA,6.616775749286235,6.616775749286235
2009-12-16,NA,6.610022401902164,6.610022401902164
2009-12-17,NA,6.517391381754695,6.517391381754695
2009-12-18,NA,6.641906822849512,6.641906822849512
2009-12-19,NA,6.149583008942667,6.149583008942667
2009-12-20,NA,5.66646003214561,5.66646003214561
2009-12-21,NA,5.721420784792569,5.721420784792569
2009-12-22,NA,5.457436746196501,5.457436746196501
2009-12-23,NA,5.40712670298921,5.40712670298921
2009-12-24,NA,5.457556486398348,5.457556486398348
2009-12-25,NA,5.168431795022856,5.168431795022856
2009-12-26,NA,5.115717368562512,5.115717368562512
2009-12-27,NA,5.086428915191169,5.086428915191169
2009-12-28,NA,5.181368526430214,5.181368526430214
2009-12-29,NA,5.1715210922304635,5.1715210922304635
2009-12-30,NA,5.306884995612458,5.306884995612458
2009-12-31,NA,5.33422407849776,5.33422407849776
2010-01-01,NA,5.343084853434307,5.343084853434307
2010-01-02,NA,5.3837390467648,5.3837390467648
2010-01-03,NA,5.285825088911919,5.285825088911919
2010-01-04,NA,5.378298051992953,5.378298051992953
2010-01-05,NA,5.406465737075026,5.406465737075026
2010-01-06,NA,5.43257389068536,5.43257389068536
2010-01-07,NA,5.305615749472899,5.305615749472899
2010-01-08,NA,5.145911057859806,5.145911057859806
2010-01-09,NA,5.046905069366096,5.046905069366096
2010-01-10,NA,5.175520414972093,5.175520414972093
2010-01-11,NA,5.070359780103539,5.070359780103539
2010-01-12,NA,5.022880395267869,5.022880395267869
2010-01-13,NA,4.860493523133442,4.860493523133442
2010-01-14,NA,4.867998838985102,4.867998838985102
2010-01-15,NA,4.8531606331724415,4.8531606331724415
2010-01-16,NA,4.863601978773344,4.863601978773344
2010-01-17,NA,4.806782858193747,4.806782858193747
2010-01-18,NA,4.744355106559718,4.744355106559718
2010-01-19,NA,4.7218487382208885,4.7218487382208885
2010-01-20,NA,4.7111152265274825,4.7111152265274825
2010-01-21,NA,4.604182436671618,4.604182436671618
2010-01-22,NA,4.5893585996831785,4.5893585996831785
2010-01-23,NA,4.65043089223232,4.65043089223232
2010-01-24,NA,4.629021344142393,4.629021344142393
2010-01-25,NA,4.682214731410117,4.682214731410117
2010-01-26,NA,4.584027765897028,4.584027765897028
2010-01-27,NA,4.80276437701982,4.80276437701982
2010-01-28,NA,4.682875697324302,4.682875697324302
2010-01-29,NA,4.45046954475886,4.45046954475886
2010-01-30,NA,4.372662361599829,4.372662361599829
2010-01-31,NA,4.403210481894586,4.403210481894586
2010-02-01,NA,4.60524094005593,4.60524094005593
2010-02-02,NA,4.598070896769437,4.598070896769437
2010-02-03,NA,4.684623904271243,4.684623904271243
2010-02-04,NA,4.5907859028891735,4.5907859028891735
2010-02-05,NA,4.430233450647016,4.430233450647016
2010-02-06,NA,4.550136499166756,4.550136499166756
2010-02-07,NA,4.763101632560607,4.763101632560607
2010-02-08,NA,4.555237431765363,4.555237431765363
2010-02-09,NA,4.406668578923876,4.406668578923876
2010-02-10,NA,4.295123396492933,4.295123396492933
2010-02-11,NA,4.11046005720722,4.11046005720722
2010-02-12,NA,4.13390997833659,4.13390997833659
2010-02-13,NA,4.129412536355284,4.129412536355284
2010-02-14,NA,4.130772785048245,4.130772785048245
2010-02-15,NA,4.167801245066864,4.167801245066864
2010-02-16,NA,4.209485204133225,4.209485204133225
2010-02-17,NA,4.292570535389592,4.292570535389592
2010-02-18,NA,4.2563419399193005,4.2563419399193005
2010-02-19,NA,4.252083978341684,4.252083978341684
2010-02-20,NA,4.212349389761362,4.212349389761362
2010-02-21,NA,4.228423314457068,4.228423314457068
2010-02-22,NA,4.313367013646072,4.313367013646072
2010-02-23,NA,4.484672136013932,4.484672136013932
2010-02-24,NA,4.560482052606183,4.560482052606183
2010-02-25,NA,4.528774847157566,4.528774847157566
2010-02-26,NA,4.348249729247625,4.348249729247625
2010-02-27,NA,4.399134525423774,4.399134525423774
2010-02-28,NA,4.383027073471553,4.383027073471553
2010-03-01,NA,4.353144708699057,4.353144708699057
2010-03-02,NA,4.1950876422633545,4.1950876422633545
2010-03-03,NA,4.118817923296017,4.118817923296017
2010-03-04,NA,4.0652940530712005,4.0652940530712005
2010-03-05,NA,4.032906723276103,4.032906723276103
2010-03-06,NA,4.114114528167537,4.114114528167537
2010-03-07,NA,4.271625579282826,4.271625579282826
2010-03-08,NA,4.447423354023918,4.447423354023918
2010-03-09,NA,4.351358184887527,4.351358184887527
2010-03-10,NA,3.938015008117795,3.938015008117795
2010-03-11,NA,3.919939027247238,3.919939027247238
2010-03-12,NA,4.050657010797639,4.050657010797639
2010-03-13,NA,4.192917949805919,4.192917949805919
2010-03-14,NA,4.301421731109993,4.301421731109993
2010-03-15,NA,4.335380052353299,4.335380052353299
2010-03-16,NA,4.062401129794619,4.062401129794619
2010-03-17,NA,3.9624084820377043,3.9624084820377043
2010-03-18,NA,3.926903117386557,3.926903117386557
2010-03-19,NA,3.8967860618184447,3.8967860618184447
2010-03-20,NA,3.834818112559502,3.834818112559502
2010-03-21,NA,3.796247398741117,3.796247398741117
2010-03-22,NA,3.8028283202345308,3.8028283202345308
2010-03-23,NA,3.7720215611037893,3.7720215611037893
2010-03-24,NA,3.8248893127286165,3.8248893127286165
2010-03-25,NA,3.8305347256648097,3.8305347256648097
2010-03-26,NA,3.836180138601002,3.836180138601002
2010-03-27,NA,3.841825551537194,3.841825551537194
2010-03-28,NA,3.8474709644733873,3.8474709644733873
2010-03-29,NA,3.8531163774095796,3.8531163774095796
2010-03-30,NA,3.8587617903457727,3.8587617903457727
2010-03-31,NA,3.864407203281964,3.864407203281964
2010-04-01,NA,3.870052616218157,3.870052616218157
2010-04-02,NA,3.8756980291543495,3.8756980291543495
2010-04-03,NA,3.8813434420905426,3.8813434420905426
2010-04-04,NA,3.886988855026735,3.886988855026735
2010-04-05,NA,3.892634267962927,3.892634267962927
2010-04-06,NA,3.8982796808991202,3.8982796808991202
2010-04-07,NA,3.9039250938353125,3.9039250938353125
2010-04-08,NA,3.9095705067715047,3.9095705067715047
2010-04-09,NA,3.915215919707697,3.915215919707697
2010-04-10,NA,3.92086133264389,3.92086133264389
2010-04-11,NA,3.9265067455800833,3.9265067455800833
2010-04-12,NA,3.9321521585162746,3.9321521585162746
2010-04-13,NA,3.937797571452468,3.937797571452468
2010-04-14,NA,3.94344298438866,3.94344298438866
2010-04-15,NA,3.949088397324853,3.949088397324853
2010-04-16,NA,3.9547338102610454,3.9547338102610454
2010-04-17,NA,3.9603792231972377,3.9603792231972377
2010-04-18,NA,3.966024636133431,3.966024636133431
2010-04-19,NA,3.9663886463470397,3.9663886463470397
2010-04-20,NA,3.97678688547528,3.97678688547528
2010-04-21,NA,3.949163627449805,3.949163627449805
2010-04-22,NA,3.9641822501054533,3.9641822501054533
2010-04-23,NA,4.043194801418645,4.043194801418645
2010-04-24,NA,4.120930140456567,4.120930140456567
2010-04-25,NA,4.158269924999983,4.158269924999983
2010-04-26,NA,4.19249167468735,4.19249167468735
2010-04-27,NA,4.163500177016584,4.163500177016584
2010-04-28,NA,4.18072360765,4.18072360765
2010-04-29,NA,4.194378780268432,4.194378780268432
2010-04-30,NA,4.263665250664154,4.263665250664154
2010-05-01,NA,4.2878958779095555,4.2878958779095555
2010-05-02,NA,4.3303509638758,4.3303509638758
2010-05-03,NA,4.354270266596403,4.354270266596403
2010-05-04,NA,4.345687288928136,4.345687288928136
2010-05-05,NA,4.411745563482114,4.411745563482114
2010-05-06,NA,4.432154083484614,4.432154083484614
2010-05-07,NA,4.400604935102432,4.400604935102432
2010-05-08,NA,4.435138009314597,4.435138009314597
2010-05-09,NA,4.521346165035089,4.521346165035089
2010-05-10,NA,4.376968219258185,4.376968219258185
2010-05-11,NA,4.351530610778184,4.351530610778184
2010-05-12,NA,4.501464501920706,4.501464501920706
2010-05-13,NA,4.852964259241414,4.852964259241414
2010-05-14,NA,4.971636378486185,4.971636378486185
2010-05-15,NA,4.93773074293169,4.93773074293169
2010-05-16,NA,4.837532142027602,4.837532142027602
2010-05-17,NA,4.885859287492336,4.885859287492336
2010-05-18,NA,4.974514932938543,4.974514932938543
2010-05-19,NA,4.963522782409152,4.963522782409152
2010-05-20,NA,5.0493573486998855,5.0493573486998855
2010-05-21,NA,4.976397248911551,4.976397248911551
2010-05-22,NA,4.966382178429216,4.966382178429216
2010-05-23,NA,4.932016740499636,4.932016740499636
2010-05-24,NA,4.9851191252139575,4.9851191252139575
2010-05-25,NA,5.007682968849673,5.007682968849673
2010-05-26,NA,5.028014855122992,5.028014855122992
2010-05-27,NA,5.261503459113115,5.261503459113115
2010-05-28,NA,5.243939966306458,5.243939966306458
2010-05-29,NA,5.206585812938821,5.206585812938821
2010-05-30,NA,5.097789865542245,5.097789865542245
2010-05-31,NA,5.1477837946166645,5.1477837946166645
2010-06-01,NA,5.214201289776177,5.214201289776177
2010-06-02,NA,5.242201338575665,5.242201338575665
2010-06-03,NA,5.196177994594434,5.196177994594434
2010-06-04,NA,5.182340816869198,5.182340816869198
2010-06-05,NA,5.133625713150485,5.133625713150485
2010-06-06,NA,5.221251592860824,5.221251592860824
2010-06-07,NA,5.302330078334265,5.302330078334265
2010-06-08,NA,4.749968527222222,4.749968527222222
2010-06-09,NA,4.785387678928041,4.785387678928041
2010-06-10,NA,4.939172414961906,4.939172414961906
2010-06-11,NA,5.267059404478735,5.267059404478735
2010-06-12,NA,5.353449565306031,5.353449565306031
2010-06-13,NA,5.22000150515356,5.22000150515356
2010-06-14,NA,5.6433693316217735,5.6433693316217735
2010-06-15,NA,5.771309342489365,5.771309342489365
2010-06-16,NA,5.685407721685598,5.685407721685598
2010-06-17,NA,5.790525250081487,5.790525250081487
2010-06-18,NA,5.772305580968718,5.772305580968718
2010-06-19,NA,5.62892866327924,5.62892866327924
2010-06-20,NA,5.624349797960678,5.624349797960678
2010-06-21,NA,5.537341777691861,5.537341777691861
2010-06-22,NA,5.667700540636725,5.667700540636725
2010-06-23,NA,5.723360576062461,5.723360576062461
2010-06-24,NA,5.552850528634854,5.552850528634854
2010-06-25,NA,5.638234871766651,5.638234871766651
2010-06-26,NA,5.622558484541074,5.622558484541074
2010-06-27,NA,5.697400900302416,5.697400900302416
2010-06-28,NA,5.7575440088852385,5.7575440088852385
2010-06-29,NA,5.551542965630704,5.551542965630704
2010-06-30,NA,5.6009094560474555,5.6009094560474555
2010-07-01,NA,5.702497043292949,5.702497043292949
2010-07-02,NA,5.785668587494646,5.785668587494646
2010-07-03,NA,5.845519529984964,5.845519529984964
2010-07-04,NA,5.864371427363478,5.864371427363478
2010-07-05,NA,6.05752195215598,6.05752195215598
2010-07-06,NA,6.4597101317218115,6.4597101317218115
2010-07-07,NA,6.515868286387224,6.515868286387224
2010-07-08,NA,6.527746514410271,6.527746514410271
2010-07-09,NA,6.571193049247793,6.571193049247793
2010-07-10,NA,6.40830805787369,6.40830805787369
2010-07-11,NA,6.292155272475744,6.292155272475744
2010-07-12,NA,6.037391229421761,6.037391229421761
2010-07-13,NA,6.070875379465761,6.070875379465761
2010-07-14,NA,6.282940066541736,6.282940066541736
2010-07-15,NA,6.397790078543606,6.397790078543606
2010-07-16,NA,6.2203207305847545,6.2203207305847545
2010-07-17,NA,6.076728280531956,6.076728280531956
2010-07-18,NA,5.894244212919826,5.894244212919826
2010-07-19,NA,6.327679795559186,6.327679795559186
2010-07-20,NA,6.36750538669291,6.36750538669291
2010-07-21,NA,6.059907176976738,6.059907176976738
2010-07-22,NA,6.094579149823042,6.094579149823042
2010-07-23,NA,5.976888900233403,5.976888900233403
2010-07-24,NA,5.789950497112631,5.789950497112631
2010-07-25,NA,5.771812251337115,5.771812251337115
2010-07-26,NA,5.834575275536311,5.834575275536311
2010-07-27,NA,6.008438048615584,6.008438048615584
2010-07-28,NA,5.898938028832159,5.898938028832159
2010-07-29,NA,5.980236836276996,5.980236836276996
2010-07-30,NA,5.955297347036671,5.955297347036671
2010-07-31,NA,6.204136644903352,6.204136644903352
2010-08-01,NA,6.405645035784653,6.405645035784653
2010-08-02,NA,6.281225386851311,6.281225386851311
2010-08-03,NA,5.912784785773541,5.912784785773541
2010-08-04,NA,5.992814347078818,5.992814347078818
2010-08-05,NA,6.117056780513428,6.117056780513428
2010-08-06,NA,6.20163167988075,6.20163167988075
2010-08-07,NA,6.139237455503238,6.139237455503238
2010-08-08,NA,5.937451267353659,5.937451267353659
2010-08-09,NA,5.907070783341487,5.907070783341487
2010-08-10,NA,5.895341033168728,5.895341033168728
2010-08-11,NA,5.791325114629814,5.791325114629814
2010-08-12,NA,5.825513337060663,5.825513337060663
2010-08-13,NA,5.7017354956092134,5.7017354956092134
2010-08-14,NA,5.89889013275142,5.89889013275142
2010-08-15,NA,5.9998550709473175,5.9998550709473175
2010-08-16,NA,6.267919855622269,6.267919855622269
2010-08-17,NA,6.428917741415292,6.428917741415292
2010-08-18,NA,6.305738600973067,6.305738600973067
2010-08-19,NA,6.03829646534771,6.03829646534771
2010-08-20,NA,6.113857322320124,6.113857322320124
2010-08-21,NA,6.043406977162464,6.043406977162464
2010-08-22,NA,5.960661708079337,5.960661708079337
2010-08-23,NA,5.723054041145737,5.723054041145737
2010-08-24,NA,5.754459501285705,5.754459501285705
2010-08-25,NA,5.79188549877445,5.79188549877445
2010-08-26,NA,5.877504532701863,5.877504532701863
2010-08-27,NA,5.8785678256942475,5.8785678256942475
2010-08-28,NA,5.824790106241519,5.824790106241519
2010-08-29,NA,5.855237644766724,5.855237644766724
2010-08-30,NA,6.003025791492179,6.003025791492179
2010-08-31,NA,6.043368660297874,6.043368660297874
2010-09-01,NA,6.205544789677052,6.205544789677052
2010-09-02,NA,6.190907747403491,6.190907747403491
2010-09-03,NA,6.28771051618325,6.28771051618325
2010-09-04,NA,6.1323116822285115,6.1323116822285115
2010-09-05,NA,6.374110256226693,6.374110256226693
2010-09-06,NA,6.46346997405975,6.46346997405975
2010-09-07,NA,6.453727911237623,6.453727911237623
2010-09-08,NA,6.46136733611535,6.46136733611535
2010-09-09,NA,6.418816457987628,6.418816457987628
2010-09-10,NA,6.359209785509073,6.359209785509073
2010-09-11,NA,6.426719311309414,6.426719311309414
2010-09-12,NA,6.359478003561206,6.359478003561206
2010-09-13,NA,6.283490871470223,6.283490871470223
2010-09-14,NA,6.383651155509721,6.383651155509721
2010-09-15,NA,6.3614896389522055,6.3614896389522055
2010-09-16,NA,6.346809490205981,6.346809490205981
2010-09-17,NA,6.314494004531991,6.314494004531991
2010-09-18,NA,6.319096817890921,6.319096817890921
2010-09-19,NA,6.182846837015271,6.182846837015271
2010-09-20,NA,6.118948675702583,6.118948675702583
2010-09-21,NA,6.066646155536587,6.066646155536587
2010-09-22,NA,6.045504825498794,6.045504825498794
2010-09-23,NA,5.921391711482176,5.921391711482176
2010-09-24,NA,5.933260360289076,5.933260360289076
2010-09-25,NA,6.1420250074021965,6.1420250074021965
2010-09-26,NA,6.931711638571485,6.931711638571485
2010-09-27,NA,7.461729668019208,7.461729668019208
2010-09-28,NA,6.964223498176501,6.964223498176501
2010-09-29,NA,7.070428267605147,7.070428267605147
2010-09-30,NA,7.064369413391777,7.064369413391777
2010-10-01,NA,7.3140756303198184,7.3140756303198184
2010-10-02,NA,8.283976054874252,8.283976054874252
2010-10-03,NA,7.902421506890391,7.902421506890391
2010-10-04,NA,7.982513333100629,7.982513333100629
2010-10-05,NA,7.851699557388752,7.851699557388752
2010-10-06,NA,8.258619869731506,8.258619869731506
2010-10-07,NA,8.24138685988194,8.24138685988194
2010-10-08,NA,7.750595720558714,7.750595720558714
2010-10-09,NA,7.947855729078546,7.947855729078546
2010-10-10,NA,7.781919757361425,7.781919757361425
2010-10-11,NA,7.642628375358907,7.642628375358907
2010-10-12,NA,7.654722135745276,7.654722135745276
2010-10-13,NA,7.439419673611404,7.439419673611404
2010-10-14,NA,7.556434588462638,7.556434588462638
2010-10-15,NA,7.393851342397184,7.393851342397184
2010-10-16,NA,7.342185840105005,7.342185840105005
2010-10-17,NA,7.514554255465249,7.514554255465249
2010-10-18,NA,8.001906456191481,8.001906456191481
2010-10-19,NA,7.987892062967516,7.987892062967516
2010-10-20,NA,8.036415582363276,8.036415582363276
2010-10-21,NA,8.212840795762038,8.212840795762038
2010-10-22,NA,8.109543318434195,8.109543318434195
2010-10-23,NA,7.932778042862193,7.932778042862193
2010-10-24,NA,7.626865775188001,7.626865775188001
2010-10-25,NA,7.610370364981803,7.610370364981803
2010-10-26,NA,7.930862199632669,7.930862199632669
2010-10-27,NA,7.905165952316684,7.905165952316684
2010-10-28,NA,8.137222463492739,8.137222463492739
2010-10-29,NA,7.946509849209805,7.946509849209805
2010-10-30,NA,7.839965017607918,7.839965017607918
2010-10-31,NA,7.935512909072338,7.935512909072338
2010-11-01,NA,7.918409218640766,7.918409218640766
2010-11-02,NA,8.057791603196687,8.057791603196687
2010-11-03,NA,8.018109700305178,8.018109700305178
2010-11-04,NA,8.049208625528422,8.049208625528422
2010-11-05,NA,8.021864753035045,8.021864753035045
2010-11-06,NA,7.996096661597949,7.996096661597949
2010-11-07,NA,7.892823132310477,7.892823132310477
2010-11-08,NA,7.706464271766636,7.706464271766636
2010-11-09,NA,7.762584109567458,7.762584109567458
2010-11-10,NA,7.996954001443163,7.996954001443163
2010-11-11,NA,7.816165455089161,7.816165455089161
2010-11-12,NA,7.493384187779013,7.493384187779013
2010-11-13,NA,7.740072951620554,7.740072951620554
2010-11-14,NA,7.759509181184072,7.759509181184072
2010-11-15,NA,7.723563172590135,7.723563172590135
2010-11-16,NA,7.711450253771471,7.711450253771471
2010-11-17,NA,7.659612325588634,7.659612325588634
2010-11-18,NA,7.633978343177608,7.633978343177608
2010-11-19,NA,7.637177801370912,7.637177801370912
2010-11-20,NA,7.463425189277336,7.463425189277336
2010-11-21,NA,7.199987166001684,7.199987166001684
2010-11-22,NA,7.049794636023176,7.049794636023176
2010-11-23,NA,7.244257513427902,7.244257513427902
2010-11-24,NA,7.3232525193892375,7.3232525193892375
2010-11-25,NA,7.20569158921759,7.20569158921759
2010-11-26,NA,7.175272788340829,7.175272788340829
2010-11-27,NA,7.080203857683792,7.080203857683792
2010-11-28,NA,6.973266278219853,6.973266278219853
2010-11-29,NA,6.664360505499529,6.664360505499529
2010-11-30,NA,6.605922497390985,6.605922497390985
2010-12-01,NA,6.360378449879082,6.360378449879082
2010-12-02,NA,6.336909370317418,6.336909370317418
2010-12-03,NA,6.193958727746509,6.193958727746509
2010-12-04,NA,6.215334748579918,6.215334748579918
2010-12-05,NA,6.450413502450548,6.450413502450548
2010-12-06,NA,6.32398700773428,6.32398700773428
2010-12-07,NA,6.1361433686875575,6.1361433686875575
2010-12-08,NA,6.154549832515206,6.154549832515206
2010-12-09,NA,6.087030727498719,6.087030727498719
2010-12-10,NA,5.999390478964159,5.999390478964159
2010-12-11,NA,5.954770490148553,5.954770490148553
2010-12-12,NA,5.9954438419113405,5.9954438419113405
2010-12-13,NA,5.867278719464281,5.867278719464281
2010-12-14,NA,5.8845931526510995,5.8845931526510995
2010-12-15,NA,5.666421715281018,5.666421715281018
2010-12-16,NA,5.398064764513563,5.398064764513563
2010-12-17,NA,5.29828764911997,5.29828764911997
2010-12-18,NA,5.133798139041142,5.133798139041142
2010-12-19,NA,5.288622220027024,5.288622220027024
2010-12-20,NA,5.431031636885592,5.431031636885592
2010-12-21,NA,5.3828098627984815,5.3828098627984815
2010-12-22,NA,5.294412856188259,5.294412856188259
2010-12-23,NA,5.306918522868974,5.306918522868974
2010-12-24,NA,5.327331832479549,5.327331832479549
2010-12-25,NA,5.106583585965758,5.106583585965758
2010-12-26,NA,5.085312936509972,5.085312936509972
2010-12-27,NA,4.985722615831257,4.985722615831257
2010-12-28,NA,5.1275716485451905,5.1275716485451905
2010-12-29,NA,4.570674338587249,4.570674338587249
2010-12-30,NA,4.674407670249808,4.674407670249808
2010-12-31,NA,4.798271724646588,4.798271724646588
2011-01-01,NA,4.841301563581689,4.841301563581689
2011-01-02,NA,4.786177964260219,4.786177964260219
2011-01-03,NA,4.753680473479424,4.753680473479424
2011-01-04,NA,4.71912345122689,4.71912345122689
2011-01-05,NA,4.7046205179793965,4.7046205179793965
2011-01-06,NA,4.783907690033233,4.783907690033233
2011-01-07,NA,4.799378124111637,4.799378124111637
2011-01-08,NA,4.734172399794799,4.734172399794799
2011-01-09,NA,4.83138228526083,4.83138228526083
2011-01-10,NA,5.0572314643732295,5.0572314643732295
2011-01-11,NA,5.185018207782457,5.185018207782457
2011-01-12,NA,5.207625157890837,5.207625157890837
2011-01-13,NA,5.19828542214691,5.19828542214691
2011-01-14,NA,4.8019022475665345,4.8019022475665345
2011-01-15,NA,4.642039498887007,4.642039498887007
2011-01-16,NA,4.457821593152158,4.457821593152158
2011-01-17,NA,4.035660747918543,4.035660747918543
2011-01-18,NA,4.094424449376108,4.094424449376108
2011-01-19,NA,4.025525937234363,4.025525937234363
2011-01-20,NA,4.223068532630547,4.223068532630547
2011-01-21,NA,4.292460374403895,4.292460374403895
2011-01-22,NA,4.426119177311614,4.426119177311614
2011-01-23,NA,4.507255138081941,4.507255138081941
2011-01-24,NA,4.160022921554997,4.160022921554997
2011-01-25,NA,4.037088051124538,4.037088051124538
2011-01-26,NA,4.0678708622149085,4.0678708622149085
2011-01-27,NA,4.1124621133820725,4.1124621133820725
2011-01-28,NA,4.08190441387117,4.08190441387117
2011-01-29,NA,4.113994787965691,4.113994787965691
2011-01-30,NA,4.038271084318769,4.038271084318769
2011-01-31,NA,3.995303510288626,3.995303510288626
2011-02-01,NA,3.977945970629142,3.977945970629142
2011-02-02,NA,3.9409893547316304,3.9409893547316304
2011-02-03,NA,3.9569100119689717,3.9569100119689717
2011-02-04,NA,4.083106605497697,4.083106605497697
2011-02-05,NA,4.20705208323173,4.20705208323173
2011-02-06,NA,4.11981416177537,4.11981416177537
2011-02-07,NA,4.094865093318898,4.094865093318898
2011-02-08,NA,4.18879409725437,4.18879409725437
2011-02-09,NA,4.104142564157867,4.104142564157867
2011-02-10,NA,4.10022466475349,4.10022466475349
2011-02-11,NA,3.9918549924754836,3.9918549924754836
2011-02-12,NA,3.8437076251444924,3.8437076251444924
2011-02-13,NA,3.625315865803015,3.625315865803015
2011-02-14,NA,3.5064569518433664,3.5064569518433664
2011-02-15,NA,3.713832612615082,3.713832612615082
2011-02-16,NA,3.8165936538386585,3.8165936538386585
2011-02-17,NA,3.755392041871524,3.755392041871524
2011-02-18,NA,3.75124903088768,3.75124903088768
2011-02-19,NA,3.883743959033463,3.883743959033463
2011-02-20,NA,3.909286938891087,3.909286938891087
2011-02-21,NA,3.7157676142769014,3.7157676142769014
2011-02-22,NA,3.7167399047158844,3.7167399047158844
2011-02-23,NA,3.486144224002341,3.486144224002341
2011-02-24,NA,3.4781120512625634,3.4781120512625634
2011-02-25,NA,3.5779705899934107,3.5779705899934107
2011-02-26,NA,3.526750521252096,3.526750521252096
2011-02-27,NA,3.3298066268651363,3.3298066268651363
2011-02-28,NA,3.1303481882394264,3.1303481882394264
2011-03-01,NA,3.0944309172939315,3.0944309172939315
2011-03-02,NA,3.223204319966365,3.223204319966365
2011-03-03,NA,3.08753867127572,3.08753867127572
2011-03-04,NA,3.0027147122885594,3.0027147122885594
2011-03-05,NA,2.939276353350957,2.939276353350957
2011-03-06,NA,2.910260907639821,2.910260907639821
2011-03-07,NA,2.918221236258492,2.918221236258492
2011-03-08,NA,3.0163746745150632,3.0163746745150632
2011-03-09,NA,3.0303794885228816,3.0303794885228816
2011-03-10,NA,2.9785894564207824,2.9785894564207824
2011-03-11,NA,2.984883001429768,2.984883001429768
2011-03-12,NA,3.115557878507504,3.115557878507504
2011-03-13,NA,3.173416344039119,3.173416344039119
2011-03-14,NA,3.0241338395946342,3.0241338395946342
2011-03-15,NA,2.9442096496669805,2.9442096496669805
2011-03-16,NA,3.1302707663468916,3.1302707663468916
2011-03-17,NA,3.1164090689463277,3.1164090689463277
2011-03-18,NA,3.1025473715457643,3.1025473715457643
2011-03-19,NA,3.0886856741452005,3.0886856741452005
2011-03-20,NA,3.0748239767446366,3.0748239767446366
2011-03-21,NA,3.0609622793440727,3.0609622793440727
2011-03-22,NA,3.0471005819435093,3.0471005819435093
2011-03-23,NA,3.0332388845429454,3.0332388845429454
2011-03-24,NA,3.0318594774176884,3.0318594774176884
2011-03-25,NA,3.0304800702924313,3.0304800702924313
2011-03-26,NA,3.029100663167174,3.029100663167174
2011-03-27,NA,3.027721256041917,3.027721256041917
2011-03-28,NA,3.0263418489166605,3.0263418489166605
2011-03-29,NA,3.0249624417914034,3.0249624417914034
2011-03-30,NA,3.023583034666146,3.023583034666146
2011-03-31,NA,3.022203627540889,3.022203627540889
2011-04-01,NA,3.037860856334171,3.037860856334171
2011-04-02,NA,3.112607479934037,3.112607479934037
2011-04-03,NA,3.1527635540248533,3.1527635540248533
2011-04-04,NA,3.1154668759541013,3.1154668759541013
2011-04-05,NA,3.1783256923147727,3.1783256923147727
2011-04-06,NA,3.1755812468884805,3.1755812468884805
2011-04-07,NA,3.1669743211798456,3.1669743211798456
2011-04-08,NA,3.175715355914547,3.175715355914547
2011-04-09,NA,3.188642508105758,3.188642508105758
2011-04-10,NA,3.1844516010411748,3.1844516010411748
2011-04-11,NA,3.2697353624034213,3.2697353624034213
2011-04-12,NA,3.2873419616827433,3.2873419616827433
2011-04-13,NA,3.232357260995414,3.232357260995414
2011-04-14,NA,3.196890213208858,3.196890213208858
2011-04-15,NA,3.2215327467486055,3.2215327467486055
2011-04-16,NA,3.230484524238555,3.230484524238555
2011-04-17,NA,3.251932389193073,3.251932389193073
2011-04-18,NA,3.242017900480288,3.242017900480288
2011-04-19,NA,3.238478380113742,3.238478380113742
2011-04-20,NA,3.250519454811299,3.250519454811299
2011-04-21,NA,3.314288296705994,3.314288296705994
2011-04-22,NA,3.2936594547320985,3.2936594547320985
2011-04-23,NA,3.3925552822401097,3.3925552822401097
2011-04-24,NA,3.495761757014551,3.495761757014551
2011-04-25,NA,3.594408524902724,3.594408524902724
2011-04-26,NA,3.5726110185588182,3.5726110185588182
2011-04-27,NA,3.5776113693878755,3.5776113693878755
2011-04-28,NA,3.5684009530619405,3.5684009530619405
2011-04-29,NA,3.5716962034167206,3.5716962034167206
2011-04-30,NA,3.5870900037659443,3.5870900037659443
2011-05-01,NA,3.6128341471626677,3.6128341471626677
2011-05-02,NA,3.5999548910521955,3.5999548910521955
2011-05-03,NA,3.5664994786566377,3.5664994786566377
2011-05-04,NA,3.524164132892239,3.524164132892239
2011-05-05,NA,3.45600322039386,3.45600322039386
2011-05-06,NA,3.653703872856482,3.653703872856482
2011-05-07,NA,3.904765548869411,3.904765548869411
2011-05-08,NA,3.7348781504913995,3.7348781504913995
2011-05-09,NA,3.535989675226474,3.535989675226474
2011-05-10,NA,3.558587046118705,3.558587046118705
2011-05-11,NA,3.659949521784729,3.659949521784729
2011-05-12,NA,3.6441533943573057,3.6441533943573057
2011-05-13,NA,3.62326112393935,3.62326112393935
2011-05-14,NA,3.715221598956487,3.715221598956487
2011-05-15,NA,3.679859922547554,3.679859922547554
2011-05-16,NA,3.8241995514598677,3.8241995514598677
2011-05-17,NA,3.8449625024598304,3.8449625024598304
2011-05-18,NA,4.006128024535435,4.006128024535435
2011-05-19,NA,4.008412667586642,4.008412667586642
2011-05-20,NA,4.280907839729867,4.280907839729867
2011-05-21,NA,4.178922715014249,4.178922715014249
2011-05-22,NA,3.9221039300966,3.9221039300966
2011-05-23,NA,3.791965489123131,3.791965489123131
2011-05-24,NA,3.587348642601929,3.587348642601929
2011-05-25,NA,4.530226098403931,4.530226098403931
2011-05-26,NA,4.332707451048114,4.332707451048114
2011-05-27,NA,4.355630515289365,4.355630515289365
2011-05-28,NA,4.427738064840563,4.427738064840563
2011-05-29,NA,4.99343388483009,4.99343388483009
2011-05-30,NA,4.868765176276911,4.868765176276911
2011-05-31,NA,4.784223804166105,4.784223804166105
2011-06-01,NA,4.707546968512494,4.707546968512494
2011-06-02,NA,4.902814500073621,4.902814500073621
2011-06-03,NA,4.824408615905364,4.824408615905364
2011-06-04,NA,4.942161130399963,4.942161130399963
2011-06-05,NA,4.732194291660315,4.732194291660315
2011-06-06,NA,4.917978399235301,4.917978399235301
2011-06-07,NA,4.364773877102266,4.364773877102266
2011-06-08,NA,4.57179510687652,4.57179510687652
2011-06-09,NA,4.703351271839837,4.703351271839837
2011-06-10,NA,4.605705532039089,4.605705532039089
2011-06-11,NA,4.62601347027204,4.62601347027204
2011-06-12,NA,4.7263509698102695,4.7263509698102695
2011-06-13,NA,4.593678826165755,4.593678826165755
2011-06-14,NA,4.474192473548438,4.474192473548438
2011-06-15,NA,4.46221366375584,4.46221366375584
2011-06-16,NA,4.431301533247476,4.431301533247476
2011-06-17,NA,4.370794414451044,4.370794414451044
2011-06-18,NA,4.396830723940271,4.396830723940271
2011-06-19,NA,4.450661129081812,4.450661129081812
2011-06-20,NA,4.364970251033293,4.364970251033293
2011-06-21,NA,4.361100247709654,4.361100247709654
2011-06-22,NA,4.379391760943532,4.379391760943532
2011-06-23,NA,4.352387950623395,4.352387950623395
2011-06-24,NA,4.3843633741241455,4.3843633741241455
2011-06-25,NA,4.447816101885969,4.447816101885969
2011-06-26,NA,4.371282954474573,4.371282954474573
2011-06-27,NA,4.3026622396011085,4.3026622396011085
2011-06-28,NA,4.379750981549067,4.379750981549067
2011-06-29,NA,4.493379643492117,4.493379643492117
2011-06-30,NA,4.600729129250402,4.600729129250402
2011-07-01,NA,4.555917556111844,4.555917556111844
2011-07-02,NA,4.438495524574337,4.438495524574337
2011-07-03,NA,4.520943837956889,4.520943837956889
2011-07-04,NA,4.791662065504731,4.791662065504731
2011-07-05,NA,4.698053965310205,4.698053965310205
2011-07-06,NA,4.762000022703631,4.762000022703631
2011-07-07,NA,4.81638123277366,4.81638123277366
2011-07-08,NA,4.70911317035263,4.70911317035263
2011-07-09,NA,4.765707179352759,4.765707179352759
2011-07-10,NA,4.786383917407393,4.786383917407393
2011-07-11,NA,4.842642653842356,4.842642653842356
2011-07-12,NA,4.626478062255199,4.626478062255199
2011-07-13,NA,4.685830885505844,4.685830885505844
2011-07-14,NA,4.677386806471718,4.677386806471718
2011-07-15,NA,4.6734593278511944,4.6734593278511944
2011-07-16,NA,4.588209093745466,4.588209093745466
2011-07-17,NA,4.577557005389313,4.577557005389313
2011-07-18,NA,4.645224588256088,4.645224588256088
2011-07-19,NA,4.527179907668987,4.527179907668987
2011-07-20,NA,4.630233114985067,4.630233114985067
2011-07-21,NA,4.71542587379391,4.71542587379391
2011-07-22,NA,4.65607784015134,4.65607784015134
2011-07-23,NA,4.575794429618151,4.575794429618151
2011-07-24,NA,4.564649011630397,4.564649011630397
2011-07-25,NA,4.5200050747744225,4.5200050747744225
2011-07-26,NA,4.779462933740739,4.779462933740739
2011-07-27,NA,4.747980839871591,4.747980839871591
2011-07-28,NA,4.74887170697332,4.74887170697332
2011-07-29,NA,5.047910887061596,5.047910887061596
2011-07-30,NA,5.088201070178478,5.088201070178478
2011-07-31,NA,5.006772943315649,5.006772943315649
2011-08-01,NA,5.010173565048053,5.010173565048053
2011-08-02,NA,4.894858961063024,4.894858961063024
2011-08-03,NA,5.144383172884261,5.144383172884261
2011-08-04,NA,5.19464053040274,5.19464053040274
2011-08-05,NA,5.00789371160492,5.00789371160492
2011-08-06,NA,5.162971641818714,5.162971641818714
2011-08-07,NA,5.269200359287728,5.269200359287728
2011-08-08,NA,5.499455977828029,5.499455977828029
2011-08-09,NA,5.500983862803574,5.500983862803574
2011-08-10,NA,5.358320596717094,5.358320596717094
2011-08-11,NA,5.095184318750093,5.095184318750093
2011-08-12,NA,4.908902091935431,4.908902091935431
2011-08-13,NA,5.122216866718672,5.122216866718672
2011-08-14,NA,4.953062278375953,4.953062278375953
2011-08-15,NA,4.926475163958237,4.926475163958237
2011-08-16,NA,4.930464907483721,4.930464907483721
2011-08-17,NA,4.969845065066581,4.969845065066581
2011-08-18,NA,4.917973609627227,4.917973609627227
2011-08-19,NA,5.13589598737747,5.13589598737747
2011-08-20,NA,6.1513168470653845,6.1513168470653845
2011-08-21,NA,5.805162292355048,5.805162292355048
2011-08-22,NA,5.636702197183032,5.636702197183032
2011-08-23,NA,5.858777165133269,5.858777165133269
2011-08-24,NA,6.123738283776392,6.123738283776392
2011-08-25,NA,6.292940768199848,6.292940768199848
2011-08-26,NA,6.395471908235882,6.395471908235882
2011-08-27,NA,6.606209873875413,6.606209873875413
2011-08-28,NA,6.5474365932017005,6.5474365932017005
2011-08-29,NA,6.7459371102126475,6.7459371102126475
2011-08-30,NA,7.625773744547173,7.625773744547173
2011-08-31,NA,7.364433569607849,7.364433569607849
2011-09-01,NA,6.995624168708394,6.995624168708394
2011-09-02,NA,6.835885949838785,6.835885949838785
2011-09-03,NA,7.4179909670891835,7.4179909670891835
2011-09-04,NA,7.122754735811512,7.122754735811512
2011-09-05,NA,7.310986333112213,7.310986333112213
2011-09-06,NA,8.659787862777616,8.659787862777616
2011-09-07,NA,8.893501578347207,8.893501578347207
2011-09-08,NA,9.044604133859739,9.044604133859739
2011-09-09,NA,8.427688245128897,8.427688245128897
2011-09-10,NA,8.206010814648785,8.206010814648785
2011-09-11,NA,7.599713487017576,7.599713487017576
2011-09-12,NA,7.2984615079992015,7.2984615079992015
2011-09-13,NA,7.752023023764709,7.752023023764709
2011-09-14,NA,8.193519516792291,8.193519516792291
2011-09-15,NA,8.082501191249468,8.082501191249468
2011-09-16,NA,8.62286477413662,8.62286477413662
2011-09-17,NA,8.417615699349675,8.417615699349675
2011-09-18,NA,8.61134576671911,8.61134576671911
2011-09-19,NA,8.459721143926533,8.459721143926533
2011-09-20,NA,8.637003697170504,8.637003697170504
2011-09-21,NA,9.214764539897958,9.214764539897958
2011-09-22,NA,9.16166694479171,9.16166694479171
2011-09-23,NA,9.164564657676365,9.164564657676365
2011-09-24,NA,8.942020308134895,8.942020308134895
2011-09-25,NA,8.824967076419071,8.824967076419071
2011-09-26,NA,8.404837025008753,8.404837025008753
2011-09-27,NA,7.959039463930889,7.959039463930889
2011-09-28,NA,8.002275256013165,8.002275256013165
2011-09-29,NA,8.400425795972774,8.400425795972774
2011-09-30,NA,8.03857090599649,8.03857090599649
2011-10-01,NA,8.023933863722931,8.023933863722931
2011-10-02,NA,8.765762731018716,8.765762731018716
2011-10-03,NA,8.711558736447419,8.711558736447419
2011-10-04,NA,8.891585735117683,8.891585735117683
2011-10-05,NA,8.886470433694855,8.886470433694855
2011-10-06,NA,8.95380753360454,8.95380753360454
2011-10-07,NA,8.904742788496439,8.904742788496439
2011-10-08,NA,8.79371967334554,8.79371967334554
2011-10-09,NA,8.667508710992596,8.667508710992596
2011-10-10,NA,8.686849148394638,8.686849148394638
2011-10-11,NA,8.669323972452569,8.669323972452569
2011-10-12,NA,8.282860076193055,8.282860076193055
2011-10-13,NA,8.118950108691157,8.118950108691157
2011-10-14,NA,8.259946591167951,8.259946591167951
2011-10-15,NA,8.3651263844688,8.3651263844688
2011-10-16,NA,8.286356490086934,8.286356490086934
2011-10-17,NA,8.013664944012682,8.013664944012682
2011-10-18,NA,8.086859734596635,8.086859734596635
2011-10-19,NA,8.10522309195162,8.10522309195162
2011-10-20,NA,8.222137425033301,8.222137425033301
2011-10-21,NA,8.417443273459018,8.417443273459018
2011-10-22,NA,8.42383261062948,8.42383261062948
2011-10-23,NA,8.112862516829345,8.112862516829345
2011-10-24,NA,8.129300451738658,8.129300451738658
2011-10-25,NA,8.296816994120134,8.296816994120134
2011-10-26,NA,8.317215934906487,8.317215934906487
2011-10-27,NA,8.354651511611381,8.354651511611381
2011-10-28,NA,8.313302825110185,8.313302825110185
2011-10-29,NA,8.419234586878623,8.419234586878623
2011-10-30,NA,8.441889433067741,8.441889433067741
2011-10-31,NA,8.3358666687459,8.3358666687459
2011-11-01,NA,8.377694316054477,8.377694316054477
2011-11-02,NA,8.128529324838775,8.128529324838775
2011-11-03,NA,7.862557598892078,7.862557598892078
2011-11-04,NA,7.951443145525827,7.951443145525827
2011-11-05,NA,8.0830807338264,8.0830807338264
2011-11-06,NA,7.9728718520480495,7.9728718520480495
2011-11-07,NA,7.704701695995475,7.704701695995475
2011-11-08,NA,7.649386512351052,7.649386512351052
2011-11-09,NA,7.556875232405428,7.556875232405428
2011-11-10,NA,7.595675847411357,7.595675847411357
2011-11-11,NA,7.643370764610349,7.643370764610349
2011-11-12,NA,7.707120448072748,7.707120448072748
2011-11-13,NA,7.685801902536223,7.685801902536223
2011-11-14,NA,7.566765773077844,7.566765773077844
2011-11-15,NA,7.4845377816666865,7.4845377816666865
2011-11-16,NA,7.302336300930911,7.302336300930911
2011-11-17,NA,6.875529535865702,6.875529535865702
2011-11-18,NA,6.684927082568466,6.684927082568466
2011-11-19,NA,6.477105988245885,6.477105988245885
2011-11-20,NA,6.399950191784894,6.399950191784894
2011-11-21,NA,6.235288255815407,6.235288255815407
2011-11-22,NA,6.057440528818725,6.057440528818725
2011-11-23,NA,6.077293454284664,6.077293454284664
2011-11-24,NA,6.047957104832584,6.047957104832584
2011-11-25,NA,6.024167121529974,6.024167121529974
2011-11-26,NA,5.86701529102022,5.86701529102022
2011-11-27,NA,5.871450468096567,5.871450468096567
2011-11-28,NA,5.907295894920955,5.907295894920955
2011-11-29,NA,5.952801961230216,5.952801961230216
2011-11-30,NA,5.763147850331594,5.763147850331594
2011-12-01,NA,5.776520436073669,5.776520436073669
2011-12-02,NA,5.76129427200703,5.76129427200703
2011-12-03,NA,5.716477909260398,5.716477909260398
2011-12-04,NA,5.514528874436309,5.514528874436309
2011-12-05,NA,5.559350026791014,5.559350026791014
2011-12-06,NA,5.608113026590464,5.608113026590464
2011-12-07,NA,5.647095646703198,5.647095646703198
2011-12-08,NA,5.532207317836738,5.532207317836738
2011-12-09,NA,5.5864113124080355,5.5864113124080355
2011-12-10,NA,5.61273499838169,5.61273499838169
2011-12-11,NA,5.630566709240481,5.630566709240481
2011-12-12,NA,5.4221948099894135,5.4221948099894135
2011-12-13,NA,5.388495127582093,5.388495127582093
2011-12-14,NA,5.378705168679227,5.378705168679227
2011-12-15,NA,5.3734270205818895,5.3734270205818895
2011-12-16,NA,5.433277963072209,5.433277963072209
2011-12-17,NA,5.399439382030746,5.399439382030746
2011-12-18,NA,5.411820518901543,5.411820518901543
2011-12-19,NA,5.153928861775363,5.153928861775363
2011-12-20,NA,5.080250320775955,5.080250320775955
2011-12-21,NA,5.1690640232886,5.1690640232886
2011-12-22,NA,5.3131306445407045,5.3131306445407045
2011-12-23,NA,5.3075411719185706,5.3075411719185706
2011-12-24,NA,5.2967310264959835,5.2967310264959835
2011-12-25,NA,5.050602646799076,5.050602646799076
2011-12-26,NA,5.062303659323392,5.062303659323392
2011-12-27,NA,4.8767590321520995,4.8767590321520995
2011-12-28,NA,4.8453487824040575,4.8453487824040575
2011-12-29,NA,4.736495359710597,4.736495359710597
2011-12-30,NA,4.593841672840265,4.593841672840265
2011-12-31,NA,4.668502083494802,4.668502083494802
2012-01-01,NA,4.5015219772175925,4.5015219772175925
2012-01-02,NA,3.9010727610445044,3.9010727610445044
2012-01-03,NA,3.85690778499591,3.85690778499591
2012-01-04,NA,3.79221454874297,3.79221454874297
2012-01-05,NA,3.740295197222878,3.740295197222878
2012-01-06,NA,3.685961883233586,3.685961883233586
2012-01-07,NA,3.6483299325976684,3.6483299325976684
2012-01-08,NA,3.582453663150496,3.582453663150496
2012-01-09,NA,3.561111169573602,3.561111169573602
2012-01-10,NA,3.5324405756437813,3.5324405756437813
2012-01-11,NA,3.575609313213023,3.575609313213023
2012-01-12,NA,3.545798792561635,3.545798792561635
2012-01-13,NA,3.4943631914569973,3.4943631914569973
2012-01-14,NA,3.3507755310122724,3.3507755310122724
2012-01-15,NA,3.341579483510559,3.341579483510559
2012-01-16,NA,3.217006567118856,3.217006567118856
2012-01-17,NA,3.4418834557922704,3.4418834557922704
2012-01-18,NA,3.3711313653259616,3.3711313653259616
2012-01-19,NA,3.227400016639022,3.227400016639022
2012-01-20,NA,3.2491592061183368,3.2491592061183368
2012-01-21,NA,2.7713383254589856,2.7713383254589856
2012-01-22,NA,2.727934897094127,2.727934897094127
2012-01-23,NA,2.8867630904297132,2.8867630904297132
2012-01-24,NA,2.9712613560678545,2.9712613560678545
2012-01-25,NA,2.9932169194781957,2.9932169194781957
2012-01-26,NA,2.7155346017910347,2.7155346017910347
2012-01-27,NA,2.699570838081029,2.699570838081029
2012-01-28,NA,2.5265127191581556,2.5265127191581556
2012-01-29,NA,2.4791051784435925,2.4791051784435925
2012-01-30,NA,2.3768997317565783,2.3768997317565783
2012-01-31,NA,2.4226261200372345,2.4226261200372345
2012-02-01,NA,2.4046076144635644,2.4046076144635644
2012-02-02,NA,2.67193479949515,2.67193479949515
2012-02-03,NA,2.8963902026580697,2.8963902026580697
2012-02-04,NA,2.7868518660100534,2.7868518660100534
2012-02-05,NA,2.9126844493251687,2.9126844493251687
2012-02-06,NA,2.8671783830159074,2.8671783830159074
2012-02-07,NA,2.8944360425639553,2.8944360425639553
2012-02-08,NA,2.811915885060297,2.811915885060297
2012-02-09,NA,2.864630311520641,2.864630311520641
2012-02-10,NA,2.9167077201071683,2.9167077201071683
2012-02-11,NA,2.787139242494482,2.787139242494482
2012-02-12,NA,2.850448282014092,2.850448282014092
2012-02-13,NA,2.899321442799241,2.899321442799241
2012-02-14,NA,2.852728135457225,2.852728135457225
2012-02-15,NA,2.8823087549210706,2.8823087549210706
2012-02-16,NA,2.852402442108206,2.852402442108206
2012-02-17,NA,2.8501513263135156,2.8501513263135156
2012-02-18,NA,2.9365223287085165,2.9365223287085165
2012-02-19,NA,2.984710575539111,2.984710575539111
2012-02-20,NA,2.923058740413039,2.923058740413039
2012-02-21,NA,2.8736970396043615,2.8736970396043615
2012-02-22,NA,2.985429325757155,2.985429325757155
2012-02-23,NA,2.946626300496841,2.946626300496841
2012-02-24,NA,2.9078232752365274,2.9078232752365274
2012-02-25,NA,2.869020249976214,2.869020249976214
2012-02-26,NA,2.8302172247159,2.8302172247159
2012-02-27,NA,2.7914141994555863,2.7914141994555863
2012-02-28,NA,2.752611174195273,2.752611174195273
2012-02-29,NA,2.713808148934959,2.713808148934959
2012-03-01,NA,2.6750051236746453,2.6750051236746453
2012-03-02,NA,2.6362020984143313,2.6362020984143313
2012-03-03,NA,2.5973990731540177,2.5973990731540177
2012-03-04,NA,2.558596047893704,2.558596047893704
2012-03-05,NA,2.5197930226333902,2.5197930226333902
2012-03-06,NA,2.4809899973730767,2.4809899973730767
2012-03-07,NA,2.442186972112763,2.442186972112763
2012-03-08,NA,2.403383946852449,2.403383946852449
2012-03-09,NA,2.3645809215921356,2.3645809215921356
2012-03-10,NA,2.325777896331822,2.325777896331822
2012-03-11,NA,2.286974871071508,2.286974871071508
2012-03-12,NA,2.2481718458111946,2.2481718458111946
2012-03-13,NA,2.2093688205508806,2.2093688205508806
2012-03-14,NA,2.2850254696847707,2.2850254696847707
2012-03-15,NA,2.4041238640481097,2.4041238640481097
2012-03-16,NA,2.3675935232691674,2.3675935232691674
2012-03-17,NA,2.3467347801077283,2.3467347801077283
2012-03-18,NA,2.333659150066229,2.333659150066229
2012-03-19,NA,2.2782721223006996,2.2782721223006996
2012-03-20,NA,2.424043844027082,2.424043844027082
2012-03-21,NA,2.4527479652134208,2.4527479652134208
2012-03-22,NA,2.3848313227268063,2.3848313227268063
2012-03-23,NA,2.3739637020073334,2.3739637020073334
2012-03-24,NA,2.433618270566627,2.433618270566627
2012-03-25,NA,2.4481355726383422,2.4481355726383422
2012-03-26,NA,2.3251096996544796,2.3251096996544796
2012-03-27,NA,2.4664366650883673,2.4664366650883673
2012-03-28,NA,2.5829343022676277,2.5829343022676277
2012-03-29,NA,2.527212001936932,2.527212001936932
2012-03-30,NA,2.479895463775771,2.479895463775771
2012-03-31,NA,2.397504625690105,2.397504625690105
2012-04-01,NA,2.5254590053819177,2.5254590053819177
2012-04-02,NA,2.5998320395520262,2.5998320395520262
2012-04-03,NA,2.5021240348463194,2.5021240348463194
2012-04-04,NA,2.5067603754617664,2.5067603754617664
2012-04-05,NA,2.47790777642514,2.47790777642514
2012-04-06,NA,2.4755081827801617,2.4755081827801617
2012-04-07,NA,2.6450555189849325,2.6450555189849325
2012-04-08,NA,2.6608468568042816,2.6608468568042816
2012-04-09,NA,2.7363310800475142,2.7363310800475142
2012-04-10,NA,2.8285166666441195,2.8285166666441195
2012-04-11,NA,2.8933344327069794,2.8933344327069794
2012-04-12,NA,2.885695007829254,2.885695007829254
2012-04-13,NA,2.887912596367427,2.887912596367427
2012-04-14,NA,2.901400132703274,2.901400132703274
2012-04-15,NA,2.8756559893065496,2.8756559893065496
2012-04-16,NA,2.811513557982097,2.811513557982097
2012-04-17,NA,3.2665311146020426,3.2665311146020426
2012-04-18,NA,3.4232039843044153,3.4232039843044153
2012-04-19,NA,3.445916305790418,3.445916305790418
2012-04-20,NA,3.5197433246401126,3.5197433246401126
2012-04-21,NA,3.318354673960658,3.318354673960658
2012-04-22,NA,3.380365729692266,3.380365729692266
2012-04-23,NA,3.4595714784088476,3.4595714784088476
2012-04-24,NA,3.3504019415825153,3.3504019415825153
2012-04-25,NA,3.404088658481842,3.404088658481842
2012-04-26,NA,3.365388625245464,3.365388625245464
2012-04-27,NA,3.765704068054436,3.765704068054436
2012-04-28,NA,3.458738086604005,3.458738086604005
2012-04-29,NA,3.42378831648942,3.42378831648942
2012-04-30,NA,3.5119937387766895,3.5119937387766895
2012-05-01,NA,3.5116009909146375,3.5116009909146375
2012-05-02,NA,3.3124203495572084,3.3124203495572084
2012-05-03,NA,3.27438607184309,3.27438607184309
2012-05-04,NA,3.4740935700886375,3.4740935700886375
2012-05-05,NA,3.437232746352602,3.437232746352602
2012-05-06,NA,3.6582779485669694,3.6582779485669694
2012-05-07,NA,3.5191302548066656,3.5191302548066656
2012-05-08,NA,3.6077571626044302,3.6077571626044302
2012-05-09,NA,3.9726869809640992,3.9726869809640992
2012-05-10,NA,4.117620521277566,4.117620521277566
2012-05-11,NA,4.17759120396973,4.17759120396973
2012-05-12,NA,3.771480335391449,3.771480335391449
2012-05-13,NA,3.6389183527326323,3.6389183527326323
2012-05-14,NA,4.192041451528413,4.192041451528413
2012-05-15,NA,3.9824529918265967,3.9824529918265967
2012-05-16,NA,4.00278966770799,4.00278966770799
2012-05-17,NA,4.093768273069996,4.093768273069996
2012-05-18,NA,4.22490774213089,4.22490774213089
2012-05-19,NA,4.46458930936045,4.46458930936045
2012-05-20,NA,4.542123484859273,4.542123484859273
2012-05-21,NA,4.142924020731499,4.142924020731499
2012-05-22,NA,3.953202855319843,3.953202855319843
2012-05-23,NA,3.898864751722478,3.898864751722478
2012-05-24,NA,4.027130455939089,4.027130455939089
2012-05-25,NA,4.004207391697838,4.004207391697838
2012-05-26,NA,4.0081348703183615,4.0081348703183615
2012-05-27,NA,4.085688204249479,4.085688204249479
2012-05-28,NA,3.9636106736642307,3.9636106736642307
2012-05-29,NA,4.003905646389187,4.003905646389187
2012-05-30,NA,4.210850242434262,4.210850242434262
2012-05-31,NA,5.2218407146539025,5.2218407146539025
2012-06-01,NA,5.038757946032547,5.038757946032547
2012-06-02,NA,5.179399997511879,5.179399997511879
2012-06-03,NA,5.307790231538409,5.307790231538409
2012-06-04,NA,5.055765844302643,5.055765844302643
2012-06-05,NA,5.15993503029992,5.15993503029992
2012-06-06,NA,5.168585062481219,5.168585062481219
2012-06-07,NA,4.858836318739904,4.858836318739904
2012-06-08,NA,4.702728622790241,4.702728622790241
2012-06-09,NA,4.8374890355549365,4.8374890355549365
2012-06-10,NA,4.999904645337807,4.999904645337807
2012-06-11,NA,5.16759361360994,5.16759361360994
2012-06-12,NA,5.122973624794334,5.122973624794334
2012-06-13,NA,4.99511982687207,4.99511982687207
2012-06-14,NA,4.9190943779164975,4.9190943779164975
2012-06-15,NA,5.076509636870311,5.076509636870311
2012-06-16,NA,5.169748937243154,5.169748937243154
2012-06-17,NA,5.184438665205526,5.184438665205526
2012-06-18,NA,5.445975214075876,5.445975214075876
2012-06-19,NA,5.774786597950952,5.774786597950952
2012-06-20,NA,5.655156557091418,5.655156557091418
2012-06-21,NA,5.238163698969444,5.238163698969444
2012-06-22,NA,5.178475603153634,5.178475603153634
2012-06-23,NA,5.112388590951214,5.112388590951214
2012-06-24,NA,5.078109365966963,5.078109365966963
2012-06-25,NA,5.0533423026172954,5.0533423026172954
2012-06-26,NA,5.242905410962514,5.242905410962514
2012-06-27,NA,5.415503727510302,5.415503727510302
2012-06-28,NA,5.3618170106109755,5.3618170106109755
2012-06-29,NA,5.571745532486032,5.571745532486032
2012-06-30,NA,5.305194263962404,5.305194263962404
2012-07-01,NA,5.388011377166638,5.388011377166638
2012-07-02,NA,5.335512483069616,5.335512483069616
2012-07-03,NA,5.369183427828494,5.369183427828494
2012-07-04,NA,5.466527422320592,5.466527422320592
2012-07-05,NA,5.519155635835608,5.519155635835608
2012-07-06,NA,5.639092211611862,5.639092211611862
2012-07-07,NA,5.414133899601193,5.414133899601193
2012-07-08,NA,5.526158042839516,5.526158042839516
2012-07-09,NA,5.7014050126521205,5.7014050126521205
2012-07-10,NA,5.608338138169934,5.608338138169934
2012-07-11,NA,5.364221393864028,5.364221393864028
2012-07-12,NA,5.601340520774098,5.601340520774098
2012-07-13,NA,6.2028434507234245,6.2028434507234245
2012-07-14,NA,6.101298969950596,6.101298969950596
2012-07-15,NA,5.955134500362162,5.955134500362162
2012-07-16,NA,6.300000650500644,6.300000650500644
2012-07-17,NA,6.371744189838232,6.371744189838232
2012-07-18,NA,6.257818572194607,6.257818572194607
2012-07-19,NA,5.905897329363404,5.905897329363404
2012-07-20,NA,5.832156523459037,5.832156523459037
2012-07-21,NA,5.930372226620568,5.930372226620568
2012-07-22,NA,6.067101168303598,6.067101168303598
2012-07-23,NA,6.082523706301265,6.082523706301265
2012-07-24,NA,6.024492814878993,6.024492814878993
2012-07-25,NA,5.750498495408664,5.750498495408664
2012-07-26,NA,5.719466624698454,5.719466624698454
2012-07-27,NA,5.631136672601265,5.631136672601265
2012-07-28,NA,5.5308183314953325,5.5308183314953325
2012-07-29,NA,5.60296419791112,5.60296419791112
2012-07-30,NA,5.684526433800016,5.684526433800016
2012-07-31,NA,6.038449732806072,6.038449732806072
2012-08-01,NA,5.749080771418818,5.749080771418818
2012-08-02,NA,5.850773730041933,5.850773730041933
2012-08-03,NA,5.882873683352603,5.882873683352603
2012-08-04,NA,5.730540198565102,5.730540198565102
2012-08-05,NA,5.521856974789236,5.521856974789236
2012-08-06,NA,5.419618000845704,5.419618000845704
2012-08-07,NA,5.4666759001708805,5.4666759001708805
2012-08-08,NA,6.000175974688263,6.000175974688263
2012-08-09,NA,6.0487761278132055,6.0487761278132055
2012-08-10,NA,6.570177652336145,6.570177652336145
2012-08-11,NA,6.901129991020213,6.901129991020213
2012-08-12,NA,6.485511750415421,6.485511750415421
2012-08-13,NA,6.101275021910228,6.101275021910228
2012-08-14,NA,5.899963004959954,5.899963004959954
2012-08-15,NA,5.8248667399707,5.8248667399707
2012-08-16,NA,5.826332360041285,5.826332360041285
2012-08-17,NA,5.791703493667644,5.791703493667644
2012-08-18,NA,5.79377260435553,5.79377260435553
2012-08-19,NA,5.70244914721221,5.70244914721221
2012-08-20,NA,5.562008259271979,5.562008259271979
2012-08-21,NA,5.577176948041732,5.577176948041732
2012-08-22,NA,5.478108694643062,5.478108694643062
2012-08-23,NA,5.501007810843944,5.501007810843944
2012-08-24,NA,5.668342348118616,5.668342348118616
2012-08-25,NA,6.173550207744007,6.173550207744007
2012-08-26,NA,6.337148850721107,6.337148850721107
2012-08-27,NA,6.124293878312955,6.124293878312955
2012-08-28,NA,5.825475020196073,5.825475020196073
2012-08-29,NA,5.752706504730691,5.752706504730691
2012-08-30,NA,5.978095881468002,5.978095881468002
2012-08-31,NA,6.068255463849386,6.068255463849386
2012-09-01,NA,6.2838692505080544,6.2838692505080544
2012-09-02,NA,6.067848347163114,6.067848347163114
2012-09-03,NA,6.1941503120694605,6.1941503120694605
2012-09-04,NA,6.473997532605983,6.473997532605983
2012-09-05,NA,6.4476594778081076,6.4476594778081076
2012-09-06,NA,6.332833413846606,6.332833413846606
2012-09-07,NA,6.1173776842543734,6.1173776842543734
2012-09-08,NA,6.08586206312871,6.08586206312871
2012-09-09,NA,6.432610529240199,6.432610529240199
2012-09-10,NA,6.641561971068198,6.641561971068198
2012-09-11,NA,7.0793944139193155,7.0793944139193155
2012-09-12,NA,7.04169061916229,7.04169061916229
2012-09-13,NA,7.041293081692164,7.041293081692164
2012-09-14,NA,6.683734470158088,6.683734470158088
2012-09-15,NA,6.531218980263782,6.531218980263782
2012-09-16,NA,6.595840372395616,6.595840372395616
2012-09-17,NA,7.001769235867091,7.001769235867091
2012-09-18,NA,6.669878134000557,6.669878134000557
2012-09-19,NA,6.772936130924709,6.772936130924709
2012-09-20,NA,7.6072810677741955,7.6072810677741955
2012-09-21,NA,6.9494571364849484,6.9494571364849484
2012-09-22,NA,7.34898229396174,7.34898229396174
2012-09-23,NA,7.814786047963905,7.814786047963905
2012-09-24,NA,7.633820286111172,7.633820286111172
2012-09-25,NA,7.701530975450613,7.701530975450613
2012-09-26,NA,8.511990136836012,8.511990136836012
2012-09-27,NA,8.54767271698589,8.54767271698589
2012-09-28,NA,8.768789763321363,8.768789763321363
2012-09-29,NA,8.556150323276533,8.556150323276533
2012-09-30,NA,8.270790263847054,8.270790263847054
2012-10-01,NA,8.300567257241926,8.300567257241926
2012-10-02,NA,7.406285164956792,7.406285164956792
2012-10-03,NA,7.29152136590025,7.29152136590025
2012-10-04,NA,7.6439838344437945,7.6439838344437945
2012-10-05,NA,7.401787722975486,7.401787722975486
2012-10-06,NA,7.178644672424792,7.178644672424792
2012-10-07,NA,7.088015708452172,7.088015708452172
2012-10-08,NA,7.308366417495838,7.308366417495838
2012-10-09,NA,7.321561787739183,7.321561787739183
2012-10-10,NA,7.26104030011853,7.26104030011853
2012-10-11,NA,7.130676747565591,7.130676747565591
2012-10-12,NA,6.9254180935625005,6.9254180935625005
2012-10-13,NA,6.727880287774386,6.727880287774386
2012-10-14,NA,6.661754958707377,6.661754958707377
2012-10-15,NA,7.106517964441299,7.106517964441299
2012-10-16,NA,7.305564496772661,7.305564496772661
2012-10-17,NA,7.688608612867476,7.688608612867476
2012-10-18,NA,7.605408331017337,7.605408331017337
2012-10-19,NA,7.490237415274519,7.490237415274519
2012-10-20,NA,7.570185553242544,7.570185553242544
2012-10-21,NA,7.414173649454357,7.414173649454357
2012-10-22,NA,7.403502402665911,7.403502402665911
2012-10-23,NA,7.429117226644641,7.429117226644641
2012-10-24,NA,7.338679846994976,7.338679846994976
2012-10-25,NA,7.279178545894045,7.279178545894045
2012-10-26,NA,7.04019147183519,7.04019147183519
2012-10-27,NA,6.857625980885803,6.857625980885803
2012-10-28,NA,6.855350917050744,6.855350917050744
2012-10-29,NA,6.850470306423533,6.850470306423533
2012-10-30,NA,6.834338906430943,6.834338906430943
2012-10-31,NA,6.614984435866631,6.614984435866631
2012-11-01,NA,6.755923443046539,6.755923443046539
2012-11-02,NA,7.201112723899028,7.201112723899028
2012-11-03,NA,7.249176440919705,7.249176440919705
2012-11-04,NA,7.150472197734645,7.150472197734645
2012-11-05,NA,7.114166968535171,7.114166968535171
2012-11-06,NA,7.173955646120531,7.173955646120531
2012-11-07,NA,7.125254911226039,7.125254911226039
2012-11-08,NA,7.076515859466957,7.076515859466957
2012-11-09,NA,7.242250667644976,7.242250667644976
2012-11-10,NA,7.047792579848323,7.047792579848323
2012-11-11,NA,6.85858869210864,6.85858869210864
2012-11-12,NA,6.759060636334885,6.759060636334885
2012-11-13,NA,6.749165306054396,6.749165306054396
2012-11-14,NA,6.8053282503278805,6.8053282503278805
2012-11-15,NA,6.985728838427905,6.985728838427905
2012-11-16,NA,6.770579643752395,6.770579643752395
2012-11-17,NA,6.735720876191213,6.735720876191213
2012-11-18,NA,6.709727673174651,6.709727673174651
2012-11-19,NA,6.743058555760289,6.743058555760289
2012-11-20,NA,6.603307371382684,6.603307371382684
2012-11-21,NA,6.5167926807454695,6.5167926807454695
2012-11-22,NA,6.653186349863333,6.653186349863333
2012-11-23,NA,6.5645402836332725,6.5645402836332725
2012-11-24,NA,6.479816906415662,6.479816906415662
2012-11-25,NA,6.454072763018937,6.454072763018937
2012-11-26,NA,6.202991928573713,6.202991928573713
2012-11-27,NA,6.196779806901983,6.196779806901983
2012-11-28,NA,6.2527846941090335,6.2527846941090335
2012-11-29,NA,6.2664973420243495,6.2664973420243495
2012-11-30,NA,6.27885932046285,6.27885932046285
2012-12-01,NA,6.3183400598152595,6.3183400598152595
2012-12-02,NA,6.144917930678776,6.144917930678776
2012-12-03,NA,5.912837471462353,5.912837471462353
2012-12-04,NA,5.502660225629409,5.502660225629409
2012-12-05,NA,5.456411770068707,5.456411770068707
2012-12-06,NA,5.7300564481496465,5.7300564481496465
2012-12-07,NA,5.705346860096865,5.705346860096865
2012-12-08,NA,5.616839692500944,5.616839692500944
2012-12-09,NA,5.6354425302596205,5.6354425302596205
2012-12-10,NA,5.342419097912048,5.342419097912048
2012-12-11,NA,4.924760484267814,4.924760484267814
2012-12-12,NA,5.063908178028118,5.063908178028118
2012-12-13,NA,5.0552389874145245,5.0552389874145245
2012-12-14,NA,5.231439089233815,5.231439089233815
2012-12-15,NA,5.098259247133477,5.098259247133477
2012-12-16,NA,4.7556777400462025,4.7556777400462025
2012-12-17,NA,4.608881042192024,4.608881042192024
2012-12-18,NA,4.631191036599828,4.631191036599828
2012-12-19,NA,4.647609813076846,4.647609813076846
2012-12-20,NA,4.2822489299905335,4.2822489299905335
2012-12-21,NA,4.200155047605444,4.200155047605444
2012-12-22,NA,4.277459321916725,4.277459321916725
2012-12-23,NA,4.38309891759266,4.38309891759266
2012-12-24,NA,4.324090946123331,4.324090946123331
2012-12-25,NA,4.223044584590179,4.223044584590179
2012-12-26,NA,4.0462314129374395,4.0462314129374395
2012-12-27,NA,3.8899321326648244,3.8899321326648244
2012-12-28,NA,3.903716624701247,3.903716624701247
2012-12-29,NA,3.9738748037664036,3.9738748037664036
2012-12-30,NA,3.9310269699381073,3.9310269699381073
2012-12-31,NA,4.016626845433224,4.016626845433224
2013-01-01,NA,4.143436508795396,4.143436508795396
2013-01-02,NA,4.369956233038128,4.369956233038128
2013-01-03,NA,4.335384841961373,4.335384841961373
2013-01-04,NA,4.302944826477464,4.302944826477464
2013-01-05,NA,4.283326591807141,4.283326591807141
2013-01-06,NA,4.294907864129611,4.294907864129611
2013-01-07,NA,4.267995056362878,4.267995056362878
2013-01-08,NA,4.25785066646255,4.25785066646255
2013-01-09,NA,4.186332238704431,4.186332238704431
2013-01-10,NA,4.200389738401061,4.200389738401061
2013-01-11,NA,4.369640118905256,4.369640118905256
2013-01-12,NA,4.523348221209941,4.523348221209941
2013-01-13,NA,4.239434623418754,4.239434623418754
2013-01-14,NA,4.18433018252958,4.18433018252958
2013-01-15,NA,4.128847362602574,4.128847362602574
2013-01-16,NA,4.100684467128575,4.100684467128575
2013-01-17,NA,4.108812432029829,4.108812432029829
2013-01-18,NA,4.034808197681405,4.034808197681405
2013-01-19,NA,4.018533109446601,4.018533109446601
2013-01-20,NA,4.115608885886566,4.115608885886566
2013-01-21,NA,3.9805419382051457,3.9805419382051457
2013-01-22,NA,3.818308333529082,3.818308333529082
2013-01-23,NA,3.683998143923325,3.683998143923325
2013-01-24,NA,3.6734514269447973,3.6734514269447973
2013-01-25,NA,3.6696820053907095,3.6696820053907095
2013-01-26,NA,3.6376586858092206,3.6376586858092206
2013-01-27,NA,3.798321299037076,3.798321299037076
2013-01-28,NA,3.540367377005935,3.540367377005935
2013-01-29,NA,3.6496901812906297,3.6496901812906297
2013-01-30,NA,3.850944722944018,3.850944722944018
2013-01-31,NA,3.820588186972215,3.820588186972215
2013-02-01,NA,3.5193409975619123,3.5193409975619123
2013-02-02,NA,3.7587878739958547,3.7587878739958547
2013-02-03,NA,3.9676435236623786,3.9676435236623786
2013-02-04,NA,3.582846411012549,3.582846411012549
2013-02-05,NA,3.4485936967036777,3.4485936967036777
2013-02-06,NA,3.4801045282212684,3.4801045282212684
2013-02-07,NA,3.5339014061062923,3.5339014061062923
2013-02-08,NA,3.539471720296133,3.539471720296133
2013-02-09,NA,3.486153803218489,3.486153803218489
2013-02-10,NA,3.3338251080390617,3.3338251080390617
2013-02-11,NA,3.3643971763741862,3.3643971763741862
2013-02-12,NA,3.3782104060590514,3.3782104060590514
2013-02-13,NA,3.484144270582253,3.484144270582253
2013-02-14,NA,3.491703638405409,3.491703638405409
2013-02-15,NA,3.499263006228565,3.499263006228565
2013-02-16,NA,3.5068223740517204,3.5068223740517204
2013-02-17,NA,3.514381741874876,3.514381741874876
2013-02-18,NA,3.5219411096980315,3.5219411096980315
2013-02-19,NA,3.529500477521188,3.529500477521188
2013-02-20,NA,3.5370598453443436,3.5370598453443436
2013-02-21,NA,3.5446192131675,3.5446192131675
2013-02-22,NA,3.5521785809906548,3.5521785809906548
2013-02-23,NA,3.5597379488138103,3.5597379488138103
2013-02-24,NA,3.567297316636967,3.567297316636967
2013-02-25,NA,3.5748566844601224,3.5748566844601224
2013-02-26,NA,3.582416052283279,3.582416052283279
2013-02-27,NA,3.5899754201064344,3.5899754201064344
2013-02-28,NA,3.597534787929589,3.597534787929589
2013-03-01,NA,3.6050941557527456,3.6050941557527456
2013-03-02,NA,3.612653523575901,3.612653523575901
2013-03-03,NA,3.6202128913990577,3.6202128913990577
2013-03-04,NA,3.6277722592222132,3.6277722592222132
2013-03-05,NA,3.635331627045369,3.635331627045369
2013-03-06,NA,3.6428909948685244,3.6428909948685244
2013-03-07,NA,3.65045036269168,3.65045036269168
2013-03-08,NA,3.6580097305148365,3.6580097305148365
2013-03-09,NA,3.477154129647802,3.477154129647802
2013-03-10,NA,3.5348114316403163,3.5348114316403163
2013-03-11,NA,3.3921577447699836,3.3921577447699836
2013-03-12,NA,3.4067037844901424,3.4067037844901424
2013-03-13,NA,3.4577226896923583,3.4577226896923583
2013-03-14,NA,3.5949162233585477,3.5949162233585477
2013-03-15,NA,3.644756884974606,3.644756884974606
2013-03-16,NA,3.624046619663456,3.624046619663456
2013-03-17,NA,3.448675120040932,3.448675120040932
2013-03-18,NA,3.3623999098074075,3.3623999098074075
2013-03-19,NA,3.2762923358564664,3.2762923358564664
2013-03-20,NA,3.2736388929835756,3.2736388929835756
2013-03-21,NA,3.2625701087250025,3.2625701087250025
2013-03-22,NA,3.2687774407886594,3.2687774407886594
2013-03-23,NA,3.364330121861152,3.364330121861152
2013-03-24,NA,3.5295811796237166,3.5295811796237166
2013-03-25,NA,3.2189463583887483,3.2189463583887483
2013-03-26,NA,3.0146025195277537,3.0146025195277537
2013-03-27,NA,2.799343163866548,2.799343163866548
2013-03-28,NA,2.7630858307478126,2.7630858307478126
2013-03-29,NA,2.91551510769679,2.91551510769679
2013-03-30,NA,2.91615691517868,2.91615691517868
2013-03-31,NA,2.8696306623496977,2.8696306623496977
2013-04-01,NA,2.9415226795375733,2.9415226795375733
2013-04-02,NA,3.0858239915852965,3.0858239915852965
2013-04-03,NA,3.2223805073776703,3.2223805073776703
2013-04-04,NA,3.408073612399251,3.408073612399251
2013-04-05,NA,3.320031036786492,3.320031036786492
2013-04-06,NA,3.3734543252417586,3.3734543252417586
2013-04-07,NA,3.3696274283907854,3.3696274283907854
2013-04-08,NA,3.420172162393694,3.420172162393694
2013-04-09,NA,3.2550408448329744,3.2550408448329744
2013-04-10,NA,3.1618781781893124,3.1618781781893124
2013-04-11,NA,3.0632601479495816,3.0632601479495816
2013-04-12,NA,3.0677959067954785,3.0677959067954785
2013-04-13,NA,3.10165843587731,3.10165843587731
2013-04-14,NA,3.0068289856239616,3.0068289856239616
2013-04-15,NA,3.2189367791726013,3.2189367791726013
2013-04-16,NA,3.2925195280105317,3.2925195280105317
2013-04-17,NA,3.329322876449681,3.329322876449681
2013-04-18,NA,3.3028219749772947,3.3028219749772947
2013-04-19,NA,3.3542288384334893,3.3542288384334893
2013-04-20,NA,3.4800757905728252,3.4800757905728252
2013-04-21,NA,3.4294879500972524,3.4294879500972524
2013-04-22,NA,3.3936616817051597,3.3936616817051597
2013-04-23,NA,3.4332094755706026,3.4332094755706026
2013-04-24,NA,3.373784808198852,3.373784808198852
2013-04-25,NA,3.2585612067672245,3.2585612067672245
2013-04-26,NA,3.2341629432392405,3.2341629432392405
2013-04-27,NA,3.331617098717036,3.331617098717036
2013-04-28,NA,3.34907522014607,3.34907522014607
2013-04-29,NA,3.387540562586832,3.387540562586832
2013-04-30,NA,3.3935467311113885,3.3935467311113885
2013-05-01,NA,3.4132799163754823,3.4132799163754823
2013-05-02,NA,3.4494414573327417,3.4494414573327417
2013-05-03,NA,3.5692966097717425,3.5692966097717425
2013-05-04,NA,3.4936016437732618,3.4936016437732618
2013-05-05,NA,3.501456601014309,3.501456601014309
2013-05-06,NA,3.536559638587257,3.536559638587257
2013-05-07,NA,3.543490201470059,3.543490201470059
2013-05-08,NA,3.5282209309307553,3.5282209309307553
2013-05-09,NA,3.5536968562753466,3.5536968562753466
2013-05-10,NA,3.66824991257664,3.66824991257664
2013-05-11,NA,3.7588405596846672,3.7588405596846672
2013-05-12,NA,3.8114591939835347,3.8114591939835347
2013-05-13,NA,3.7192831866030773,3.7192831866030773
2013-05-14,NA,3.720480588621529,3.720480588621529
2013-05-15,NA,3.602316167832583,3.602316167832583
2013-05-16,NA,3.560296936201056,3.560296936201056
2013-05-17,NA,3.6771250563374083,3.6771250563374083
2013-05-18,NA,3.5774676811456616,3.5774676811456616
2013-05-19,NA,3.5565418834711884,3.5565418834711884
2013-05-20,NA,3.5606657360227385,3.5606657360227385
2013-05-21,NA,3.624645320672681,3.624645320672681
2013-05-22,NA,3.634799289789157,3.634799289789157
2013-05-23,NA,3.7850876119291414,3.7850876119291414
2013-05-24,NA,3.7881290130560106,3.7881290130560106
2013-05-25,NA,3.8735325146201016,3.8735325146201016
2013-05-26,NA,3.906839449165371,3.906839449165371
2013-05-27,NA,3.8625164160503407,3.8625164160503407
2013-05-28,NA,3.8413032418914397,3.8413032418914397
2013-05-29,NA,3.7994133296779045,3.7994133296779045
2013-05-30,NA,3.8563378216351265,3.8563378216351265
2013-05-31,NA,3.9378138445786948,3.9378138445786948
2013-06-01,NA,3.9245274717819476,3.9245274717819476
2013-06-02,NA,3.936712234721719,3.936712234721719
2013-06-03,NA,4.063138729437986,4.063138729437986
2013-06-04,NA,4.051121602780798,4.051121602780798
2013-06-05,NA,3.9976647870690134,3.9976647870690134
2013-06-06,NA,3.8469070833377965,3.8469070833377965
2013-06-07,NA,3.8358478782953704,3.8358478782953704
2013-06-08,NA,4.244085332858422,4.244085332858422
2013-06-09,NA,4.615768498602161,4.615768498602161
2013-06-10,NA,4.603076037206568,4.603076037206568
2013-06-11,NA,4.551405745306315,4.551405745306315
2013-06-12,NA,4.417009342755229,4.417009342755229
2013-06-13,NA,4.1324826751305945,4.1324826751305945
2013-06-14,NA,4.122467604648261,4.122467604648261
2013-06-15,NA,4.084102843977048,4.084102843977048
2013-06-16,NA,4.178515598327975,4.178515598327975
2013-06-17,NA,4.222599151039315,4.222599151039315
2013-06-18,NA,4.234357638860516,4.234357638860516
2013-06-19,NA,4.1374542883112095,4.1374542883112095
2013-06-20,NA,4.195705501704875,4.195705501704875
2013-06-21,NA,4.395178309154806,4.395178309154806
2013-06-22,NA,4.511905847521611,4.511905847521611
2013-06-23,NA,4.352900438687293,4.352900438687293
2013-06-24,NA,4.314377620949646,4.314377620949646
2013-06-25,NA,4.336083517606731,4.336083517606731
2013-06-26,NA,4.093073779899294,4.093073779899294
2013-06-27,NA,4.128344453754824,4.128344453754824
2013-06-28,NA,4.129551434989423,4.129551434989423
2013-06-29,NA,4.191845077597385,4.191845077597385
2013-06-30,NA,4.961496778193931,4.961496778193931
2013-07-01,NA,5.072261254508842,5.072261254508842
2013-07-02,NA,4.667817169540246,4.667817169540246
2013-07-03,NA,4.903714946391496,4.903714946391496
2013-07-04,NA,4.752200484584616,4.752200484584616
2013-07-05,NA,4.673823338064803,4.673823338064803
2013-07-06,NA,4.578519716612147,4.578519716612147
2013-07-07,NA,4.911062205176719,4.911062205176719
2013-07-08,NA,5.177843374887891,5.177843374887891
2013-07-09,NA,5.2547453221209715,5.2547453221209715
2013-07-10,NA,4.831775033122883,4.831775033122883
2013-07-11,NA,4.647059008148359,4.647059008148359
2013-07-12,NA,4.66104466372388,4.66104466372388
2013-07-13,NA,4.798880004871961,4.798880004871961
2013-07-14,NA,4.803573820784294,4.803573820784294
2013-07-15,NA,4.720723180323544,4.720723180323544
2013-07-16,NA,4.800747952020746,4.800747952020746
2013-07-17,NA,4.656188001137039,4.656188001137039
2013-07-18,NA,4.742726639814622,4.742726639814622
2013-07-19,NA,4.684408371907923,4.684408371907923
2013-07-20,NA,4.793735965800691,4.793735965800691
2013-07-21,NA,4.685682407655555,4.685682407655555
2013-07-22,NA,5.61947397694154,5.61947397694154
2013-07-23,NA,5.814688822813855,5.814688822813855
2013-07-24,NA,5.697506271680039,5.697506271680039
2013-07-25,NA,5.565581306895039,5.565581306895039
2013-07-26,NA,4.99327103815558,4.99327103815558
2013-07-27,NA,5.145092034879184,5.145092034879184
2013-07-28,NA,5.002773620574018,5.002773620574018
2013-07-29,NA,5.000790722831461,5.000790722831461
2013-07-30,NA,5.04041036081801,5.04041036081801
2013-07-31,NA,4.979821818684325,4.979821818684325
2013-08-01,NA,5.0016720107170425,5.0016720107170425
2013-08-02,NA,4.948574415610793,4.948574415610793
2013-08-03,NA,5.041837664024005,5.041837664024005
2013-08-04,NA,5.358526549864269,5.358526549864269
2013-08-05,NA,4.963498834368782,4.963498834368782
2013-08-06,NA,4.973030154435664,4.973030154435664
2013-08-07,NA,5.06007649156907,5.06007649156907
2013-08-08,NA,5.224676162633598,5.224676162633598
2013-08-09,NA,5.33249981959119,5.33249981959119
2013-08-10,NA,5.139143341651513,5.139143341651513
2013-08-11,NA,4.889192854711707,4.889192854711707
2013-08-12,NA,4.87200774094288,4.87200774094288
2013-08-13,NA,5.2761165533463075,5.2761165533463075
2013-08-14,NA,5.527944566651046,5.527944566651046
2013-08-15,NA,5.430658047455834,5.430658047455834
2013-08-16,NA,5.288588692770507,5.288588692770507
2013-08-17,NA,5.568704131359164,5.568704131359164
2013-08-18,NA,5.7723103705767915,5.7723103705767915
2013-08-19,NA,5.577133841569067,5.577133841569067
2013-08-20,NA,5.5210954271055,5.5210954271055
2013-08-21,NA,5.4802017533713165,5.4802017533713165
2013-08-22,NA,5.33209749251299,5.33209749251299
2013-08-23,NA,5.1801519659794675,5.1801519659794675
2013-08-24,NA,5.019249872347922,5.019249872347922
2013-08-25,NA,5.143444409701793,5.143444409701793
2013-08-26,NA,5.332882988237094,5.332882988237094
2013-08-27,NA,5.447756948279332,5.447756948279332
2013-08-28,NA,5.525147435535942,5.525147435535942
2013-08-29,NA,5.585889245127991,5.585889245127991
2013-08-30,NA,5.899780999853149,5.899780999853149
2013-08-31,NA,5.967419845071481,5.967419845071481
2013-09-01,NA,5.73156996430097,5.73156996430097
2013-09-02,NA,5.895882258881068,5.895882258881068
2013-09-03,NA,6.034052872594316,6.034052872594316
2013-09-04,NA,6.087945542640817,6.087945542640817
2013-09-05,NA,5.452910566566752,5.452910566566752
2013-09-06,NA,5.503440931745439,5.503440931745439
2013-09-07,NA,6.409347402825707,6.409347402825707
2013-09-08,NA,6.279759766780726,6.279759766780726
2013-09-09,NA,5.90005879712143,5.90005879712143
2013-09-10,NA,6.211795228213374,6.211795228213374
2013-09-11,NA,6.239881489958192,6.239881489958192
2013-09-12,NA,6.140909028720998,6.140909028720998
2013-09-13,NA,6.175930642956692,6.175930642956692
2013-09-14,NA,6.285775514521431,6.285775514521431
2013-09-15,NA,6.8427781958569955,6.8427781958569955
2013-09-16,NA,6.139270982759756,6.139270982759756
2013-09-17,NA,5.636908150330205,5.636908150330205
2013-09-18,NA,5.891533294750049,5.891533294750049
2013-09-19,NA,7.135854313893379,7.135854313893379
2013-09-20,NA,5.8571630672123955,5.8571630672123955
2013-09-21,NA,5.989068873565099,5.989068873565099
2013-09-22,NA,7.92466444678516,7.92466444678516
2013-09-23,NA,7.210131555902013,7.210131555902013
2013-09-24,NA,6.878623622681383,6.878623622681383
2013-09-25,NA,7.841239053355551,7.841239053355551
2013-09-26,NA,7.706670224913809,7.706670224913809
2013-09-27,NA,6.281062540176803,6.281062540176803
2013-09-28,NA,7.863558626979504,7.863558626979504
2013-09-29,NA,8.844345830685706,8.844345830685706
2013-09-30,NA,7.751845808265978,7.751845808265978
2013-10-01,NA,8.965302592981683,8.965302592981683
2013-10-02,NA,8.436980084792086,8.436980084792086
2013-10-03,NA,8.235040629184144,8.235040629184144
2013-10-04,NA,8.47967465116202,8.47967465116202
2013-10-05,NA,7.57937202152811,7.57937202152811
2013-10-06,NA,8.744108912917026,8.744108912917026
2013-10-07,NA,9.234239086326067,9.234239086326067
2013-10-08,NA,9.227054674215353,9.227054674215353
2013-10-09,NA,9.249766995701357,9.249766995701357
2013-10-10,NA,8.236113501392676,8.236113501392676
2013-10-11,NA,9.217705359255277,9.217705359255277
2013-10-12,NA,9.05620935422258,9.05620935422258
2013-10-13,NA,9.069783103503754,9.069783103503754
2013-10-14,NA,8.51084542050637,8.51084542050637
2013-10-15,NA,8.991597541306893,8.991597541306893
2013-10-16,NA,9.204371090377792,9.204371090377792
2013-10-17,NA,9.194705661284846,9.194705661284846
2013-10-18,NA,9.189743627320379,9.189743627320379
2013-10-19,NA,9.167366578399543,9.167366578399543
2013-10-20,NA,8.99004570829098,8.99004570829098
2013-10-21,NA,8.821604771551259,8.821604771551259
2013-10-22,NA,8.7840350858203,8.7840350858203
2013-10-23,NA,8.828693391500497,8.828693391500497
2013-10-24,NA,8.77433133986276,8.77433133986276
2013-10-25,NA,8.924064067466183,8.924064067466183
2013-10-26,NA,8.911726037068052,8.911726037068052
2013-10-27,NA,8.798451806122465,8.798451806122465
2013-10-28,NA,8.535454426789602,8.535454426789602
2013-10-29,NA,8.70817727314731,8.70817727314731
2013-10-30,NA,8.71308183181489,8.71308183181489
2013-10-31,NA,8.805023148399732,8.805023148399732
2013-11-01,NA,8.737029872183935,8.737029872183935
2013-11-02,NA,8.791047072040357,8.791047072040357
2013-11-03,NA,8.806517506118759,8.806517506118759
2013-11-04,NA,8.773555423354804,8.773555423354804
2013-11-05,NA,8.82038821110051,8.82038821110051
2013-11-06,NA,8.800511337594202,8.800511337594202
2013-11-07,NA,8.601129532697675,8.601129532697675
2013-11-08,NA,8.369168813683096,8.369168813683096
2013-11-09,NA,8.565408635683205,8.565408635683205
2013-11-10,NA,8.431404980994172,8.431404980994172
2013-11-11,NA,8.418913683137678,8.418913683137678
2013-11-12,NA,8.402360797634593,8.402360797634593
2013-11-13,NA,8.30914544530212,8.30914544530212
2013-11-14,NA,8.400885598347859,8.400885598347859
2013-11-15,NA,8.401939312124098,8.401939312124098
2013-11-16,NA,8.3798113228231,8.3798113228231
2013-11-17,NA,8.303943930933961,8.303943930933961
2013-11-18,NA,8.170151019000176,8.170151019000176
2013-11-19,NA,8.157640562711387,8.157640562711387
2013-11-20,NA,8.091208698727653,8.091208698727653
2013-11-21,NA,8.039720411934205,8.039720411934205
2013-11-22,NA,8.036415582363276,8.036415582363276
2013-11-23,NA,7.525038707538817,7.525038707538817
2013-11-24,NA,7.505813220730548,7.505813220730548
2013-11-25,NA,7.818727895408649,7.818727895408649
2013-11-26,NA,7.425941716491705,7.425941716491705
2013-11-27,NA,7.271773811811936,7.271773811811936
2013-11-28,NA,7.40867038977755,7.40867038977755
2013-11-29,NA,7.304199458471624,7.304199458471624
2013-11-30,NA,6.862291059149694,6.862291059149694
2013-12-01,NA,6.567720583394282,6.567720583394282
2013-12-02,NA,6.5169986338926424,6.5169986338926424
2013-12-03,NA,6.447616371335442,6.447616371335442
2013-12-04,NA,6.582702477449157,6.582702477449157
2013-12-05,NA,6.662909254253165,6.662909254253165
2013-12-06,NA,6.712692440572338,6.712692440572338
2013-12-07,NA,6.846274609750877,6.846274609750877
2013-12-08,NA,6.850728945259519,6.850728945259519
2013-12-09,NA,6.764994960738335,6.764994960738335
2013-12-10,NA,6.813255051690035,6.813255051690035
2013-12-11,NA,6.746890242219335,6.746890242219335
2013-12-12,NA,6.159396915885901,6.159396915885901
2013-12-13,NA,6.293630471762478,6.293630471762478
2013-12-14,NA,5.826605367701493,5.826605367701493
2013-12-15,NA,5.5122250729528055,5.5122250729528055
2013-12-16,NA,5.001633693852451,5.001633693852451
2013-12-17,NA,4.895084072642492,4.895084072642492
2013-12-18,NA,5.005829390525108,5.005829390525108
2013-12-19,NA,4.923965409327561,4.923965409327561
2013-12-20,NA,5.159575809694383,5.159575809694383
2013-12-21,NA,5.099552441313406,5.099552441313406
2013-12-22,NA,5.0884884466629074,5.0884884466629074
2013-12-23,NA,4.782700708798634,4.782700708798634
2013-12-24,NA,4.791666855112805,4.791666855112805
2013-12-25,NA,4.428336765849787,4.428336765849787
2013-12-26,NA,4.622076412435369,4.622076412435369
2013-12-27,NA,4.945595279388884,4.945595279388884
2013-12-28,NA,5.0786505916793026,5.0786505916793026
2013-12-29,NA,4.968968566789073,4.968968566789073
2013-12-30,NA,4.9933955679655,4.9933955679655
2013-12-31,NA,5.298148750485829,5.298148750485829
2014-01-01,NA,4.890054984164992,4.890054984164992
2014-01-02,NA,4.965012350520107,4.965012350520107
2014-01-03,NA,4.7713206000152635,4.7713206000152635
2014-01-04,NA,4.698269497673525,4.698269497673525
2014-01-05,NA,4.719611991250419,4.719611991250419
2014-01-06,NA,4.644233139384811,4.644233139384811
2014-01-07,NA,4.626300846756468,4.626300846756468
2014-01-08,NA,4.6781052476827885,4.6781052476827885
2014-01-09,NA,4.692847661333975,4.692847661333975
2014-01-10,NA,4.69142035812798,4.69142035812798
2014-01-11,NA,4.712274311681343,4.712274311681343
2014-01-12,NA,4.759902174367301,4.759902174367301
2014-01-13,NA,4.99081875882179,4.99081875882179
2014-01-14,NA,4.951457759671227,4.951457759671227
2014-01-15,NA,4.795249481952014,4.795249481952014
2014-01-16,NA,4.680327625829037,4.680327625829037
2014-01-17,NA,4.628935131197064,4.628935131197064
2014-01-18,NA,4.543287359621209,4.543287359621209
2014-01-19,NA,4.441805143753339,4.441805143753339
2014-01-20,NA,4.3759671911707585,4.3759671911707585
2014-01-21,NA,4.472238313454323,4.472238313454323
2014-01-22,NA,4.528880218535191,4.528880218535191
2014-01-23,NA,4.563585718638011,4.563585718638011
2014-01-24,NA,4.53322918266621,4.53322918266621
2014-01-25,NA,4.596107157459176,4.596107157459176
2014-01-26,NA,4.6120469731288125,4.6120469731288125
2014-01-27,NA,4.639884175253792,4.639884175253792
2014-01-28,NA,4.621702823005611,4.621702823005611
2014-01-29,NA,4.620083935476664,4.620083935476664
2014-01-30,NA,4.659234191871981,4.659234191871981
2014-01-31,NA,4.6321920646872545,4.6321920646872545
2014-02-01,NA,4.703777546958406,4.703777546958406
2014-02-02,NA,4.931092346141391,4.931092346141391
2014-02-03,NA,4.93100613319606,4.93100613319606
2014-02-04,NA,4.890572261836963,4.890572261836963
2014-02-05,NA,4.919913400897119,4.919913400897119
2014-02-06,NA,4.839256400934172,4.839256400934172
2014-02-07,NA,4.709544235079273,4.709544235079273
2014-02-08,NA,4.2793320586735835,4.2793320586735835
2014-02-09,NA,4.245287524484949,4.245287524484949
2014-02-10,NA,4.052285477542734,4.052285477542734
2014-02-11,NA,3.9581984165408266,3.9581984165408266
2014-02-12,NA,3.928004727243534,3.928004727243534
2014-02-13,NA,3.717750512019458,3.717750512019458
2014-02-14,NA,3.775120437527544,3.775120437527544
2014-02-15,NA,3.7319948064309663,3.7319948064309663
2014-02-16,NA,3.7242835374321346,3.7242835374321346
2014-02-17,NA,3.5931153307227954,3.5931153307227954
2014-02-18,NA,3.563640082636574,3.563640082636574
2014-02-19,NA,3.508693698813835,3.508693698813835
2014-02-20,NA,3.768788575653969,3.768788575653969
2014-02-21,NA,3.595979516350933,3.595979516350933
2014-02-22,NA,3.633166033435988,3.633166033435988
2014-02-23,NA,3.290852744400846,3.290852744400846
2014-02-24,NA,3.3696417972150066,3.3696417972150066
2014-02-25,NA,3.267211238948524,3.267211238948524
2014-02-26,NA,3.4207181777141082,3.4207181777141082
2014-02-27,NA,3.534676697882762,3.534676697882762
2014-02-28,NA,3.6711567048922524,3.6711567048922524
2014-03-01,NA,3.807636711901743,3.807636711901743
2014-03-02,NA,3.9441167189112325,3.9441167189112325
2014-03-03,NA,4.0805967259207225,4.0805967259207225
2014-03-04,NA,4.217076732930213,4.217076732930213
2014-03-05,NA,4.1825582357861,4.1825582357861
2014-03-06,NA,4.20315334225965,4.20315334225965
2014-03-07,NA,4.217234789996649,4.217234789996649
2014-03-08,NA,4.105373493432836,4.105373493432836
2014-03-09,NA,3.9187703628772295,3.9187703628772295
2014-03-10,NA,3.6369833510708145,3.6369833510708145
2014-03-11,NA,3.4935920645571152,3.4935920645571152
2014-03-12,NA,3.497050161586405,3.497050161586405
2014-03-13,NA,3.4605533480639785,3.4605533480639785
2014-03-14,NA,3.4629960481816213,3.4629960481816213
2014-03-15,NA,3.4965520423467287,3.4965520423467287
2014-03-16,NA,3.6166323063651986,3.6166323063651986
2014-03-17,NA,3.7597505852186903,3.7597505852186903
2014-03-18,NA,3.733379003164298,3.733379003164298
2014-03-19,NA,3.790159806879305,3.790159806879305
2014-03-20,NA,3.9103933383561365,3.9103933383561365
2014-03-21,NA,4.007469114796102,4.007469114796102
2014-03-22,NA,3.9716620048363036,3.9716620048363036
2014-03-23,NA,3.8817850093312747,3.8817850093312747
2014-03-24,NA,3.9456017473067084,3.9456017473067084
2014-03-25,NA,3.860643679293481,3.860643679293481
2014-03-26,NA,3.887350533913041,3.887350533913041
2014-03-27,NA,3.904846972206666,3.904846972206666
2014-03-28,NA,3.9329523923837777,3.9329523923837777
2014-03-29,NA,3.935787840363473,3.935787840363473
2014-03-30,NA,3.9616708823943383,3.9616708823943383
2014-03-31,NA,3.914134022261782,3.914134022261782
2014-04-01,NA,3.8482242255580936,3.8482242255580936
2014-04-02,NA,3.8199655379226196,3.8199655379226196
2014-04-03,NA,3.8416720417131223,3.8416720417131223
2014-04-04,NA,3.8987929076013716,3.8987929076013716
2014-04-05,NA,3.8948558497647006,3.8948558497647006
2014-04-06,NA,3.854632721160851,3.854632721160851
2014-04-07,NA,3.8302009303763502,3.8302009303763502
2014-04-08,NA,3.832370622833786,3.832370622833786
2014-04-09,NA,3.7458942490611604,3.7458942490611604
2014-04-10,NA,3.7314679495428478,3.7314679495428478
2014-04-11,NA,3.719431664453365,3.719431664453365
2014-04-12,NA,3.7672654802864973,3.7672654802864973
2014-04-13,NA,3.8085902187473226,3.8085902187473226
2014-04-14,NA,3.8245348240250334,3.8245348240250334
2014-04-15,NA,3.8241133385145383,3.8241133385145383
2014-04-16,NA,3.89552160528696,3.89552160528696
2014-04-17,NA,3.909018720838954,3.909018720838954
2014-04-18,NA,3.8430993449191173,3.8430993449191173
2014-04-19,NA,3.9065808103293844,3.9065808103293844
2014-04-20,NA,3.9541703561507533,3.9541703561507533
2014-04-21,NA,3.9348634460052287,3.9348634460052287
2014-04-22,NA,4.011482806361954,4.011482806361954
2014-04-23,NA,3.9879466722872547,3.9879466722872547
2014-04-24,NA,4.0983710864289264,4.0983710864289264
2014-04-25,NA,4.089261251872541,4.089261251872541
2014-04-26,NA,4.007009312421015,4.007009312421015
2014-04-27,NA,3.990954546157607,3.990954546157607
2014-04-28,NA,4.057496571127039,4.057496571127039
2014-04-29,NA,4.054072001354266,4.054072001354266
2014-04-30,NA,4.120561340634884,4.120561340634884
2014-05-01,NA,4.11975189687041,4.11975189687041
2014-05-02,NA,4.099649911784633,4.099649911784633
2014-05-03,NA,4.098490826630771,4.098490826630771
2014-05-04,NA,4.1275397995984235,4.1275397995984235
2014-05-05,NA,4.132808368479614,4.132808368479614
2014-05-06,NA,4.188904258240067,4.188904258240067
2014-05-07,NA,4.207962108765754,4.207962108765754
2014-05-08,NA,4.187136892860831,4.187136892860831
2014-05-09,NA,4.201529665122628,4.201529665122628
2014-05-10,NA,4.432565989778961,4.432565989778961
2014-05-11,NA,4.4763238491412825,4.4763238491412825
2014-05-12,NA,4.622905014632138,4.622905014632138
2014-05-13,NA,4.4361725646585395,4.4361725646585395
2014-05-14,NA,4.1515165776159115,4.1515165776159115
2014-05-15,NA,4.451628629912722,4.451628629912722
2014-05-16,NA,4.309655067388871,4.309655067388871
2014-05-17,NA,4.297451146016805,4.297451146016805
2014-05-18,NA,4.412425687828593,4.412425687828593
2014-05-19,NA,4.429620380813569,4.429620380813569
2014-05-20,NA,4.575166990960483,4.575166990960483
2014-05-21,NA,4.490639987673898,4.490639987673898
2014-05-22,NA,4.429601222381274,4.429601222381274
2014-05-23,NA,4.3436612847129155,4.3436612847129155
2014-05-24,NA,4.329737894042353,4.329737894042353
2014-05-25,NA,4.405092797867592,4.405092797867592
2014-05-26,NA,4.408708951963318,4.408708951963318
2014-05-27,NA,4.524358828513515,4.524358828513515
2014-05-28,NA,4.489083365049909,4.489083365049909
2014-05-29,NA,4.367685958811142,4.367685958811142
2014-05-30,NA,4.376527575315395,4.376527575315395
2014-05-31,NA,4.565817676000407,4.565817676000407
2014-06-01,NA,4.668200338186152,4.668200338186152
2014-06-02,NA,4.479317354187412,4.479317354187412
2014-06-03,NA,4.523970870259536,4.523970870259536
2014-06-04,NA,4.6901702704207135,4.6901702704207135
2014-06-05,NA,4.80250094857576,4.80250094857576
2014-06-06,NA,4.653735721803248,4.653735721803248
2014-06-07,NA,4.781872106601865,4.781872106601865
2014-06-08,NA,4.777982944845931,4.777982944845931
2014-06-09,NA,5.50261232954867,5.50261232954867
2014-06-10,NA,5.374643581032636,5.374643581032636
2014-06-11,NA,5.207438363175958,5.207438363175958
2014-06-12,NA,5.0279525902180335,5.0279525902180335
2014-06-13,NA,4.818670665432942,4.818670665432942
2014-06-14,NA,4.713897988818365,4.713897988818365
2014-06-15,NA,4.648879059216405,4.648879059216405
2014-06-16,NA,4.70642141061515,4.70642141061515
2014-06-17,NA,5.631457576342211,5.631457576342211
2014-06-18,NA,6.127210749629905,6.127210749629905
2014-06-19,NA,5.820575251136567,5.820575251136567
2014-06-20,NA,5.565533410814302,5.565533410814302
2014-06-21,NA,5.492908583591133,5.492908583591133
2014-06-22,NA,5.421802062127361,5.421802062127361
2014-06-23,NA,5.473414878730729,5.473414878730729
2014-06-24,NA,5.5735128978652675,5.5735128978652675
2014-06-25,NA,5.7057060807024005,5.7057060807024005
2014-06-26,NA,5.879406007107164,5.879406007107164
2014-06-27,NA,5.852972160147811,5.852972160147811
2014-06-28,NA,5.828181148757775,5.828181148757775
2014-06-29,NA,5.637549957812096,5.637549957812096
2014-06-30,NA,5.5609449662795924,5.5609449662795924
2014-07-01,NA,5.593150290967886,5.593150290967886
2014-07-02,NA,6.013021703542218,6.013021703542218
2014-07-03,NA,6.1192743690516025,6.1192743690516025
2014-07-04,NA,6.0273761589394255,6.0273761589394255
2014-07-05,NA,6.007978246240498,6.007978246240498
2014-07-06,NA,6.026485291837696,6.026485291837696
2014-07-07,NA,6.156254932989484,6.156254932989484
2014-07-08,NA,6.288127212085671,6.288127212085671
2014-07-09,NA,6.138768073912004,6.138768073912004
2014-07-10,NA,6.487054004215187,6.487054004215187
2014-07-11,NA,6.220603317461109,6.220603317461109
2014-07-12,NA,6.792975851105528,6.792975851105528
2014-07-13,NA,7.286741337042589,7.286741337042589
2014-07-14,NA,6.514570302599221,6.514570302599221
2014-07-15,NA,6.467723146029293,6.467723146029293
2014-07-16,NA,6.589513300130113,6.589513300130113
2014-07-17,NA,6.6306129270114695,6.6306129270114695
2014-07-18,NA,6.991984066572298,6.991984066572298
2014-07-19,NA,6.726917576551552,6.726917576551552
2014-07-20,NA,6.877569908905146,6.877569908905146
2014-07-21,NA,6.985575570969543,6.985575570969543
2014-07-22,NA,6.822149353883098,6.822149353883098
2014-07-23,NA,6.931270994628694,6.931270994628694
2014-07-24,NA,7.051418313160196,7.051418313160196
2014-07-25,NA,7.001917713717379,7.001917713717379
2014-07-26,NA,7.061361539521425,7.061361539521425
2014-07-27,NA,7.042375533116845,7.042375533116845
2014-07-28,NA,6.770479061982845,6.770479061982845
2014-07-29,NA,7.159438344048816,7.159438344048816
2014-07-30,NA,6.869130619479092,6.869130619479092
2014-07-31,NA,6.821124377755304,6.821124377755304
2014-08-01,NA,6.755521115968339,6.755521115968339
2014-08-02,NA,6.2945692349449445,6.2945692349449445
2014-08-03,NA,5.9064337654676695,5.9064337654676695
2014-08-04,NA,6.232357015674237,6.232357015674237
2014-08-05,NA,6.923104712862848,6.923104712862848
2014-08-06,NA,7.0739773671878385,7.0739773671878385
2014-08-07,NA,7.04219352801004,7.04219352801004
2014-08-08,NA,7.290587392325859,7.290587392325859
2014-08-09,NA,7.619858578576018,7.619858578576018
2014-08-10,NA,8.12569387685908,8.12569387685908
2014-08-11,NA,7.7992389801563196,7.7992389801563196
2014-08-12,NA,8.373819523122764,8.373819523122764
2014-08-13,NA,8.896428028880305,8.896428028880305
2014-08-14,NA,8.835336577898868,8.835336577898868
2014-08-15,NA,8.413027254814965,8.413027254814965
2014-08-16,NA,8.36136654213086,8.36136654213086
2014-08-17,NA,8.75759644925287,8.75759644925287
2014-08-18,NA,9.118900534300668,9.118900534300668
2014-08-19,NA,8.659174792944167,8.659174792944167
2014-08-20,NA,8.54830015564356,8.54830015564356
2014-08-21,NA,7.777647426959588,7.777647426959588
2014-08-22,NA,7.884522741518566,7.884522741518566
2014-08-23,NA,8.032991012590502,8.032991012590502
2014-08-24,NA,8.327159161267716,8.327159161267716
2014-08-25,NA,8.419411802377354,8.419411802377354
2014-08-26,NA,8.380706979532901,8.380706979532901
2014-08-27,NA,8.386909521988484,8.386909521988484
2014-08-28,NA,8.524773600785009,8.524773600785009
2014-08-29,NA,8.697951459909726,8.697951459909726
2014-08-30,NA,8.451516545296096,8.451516545296096
2014-08-31,NA,8.219694724915659,8.219694724915659
2014-09-01,NA,8.703378085857352,8.703378085857352
2014-09-02,NA,8.102866604779306,8.102866604779306
2014-09-03,NA,8.080451238993877,8.080451238993877
2014-09-04,NA,8.260152544315124,8.260152544315124
2014-09-05,NA,8.066891858536923,8.066891858536923
2014-09-06,NA,7.962358662326039,7.962358662326039
2014-09-07,NA,7.973619030907566,7.973619030907566
2014-09-08,NA,7.459291757509639,7.459291757509639
2014-09-09,NA,7.480169659103373,7.480169659103373
2014-09-10,NA,7.764983703212437,7.764983703212437
2014-09-11,NA,8.13100076260486,8.13100076260486
2014-09-12,NA,8.558382280638927,8.558382280638927
2014-09-13,NA,9.398738175621043,9.398738175621043
2014-09-14,NA,9.036931181725498,9.036931181725498
2014-09-15,NA,8.748318978413904,8.748318978413904
2014-09-16,NA,8.811187373990723,8.811187373990723
2014-09-17,NA,8.906577208388706,8.906577208388706
2014-09-18,NA,9.71094398830422,9.71094398830422
2014-09-19,NA,10.347832542702848,10.347832542702848
2014-09-20,NA,10.40837797836387,10.40837797836387
2014-09-21,NA,9.588310863182409,9.588310863182409
2014-09-22,NA,9.309948421148768,9.309948421148768
2014-09-23,NA,9.372491123376568,9.372491123376568
2014-09-24,NA,9.233333850400117,9.233333850400117
2014-09-25,NA,8.464549068864931,8.464549068864931
2014-09-26,NA,8.277289762003214,8.277289762003214
2014-09-27,NA,8.376271802456554,8.376271802456554
2014-09-28,NA,8.716923097490085,8.716923097490085
2014-09-29,NA,8.752682311369144,8.752682311369144
2014-09-30,NA,7.883689349713723,7.883689349713723
2014-10-01,NA,7.299314058236337,7.299314058236337
2014-10-02,NA,8.062116619287337,8.062116619287337
2014-10-03,NA,8.365207807806055,8.365207807806055
2014-10-04,NA,8.104619601334319,8.104619601334319
2014-10-05,NA,8.096716748012534,8.096716748012534
2014-10-06,NA,7.64470706526294,7.64470706526294
2014-10-07,NA,7.3781079006585735,7.3781079006585735
2014-10-08,NA,7.370425369308183,7.370425369308183
2014-10-09,NA,7.465872679003052,7.465872679003052
2014-10-10,NA,7.948272424980967,7.948272424980967
2014-10-11,NA,8.397643033681891,8.397643033681891
2014-10-12,NA,8.441333838531179,8.441333838531179
2014-10-13,NA,8.61508166101668,8.61508166101668
2014-10-14,NA,8.539645333854185,8.539645333854185
2014-10-15,NA,8.322723984191368,8.322723984191368
2014-10-16,NA,8.50628092401203,8.50628092401203
2014-10-17,NA,8.54693032773445,8.54693032773445
2014-10-18,NA,8.874213826633978,8.874213826633978
2014-10-19,NA,8.563612532655526,8.563612532655526
2014-10-20,NA,8.450932213111091,8.450932213111091
2014-10-21,NA,8.63184049966694,8.63184049966694
2014-10-22,NA,8.601646810369646,8.601646810369646
2014-10-23,NA,8.582641645532771,8.582641645532771
2014-10-24,NA,8.925735640683943,8.925735640683943
2014-10-25,NA,8.77574906385261,8.77574906385261
2014-10-26,NA,8.809055998397879,8.809055998397879
2014-10-27,NA,8.866550453715883,8.866550453715883
2014-10-28,NA,9.026556890637627,9.026556890637627
2014-10-29,NA,8.906510153875674,8.906510153875674
2014-10-30,NA,8.847329756515686,8.847329756515686
2014-10-31,NA,8.638823748238552,8.638823748238552
2014-11-01,NA,8.967017272672106,8.967017272672106
2014-11-02,NA,9.029081014092524,9.029081014092524
2014-11-03,NA,9.098578227243495,9.098578227243495
2014-11-04,NA,8.958970731108105,8.958970731108105
2014-11-05,NA,8.73509966013019,8.73509966013019
2014-11-06,NA,8.844345830685706,8.844345830685706
2014-11-07,NA,8.829483676832675,8.829483676832675
2014-11-08,NA,8.885857363861408,8.885857363861408
2014-11-09,NA,8.892457443787118,8.892457443787118
2014-11-10,NA,8.821231182121501,8.821231182121501
2014-11-11,NA,8.854404007640703,8.854404007640703
2014-11-12,NA,8.7155484799729,8.7155484799729
2014-11-13,NA,8.497966164395898,8.497966164395898
2014-11-14,NA,8.47979918097194,8.47979918097194
2014-11-15,NA,8.51262715470983,8.51262715470983
2014-11-16,NA,8.464055739233329,8.464055739233329
2014-11-17,NA,8.36253520650087,8.36253520650087
2014-11-18,NA,8.101314771763391,8.101314771763391
2014-11-19,NA,8.214009460132047,8.214009460132047
2014-11-20,NA,8.275043435816597,8.275043435816597
2014-11-21,NA,8.289450576902615,8.289450576902615
2014-11-22,NA,8.298364037527973,8.298364037527973
2014-11-23,NA,8.315826948565082,8.315826948565082
2014-11-24,NA,8.153526289375986,8.153526289375986
2014-11-25,NA,8.116607990343065,8.116607990343065
2014-11-26,NA,8.22834475709696,8.22834475709696
2014-11-27,NA,8.353037413690506,8.353037413690506
2014-11-28,NA,8.334051407285926,8.334051407285926
2014-11-29,NA,8.291634638184274,8.291634638184274
2014-11-30,NA,8.167751425355199,8.167751425355199
2014-12-01,NA,8.024791203568142,8.024791203568142
2014-12-02,NA,8.114141342185052,8.114141342185052
2014-12-03,NA,7.95704219736411,7.95704219736411
2014-12-04,NA,7.705559035840686,7.705559035840686
2014-12-05,NA,7.7542214538705885,7.7542214538705885
2014-12-06,NA,7.901631221558214,7.901631221558214
2014-12-07,NA,7.814407668926075,7.814407668926075
2014-12-08,NA,7.519085224703074,7.519085224703074
2014-12-09,NA,7.17773943649884,7.17773943649884
2014-12-10,NA,7.227929739504287,7.227929739504287
2014-12-11,NA,7.254191160572983,7.254191160572983
2014-12-12,NA,7.27761234405391,7.27761234405391
2014-12-13,NA,7.346779074247788,7.346779074247788
2014-12-14,NA,7.424648522311777,7.424648522311777
2014-12-15,NA,7.133799572029714,7.133799572029714
2014-12-16,NA,7.049382729728828,7.049382729728828
2014-12-17,NA,7.080534340640883,7.080534340640883
2014-12-18,NA,7.358092128518125,7.358092128518125
2014-12-19,NA,7.500587758322023,7.500587758322023
2014-12-20,NA,7.554499586800818,7.554499586800818
2014-12-21,NA,7.592495547650346,7.592495547650346
2014-12-22,NA,7.617655358862066,7.617655358862066
2014-12-23,NA,7.701952460961108,7.701952460961108
2014-12-24,NA,7.5401259729713175,7.5401259729713175
2014-12-25,NA,7.384798983137685,7.384798983137685
2014-12-26,NA,7.102920968777866,7.102920968777866
2014-12-27,NA,7.061198692846915,7.061198692846915
2014-12-28,NA,7.161584088465881,7.161584088465881
2014-12-29,NA,7.096507683567037,7.096507683567037
2014-12-30,NA,6.832557172227487,6.832557172227487
2014-12-31,NA,6.46673648676609,6.46673648676609
2015-01-01,NA,6.55290632562199,6.55290632562199
2015-01-02,NA,6.638046398742022,6.638046398742022
2015-01-03,NA,6.770024049215834,6.770024049215834
2015-01-04,NA,6.8273077617785916,6.8273077617785916
2015-01-05,NA,6.7735683591904525,6.7735683591904525
2015-01-06,NA,6.721874119249831,6.721874119249831
2015-01-07,NA,6.455365957198866,6.455365957198866
2015-01-08,NA,6.5269897563346095,6.5269897563346095
2015-01-09,NA,6.538935038870688,6.538935038870688
2015-01-10,NA,6.357246046198812,6.357246046198812
2015-01-11,NA,6.531195032223414,6.531195032223414
2015-01-12,NA,6.905435848678568,6.905435848678568
2015-01-13,NA,6.741137922922691,6.741137922922691
2015-01-14,NA,6.359923437112071,6.359923437112071
2015-01-15,NA,6.468877441575081,6.468877441575081
2015-01-16,NA,6.203221829761256,6.203221829761256
2015-01-17,NA,6.546196084710584,6.546196084710584
2015-01-18,NA,6.6227531801623485,6.6227531801623485
2015-01-19,NA,6.561661729180912,6.561661729180912
2015-01-20,NA,6.712941500192176,6.712941500192176
2015-01-21,NA,6.645345761446507,6.645345761446507
2015-01-22,NA,6.471746416811293,6.471746416811293
2015-01-23,NA,6.684290064694649,6.684290064694649
2015-01-24,NA,6.5235747657779815,6.5235747657779815
2015-01-25,NA,6.302318820808367,6.302318820808367
2015-01-26,NA,6.292078638746563,6.292078638746563
2015-01-27,NA,6.223625560155682,6.223625560155682
2015-01-28,NA,6.15423850799041,6.15423850799041
2015-01-29,NA,6.150746883704603,6.150746883704603
2015-01-30,NA,5.995089410913877,5.995089410913877
2015-01-31,NA,5.876096387928163,5.876096387928163
2015-02-01,NA,6.035288591477357,6.035288591477357
2015-02-02,NA,5.8325492713210885,5.8325492713210885
2015-02-03,NA,5.774341164400086,5.774341164400086
2015-02-04,NA,5.817744592764946,5.817744592764946
2015-02-05,NA,5.799050752452867,5.799050752452867
2015-02-06,NA,5.5835375475637505,5.5835375475637505
2015-02-07,NA,5.487113157821824,5.487113157821824
2015-02-08,NA,5.11025721535837,5.11025721535837
2015-02-09,NA,4.899682096393349,4.899682096393349
2015-02-10,NA,4.940240497562366,4.940240497562366
2015-02-11,NA,5.0104417831001875,5.0104417831001875
2015-02-12,NA,5.018751753108246,5.018751753108246
2015-02-13,NA,4.977656915834963,4.977656915834963
2015-02-14,NA,4.943253161040792,4.943253161040792
2015-02-15,NA,4.988615539107839,4.988615539107839
2015-02-16,NA,5.037804814025858,5.037804814025858
2015-02-17,NA,5.021534515399129,5.021534515399129
2015-02-18,NA,4.992150269866309,4.992150269866309
2015-02-19,NA,5.0795606172133265,5.0795606172133265
2015-02-20,NA,5.119213782456393,5.119213782456393
2015-02-21,NA,5.036875630059539,5.036875630059539
2015-02-22,NA,5.063855492339307,5.063855492339307
2015-02-23,NA,5.065052894357759,5.065052894357759
2015-02-24,NA,5.05342372595455,5.05342372595455
2015-02-25,NA,5.132126565823382,5.132126565823382
2015-02-26,NA,5.113667416306923,5.113667416306923
2015-02-27,NA,5.235060032937616,5.235060032937616
2015-02-28,NA,5.1644468411054465,5.1644468411054465
2015-03-01,NA,5.261426825383936,5.261426825383936
2015-03-02,NA,5.304878149829532,5.304878149829532
2015-03-03,NA,5.44483528735431,5.44483528735431
2015-03-04,NA,5.5456702219024905,5.5456702219024905
2015-03-05,NA,5.457447830718044,5.457447830718044
2015-03-06,NA,5.369225439533599,5.369225439533599
2015-03-07,NA,5.281003048349152,5.281003048349152
2015-03-08,NA,5.1927806571647075,5.1927806571647075
2015-03-09,NA,5.104558265980261,5.104558265980261
2015-03-10,NA,5.016335874795816,5.016335874795816
2015-03-11,NA,4.962090689595083,4.962090689595083
2015-03-12,NA,4.840372379615371,4.840372379615371
2015-03-13,NA,4.774390738790574,4.774390738790574
2015-03-14,NA,4.420113008787059,4.420113008787059
2015-03-15,NA,4.402697993830687,4.402697993830687
2015-03-16,NA,4.358949713684513,4.358949713684513
2015-03-17,NA,4.311125477067529,4.311125477067529
2015-03-18,NA,4.3761731443179315,4.3761731443179315
2015-03-19,NA,4.332118329255035,4.332118329255035
2015-03-20,NA,4.327084451169462,4.327084451169462
2015-03-21,NA,4.370899785828668,4.370899785828668
2015-03-22,NA,4.40745407464798,4.40745407464798
2015-03-23,NA,4.446537276530263,4.446537276530263
2015-03-24,NA,4.479393987916593,4.479393987916593
2015-03-25,NA,4.582801626230134,4.582801626230134
2015-03-26,NA,4.524325301256997,4.524325301256997
2015-03-27,NA,4.425161255696851,4.425161255696851
2015-03-28,NA,4.4021088720376085,4.4021088720376085
2015-03-29,NA,4.478014580791337,4.478014580791337
2015-03-30,NA,4.549528218941381,4.549528218941381
2015-03-31,NA,4.546247337410822,4.546247337410822
2015-04-01,NA,4.581000733594383,4.581000733594383
2015-04-02,NA,4.612003866656147,4.612003866656147
2015-04-03,NA,4.610054496170109,4.610054496170109
2015-04-04,NA,4.720301694813047,4.720301694813047
2015-04-05,NA,4.772053410050555,4.772053410050555
2015-04-06,NA,4.738396834115898,4.738396834115898
2015-04-07,NA,4.7103488892356715,4.7103488892356715
2015-04-08,NA,4.735547017311982,4.735547017311982
2015-04-09,NA,4.7074894932156095,4.7074894932156095
2015-04-10,NA,4.698020438053687,4.698020438053687
2015-04-11,NA,4.709917824509029,4.709917824509029
2015-04-12,NA,4.712216836384458,4.712216836384458
2015-04-13,NA,4.714285947072343,4.714285947072343
2015-04-14,NA,4.705975977064284,4.705975977064284
2015-04-15,NA,4.688728598390497,4.688728598390497
2015-04-16,NA,4.756779349903178,4.756779349903178
2015-04-17,NA,4.709941772549399,4.709941772549399
2015-04-18,NA,4.668856514492264,4.668856514492264
2015-04-19,NA,4.711469657524944,4.711469657524944
2015-04-20,NA,4.707111114177778,4.707111114177778
2015-04-21,NA,4.6922393811086,4.6922393811086
2015-04-22,NA,4.725771427233338,4.725771427233338
2015-04-23,NA,4.785124250483982,4.785124250483982
2015-04-24,NA,4.856331353717302,4.856331353717302
2015-04-25,NA,4.9474632265376695,4.9474632265376695
2015-04-26,NA,4.955466661629005,4.955466661629005
2015-04-27,NA,4.9432723194730865,4.9432723194730865
2015-04-28,NA,4.915071107134498,4.915071107134498
2015-04-29,NA,4.870369694981637,4.870369694981637
2015-04-30,NA,4.8517333299664465,4.8517333299664465
2015-05-01,NA,4.991427039047164,4.991427039047164
2015-05-02,NA,5.013176649310331,5.013176649310331
2015-05-03,NA,4.9195877075481,4.9195877075481
2015-05-04,NA,4.858596838336213,4.858596838336213
2015-05-05,NA,4.9203013591510985,4.9203013591510985
2015-05-06,NA,4.923994146976005,4.923994146976005
2015-05-07,NA,4.955097861807321,4.955097861807321
2015-05-08,NA,4.964485493631987,4.964485493631987
2015-05-09,NA,5.033714488730826,5.033714488730826
2015-05-10,NA,5.080106632533742,5.080106632533742
2015-05-11,NA,5.153406794495316,5.153406794495316
2015-05-12,NA,5.09428866204029,5.09428866204029
2015-05-13,NA,5.188150611462728,5.188150611462728
2015-05-14,NA,5.766495786375188,5.766495786375188
2015-05-15,NA,5.738835799748939,5.738835799748939
2015-05-16,NA,5.733936030689431,5.733936030689431
2015-05-17,NA,5.724921988294524,5.724921988294524
2015-05-18,NA,5.709384499703086,5.709384499703086
2015-05-19,NA,5.62427795383957,5.62427795383957
2015-05-20,NA,5.545014729826104,5.545014729826104
2015-05-21,NA,5.620427108948229,5.620427108948229
2015-05-22,NA,5.600066485026465,5.600066485026465
2015-05-23,NA,5.523638708992692,5.523638708992692
2015-05-24,NA,5.649294076809076,5.649294076809076
2015-05-25,NA,5.569489627083268,5.569489627083268
2015-05-26,NA,5.654596172946784,5.654596172946784
2015-05-27,NA,5.511856273131121,5.511856273131121
2015-05-28,NA,5.474109371901431,5.474109371901431
2015-05-29,NA,5.587824246789809,5.587824246789809
2015-05-30,NA,5.613070270946858,5.613070270946858
2015-05-31,NA,5.497765246177975,5.497765246177975
2015-06-01,NA,5.618295733355383,5.618295733355383
2015-06-02,NA,5.6590121915908345,5.6590121915908345
2015-06-03,NA,5.6422198256840606,5.6422198256840606
2015-06-04,NA,5.835878048932386,5.835878048932386
2015-06-05,NA,5.964579607483714,5.964579607483714
2015-06-06,NA,5.915567548064423,5.915567548064423
2015-06-07,NA,6.051376884997284,6.051376884997284
2015-06-08,NA,5.858523315905357,5.858523315905357
2015-06-09,NA,6.01729882355213,6.01729882355213
2015-06-10,NA,6.1167023495159665,6.1167023495159665
2015-06-11,NA,5.855687867925662,5.855687867925662
2015-06-12,NA,5.603146203017925,5.603146203017925
2015-06-13,NA,5.640720678356958,5.640720678356958
2015-06-14,NA,5.644902006205394,5.644902006205394
2015-06-15,NA,5.739611716256896,5.739611716256896
2015-06-16,NA,5.774393850088899,5.774393850088899
2015-06-17,NA,5.757151261023186,5.757151261023186
2015-06-18,NA,5.801598823948135,5.801598823948135
2015-06-19,NA,5.764484150984188,5.764484150984188
2015-06-20,NA,5.8357295710820996,5.8357295710820996
2015-06-21,NA,5.813898537481677,5.813898537481677
2015-06-22,NA,5.84167826430977,5.84167826430977
2015-06-23,NA,5.801033650195425,5.801033650195425
2015-06-24,NA,5.804879705478694,5.804879705478694
2015-06-25,NA,5.8016994057176845,5.8016994057176845
2015-06-26,NA,5.812476023883756,5.812476023883756
2015-06-27,NA,5.89064242764832,5.89064242764832
2015-06-28,NA,6.057761432559671,6.057761432559671
2015-06-29,NA,6.178430818371218,6.178430818371218
2015-06-30,NA,6.049743628644114,6.049743628644114
2015-07-01,NA,5.977281648095456,5.977281648095456
2015-07-02,NA,5.919073541174452,5.919073541174452
2015-07-03,NA,6.027879067787175,6.027879067787175
2015-07-04,NA,6.128226146541552,6.128226146541552
2015-07-05,NA,5.958089688543701,5.958089688543701
2015-07-06,NA,5.967803013717386,5.967803013717386
2015-07-07,NA,6.0248041394037894,6.0248041394037894
2015-07-08,NA,5.909374584824988,5.909374584824988
2015-07-09,NA,5.971826284499386,5.971826284499386
2015-07-10,NA,5.8542174582470015,5.8542174582470015
2015-07-11,NA,5.878716303544536,5.878716303544536
2015-07-12,NA,5.924164894556911,5.924164894556911
2015-07-13,NA,6.100388944416572,6.100388944416572
2015-07-14,NA,6.083907903034595,6.083907903034595
2015-07-15,NA,6.13747966934015,6.13747966934015
2015-07-16,NA,6.558864598065808,6.558864598065808
2015-07-17,NA,6.598340547810144,6.598340547810144
2015-07-18,NA,6.3330441566018525,6.3330441566018525
2015-07-19,NA,6.174340493076187,6.174340493076187
2015-07-20,NA,6.264236647013512,6.264236647013512
2015-07-21,NA,6.338868320019605,6.338868320019605
2015-07-22,NA,6.510762564180542,6.510762564180542
2015-07-23,NA,6.708147102510294,6.708147102510294
2015-07-24,NA,6.729695549234361,6.729695549234361
2015-07-25,NA,6.783276894756064,6.783276894756064
2015-07-26,NA,6.767897463231062,6.767897463231062
2015-07-27,NA,6.525385237629882,6.525385237629882
2015-07-28,NA,6.307702340283329,6.307702340283329
2015-07-29,NA,6.184072976682167,6.184072976682167
2015-07-30,NA,6.44053254099428,6.44053254099428
2015-07-31,NA,6.5024046980917465,6.5024046980917465
2015-08-01,NA,6.383339830984923,6.383339830984923
2015-08-02,NA,6.458100823409012,6.458100823409012
2015-08-03,NA,6.434895172291405,6.434895172291405
2015-08-04,NA,6.392219764353765,6.392219764353765
2015-08-05,NA,6.269423792557445,6.269423792557445
2015-08-06,NA,6.2153778550525836,6.2153778550525836
2015-08-07,NA,6.248852425880436,6.248852425880436
2015-08-08,NA,6.436073415877562,6.436073415877562
2015-08-09,NA,6.5901455283958565,6.5901455283958565
2015-08-10,NA,6.58864159146068,6.58864159146068
2015-08-11,NA,6.605888970134467,6.605888970134467
2015-08-12,NA,6.4643560515534055,6.4643560515534055
2015-08-13,NA,6.431087433872728,6.431087433872728
2015-08-14,NA,6.472306800955929,6.472306800955929
2015-08-15,NA,6.519719131278565,6.519719131278565
2015-08-16,NA,6.4644805813633255,6.4644805813633255
2015-08-17,NA,6.373114017747341,6.373114017747341
2015-08-18,NA,6.472067320552238,6.472067320552238
2015-08-19,NA,6.358424289784969,6.358424289784969
2015-08-20,NA,6.254801119108107,6.254801119108107
2015-08-21,NA,6.301878176865577,6.301878176865577
2015-08-22,NA,6.285674932751881,6.285674932751881
2015-08-23,NA,6.335573069664823,6.335573069664823
2015-08-24,NA,6.655178826822038,6.655178826822038
2015-08-25,NA,6.614874274880933,6.614874274880933
2015-08-26,NA,6.435326237018048,6.435326237018048
2015-08-27,NA,6.364698676361659,6.364698676361659
2015-08-28,NA,6.260649230566228,6.260649230566228
2015-08-29,NA,6.2882469522875155,6.2882469522875155
2015-08-30,NA,6.491728661695225,6.491728661695225
2015-08-31,NA,6.369220066383335,6.369220066383335
2015-09-01,NA,6.394346350338537,6.394346350338537
2015-09-02,NA,6.468532589793767,6.468532589793767
2015-09-03,NA,6.476761136464571,6.476761136464571
2015-09-04,NA,6.467392663072202,6.467392663072202
2015-09-05,NA,6.745213879393502,6.745213879393502
2015-09-06,NA,6.775570415365305,6.775570415365305
2015-09-07,NA,6.747747582064546,6.747747582064546
2015-09-08,NA,6.568563554415272,6.568563554415272
2015-09-09,NA,6.611521549229266,6.611521549229266
2015-09-10,NA,6.62156056775197,6.62156056775197
2015-09-11,NA,6.629746007950111,6.629746007950111
2015-09-12,NA,6.554486896286347,6.554486896286347
2015-09-13,NA,6.592372696150177,6.592372696150177
2015-09-14,NA,6.564181063027737,6.564181063027737
2015-09-15,NA,6.593560518952483,6.593560518952483
2015-09-16,NA,6.583703505536583,6.583703505536583
2015-09-17,NA,6.734643214374605,6.734643214374605
2015-09-18,NA,6.75784886549221,6.75784886549221
2015-09-19,NA,6.763079117508811,6.763079117508811
2015-09-20,NA,6.8222547252607235,6.8222547252607235
2015-09-21,NA,6.756215609139042,6.756215609139042
2015-09-22,NA,6.843472689027697,6.843472689027697
2015-09-23,NA,6.834755602333365,6.834755602333365
2015-09-24,NA,6.809131199138486,6.809131199138486
2015-09-25,NA,6.854196621504956,6.854196621504956
2015-09-26,NA,6.900128962932786,6.900128962932786
2015-09-27,NA,6.904487506279953,6.904487506279953
2015-09-28,NA,6.926241906151194,6.926241906151194
2015-09-29,NA,7.028840100700259,7.028840100700259
2015-09-30,NA,6.973448283326656,6.973448283326656
2015-10-01,NA,6.619050813121294,6.619050813121294
2015-10-02,NA,6.710901127152734,6.710901127152734
2015-10-03,NA,7.059637280614853,7.059637280614853
2015-10-04,NA,7.046077900157901,7.046077900157901
2015-10-05,NA,6.849560280889509,6.849560280889509
2015-10-06,NA,6.794144515475537,6.794144515475537
2015-10-07,NA,6.80030874106653,6.80030874106653
2015-10-08,NA,6.922031840654316,6.922031840654316
2015-10-09,NA,7.810283816374524,7.810283816374524
2015-10-10,NA,7.861034503524607,7.861034503524607
2015-10-11,NA,7.991910544141442,7.991910544141442
2015-10-12,NA,7.855593508752758,7.855593508752758
2015-10-13,NA,7.774045641688083,7.774045641688083
2015-10-14,NA,7.826693013635396,7.826693013635396
2015-10-15,NA,7.7892718057547246,7.7892718057547246
2015-10-16,NA,7.775444207245636,7.775444207245636
2015-10-17,NA,8.080355446832401,8.080355446832401
2015-10-18,NA,8.087204586377949,8.087204586377949
2015-10-19,NA,7.790148304032229,7.790148304032229
2015-10-20,NA,7.838465870280816,7.838465870280816
2015-10-21,NA,8.098963074199151,8.098963074199151
2015-10-22,NA,8.027344064671482,8.027344064671482
2015-10-23,NA,7.9555622084693045,7.9555622084693045
2015-10-24,NA,8.182996747854132,8.182996747854132
2015-10-25,NA,8.134085270204393,8.134085270204393
2015-10-26,NA,7.950193057818563,7.950193057818563
2015-10-27,NA,7.804651237279723,7.804651237279723
2015-10-28,NA,7.801298511628058,7.801298511628058
2015-10-29,NA,7.953378147187646,7.953378147187646
2015-10-30,NA,7.816016977238874,7.816016977238874
2015-10-31,NA,7.775669318825106,7.775669318825106
2015-11-01,NA,7.853423816295324,7.853423816295324
2015-11-02,NA,7.95680271696042,7.95680271696042
2015-11-03,NA,7.955619683766191,7.955619683766191
2015-11-04,NA,8.017683425186608,8.017683425186608
2015-11-05,NA,8.130263162961494,8.130263162961494
2015-11-06,NA,8.314308642805685,8.314308642805685
2015-11-07,NA,8.078664715182347,8.078664715182347
2015-11-08,NA,8.016941035935169,8.016941035935169
2015-11-09,NA,8.12788272774881,8.12788272774881
2015-11-10,NA,8.076887770586964,8.076887770586964
2015-11-11,NA,8.126330894732895,8.126330894732895
2015-11-12,NA,8.316645971545704,8.316645971545704
2015-11-13,NA,8.182216041738103,8.182216041738103
2015-11-14,NA,8.10307255792648,8.10307255792648
2015-11-15,NA,8.001020378697826,8.001020378697826
2015-11-16,NA,7.9826282836944,7.9826282836944
2015-11-17,NA,7.9893624726461745,7.9893624726461745
2015-11-18,NA,7.916349687169028,7.916349687169028
2015-11-19,NA,7.879876821686972,7.879876821686972
2015-11-20,NA,7.742448597225165,7.742448597225165
2015-11-21,NA,7.463018072591062,7.463018072591062
2015-11-22,NA,7.343584405662556,7.343584405662556
2015-11-23,NA,7.163954944462418,7.163954944462418
2015-11-24,NA,7.364069559394238,7.364069559394238
2015-11-25,NA,7.140476285684606,7.140476285684606
2015-11-26,NA,7.08935679871284,7.08935679871284
2015-11-27,NA,6.978683324951332,6.978683324951332
2015-11-28,NA,6.982883811232062,6.982883811232062
2015-11-29,NA,7.054555506448542,7.054555506448542
2015-11-30,NA,7.055350581388794,7.055350581388794
2015-12-01,NA,7.1169066243533905,7.1169066243533905
2015-12-02,NA,6.970071609634623,6.970071609634623
2015-12-03,NA,7.024242076949404,7.024242076949404
2015-12-04,NA,6.9945034004191236,6.9945034004191236
2015-12-05,NA,7.142612450885522,7.142612450885522
2015-12-06,NA,7.186566684178871,7.186566684178871
2015-12-07,NA,7.174013121417417,7.174013121417417
2015-12-08,NA,7.100866226914203,7.100866226914203
2015-12-09,NA,6.815865388090261,6.815865388090261
2015-12-10,NA,6.614251625831338,6.614251625831338
2015-12-11,NA,6.8181931376141325,6.8181931376141325
2015-12-12,NA,6.804796603831688,6.804796603831688
2015-12-13,NA,6.7184016533963185,6.7184016533963185
2015-12-14,NA,6.417705268914505,6.417705268914505
2015-12-15,NA,6.339749607905187,6.339749607905187
2015-12-16,NA,6.720437236827687,6.720437236827687
2015-12-17,NA,6.772591279143397,6.772591279143397
2015-12-18,NA,6.521548761562762,6.521548761562762
2015-12-19,NA,6.239982071727741,6.239982071727741
2015-12-20,NA,6.521462548617432,6.521462548617432
2015-12-21,NA,6.393326163818816,6.393326163818816
2015-12-22,NA,6.316836122880083,6.316836122880083
2015-12-23,NA,6.155924450032391,6.155924450032391
2015-12-24,NA,6.11868045765045,6.11868045765045
2015-12-25,NA,6.173746581675035,6.173746581675035
2015-12-26,NA,5.983685354090138,5.983685354090138
2015-12-27,NA,5.867331405153092,5.867331405153092
2015-12-28,NA,5.904134753592242,5.904134753592242
2015-12-29,NA,5.7381844130509005,5.7381844130509005
2015-12-30,NA,5.856391940312511,5.856391940312511
2015-12-31,NA,5.919542922765686,5.919542922765686
2016-01-01,NA,5.74995248008825,5.74995248008825
2016-01-02,NA,5.659730632801907,5.659730632801907
2016-01-03,NA,5.67691095696266,5.67691095696266
2016-01-04,NA,5.687404988252375,5.687404988252375
2016-01-05,NA,5.737983249511801,5.737983249511801
2016-01-06,NA,5.868859290128636,5.868859290128636
2016-01-07,NA,5.9973117890601255,5.9973117890601255
2016-01-08,NA,5.9247923332145795,5.9247923332145795
2016-01-09,NA,6.009884510253874,6.009884510253874
2016-01-10,NA,5.768263151754423,5.768263151754423
2016-01-11,NA,5.702453936820286,5.702453936820286
2016-01-12,NA,5.593974103556581,5.593974103556581
2016-01-13,NA,5.76527922592444,5.76527922592444
2016-01-14,NA,5.8755551622158215,5.8755551622158215
2016-01-15,NA,5.890110781152128,5.890110781152128
2016-01-16,NA,5.7732826610157755,5.7732826610157755
2016-01-17,NA,5.642147981562953,5.642147981562953
2016-01-18,NA,5.832209209147848,5.832209209147848
2016-01-19,NA,5.764872109238166,5.764872109238166
2016-01-20,NA,5.762233035189496,5.762233035189496
2016-01-21,NA,5.652785701094883,5.652785701094883
2016-01-22,NA,5.5811379539187715,5.5811379539187715
2016-01-23,NA,5.516502192962717,5.516502192962717
2016-01-24,NA,5.457202055400886,5.457202055400886
2016-01-25,NA,5.508565812384415,5.508565812384415
2016-01-26,NA,5.5160854970602955,5.5160854970602955
2016-01-27,NA,5.462695735861544,5.462695735861544
2016-01-28,NA,5.25237925573251,5.25237925573251
2016-01-29,NA,5.364695565063334,5.364695565063334
2016-01-30,NA,5.598279961214935,5.598279961214935
2016-01-31,NA,5.553813239857691,5.553813239857691
2016-02-01,NA,5.5559398258424615,5.5559398258424615
2016-02-02,NA,5.651396714753478,5.651396714753478
2016-02-03,NA,5.6688308881421445,5.6688308881421445
2016-02-04,NA,5.504959237504837,5.504959237504837
2016-02-05,NA,5.154953837903157,5.154953837903157
2016-02-06,NA,5.183935756357776,5.183935756357776
2016-02-07,NA,5.409430504472713,5.409430504472713
2016-02-08,NA,5.42806207987983,5.42806207987983
2016-02-09,NA,5.382824231622703,5.382824231622703
2016-02-10,NA,5.293167558089069,5.293167558089069
2016-02-11,NA,5.423943016936354,5.423943016936354
2016-02-12,NA,5.423526321033933,5.423526321033933
2016-02-13,NA,5.169087971328969,5.169087971328969
2016-02-14,NA,5.2105611876400815,5.2105611876400815
2016-02-15,NA,5.317527504752462,5.317527504752462
2016-02-16,NA,5.2124578724373105,5.2124578724373105
2016-02-17,NA,5.176507074235298,5.176507074235298
2016-02-18,NA,5.302957516991935,5.302957516991935
2016-02-19,NA,5.329228517276778,5.329228517276778
2016-02-20,NA,5.37047183240035,5.37047183240035
2016-02-21,NA,5.333850489068004,5.333850489068004
2016-02-22,NA,4.938113911577593,4.938113911577593
2016-02-23,NA,4.9800660886960895,4.9800660886960895
2016-02-24,NA,4.9899757878008,4.9899757878008
2016-02-25,NA,5.034049761295991,5.034049761295991
2016-02-26,NA,4.980329517140149,4.980329517140149
2016-02-27,NA,5.0987813144135234,5.0987813144135234
2016-02-28,NA,5.1122257442767065,5.1122257442767065
2016-02-29,NA,5.241348788338527,5.241348788338527
2016-03-01,NA,5.0654698156535005,5.0654698156535005
2016-03-02,NA,5.134277370800067,5.134277370800067
2016-03-03,NA,5.203084925946635,5.203084925946635
2016-03-04,NA,5.271892481093204,5.271892481093204
2016-03-05,NA,5.34070003623977,5.34070003623977
2016-03-06,NA,5.357539890601064,5.357539890601064
2016-03-07,NA,5.344703740963256,5.344703740963256
2016-03-08,NA,5.340939109017242,5.340939109017242
2016-03-09,NA,5.370299406509693,5.370299406509693
2016-03-10,NA,5.269899642066504,5.269899642066504
2016-03-11,NA,5.276777519260493,5.276777519260493
2016-03-12,NA,5.28580114087155,5.28580114087155
2016-03-13,NA,5.0642147129448425,5.0642147129448425
2016-03-14,NA,5.27136526213709,5.27136526213709
2016-03-15,NA,5.397475642720485,5.397475642720485
2016-03-16,NA,5.335335267570885,5.335335267570885
2016-03-17,NA,5.3580188514084455,5.3580188514084455
2016-03-18,NA,5.415848579291616,5.415848579291616
2016-03-19,NA,5.403644657919552,5.403644657919552
2016-03-20,NA,5.377378447242782,5.377378447242782
2016-03-21,NA,5.035113054288377,5.035113054288377
2016-03-22,NA,5.189070216212899,5.189070216212899
2016-03-23,NA,5.408616271100165,5.408616271100165
2016-03-24,NA,5.478075167386546,5.478075167386546
2016-03-25,NA,5.455755593762595,5.455755593762595
2016-03-26,NA,5.4913423817509965,5.4913423817509965
2016-03-27,NA,5.354321273975463,5.354321273975463
2016-03-28,NA,5.4427182805856855,5.4427182805856855
2016-03-29,NA,5.380022310899523,5.380022310899523
2016-03-30,NA,5.165476606841315,5.165476606841315
2016-03-31,NA,5.194041829393514,5.194041829393514
2016-04-01,NA,5.25596188257172,5.25596188257172
2016-04-02,NA,5.219369276887816,5.219369276887816
2016-04-03,NA,5.373700028242096,5.373700028242096
2016-04-04,NA,5.3857602613719475,5.3857602613719475
2016-04-05,NA,5.390224176096737,5.390224176096737
2016-04-06,NA,5.376363050331134,5.376363050331134
2016-04-07,NA,5.34492406293465,5.34492406293465
2016-04-08,NA,5.435629660636449,5.435629660636449
2016-04-09,NA,5.42014006812575,5.42014006812575
2016-04-10,NA,5.314653739908177,5.314653739908177
2016-04-11,NA,5.3162343105725345,5.3162343105725345
2016-04-12,NA,5.4008858436690375,5.4008858436690375
2016-04-13,NA,5.490192875813284,5.490192875813284
2016-04-14,NA,5.49913028447901,5.49913028447901
2016-04-15,NA,5.460142874758205,5.460142874758205
2016-04-16,NA,5.461704286990267,5.461704286990267
2016-04-17,NA,5.570217647510487,5.570217647510487
2016-04-18,NA,5.635049782397568,5.635049782397568
2016-04-19,NA,5.654562645690266,5.654562645690266
2016-04-20,NA,5.586569369474471,5.586569369474471
2016-04-21,NA,5.560092416042455,5.560092416042455
2016-04-22,NA,5.584567313299619,5.584567313299619
2016-04-23,NA,5.597298091559804,5.597298091559804
2016-04-24,NA,5.628871187982353,5.628871187982353
2016-04-25,NA,5.5871632808756235,5.5871632808756235
2016-04-26,NA,5.565571727678892,5.565571727678892
2016-04-27,NA,5.5868184290943095,5.5868184290943095
2016-04-28,NA,5.579490328741381,5.579490328741381
2016-04-29,NA,5.748391067856188,5.748391067856188
2016-04-30,NA,5.759263478183735,5.759263478183735
2016-05-01,NA,5.784686717839515,5.784686717839515
2016-05-02,NA,5.966490661105162,5.966490661105162
2016-05-03,NA,5.875574320648116,5.875574320648116
2016-05-04,NA,5.881819969576364,5.881819969576364
2016-05-05,NA,5.726962361333966,5.726962361333966
2016-05-06,NA,5.639264637502521,5.639264637502521
2016-05-07,NA,5.618602268272108,5.618602268272108
2016-05-08,NA,5.746551858355845,5.746551858355845
2016-05-09,NA,5.792771576268104,5.792771576268104
2016-05-10,NA,5.837429881948301,5.837429881948301
2016-05-11,NA,5.828597844660196,5.828597844660196
2016-05-12,NA,5.9597181552887974,5.9597181552887974
2016-05-13,NA,6.005200273557689,6.005200273557689
2016-05-14,NA,5.985878994587942,5.985878994587942
2016-05-15,NA,5.890719061377501,5.890719061377501
2016-05-16,NA,5.897759785246002,5.897759785246002
2016-05-17,NA,5.876091598320087,5.876091598320087
2016-05-18,NA,5.991779791734874,5.991779791734874
2016-05-19,NA,5.918910694499942,5.918910694499942
2016-05-20,NA,5.7871677348217485,5.7871677348217485
2016-05-21,NA,5.866742283360013,5.866742283360013
2016-05-22,NA,5.958990134861578,5.958990134861578
2016-05-23,NA,5.962534444836196,5.962534444836196
2016-05-24,NA,6.060960890752975,6.060960890752975
2016-05-25,NA,6.130132410554927,6.130132410554927
2016-05-26,NA,6.126837160200147,6.126837160200147
2016-05-27,NA,6.126614101309851,6.126614101309851
2016-05-28,NA,6.033898236676505,6.033898236676505
2016-05-29,NA,5.941182372043155,5.941182372043155
2016-05-30,NA,5.857325913886903,5.857325913886903
2016-05-31,NA,5.827251964791456,5.827251964791456
2016-06-01,NA,5.8094825188376245,5.8094825188376245
2016-06-02,NA,6.045485667066497,6.045485667066497
2016-06-03,NA,6.150900151162963,6.150900151162963
2016-06-04,NA,6.08439165345005,6.08439165345005
2016-06-05,NA,6.055108749942031,6.055108749942031
2016-06-06,NA,5.945207486952327,5.945207486952327
2016-06-07,NA,6.089688909826718,6.089688909826718
2016-06-08,NA,6.251879458183083,6.251879458183083
2016-06-09,NA,6.253833618277197,6.253833618277197
2016-06-10,NA,6.369521811691984,6.369521811691984
2016-06-11,NA,6.366274457417942,6.366274457417942
2016-06-12,NA,6.364880681468463,6.364880681468463
2016-06-13,NA,6.370843743520355,6.370843743520355
2016-06-14,NA,6.313828249009731,6.313828249009731
2016-06-15,NA,6.384134905925176,6.384134905925176
2016-06-16,NA,6.3631037368730805,6.3631037368730805
2016-06-17,NA,6.349913156237809,6.349913156237809
2016-06-18,NA,6.330941518657452,6.330941518657452
2016-06-19,NA,6.409931735010712,6.409931735010712
2016-06-20,NA,6.658986565240715,6.658986565240715
2016-06-21,NA,6.489731395128446,6.489731395128446
2016-06-22,NA,6.466861016576008,6.466861016576008
2016-06-23,NA,6.369962455634775,6.369962455634775
2016-06-24,NA,6.32442765167707,6.32442765167707
2016-06-25,NA,6.224722380404586,6.224722380404586
2016-06-26,NA,6.265865113758606,6.265865113758606
2016-06-27,NA,6.348380481654191,6.348380481654191
2016-06-28,NA,6.325409521332201,6.325409521332201
2016-06-29,NA,6.4611996998327665,6.4611996998327665
2016-06-30,NA,6.608810631059491,6.608810631059491
2016-07-01,NA,6.564808501685405,6.564808501685405
2016-07-02,NA,6.458316355772332,6.458316355772332
2016-07-03,NA,6.458139140273602,6.458139140273602
2016-07-04,NA,6.3893478338274665,6.3893478338274665
2016-07-05,NA,6.472106585093293,6.472106585093293
2016-07-06,NA,6.435084750495793,6.435084750495793
2016-07-07,NA,6.377621038944795,6.377621038944795
2016-07-08,NA,6.366111610743431,6.366111610743431
2016-07-09,NA,6.408945075747507,6.408945075747507
2016-07-10,NA,6.234042957716218,6.234042957716218
2016-07-11,NA,6.240719671371108,6.240719671371108
2016-07-12,NA,6.311471761837417,6.311471761837417
2016-07-13,NA,6.322329803340743,6.322329803340743
2016-07-14,NA,6.276325617791805,6.276325617791805
2016-07-15,NA,6.508703032708805,6.508703032708805
2016-07-16,NA,6.554846116891882,6.554846116891882
2016-07-17,NA,6.55334696956478,6.55334696956478
2016-07-18,NA,6.347034601785451,6.347034601785451
2016-07-19,NA,6.1917650872487044,6.1917650872487044
2016-07-20,NA,6.407378873907371,6.407378873907371
2016-07-21,NA,6.351776313778521,6.351776313778521
2016-07-22,NA,6.348739702259726,6.348739702259726
2016-07-23,NA,6.241845229268453,6.241845229268453
2016-07-24,NA,6.2273662440613275,6.2273662440613275
2016-07-25,NA,6.390993624686871,6.390993624686871
2016-07-26,NA,6.381519779916877,6.381519779916877
2016-07-27,NA,6.517673968631049,6.517673968631049
2016-07-28,NA,6.5470342661235,6.5470342661235
2016-07-29,NA,6.851016321743948,6.851016321743948
2016-07-30,NA,7.4380115288377056,7.4380115288377056
2016-07-31,NA,7.142765718343885,7.142765718343885
2016-08-01,NA,6.723435531481892,6.723435531481892
2016-08-02,NA,6.669487668098373,6.669487668098373
2016-08-03,NA,6.70073015618142,6.70073015618142
2016-08-04,NA,6.558059943909409,6.558059943909409
2016-08-05,NA,6.546440354722348,6.546440354722348
2016-08-06,NA,6.603010415682109,6.603010415682109
2016-08-07,NA,6.510590138289885,6.510590138289885
2016-08-08,NA,6.66345526957358,6.66345526957358
2016-08-09,NA,6.715044138136578,6.715044138136578
2016-08-10,NA,6.743776996971359,6.743776996971359
2016-08-11,NA,6.7442751162110355,6.7442751162110355
2016-08-12,NA,6.785029891311078,6.785029891311078
2016-08-13,NA,7.091607914507529,7.091607914507529
2016-08-14,NA,7.489930880357797,7.489930880357797
2016-08-15,NA,7.332597044741238,7.332597044741238
2016-08-16,NA,7.6496307823628165,7.6496307823628165
2016-08-17,NA,8.088694154488904,8.088694154488904
2016-08-18,NA,8.078707821655012,8.078707821655012
2016-08-19,NA,7.303398666093463,7.303398666093463
2016-08-20,NA,7.04090991304626,7.04090991304626
2016-08-21,NA,6.8367528689001436,6.8367528689001436
2016-08-22,NA,7.016138060088517,7.016138060088517
2016-08-23,NA,7.528999713415859,7.528999713415859
2016-08-24,NA,7.555021654080864,7.555021654080864
2016-08-25,NA,7.4879862994798305,7.4879862994798305
2016-08-26,NA,7.783112369771805,7.783112369771805
2016-08-27,NA,8.047091618759797,8.047091618759797
2016-08-28,NA,8.144469140508411,8.144469140508411
2016-08-29,NA,7.673631508420675,7.673631508420675
2016-08-30,NA,7.5890182921887614,7.5890182921887614
2016-08-31,NA,7.340538214927614,7.340538214927614
2016-09-01,NA,7.237987916459286,7.237987916459286
2016-09-02,NA,7.054292078004483,7.054292078004483
2016-09-03,NA,7.0113245039743415,7.0113245039743415
2016-09-04,NA,7.103586724300126,7.103586724300126
2016-09-05,NA,7.237485007611536,7.237485007611536
2016-09-06,NA,7.345912155186429,7.345912155186429
2016-09-07,NA,7.393650178858083,7.393650178858083
2016-09-08,NA,7.312087942969187,7.312087942969187
2016-09-09,NA,7.25828627547609,7.25828627547609
2016-09-10,NA,7.1402415948889875,7.1402415948889875
2016-09-11,NA,7.35010306225101,7.35010306225101
2016-09-12,NA,7.416712141733475,7.416712141733475
2016-09-13,NA,7.160947070592066,7.160947070592066
2016-09-14,NA,6.947531714039277,6.947531714039277
2016-09-15,NA,7.008172941861774,7.008172941861774
2016-09-16,NA,7.076223693374455,7.076223693374455
2016-09-17,NA,7.140983984140428,7.140983984140428
2016-09-18,NA,7.288087216911329,7.288087216911329
2016-09-19,NA,7.2227234355280565,7.2227234355280565
2016-09-20,NA,7.15439009713902,7.15439009713902
2016-09-21,NA,7.864799135470619,7.864799135470619
2016-09-22,NA,8.452354726709013,8.452354726709013
2016-09-23,NA,8.16146745956236,8.16146745956236
2016-09-24,NA,7.889762572751314,7.889762572751314
2016-09-25,NA,8.23155379450641,8.23155379450641
2016-09-26,NA,9.014022486308468,9.014022486308468
2016-09-27,NA,8.900025024543737,8.900025024543737
2016-09-28,NA,8.614382378237904,8.614382378237904
2016-09-29,NA,8.686566561518282,8.686566561518282
2016-09-30,NA,8.073290774923533,8.073290774923533
2016-10-01,NA,7.743631630419394,7.743631630419394
2016-10-02,NA,8.036851436697994,8.036851436697994
2016-10-03,NA,7.655301678322207,7.655301678322207
2016-10-04,NA,7.512097186523386,7.512097186523386
2016-10-05,NA,7.653907902372728,7.653907902372728
2016-10-06,NA,7.743099983923203,7.743099983923203
2016-10-07,NA,7.740345959280761,7.740345959280761
2016-10-08,NA,7.675691039892413,7.675691039892413
2016-10-09,NA,7.643797039728916,7.643797039728916
2016-10-10,NA,7.7580196130731185,7.7580196130731185
2016-10-11,NA,8.030145985394661,8.030145985394661
2016-10-12,NA,8.460425216313382,8.460425216313382
2016-10-13,NA,8.557797948453922,8.557797948453922
2016-10-14,NA,8.186014200940633,8.186014200940633
2016-10-15,NA,7.417603008835204,7.417603008835204
2016-10-16,NA,7.437072765655239,7.437072765655239
2016-10-17,NA,7.563704586606628,7.563704586606628
2016-10-18,NA,7.948817976790922,7.948817976790922
2016-10-19,NA,8.181828694923452,8.181828694923452
2016-10-20,NA,8.264491929229996,8.264491929229996
2016-10-21,NA,8.392446308921809,8.392446308921809
2016-10-22,NA,8.33180508109931,8.33180508109931
2016-10-23,NA,8.288214858019572,8.288214858019572
2016-10-24,NA,8.20191569974568,8.20191569974568
2016-10-25,NA,8.189932100345008,8.189932100345008
2016-10-26,NA,8.122719530245245,8.122719530245245
2016-10-27,NA,8.12293985221664,8.12293985221664
2016-10-28,NA,8.123940880304065,8.123940880304065
2016-10-29,NA,8.000091194731507,8.000091194731507
2016-10-30,NA,7.783447642336972,7.783447642336972
2016-10-31,NA,7.795790462343177,7.795790462343177
2016-11-01,NA,8.018143227561694,8.018143227561694
2016-11-02,NA,8.138328862957788,8.138328862957788
2016-11-03,NA,8.049682796727728,8.049682796727728
2016-11-04,NA,7.881979459631372,7.881979459631372
2016-11-05,NA,7.978403849373299,7.978403849373299
2016-11-06,NA,8.222554120935722,8.222554120935722
2016-11-07,NA,8.429714249344118,8.429714249344118
2016-11-08,NA,8.491926468614825,8.491926468614825
2016-11-09,NA,8.48440199433087,8.48440199433087
2016-11-10,NA,8.534716827146237,8.534716827146237
2016-11-11,NA,8.687649012942963,8.687649012942963
2016-11-12,NA,8.538826310873564,8.538826310873564
2016-11-13,NA,8.302689053618623,8.302689053618623
2016-11-14,NA,8.209286906571272,8.209286906571272
2016-11-15,NA,8.26542012486449,8.26542012486449
2016-11-16,NA,8.157869738985276,8.157869738985276
2016-11-17,NA,8.156105389201818,8.156105389201818
2016-11-18,NA,8.128058422737041,8.128058422737041
2016-11-19,NA,8.138395917470822,8.138395917470822
2016-11-20,NA,8.270536414619142,8.270536414619142
2016-11-21,NA,8.278147101848427,8.278147101848427
2016-11-22,NA,7.89959084851877,7.89959084851877
2016-11-23,NA,7.877769394134496,7.877769394134496
2016-11-24,NA,7.563547156452245,7.563547156452245
2016-11-25,NA,7.6450662858684755,7.6450662858684755
2016-11-26,NA,7.696070822246471,7.696070822246471
2016-11-27,NA,7.671016382412375,7.671016382412375
2016-11-28,NA,7.529009292632006,7.529009292632006
2016-11-29,NA,7.512240874765599,7.512240874765599
2016-11-30,NA,7.583088757393385,7.583088757393385
2016-12-01,NA,7.469551098003738,7.469551098003738
2016-12-02,NA,7.246087143712096,7.246087143712096
2016-12-03,NA,6.951143078526927,6.951143078526927
2016-12-04,NA,6.9571923535241496,6.9571923535241496
2016-12-05,NA,7.024127126355632,7.024127126355632
2016-12-06,NA,7.13995421840456,7.13995421840456
2016-12-07,NA,6.791390490833097,6.791390490833097
2016-12-08,NA,6.62843844494596,6.62843844494596
2016-12-09,NA,6.601506478746932,6.601506478746932
2016-12-10,NA,6.502289747497974,6.502289747497974
2016-12-11,NA,6.492327362704451,6.492327362704451
2016-12-12,NA,7.0141503727378876,7.0141503727378876
2016-12-13,NA,7.134915397033648,7.134915397033648
2016-12-14,NA,7.094968008787003,7.094968008787003
2016-12-15,NA,7.053242206441315,7.053242206441315
2016-12-16,NA,7.217341126613377,7.217341126613377
2016-12-17,NA,6.834388468462317,6.834388468462317
2016-12-18,NA,6.743269298515536,6.743269298515536
2016-12-19,NA,6.581074010704061,6.581074010704061
2016-12-20,NA,6.286086839046229,6.286086839046229
2016-12-21,NA,6.397517070883399,6.397517070883399
2016-12-22,NA,6.243713176417238,6.243713176417238
2016-12-23,NA,5.920122465342617,5.920122465342617
2016-12-24,NA,6.156815317134118,6.156815317134118
2016-12-25,NA,6.217581074766535,6.217581074766535
2016-12-26,NA,6.000405875875806,6.000405875875806
2016-12-27,NA,5.910112184468355,5.910112184468355
2016-12-28,NA,5.901754318379558,5.901754318379558
2016-12-29,NA,6.067551391462537,6.067551391462537
2016-12-30,NA,5.96411022589248,5.96411022589248
2016-12-31,NA,6.0501506949134605,6.0501506949134605
2017-01-01,NA,6.386132172491955,6.386132172491955
2017-01-02,NA,6.365014790494529,6.365014790494529
2017-01-03,NA,6.47301087334278,6.47301087334278
2017-01-04,NA,6.5447400438561445,6.5447400438561445
2017-01-05,NA,6.439354297408121,6.439354297408121
2017-01-06,NA,6.260146321718478,6.260146321718478
2017-01-07,NA,6.050945820270641,6.050945820270641
2017-01-08,NA,5.933978801500146,5.933978801500146
2017-01-09,NA,5.995213940723797,5.995213940723797
2017-01-10,NA,6.188647052392653,6.188647052392653
2017-01-11,NA,6.200441694029639,6.200441694029639
2017-01-12,NA,6.1625081196615845,6.1625081196615845
2017-01-13,NA,5.961459151507098,5.961459151507098
2017-01-14,NA,5.756940054757479,5.756940054757479
2017-01-15,NA,5.846732966778273,5.846732966778273
2017-01-16,NA,5.695020465089733,5.695020465089733
2017-01-17,NA,5.145264460769841,5.145264460769841
2017-01-18,NA,5.140594592897877,5.140594592897877
2017-01-19,NA,4.853677910844413,4.853677910844413
2017-01-20,NA,5.0839910046816,5.0839910046816
2017-01-21,NA,5.239021038814656,5.239021038814656
2017-01-22,NA,5.038671733087218,5.038671733087218
2017-01-23,NA,4.941021203678396,4.941021203678396
2017-01-24,NA,4.715248658295179,4.715248658295179
2017-01-25,NA,4.857595810248789,4.857595810248789
2017-01-26,NA,4.817233783010797,4.817233783010797
2017-01-27,NA,4.822914258186335,4.822914258186335
2017-01-28,NA,4.854995053064709,4.854995053064709
2017-01-29,NA,4.889303015697404,4.889303015697404
2017-01-30,NA,4.8908165318487296,4.8908165318487296
2017-01-31,NA,4.930771442400445,4.930771442400445
2017-02-01,NA,4.962751655509269,4.962751655509269
2017-02-02,NA,5.008114033576316,5.008114033576316
2017-02-03,NA,4.757176887373305,4.757176887373305
2017-02-04,NA,4.69486887594112,4.69486887594112
2017-02-05,NA,4.782403753098057,4.782403753098057
2017-02-06,NA,4.790483821918574,4.790483821918574
2017-02-07,NA,4.807601881174367,4.807601881174367
2017-02-08,NA,4.908806299773955,4.908806299773955
2017-02-09,NA,4.867898257215552,4.867898257215552
2017-02-10,NA,4.626454933826908,4.626454933826908
2017-02-11,NA,4.553288894254639,4.553288894254639
2017-02-12,NA,4.200756220670451,4.200756220670451
2017-02-13,NA,4.065174312869354,4.065174312869354
2017-02-14,NA,4.237523569797304,4.237523569797304
2017-02-15,NA,4.253592704884934,4.253592704884934
2017-02-16,NA,4.277789804873818,4.277789804873818
2017-02-17,NA,4.347368441362043,4.347368441362043
2017-02-18,NA,4.296838076183358,4.296838076183358
2017-02-19,NA,4.446202003965096,4.446202003965096
2017-02-20,NA,4.421870794950145,4.421870794950145
2017-02-21,NA,4.339475167256406,4.339475167256406
2017-02-22,NA,4.23554546166282,4.23554546166282
2017-02-23,NA,4.3170741702952,4.3170741702952
2017-02-24,NA,4.387946000963355,4.387946000963355
2017-02-25,NA,4.475619776754433,4.475619776754433
2017-02-26,NA,4.581594644995533,4.581594644995533
2017-02-27,NA,4.553262820805028,4.553262820805028
2017-02-28,NA,4.374022610292792,4.374022610292792
2017-03-01,NA,4.1177785783440015,4.1177785783440015
2017-03-02,NA,4.008067815805328,4.008067815805328
2017-03-03,NA,3.829640546231714,3.829640546231714
2017-03-04,NA,3.674792517205464,3.674792517205464
2017-03-05,NA,3.7551669302920554,3.7551669302920554
2017-03-06,NA,3.6574637151944214,3.6574637151944214
2017-03-07,NA,3.6662909628744527,3.6662909628744527
2017-03-08,NA,3.7850397158484035,3.7850397158484035
2017-03-09,NA,3.5029557483414115,3.5029557483414115
2017-03-10,NA,3.5129708188237463,3.5129708188237463
2017-03-11,NA,3.482839394431413,3.482839394431413
2017-03-12,NA,3.5634421121695232,3.5634421121695232
2017-03-13,NA,3.558924371373046,3.558924371373046
2017-03-14,NA,3.5544066305765694,3.5544066305765694
2017-03-15,NA,3.549888889780093,3.549888889780093
2017-03-16,NA,3.5453711489836155,3.5453711489836155
2017-03-17,NA,3.540853408187139,3.540853408187139
2017-03-18,NA,3.5363356673906625,3.5363356673906625
2017-03-19,NA,3.531817926594186,3.531817926594186
2017-03-20,NA,3.5273001857977087,3.5273001857977087
2017-03-21,NA,3.522782445001232,3.522782445001232
2017-03-22,NA,3.5182647042047557,3.5182647042047557
2017-03-23,NA,3.513746963408279,3.513746963408279
2017-03-24,NA,3.509229222611802,3.509229222611802
2017-03-25,NA,3.5047114818153253,3.5047114818153253
2017-03-26,NA,3.500193741018849,3.500193741018849
2017-03-27,NA,3.4956760002223715,3.4956760002223715
2017-03-28,NA,3.491158259425894,3.491158259425894
2017-03-29,NA,3.4866405186294176,3.4866405186294176
2017-03-30,NA,3.4821227778329407,3.4821227778329407
2017-03-31,NA,3.477605037036464,3.477605037036464
2017-04-01,NA,3.4730872962399872,3.4730872962399872
2017-04-02,NA,3.4685695554435108,3.4685695554435108
2017-04-03,NA,3.464051814647034,3.464051814647034
2017-04-04,NA,3.4595340738505573,3.4595340738505573
2017-04-05,NA,3.4550163330540804,3.4550163330540804
2017-04-06,NA,3.450498592257604,3.450498592257604
2017-04-07,NA,3.445980851461127,3.445980851461127
2017-04-08,NA,3.44146311066465,3.44146311066465
2017-04-09,NA,3.4369453698681736,3.4369453698681736
2017-04-10,NA,3.4689373973435793,3.4689373973435793
2017-04-11,NA,3.500929424818986,3.500929424818986
2017-04-12,NA,3.532921452294391,3.532921452294391
2017-04-13,NA,3.5971433911128687,3.5971433911128687
2017-04-14,NA,3.60097986717999,3.60097986717999
2017-04-15,NA,3.6617168871639643,3.6617168871639643
2017-04-16,NA,3.7550841420405825,3.7550841420405825
2017-04-17,NA,3.675836130616488,3.675836130616488
2017-04-18,NA,3.7621789165121116,3.7621789165121116
2017-04-19,NA,3.844124847653037,3.844124847653037
2017-04-20,NA,3.881322526760998,3.881322526760998
2017-04-21,NA,3.8846404181906915,3.8846404181906915
2017-04-22,NA,3.886378243474058,3.886378243474058
2017-04-23,NA,3.84009278632974,3.84009278632974
2017-04-24,NA,3.8639739210854853,3.8639739210854853
2017-04-25,NA,3.9257282013175883,3.9257282013175883
2017-04-26,NA,3.930720435021383,3.930720435021383
2017-04-27,NA,3.8961777815930714,3.8961777815930714
2017-04-28,NA,3.960203649243313,3.960203649243313
2017-04-29,NA,4.0263210121746145,4.0263210121746145
2017-04-30,NA,4.151898743202535,4.151898743202535
2017-05-01,NA,4.224196919622818,4.224196919622818
2017-05-02,NA,4.257200709123989,4.257200709123989
2017-05-03,NA,4.217033626457548,4.217033626457548
2017-05-04,NA,4.2986372564721815,4.2986372564721815
2017-05-05,NA,4.564141664245323,4.564141664245323
2017-05-06,NA,4.592500582579598,4.592500582579598
2017-05-07,NA,4.402674045790318,4.402674045790318
2017-05-08,NA,4.479370039876224,4.479370039876224
2017-05-09,NA,4.293113193046615,4.293113193046615
2017-05-10,NA,4.2298898924492665,4.2298898924492665
2017-05-11,NA,4.358250430905738,4.358250430905738
2017-05-12,NA,4.35438055166521,4.35438055166521
2017-05-13,NA,4.565975733066843,4.565975733066843
2017-05-14,NA,4.556351504633923,4.556351504633923
2017-05-15,NA,4.469173907318726,4.469173907318726
2017-05-16,NA,4.5214835590803055,4.5214835590803055
2017-05-17,NA,4.378976405138706,4.378976405138706
2017-05-18,NA,4.381432133982974,4.381432133982974
2017-05-19,NA,4.554700067831259,4.554700067831259
2017-05-20,NA,4.5236020704378515,4.5236020704378515
2017-05-21,NA,4.55254346334851,4.55254346334851
2017-05-22,NA,4.539721584177945,4.539721584177945
2017-05-23,NA,4.5760530684541365,4.5760530684541365
2017-05-24,NA,4.520373874596105,4.520373874596105
2017-05-25,NA,5.009100692839519,5.009100692839519
2017-05-26,NA,5.086745029324041,5.086745029324041
2017-05-27,NA,4.855373432102541,4.855373432102541
2017-05-28,NA,5.0808397155518765,5.0808397155518765
2017-05-29,NA,5.0912041544407565,5.0912041544407565
2017-05-30,NA,4.722332488636344,4.722332488636344
2017-05-31,NA,4.983919566618049,4.983919566618049
2017-06-01,NA,4.970458134900028,4.970458134900028
2017-06-02,NA,4.995230707539811,4.995230707539811
2017-06-03,NA,4.9744394527275375,4.9744394527275375
2017-06-04,NA,4.919760133438757,4.919760133438757
2017-06-05,NA,4.831693609785628,4.831693609785628
2017-06-06,NA,4.879934542305035,4.879934542305035
2017-06-07,NA,5.080245531167881,5.080245531167881
2017-06-08,NA,5.658346436068575,5.658346436068575
2017-06-09,NA,5.684042683384561,5.684042683384561
2017-06-10,NA,5.575005766586967,5.575005766586967
2017-06-11,NA,5.577584616410611,5.577584616410611
2017-06-12,NA,5.363665799327466,5.363665799327466
2017-06-13,NA,5.171842467487229,5.171842467487229
2017-06-14,NA,5.162212150406507,5.162212150406507
2017-06-15,NA,5.189515649763765,5.189515649763765
2017-06-16,NA,5.00069592333487,5.00069592333487
2017-06-17,NA,4.956678081400931,4.956678081400931
2017-06-18,NA,4.974918401581363,4.974918401581363
2017-06-19,NA,4.986187283043863,4.986187283043863
2017-06-20,NA,5.077673511632247,5.077673511632247
2017-06-21,NA,5.154494035528071,5.154494035528071
2017-06-22,NA,5.259937257272981,5.259937257272981
2017-06-23,NA,5.3051708618877225,5.3051708618877225
2017-06-24,NA,5.367327341855724,5.367327341855724
2017-06-25,NA,5.191225539846114,5.191225539846114
2017-06-26,NA,5.402408939036508,5.402408939036508
2017-06-27,NA,5.280216457857488,5.280216457857488
2017-06-28,NA,5.4973198126271114,5.4973198126271114
2017-06-29,NA,5.688559283798163,5.688559283798163
2017-06-30,NA,5.816866580673487,5.816866580673487
2017-07-01,NA,5.788886677514121,5.788886677514121
2017-07-02,NA,5.842104539428339,5.842104539428339
2017-07-03,NA,5.816968676256987,5.816968676256987
2017-07-04,NA,5.784384972530864,5.784384972530864
2017-07-05,NA,5.7317040733270375,5.7317040733270375
2017-07-06,NA,5.883266431214654,5.883266431214654
2017-07-07,NA,5.808888607436472,5.808888607436472
2017-07-08,NA,5.602178702187015,5.602178702187015
2017-07-09,NA,5.827487300819248,5.827487300819248
2017-07-10,NA,5.779878402710088,5.779878402710088
2017-07-11,NA,5.722297283070075,5.722297283070075
2017-07-12,NA,5.6297333174356385,5.6297333174356385
2017-07-13,NA,5.6042957089556396,5.6042957089556396
2017-07-14,NA,5.386770868675521,5.386770868675521
2017-07-15,NA,5.372854724458625,5.372854724458625
2017-07-16,NA,5.575774295017604,5.575774295017604
2017-07-17,NA,5.631060038872084,5.631060038872084
2017-07-18,NA,5.882048927732265,5.882048927732265
2017-07-19,NA,5.7169889930413,5.7169889930413
2017-07-20,NA,5.773531720635614,5.773531720635614
2017-07-21,NA,5.837563990974367,5.837563990974367
2017-07-22,NA,5.971998710390043,5.971998710390043
2017-07-23,NA,5.9499521444263,5.9499521444263
2017-07-24,NA,5.905001672653601,5.905001672653601
2017-07-25,NA,5.897180242669069,5.897180242669069
2017-07-26,NA,5.772856385897205,5.772856385897205
2017-07-27,NA,5.8929558083479705,5.8929558083479705
2017-07-28,NA,5.899709155732042,5.899709155732042
2017-07-29,NA,5.990074691260599,5.990074691260599
2017-07-30,NA,5.958396223460426,5.958396223460426
2017-07-31,NA,6.001520768254142,6.001520768254142
2017-08-01,NA,5.924421365465031,5.924421365465031
2017-08-02,NA,6.112382123033392,6.112382123033392
2017-08-03,NA,6.07381272449598,6.07381272449598
2017-08-04,NA,6.238404886388462,6.238404886388462
2017-08-05,NA,6.017547883171968,6.017547883171968
2017-08-06,NA,5.820637516041526,5.820637516041526
2017-08-07,NA,5.688750868121117,5.688750868121117
2017-08-08,NA,5.629364517613956,5.629364517613956
2017-08-09,NA,5.722704772005683,5.722704772005683
2017-08-10,NA,5.847486203243628,5.847486203243628
2017-08-11,NA,6.017562251996191,6.017562251996191
2017-08-12,NA,6.577903290159199,6.577903290159199
2017-08-13,NA,6.398230722486396,6.398230722486396
2017-08-14,NA,6.246155876534882,6.246155876534882
2017-08-15,NA,6.279683133051545,6.279683133051545
2017-08-16,NA,6.198599857970031,6.198599857970031
2017-08-17,NA,6.203475678989166,6.203475678989166
2017-08-18,NA,6.207853380768629,6.207853380768629
2017-08-19,NA,6.166758543495346,6.166758543495346
2017-08-20,NA,6.287638672062142,6.287638672062142
2017-08-21,NA,6.353462255820501,6.353462255820501
2017-08-22,NA,6.524772167796435,6.524772167796435
2017-08-23,NA,6.594705235282122,6.594705235282122
2017-08-24,NA,6.283615401280143,6.283615401280143
2017-08-25,NA,6.806061060363174,6.806061060363174
2017-08-26,NA,6.906647619521239,6.906647619521239
2017-08-27,NA,6.656936612985126,6.656936612985126
2017-08-28,NA,7.143182414246306,7.143182414246306
2017-08-29,NA,7.710152269983469,7.710152269983469
2017-08-30,NA,8.45472558270555,8.45472558270555
2017-08-31,NA,7.850899692840427,7.850899692840427
2017-09-01,NA,8.106228909647118,8.106228909647118
2017-09-02,NA,8.122963800257008,8.122963800257008
2017-09-03,NA,7.945858462511767,7.945858462511767
2017-09-04,NA,8.18407440967074,8.18407440967074
2017-09-05,NA,7.979783256498557,7.979783256498557
2017-09-06,NA,8.303824190732117,8.303824190732117
2017-09-07,NA,8.034011199110225,8.034011199110225
2017-09-08,NA,7.744546445561491,7.744546445561491
2017-09-09,NA,7.625577370616147,7.625577370616147
2017-09-10,NA,7.8494197039456175,7.8494197039456175
2017-09-11,NA,7.84441875751763,7.84441875751763
2017-09-12,NA,7.497377492164949,7.497377492164949
2017-09-13,NA,7.267999600649775,7.267999600649775
2017-09-14,NA,7.298964416846951,7.298964416846951
2017-09-15,NA,7.453845973129718,7.453845973129718
2017-09-16,NA,7.429136385076937,7.429136385076937
2017-09-17,NA,7.417143206460118,7.417143206460118
2017-09-18,NA,7.9420219864446455,7.9420219864446455
2017-09-19,NA,7.802064848919867,7.802064848919867
2017-09-20,NA,7.479843965754355,7.479843965754355
2017-09-21,NA,7.642743325952679,7.642743325952679
2017-09-22,NA,7.89271297132478,7.89271297132478
2017-09-23,NA,7.820624580205877,7.820624580205877
2017-09-24,NA,7.858543907326224,7.858543907326224
2017-09-25,NA,7.638921218709779,7.638921218709779
2017-09-26,NA,7.527816680221628,7.527816680221628
2017-09-27,NA,7.780957046138589,7.780957046138589
2017-09-28,NA,8.07217958585041,8.07217958585041
2017-09-29,NA,8.113039732328076,8.113039732328076
2017-09-30,NA,7.7920545680456055,7.7920545680456055
2017-10-01,NA,8.040170635093144,8.040170635093144
2017-10-02,NA,8.407758685933775,8.407758685933775
2017-10-03,NA,8.534855725780377,8.534855725780377
2017-10-04,NA,8.485120435541942,8.485120435541942
2017-10-05,NA,8.600530831688449,8.600530831688449
2017-10-06,NA,8.618180537440436,8.618180537440436
2017-10-07,NA,8.636893536184807,8.636893536184807
2017-10-08,NA,8.9640189780179,8.9640189780179
2017-10-09,NA,8.852837805800567,8.852837805800567
2017-10-10,NA,8.619574313389913,8.619574313389913
2017-10-11,NA,8.635633869261396,8.635633869261396
2017-10-12,NA,8.512560100196795,8.512560100196795
2017-10-13,NA,8.522738017353639,8.522738017353639
2017-10-14,NA,8.483448862324183,8.483448862324183
2017-10-15,NA,8.238996845453109,8.238996845453109
2017-10-16,NA,7.994281400137977,7.994281400137977
2017-10-17,NA,8.093972302586241,8.093972302586241
2017-10-18,NA,8.11959670578112,8.11959670578112
2017-10-19,NA,8.075326358354902,8.075326358354902
2017-10-20,NA,8.178748365492664,8.178748365492664
2017-10-21,NA,8.155312813187516,8.155312813187516
2017-10-22,NA,7.966870473131566,7.966870473131566
2017-10-23,NA,7.4162044432776515,7.4162044432776515
2017-10-24,NA,7.603569121516992,7.603569121516992
2017-10-25,NA,7.864238751325985,7.864238751325985
2017-10-26,NA,7.886706802800223,7.886706802800223
2017-10-27,NA,8.01214184864521,8.01214184864521
2017-10-28,NA,8.171654955935352,8.171654955935352
2017-10-29,NA,7.983681997470638,7.983681997470638
2017-10-30,NA,8.094489580258212,8.094489580258212
2017-10-31,NA,8.102536121822212,8.102536121822212
2017-11-01,NA,7.963910495341954,7.963910495341954
2017-11-02,NA,7.877893923944415,7.877893923944415
2017-11-03,NA,7.959714798669296,7.959714798669296
2017-11-04,NA,7.840621193914032,7.840621193914032
2017-11-05,NA,7.71591416849626,7.71591416849626
2017-11-06,NA,7.672525108955625,7.672525108955625
2017-11-07,NA,7.513831024646105,7.513831024646105
2017-11-08,NA,7.733242970507304,7.733242970507304
2017-11-09,NA,7.720028441831664,7.720028441831664
2017-11-10,NA,7.669229858600843,7.669229858600843
2017-11-11,NA,7.5649792492663135,7.5649792492663135
2017-11-12,NA,7.610652951858157,7.610652951858157
2017-11-13,NA,7.651637628145741,7.651637628145741
2017-11-14,NA,7.496392061649365,7.496392061649365
2017-11-15,NA,7.457419020752779,7.457419020752779
2017-11-16,NA,7.503370520612906,7.503370520612906
2017-11-17,NA,7.506057490742311,7.506057490742311
2017-11-18,NA,7.4234223826448815,7.4234223826448815
2017-11-19,NA,7.042337216252255,7.042337216252255
2017-11-20,NA,7.157086646484576,7.157086646484576
2017-11-21,NA,7.0625541519318045,7.0625541519318045
2017-11-22,NA,7.203397366950236,7.203397366950236
2017-11-23,NA,7.0495024699306725,7.0495024699306725
2017-11-24,NA,6.65157225194246,6.65157225194246
2017-11-25,NA,6.614864695664785,6.614864695664785
2017-11-26,NA,6.610362464075404,6.610362464075404
2017-11-27,NA,6.56501445483258,6.56501445483258
2017-11-28,NA,6.59887698391441,6.59887698391441
2017-11-29,NA,6.477608897093637,6.477608897093637
2017-11-30,NA,6.429502073600297,6.429502073600297
2017-12-01,NA,6.4919394044504735,6.4919394044504735
2017-12-02,NA,6.510020174929103,6.510020174929103
2017-12-03,NA,6.309723554890477,6.309723554890477
2017-12-04,NA,6.0775233554722075,6.0775233554722075
2017-12-05,NA,6.189164330064626,6.189164330064626
2017-12-06,NA,6.136445113996208,6.136445113996208
2017-12-07,NA,6.035293381085433,6.035293381085433
2017-12-08,NA,6.002714466967381,6.002714466967381
2017-12-09,NA,5.982976492095213,5.982976492095213
2017-12-10,NA,6.0688589544666875,6.0688589544666875
2017-12-11,NA,5.990721288350564,5.990721288350564
2017-12-12,NA,5.833282081356382,5.833282081356382
2017-12-13,NA,5.922090994260952,5.922090994260952
2017-12-14,NA,5.864596538942948,5.864596538942948
2017-12-15,NA,5.8981333746757585,5.8981333746757585
2017-12-16,NA,5.852090872262231,5.852090872262231
2017-12-17,NA,5.9404495620078634,5.9404495620078634
2017-12-18,NA,5.957682571857427,5.957682571857427
2017-12-19,NA,6.051276303227732,6.051276303227732
2017-12-20,NA,6.149396214227787,6.149396214227787
2017-12-21,NA,6.173267620867653,6.173267620867653
2017-12-22,NA,6.1873730166450205,6.1873730166450205
2017-12-23,NA,5.949147490269899,5.949147490269899
2017-12-24,NA,5.768660689224548,5.768660689224548
2017-12-25,NA,5.745105396717555,5.745105396717555
2017-12-26,NA,5.649207863863747,5.649207863863747
2017-12-27,NA,5.474449434074673,5.474449434074673
2017-12-28,NA,5.344162515250915,5.344162515250915
2017-12-29,NA,5.547692120739363,5.547692120739363
2017-12-30,NA,5.541293204352753,5.541293204352753
2017-12-31,NA,5.378312420817174,5.378312420817174
2018-01-01,NA,5.2104174993978685,5.2104174993978685
2018-01-02,NA,5.0431883335008205,5.0431883335008205
2018-01-03,NA,5.0081044543601685,5.0081044543601685
2018-01-04,NA,5.166530320617554,5.166530320617554
2018-01-05,NA,5.088502815487129,5.088502815487129
2018-01-06,NA,5.290380006190112,5.290380006190112
2018-01-07,NA,5.283617079589893,5.283617079589893
2018-01-08,NA,5.244169867494001,5.244169867494001
2018-01-09,NA,5.322048894774138,5.322048894774138
2018-01-10,NA,5.4348872713850085,5.4348872713850085
2018-01-11,NA,5.438618376074507,5.438618376074507
2018-01-12,NA,5.134032829836759,5.134032829836759
2018-01-13,NA,4.7595046368971765,4.7595046368971765
2018-01-14,NA,4.698604770238692,4.698604770238692
2018-01-15,NA,4.767273381192895,4.767273381192895
2018-01-16,NA,4.915382431659296,4.915382431659296
2018-01-17,NA,4.816050749816567,4.816050749816567
2018-01-18,NA,4.913030734095056,4.913030734095056
2018-01-19,NA,4.967934011445131,4.967934011445131
2018-01-20,NA,4.956127627543191,4.956127627543191
2018-01-21,NA,4.793654542463436,4.793654542463436
2018-01-22,NA,4.647772659751356,4.647772659751356
2018-01-23,NA,4.7008223587768665,4.7008223587768665
2018-01-24,NA,4.664315966038291,4.664315966038291
2018-01-25,NA,4.546060542695944,4.546060542695944
2018-01-26,NA,4.413474611996758,4.413474611996758
2018-01-27,NA,4.5944116362010465,4.5944116362010465
2018-01-28,NA,4.563748565312521,4.563748565312521
2018-01-29,NA,4.562785854089686,4.562785854089686
2018-01-30,NA,4.699941070891285,4.699941070891285
2018-01-31,NA,4.491310532804231,4.491310532804231
2018-02-01,NA,4.408895746678196,4.408895746678196
2018-02-02,NA,4.14205710167014,4.14205710167014
2018-02-03,NA,4.029266621140007,4.029266621140007
2018-02-04,NA,4.237930686483578,4.237930686483578
2018-02-05,NA,4.3089509950020215,4.3089509950020215
2018-02-06,NA,4.561578872855085,4.561578872855085
2018-02-07,NA,4.3997715432975895,4.3997715432975895
2018-02-08,NA,4.161842972623045,4.161842972623045
2018-02-09,NA,4.308021811035701,4.308021811035701
2018-02-10,NA,4.280280401072199,4.280280401072199
2018-02-11,NA,4.406994272272895,4.406994272272895
2018-02-12,NA,4.328210009066806,4.328210009066806
2018-02-13,NA,4.422776030876095,4.422776030876095
2018-02-14,NA,4.256241358149751,4.256241358149751
2018-02-15,NA,4.21433228750392,4.21433228750392
2018-02-16,NA,4.053583461330737,4.053583461330737
2018-02-17,NA,3.9721840721163493,3.9721840721163493
2018-02-18,NA,3.982951111066272,3.982951111066272
2018-02-19,NA,4.151847060573006,4.151847060573006
2018-02-20,NA,4.064704931278122,4.064704931278122
2018-02-21,NA,4.18561379749336,4.18561379749336
2018-02-22,NA,4.301335518164663,4.301335518164663
2018-02-23,NA,4.1826921365683365,4.1826921365683365
2018-02-24,NA,4.233634408041372,4.233634408041372
2018-02-25,NA,4.195054115006839,4.195054115006839
2018-02-26,NA,4.1597355450705695,4.1597355450705695
2018-02-27,NA,4.143661620374866,4.143661620374866
2018-02-28,NA,4.077019013635885,4.077019013635885
2018-03-01,NA,3.989431450790136,3.989431450790136
2018-03-02,NA,3.7533612480482295,3.7533612480482295
2018-03-03,NA,4.1013933291235,4.1013933291235
2018-03-04,NA,4.140538795910741,4.140538795910741
2018-03-05,NA,4.044693948745747,4.044693948745747
2018-03-06,NA,4.1266920389693595,4.1266920389693595
2018-03-07,NA,4.142416322275675,4.142416322275675
2018-03-08,NA,4.110608535057509,4.110608535057509
2018-03-09,NA,3.771226486163538,3.771226486163538
2018-03-10,NA,3.512376907422594,3.512376907422594
2018-03-11,NA,3.4347948358430327,3.4347948358430327
2018-03-12,NA,3.4842762768535556,3.4842762768535556
2018-03-13,NA,3.5269804224396384,3.5269804224396384
2018-03-14,NA,3.5916545002602835,3.5916545002602835
2018-03-15,NA,3.764444401131023,3.764444401131023
2018-03-16,NA,3.9851399619560026,3.9851399619560026
2018-03-17,NA,4.405744184565631,4.405744184565631
2018-03-18,NA,4.194479362037981,4.194479362037981
2018-03-19,NA,4.017120175064827,4.017120175064827
2018-03-20,NA,4.153964067341629,4.153964067341629
2018-03-21,NA,4.0073781122427,4.0073781122427
2018-03-22,NA,3.740232932317918,3.740232932317918
2018-03-23,NA,3.6662047499291233,3.6662047499291233
2018-03-24,NA,3.782300060030185,3.782300060030185
2018-03-25,NA,3.8338841389851095,3.8338841389851095
2018-03-26,NA,3.9813705404019157,3.9813705404019157
2018-03-27,NA,3.8397035127947867,3.8397035127947867
2018-03-28,NA,3.751201134806942,3.751201134806942
2018-03-29,NA,3.868115467888624,3.868115467888624
2018-03-30,NA,3.905397777135154,3.905397777135154
2018-03-31,NA,3.863972456904779,3.863972456904779
2018-04-01,NA,3.8433436149308826,3.8433436149308826
2018-04-02,NA,3.814059951167613,3.814059951167613
2018-04-03,NA,3.8859615475716365,3.8859615475716365
2018-04-04,NA,3.949213111794361,3.949213111794361
2018-04-05,NA,3.984335307799603,3.984335307799603
2018-04-06,NA,3.956574739403805,3.956574739403805
2018-04-07,NA,4.019155758496195,4.019155758496195
2018-04-08,NA,3.971609319147492,3.971609319147492
2018-04-09,NA,3.983784502871116,3.983784502871116
2018-04-10,NA,4.060940299332108,4.060940299332108
2018-04-11,NA,4.002090384929215,4.002090384929215
2018-04-12,NA,3.916988628673772,3.916988628673772
2018-04-13,NA,3.9384029663717732,3.9384029663717732
2018-04-14,NA,3.9537105537756676,3.9537105537756676
2018-04-15,NA,3.947555907400823,3.947555907400823
2018-04-16,NA,3.9654019870838355,3.9654019870838355
2018-04-17,NA,3.9854033904000628,3.9854033904000628
2018-04-18,NA,4.010075817700548,4.010075817700548
2018-04-19,NA,4.054624306641909,4.054624306641909
2018-04-20,NA,4.033462317812663,4.033462317812663
2018-04-21,NA,4.0301814362821045,4.0301814362821045
2018-04-22,NA,4.020247789137025,4.020247789137025
2018-04-23,NA,4.105696556219906,4.105696556219906
2018-04-24,NA,4.066815857974319,4.066815857974319
2018-04-25,NA,4.206961080678328,4.206961080678328
2018-04-26,NA,4.186820778727959,4.186820778727959
2018-04-27,NA,4.078336155856183,4.078336155856183
2018-04-28,NA,4.252471936595663,4.252471936595663
2018-04-29,NA,4.195743818569467,4.195743818569467
2018-04-30,NA,4.27822086960046,4.27822086960046
2018-05-01,NA,4.313094005985866,4.313094005985866
2018-05-02,NA,4.325221293628751,4.325221293628751
2018-05-03,NA,4.276305026370936,4.276305026370936
2018-05-04,NA,4.2844760977448555,4.2844760977448555
2018-05-05,NA,4.25660536836336,4.25660536836336
2018-05-06,NA,4.219624804425479,4.219624804425479
2018-05-07,NA,4.23365835608174,4.23365835608174
2018-05-08,NA,4.25101110613315,4.25101110613315
2018-05-09,NA,4.255216382021956,4.255216382021956
2018-05-10,NA,4.263478455949276,4.263478455949276
2018-05-11,NA,4.323176130981233,4.323176130981233
2018-05-12,NA,4.351549769210479,4.351549769210479
2018-05-13,NA,4.3765994194365,4.3765994194365
2018-05-14,NA,4.406927217759861,4.406927217759861
2018-05-15,NA,4.376738318070641,4.376738318070641
2018-05-16,NA,4.391763318598182,4.391763318598182
2018-05-17,NA,4.444745963110657,4.444745963110657
2018-05-18,NA,4.5643328974975255,4.5643328974975255
2018-05-19,NA,4.494610572767085,4.494610572767085
2018-05-20,NA,4.462069975513625,4.462069975513625
2018-05-21,NA,4.474522956505529,4.474522956505529
2018-05-22,NA,4.4648527378045095,4.4648527378045095
2018-05-23,NA,5.036832523586876,5.036832523586876
2018-05-24,NA,4.96238764529566,4.96238764529566
2018-05-25,NA,4.6497363990616165,4.6497363990616165
2018-05-26,NA,4.689739205694071,4.689739205694071
2018-05-27,NA,4.709505918214683,4.709505918214683
2018-05-28,NA,5.100989323735549,5.100989323735549
2018-05-29,NA,5.076926332772732,5.076926332772732
2018-05-30,NA,5.157454013317686,5.157454013317686
2018-05-31,NA,5.000445871050147,5.000445871050147
2018-06-01,NA,4.793151633615686,4.793151633615686
2018-06-02,NA,4.864564689996181,4.864564689996181
2018-06-03,NA,4.833049068870515,4.833049068870515
2018-06-04,NA,4.778232004465769,4.778232004465769
2018-06-05,NA,4.828637839834538,4.828637839834538
2018-06-06,NA,4.970644929614906,4.970644929614906
2018-06-07,NA,4.870728915587172,4.870728915587172
2018-06-08,NA,4.78251870369183,4.78251870369183
2018-06-09,NA,4.962421172552176,4.962421172552176
2018-06-10,NA,5.081438143578261,5.081438143578261
2018-06-11,NA,4.980013403007277,4.980013403007277
2018-06-12,NA,5.229537614828514,5.229537614828514
2018-06-13,NA,5.098810052061966,5.098810052061966
2018-06-14,NA,5.232191057701405,5.232191057701405
2018-06-15,NA,5.2891873937797325,5.2891873937797325
2018-06-16,NA,5.070613629331451,5.070613629331451
2018-06-17,NA,5.11522403893091,5.11522403893091
2018-06-18,NA,5.2281007324063715,5.2281007324063715
2018-06-19,NA,5.324764602551987,5.324764602551987
2018-06-20,NA,5.537734525553912,5.537734525553912
2018-06-21,NA,5.295480938788719,5.295480938788719
2018-06-22,NA,5.150930567121158,5.150930567121158
2018-06-23,NA,5.27124073232717,5.27124073232717
2018-06-24,NA,4.988735279309683,4.988735279309683
2018-06-25,NA,5.004100342010464,5.004100342010464
2018-06-26,NA,4.960620279916423,4.960620279916423
2018-06-27,NA,4.929727307840354,4.929727307840354
2018-06-28,NA,5.28703207014652,5.28703207014652
2018-06-29,NA,5.4855517455897616,5.4855517455897616
2018-06-30,NA,5.3925998217013476,5.3925998217013476
2018-07-01,NA,5.3875515747915514,5.3875515747915514
2018-07-02,NA,5.316852170014055,5.316852170014055
2018-07-03,NA,5.203400723569738,5.203400723569738
2018-07-04,NA,5.087142566794167,5.087142566794167
2018-07-05,NA,5.113681785131144,5.113681785131144
2018-07-06,NA,5.356419122311793,5.356419122311793
2018-07-07,NA,5.297995483027467,5.297995483027467
2018-07-08,NA,5.46043983045878,5.46043983045878
2018-07-09,NA,5.335114945599489,5.335114945599489
2018-07-10,NA,5.475378618040992,5.475378618040992
2018-07-11,NA,5.440840754220753,5.440840754220753
2018-07-12,NA,5.095514801707186,5.095514801707186
2018-07-13,NA,5.354766707526329,5.354766707526329
2018-07-14,NA,5.51610465549259,5.51610465549259
2018-07-15,NA,5.549703756130363,5.549703756130363
2018-07-16,NA,5.412031261656791,5.412031261656791
2018-07-17,NA,5.620925228187904,5.620925228187904
2018-07-18,NA,5.644657736193629,5.644657736193629
2018-07-19,NA,5.4857385403046415,5.4857385403046415
2018-07-20,NA,5.180812931893653,5.180812931893653
2018-07-21,NA,5.001308000503432,5.001308000503432
2018-07-22,NA,4.842930030326784,4.842930030326784
2018-07-23,NA,5.073473025351516,5.073473025351516
2018-07-24,NA,5.14716114556707,5.14716114556707
2018-07-25,NA,5.206609760979189,5.206609760979189
2018-07-26,NA,5.4943837828778666,5.4943837828778666
2018-07-27,NA,5.6009429833039714,5.6009429833039714
2018-07-28,NA,5.499460767436103,5.499460767436103
2018-07-29,NA,5.349268237457595,5.349268237457595
2018-07-30,NA,5.378163942966886,5.378163942966886
2018-07-31,NA,5.224700110673966,5.224700110673966
2018-08-01,NA,5.032196182971427,5.032196182971427
2018-08-02,NA,4.967421523381233,4.967421523381233
2018-08-03,NA,5.1615443386127176,5.1615443386127176
2018-08-04,NA,5.32123466140159,5.32123466140159
2018-08-05,NA,5.487534643332319,5.487534643332319
2018-08-06,NA,5.593317927250467,5.593317927250467
2018-08-07,NA,5.708187097684634,5.708187097684634
2018-08-08,NA,5.7526011333530676,5.7526011333530676
2018-08-09,NA,5.545038677866472,5.545038677866472
2018-08-10,NA,5.532097156851039,5.532097156851039
2018-08-11,NA,5.446597863125472,5.446597863125472
2018-08-12,NA,5.6877258919933205,5.6877258919933205
2018-08-13,NA,5.792321353109166,5.792321353109166
2018-08-14,NA,5.609114054677891,5.609114054677891
2018-08-15,NA,5.600526287401552,5.600526287401552
2018-08-16,NA,5.51771396380539,5.51771396380539
2018-08-17,NA,5.514169653830772,5.514169653830772
2018-08-18,NA,5.630140434121914,5.630140434121914
2018-08-19,NA,5.8387134969120815,5.8387134969120815
2018-08-20,NA,6.534025690595035,6.534025690595035
2018-08-21,NA,6.741976104335608,6.741976104335608
2018-08-22,NA,5.995012777184696,5.995012777184696
2018-08-23,NA,5.81181505796957,5.81181505796957
2018-08-24,NA,5.83920203693561,5.83920203693561
2018-08-25,NA,5.7496842620361175,5.7496842620361175
2018-08-26,NA,5.710213101899855,5.710213101899855
2018-08-27,NA,5.729687648327964,5.729687648327964
2018-08-28,NA,5.698071445432749,5.698071445432749
2018-08-29,NA,5.637037469748199,5.637037469748199
2018-08-30,NA,5.864218159905116,5.864218159905116
2018-08-31,NA,5.9780431957791915,5.9780431957791915
2018-09-01,NA,5.9646466619967455,5.9646466619967455
2018-09-02,NA,5.968492717280016,5.968492717280016
2018-09-03,NA,5.852670414839162,5.852670414839162
2018-09-04,NA,5.783201939336633,5.783201939336633
2018-09-05,NA,5.7102418395482974,5.7102418395482974
2018-09-06,NA,5.68089591088007,5.68089591088007
2018-09-07,NA,5.686255482314662,5.686255482314662
2018-09-08,NA,5.695542532369778,5.695542532369778
2018-09-09,NA,5.71807763835705,5.71807763835705
2018-09-10,NA,5.704029717876567,5.704029717876567
2018-09-11,NA,5.649729931143794,5.649729931143794
2018-09-12,NA,5.785845802993375,5.785845802993375
2018-09-13,NA,5.8898234046677,5.8898234046677
2018-09-14,NA,5.890436474501147,5.890436474501147
2018-09-15,NA,5.831576980882106,5.831576980882106
2018-09-16,NA,5.832678590739082,5.832678590739082
2018-09-17,NA,5.877188418568991,5.877188418568991
2018-09-18,NA,5.987603253494514,5.987603253494514
2018-09-19,NA,5.8843584618554825,5.8843584618554825
2018-09-20,NA,5.888051249680389,5.888051249680389
2018-09-21,NA,5.81758653569851,5.81758653569851
2018-09-22,NA,5.7754954599458745,5.7754954599458745
2018-09-23,NA,5.6656457987730615,5.6656457987730615
2018-09-24,NA,5.6790950182443165,5.6790950182443165
2018-09-25,NA,5.637636170757425,5.637636170757425
2018-09-26,NA,5.492233248852726,5.492233248852726
2018-09-27,NA,5.421830799775805,5.421830799775805
2018-09-28,NA,5.50060069415767,5.50060069415767
2018-09-29,NA,5.703651338838737,5.703651338838737
2018-09-30,NA,5.862738171010308,5.862738171010308
2018-10-01,NA,5.830743589077263,5.830743589077263
2018-10-02,NA,5.686959554701511,5.686959554701511
2018-10-03,NA,6.077686202146717,6.077686202146717
2018-10-04,NA,6.529829993922377,6.529829993922377
2018-10-05,NA,6.556714064040667,6.556714064040667
2018-10-06,NA,5.984537904327276,5.984537904327276
2018-10-07,NA,5.808577282911674,5.808577282911674
2018-10-08,NA,5.907372528650136,5.907372528650136
2018-10-09,NA,5.9318522155153754,5.9318522155153754
2018-10-10,NA,6.420382659827764,6.420382659827764
2018-10-11,NA,6.625679630695448,6.625679630695448
2018-10-12,NA,6.026241021825932,6.026241021825932
2018-10-13,NA,6.094713258849108,6.094713258849108
2018-10-14,NA,6.264456968984906,6.264456968984906
2018-10-15,NA,6.493405024521058,6.493405024521058
2018-10-16,NA,7.14039486234735,7.14039486234735
2018-10-17,NA,7.427560604020654,7.427560604020654
2018-10-18,NA,6.719225465985014,6.719225465985014
2018-10-19,NA,6.44109771474699,6.44109771474699
2018-10-20,NA,7.190546848488205,7.190546848488205
2018-10-21,NA,7.4924885310692115,7.4924885310692115
2018-10-22,NA,7.194670701039756,7.194670701039756
2018-10-23,NA,7.211055950260256,7.211055950260256
2018-10-24,NA,7.943976146538761,7.943976146538761
2018-10-25,NA,7.653357097444239,7.653357097444239
2018-10-26,NA,7.442638290237005,7.442638290237005
2018-10-27,NA,7.9272891520096085,7.9272891520096085
2018-10-28,NA,7.556065788640954,7.556065788640954
2018-10-29,NA,7.491372552388013,7.491372552388013
2018-10-30,NA,7.248319101074491,7.248319101074491
2018-10-31,NA,7.306187145822255,7.306187145822255
2018-11-01,NA,7.158868380688032,7.158868380688032
2018-11-02,NA,7.049579103659854,7.049579103659854
2018-11-03,NA,7.2032393098838,7.2032393098838
2018-11-04,NA,7.0359766167302364,7.0359766167302364
2018-11-05,NA,6.816100078885878,6.816100078885878
2018-11-06,NA,7.024107967923339,7.024107967923339
2018-11-07,NA,7.181168795879689,7.181168795879689
2018-11-08,NA,7.132434533728681,7.132434533728681
2018-11-09,NA,7.193343979603309,7.193343979603309
2018-11-10,NA,7.547707922552156,7.547707922552156
2018-11-11,NA,7.3586668814869824,7.3586668814869824
2018-11-12,NA,7.328827623187152,7.328827623187152
2018-11-13,NA,7.547310385082032,7.547310385082032
2018-11-14,NA,7.519741401009185,7.519741401009185
2018-11-15,NA,7.667467282829682,7.667467282829682
2018-11-16,NA,7.632603725660424,7.632603725660424
2018-11-17,NA,7.634826103806672,7.634826103806672
2018-11-18,NA,7.727615181020578,7.727615181020578
2018-11-19,NA,7.7898561379397275,7.7898561379397275
2018-11-20,NA,7.733147178345828,7.733147178345828
2018-11-21,NA,7.76273737702582,7.76273737702582
2018-11-22,NA,7.73882286391329,7.73882286391329
2018-11-23,NA,7.718495767248044,7.718495767248044
2018-11-24,NA,7.614360108507286,7.614360108507286
2018-11-25,NA,7.695510438101834,7.695510438101834
2018-11-26,NA,7.591695683102021,7.591695683102021
2018-11-27,NA,7.577053851220386,7.577053851220386
2018-11-28,NA,7.534158121311352,7.534158121311352
2018-11-29,NA,7.601332374546525,7.601332374546525
2018-11-30,NA,7.593166092780681,7.593166092780681
2018-12-01,NA,7.5479569821719945,7.5479569821719945
2018-12-02,NA,7.579376811136182,7.579376811136182
2018-12-03,NA,7.560160903544061,7.560160903544061
2018-12-04,NA,7.545279591258735,7.545279591258735
2018-12-05,NA,7.401332710208473,7.401332710208473
2018-12-06,NA,7.490692428041534,7.490692428041534
2018-12-07,NA,7.502843663724786,7.502843663724786
2018-12-08,NA,7.26685009471206,7.26685009471206
2018-12-09,NA,7.186197884357188,7.186197884357188
2018-12-10,NA,7.150706888530262,7.150706888530262
2018-12-11,NA,7.169419887274634,7.169419887274634
2018-12-12,NA,6.991165043591678,6.991165043591678
2018-12-13,NA,6.949203287257035,6.949203287257035
2018-12-14,NA,7.1579535655459345,7.1579535655459345
2018-12-15,NA,7.267247632182185,7.267247632182185
2018-12-16,NA,7.136385960389573,7.136385960389573
2018-12-17,NA,7.056825780675528,7.056825780675528
2018-12-18,NA,6.709454665514443,6.709454665514443
2018-12-19,NA,7.026378242150322,7.026378242150322
2018-12-20,NA,7.040234578307851,7.040234578307851
2018-12-21,NA,6.924967870403561,6.924967870403561
2018-12-22,NA,6.925465989643238,6.925465989643238
2018-12-23,NA,6.847170266460678,6.847170266460678
2018-12-24,NA,6.786332664707155,6.786332664707155
2018-12-25,NA,6.982869442407841,6.982869442407841
2018-12-26,NA,6.816449720275266,6.816449720275266
2018-12-27,NA,6.648358424924933,6.648358424924933
2018-12-28,NA,6.755530695184488,6.755530695184488
2018-12-29,NA,6.918736590299535,6.918736590299535
2018-12-30,NA,7.042212686442337,7.042212686442337
2018-12-31,NA,6.787918024979586,6.787918024979586
2019-01-01,NA,6.41179010294335,6.41179010294335
2019-01-02,NA,6.559175922590606,6.559175922590606
2019-01-03,NA,6.918166626938753,6.918166626938753
2019-01-04,NA,6.74122413586802,6.74122413586802
2019-01-05,NA,6.495833355814479,6.495833355814479
2019-01-06,NA,6.531836839705303,6.531836839705303
2019-01-07,NA,6.572131812430261,6.572131812430261
2019-01-08,NA,6.5703596574429515,6.5703596574429515
2019-01-09,NA,6.442654337370977,6.442654337370977
2019-01-10,NA,6.211809597037595,6.211809597037595
2019-01-11,NA,6.108727652073075,6.108727652073075
2019-01-12,NA,5.916396150261193,5.916396150261193
2019-01-13,NA,6.15035413584255,6.15035413584255
2019-01-14,NA,5.9641293843247745,5.9641293843247745
2019-01-15,NA,6.022648815770577,6.022648815770577
2019-01-16,NA,5.980270363533512,5.980270363533512
2019-01-17,NA,5.785261470808372,5.785261470808372
2019-01-18,NA,5.887562709656862,5.887562709656862
2019-01-19,NA,6.125074584428985,6.125074584428985
2019-01-20,NA,6.0937457580181995,6.0937457580181995
2019-01-21,NA,6.105279134259931,6.105279134259931
2019-01-22,NA,5.990194431462445,5.990194431462445
2019-01-23,NA,6.060635197403956,6.060635197403956
2019-01-24,NA,5.6931046218602095,5.6931046218602095
2019-01-25,NA,5.325966794178514,5.325966794178514
2019-01-26,NA,5.331139570898227,5.331139570898227
2019-01-27,NA,5.515357476633076,5.515357476633076
2019-01-28,NA,5.728696199456685,5.728696199456685
2019-01-29,NA,5.924461850257488,5.924461850257488
2019-01-30,NA,5.564340798403922,5.564340798403922
2019-01-31,NA,5.4778021597263375,5.4778021597263375
2019-02-01,NA,5.388974088389475,5.388974088389475
2019-02-02,NA,5.442957760989378,5.442957760989378
2019-02-03,NA,5.556322994488367,5.556322994488367
2019-02-04,NA,5.600315544646303,5.600315544646303
2019-02-05,NA,5.51230649629006,5.51230649629006
2019-02-06,NA,5.6840905794653,5.6840905794653
2019-02-07,NA,5.663897591826121,5.663897591826121
2019-02-08,NA,5.856071036571565,5.856071036571565
2019-02-09,NA,5.897731047597558,5.897731047597558
2019-02-10,NA,5.918527525854039,5.918527525854039
2019-02-11,NA,5.909561379539866,5.909561379539866
2019-02-12,NA,5.51146352526907,5.51146352526907
2019-02-13,NA,5.57994055190032,5.57994055190032
2019-02-14,NA,5.512828563570105,5.512828563570105
2019-02-15,NA,5.266930085060743,5.266930085060743
2019-02-16,NA,5.159178272224256,5.159178272224256
2019-02-17,NA,5.3498621488587474,5.3498621488587474
2019-02-18,NA,4.978792052948455,4.978792052948455
2019-02-19,NA,5.299710162717892,5.299710162717892
2019-02-20,NA,5.197260446019113,5.197260446019113
2019-02-21,NA,5.243312527648788,5.243312527648788
2019-02-22,NA,5.027914273353442,5.027914273353442
2019-02-23,NA,4.917441963131033,4.917441963131033
2019-02-24,NA,4.923381077142556,4.923381077142556
2019-02-25,NA,5.062255763242655,5.062255763242655
2019-02-26,NA,5.168470111887446,5.168470111887446
2019-02-27,NA,5.204487964602492,5.204487964602492
2019-02-28,NA,5.152338711894856,5.152338711894856
2019-03-01,NA,5.396599144442979,5.396599144442979
2019-03-02,NA,5.374686687505301,5.374686687505301
2019-03-03,NA,5.412323427749294,5.412323427749294
2019-03-04,NA,5.389706898424766,5.389706898424766
2019-03-05,NA,5.262227967161081,5.262227967161081
2019-03-06,NA,5.081141187877684,5.081141187877684
2019-03-07,NA,5.011385335890727,5.011385335890727
2019-03-08,NA,4.9129253627174325,4.9129253627174325
2019-03-09,NA,4.794804048401151,4.794804048401151
2019-03-10,NA,4.744010254778404,4.744010254778404
2019-03-11,NA,4.716666704901115,4.716666704901115
2019-03-12,NA,4.727035883764824,4.727035883764824
2019-03-13,NA,4.7400348800771415,4.7400348800771415
2019-03-14,NA,4.642779083860143,4.642779083860143
2019-03-15,NA,4.741543606620391,4.741543606620391
2019-03-16,NA,4.709304754675582,4.709304754675582
2019-03-17,NA,4.711895932643513,4.711895932643513
2019-03-18,NA,4.73294147051983,4.73294147051983
2019-03-19,NA,4.873439833756949,4.873439833756949
2019-03-20,NA,4.9763493528308125,4.9763493528308125
2019-03-21,NA,5.083239036214012,5.083239036214012
2019-03-22,NA,5.004406876927186,5.004406876927186
2019-03-23,NA,5.046450056599085,5.046450056599085
2019-03-24,NA,5.017108917538929,5.017108917538929
2019-03-25,NA,5.061599586936541,5.061599586936541
2019-03-26,NA,5.120396815650624,5.120396815650624
2019-03-27,NA,5.1106739112607915,5.1106739112607915
2019-03-28,NA,5.07962767172636,5.07962767172636
2019-03-29,NA,5.131202171465137,5.131202171465137
2019-03-30,NA,5.190305935095942,5.190305935095942
2019-03-31,NA,5.109169974325615,5.109169974325615
2019-04-01,NA,5.072146303915071,5.072146303915071
2019-04-02,NA,5.1021388296732635,5.1021388296732635
2019-04-03,NA,5.134674637318648,5.134674637318648
2019-04-04,NA,5.097579122786996,5.097579122786996
2019-04-05,NA,5.0852075651323485,5.0852075651323485
2019-04-06,NA,5.171281611826773,5.171281611826773
2019-04-07,NA,5.135029068316111,5.135029068316111
2019-04-08,NA,5.13153265442223,5.13153265442223
2019-04-09,NA,5.103000959126549,5.103000959126549
2019-04-10,NA,5.097004369818139,5.097004369818139
2019-04-11,NA,5.106004043388827,5.106004043388827
2019-04-12,NA,5.100802529020671,5.100802529020671
2019-04-13,NA,5.105659191607513,5.105659191607513
2019-04-14,NA,5.115645524441405,5.115645524441405
2019-04-15,NA,5.112292798789738,5.112292798789738
2019-04-16,NA,5.110649963220423,5.110649963220423
2019-04-17,NA,5.126369456918663,5.126369456918663
2019-04-18,NA,5.127518962856378,5.127518962856378
2019-04-19,NA,5.170721227682137,5.170721227682137
2019-04-20,NA,5.189659338005978,5.189659338005978
2019-04-21,NA,5.187911131059039,5.187911131059039
2019-04-22,NA,5.192398993824197,5.192398993824197
2019-04-23,NA,5.210470185086679,5.210470185086679
2019-04-24,NA,5.199760621433642,5.199760621433642
2019-04-25,NA,5.166808117885834,5.166808117885834
2019-04-26,NA,5.216375771841687,5.216375771841687
2019-04-27,NA,5.222875269997845,5.222875269997845
2019-04-28,NA,5.225322759723561,5.225322759723561
2019-04-29,NA,5.212874568339732,5.212874568339732
2019-04-30,NA,5.2198338688709764,5.2198338688709764
2019-05-01,NA,5.226352525459431,5.226352525459431
2019-05-02,NA,5.2154705359157365,5.2154705359157365
2019-05-03,NA,5.209052461096832,5.209052461096832
2019-05-04,NA,5.20359230789269,5.20359230789269
2019-05-05,NA,5.216667937934188,5.216667937934188
2019-05-06,NA,5.223531446303957,5.223531446303957
2019-05-07,NA,5.199497192989583,5.199497192989583
2019-05-08,NA,5.258251315231,5.258251315231
2019-05-09,NA,5.330665399698921,5.330665399698921
2019-05-10,NA,5.3302918102691645,5.3302918102691645
2019-05-11,NA,5.354872078903952,5.354872078903952
2019-05-12,NA,5.369600123730915,5.369600123730915
2019-05-13,NA,5.402729842777454,5.402729842777454
2019-05-14,NA,5.3816938841172846,5.3816938841172846
2019-05-15,NA,5.364580614469563,5.364580614469563
2019-05-16,NA,5.430102452919273,5.430102452919273
2019-05-17,NA,5.328275385270091,5.328275385270091
2019-05-18,NA,5.379428399498373,5.379428399498373
2019-05-19,NA,5.398970000439514,5.398970000439514
2019-05-20,NA,5.500366003362053,5.500366003362053
2019-05-21,NA,5.633617689583499,5.633617689583499
2019-05-22,NA,5.516487824138496,5.516487824138496
2019-05-23,NA,5.620340896002899,5.620340896002899
2019-05-24,NA,5.6104647241547045,5.6104647241547045
2019-05-25,NA,5.575217998339543,5.575217998339543
2019-05-26,NA,5.6219023082349615,5.6219023082349615
2019-05-27,NA,5.610139030805687,5.610139030805687
2019-05-28,NA,5.375242282041864,5.375242282041864
2019-05-29,NA,5.813170517054457,5.813170517054457
2019-05-30,NA,5.865832257825989,5.865832257825989
2019-05-31,NA,5.875986226942466,5.875986226942466
2019-06-01,NA,5.863135708480435,5.863135708480435
2019-06-02,NA,5.838723076128229,5.838723076128229
2019-06-03,NA,5.712560009856022,5.712560009856022
2019-06-04,NA,6.050500386719776,6.050500386719776
2019-06-05,NA,6.006268356158149,6.006268356158149
2019-06-06,NA,5.942590516816855,5.942590516816855
2019-06-07,NA,5.878366662155148,5.878366662155148
2019-06-08,NA,5.856937955632926,5.856937955632926
2019-06-09,NA,5.777258035717036,5.777258035717036
2019-06-10,NA,5.757448216723763,5.757448216723763
2019-06-11,NA,6.272843572722145,6.272843572722145
2019-06-12,NA,6.284022517966417,6.284022517966417
2019-06-13,NA,5.9033732059085064,5.9033732059085064
2019-06-14,NA,6.014013152413497,6.014013152413497
2019-06-15,NA,5.9244762190817095,5.9244762190817095
2019-06-16,NA,6.09157127595269,6.09157127595269
2019-06-17,NA,6.109604150350581,6.109604150350581
2019-06-18,NA,6.035920819743101,6.035920819743101
2019-06-19,NA,6.077872996861595,6.077872996861595
2019-06-20,NA,5.91942318256384,5.91942318256384
2019-06-21,NA,5.770087992430543,5.770087992430543
2019-06-22,NA,5.767712346825935,5.767712346825935
2019-06-23,NA,5.902520655671367,5.902520655671367
2019-06-24,NA,5.806125003577884,5.806125003577884
2019-06-25,NA,5.816662141340265,5.816662141340265
2019-06-26,NA,5.738845378965086,5.738845378965086
2019-06-27,NA,5.843967696969051,5.843967696969051
2019-06-28,NA,5.789145842956231,5.789145842956231
2019-06-29,NA,5.707679399228811,5.707679399228811
2019-06-30,NA,5.783177991296265,5.783177991296265
2019-07-01,NA,5.842123697860634,5.842123697860634
2019-07-02,NA,5.848757305042859,5.848757305042859
2019-07-03,NA,5.889013960903226,5.889013960903226
2019-07-04,NA,5.918551473894407,5.918551473894407
2019-07-05,NA,5.961854320489715,5.961854320489715
2019-07-06,NA,5.9428347868286195,5.9428347868286195
2019-07-07,NA,5.874961250814669,5.874961250814669
2019-07-08,NA,5.865736465664513,5.865736465664513
2019-07-09,NA,5.845840433725909,5.845840433725909
2019-07-10,NA,5.855386122617011,5.855386122617011
2019-07-11,NA,5.882964685906005,5.882964685906005
2019-07-12,NA,5.871014613761851,5.871014613761851
2019-07-13,NA,5.846788776124523,5.846788776124523
2019-07-14,NA,5.838224956888553,5.838224956888553
2019-07-15,NA,5.923173445685633,5.923173445685633
2019-07-16,NA,6.076761807788472,6.076761807788472
2019-07-17,NA,6.245509279444917,6.245509279444917
2019-07-18,NA,6.33672257560254,6.33672257560254
2019-07-19,NA,6.097486441923843,6.097486441923843
2019-07-20,NA,5.99739321239738,5.99739321239738
2019-07-21,NA,6.045552721579531,6.045552721579531
2019-07-22,NA,6.0620720798261,6.0620720798261
2019-07-23,NA,6.080200746385467,6.080200746385467
2019-07-24,NA,6.051343357740766,6.051343357740766
2019-07-25,NA,6.126434833121946,6.126434833121946
2019-07-26,NA,6.084176121086728,6.084176121086728
2019-07-27,NA,6.135343504139231,6.135343504139231
2019-07-28,NA,6.1004464197134585,6.1004464197134585
2019-07-29,NA,6.1362056335925175,6.1362056335925175
2019-07-30,NA,6.148146126520524,6.148146126520524
2019-07-31,NA,6.06771902774512,6.06771902774512
2019-08-01,NA,6.025675848073224,6.025675848073224
2019-08-02,NA,5.955383559982,5.955383559982
2019-08-03,NA,5.904891511667904,5.904891511667904
2019-08-04,NA,5.983230341323127,5.983230341323127
2019-08-05,NA,6.1072859800428585,6.1072859800428585
2019-08-06,NA,6.111793001240313,6.111793001240313
2019-08-07,NA,6.105480297799032,6.105480297799032
2019-08-08,NA,6.007096958354918,6.007096958354918
2019-08-09,NA,6.154961738809554,6.154961738809554
2019-08-10,NA,6.436648168846419,6.436648168846419
2019-08-11,NA,6.4675746681790045,6.4675746681790045
2019-08-12,NA,6.091638330465724,6.091638330465724
2019-08-13,NA,5.994591291674201,5.994591291674201
2019-08-14,NA,6.056880144674091,6.056880144674091
2019-08-15,NA,6.085584265860428,6.085584265860428
2019-08-16,NA,6.031246162263063,6.031246162263063
2019-08-17,NA,6.0233912050220155,6.0233912050220155
2019-08-18,NA,6.052588655839957,6.052588655839957
2019-08-19,NA,6.147164256865393,6.147164256865393
2019-08-20,NA,6.272038918565746,6.272038918565746
2019-08-21,NA,6.22735666484518,6.22735666484518
2019-08-22,NA,6.048704283692098,6.048704283692098
2019-08-23,NA,6.129667818571768,6.129667818571768
2019-08-24,NA,6.117535741320809,6.117535741320809
2019-08-25,NA,6.229320404155441,6.229320404155441
2019-08-26,NA,6.304354404239737,6.304354404239737
2019-08-27,NA,6.154928211553038,6.154928211553038
2019-08-28,NA,6.18763644508908,6.18763644508908
2019-08-29,NA,6.10237184215913,6.10237184215913
2019-08-30,NA,6.134768751170375,6.134768751170375
2019-08-31,NA,6.0355041238406795,6.0355041238406795
2019-09-01,NA,6.082054324710031,6.082054324710031
2019-09-02,NA,6.450801460704525,6.450801460704525
2019-09-03,NA,6.371126330396709,6.371126330396709
2019-09-04,NA,6.130103672906484,6.130103672906484
2019-09-05,NA,6.149151944216024,6.149151944216024
2019-09-06,NA,6.369018902844234,6.369018902844234
2019-09-07,NA,6.509665743931642,6.509665743931642
2019-09-08,NA,6.687791268196603,6.687791268196603
2019-09-09,NA,6.637998502661285,6.637998502661285
2019-09-10,NA,6.5549993843502445,6.5549993843502445
2019-09-11,NA,6.448785035705452,6.448785035705452
2019-09-12,NA,6.529374981155366,6.529374981155366
2019-09-13,NA,6.533130033885232,6.533130033885232
2019-09-14,NA,6.3938913375715245,6.3938913375715245
2019-09-15,NA,6.362265555460164,6.362265555460164
2019-09-16,NA,6.4606536845123514,6.4606536845123514
2019-09-17,NA,6.538633293562038,6.538633293562038
2019-09-18,NA,6.728560412120867,6.728560412120867
2019-09-19,NA,6.669130955141043,6.669130955141043
2019-09-20,NA,6.662846989348205,6.662846989348205
2019-09-21,NA,6.673556553001243,6.673556553001243
2019-09-22,NA,6.997247845845415,6.997247845845415
2019-09-23,NA,7.005548236637326,7.005548236637326
2019-09-24,NA,7.064115564163865,7.064115564163865
2019-09-25,NA,6.945175226866963,6.945175226866963
2019-09-26,NA,6.728910053510257,6.728910053510257
2019-09-27,NA,6.643894510200143,6.643894510200143
2019-09-28,NA,7.010251631765808,7.010251631765808
2019-09-29,NA,7.037724823677175,7.037724823677175
2019-09-30,NA,7.29657440241812,7.29657440241812
